video_id,video_path,dataset_label,signer_id,camera,n_frames,fps,group
033f73cb0cf54447b80de6e92e6b73a7,data/raw/AzSLD_Words_100/2/033f73cb0cf54447b80de6e92e6b73a7.mp4,2,,unknown,11,30.0,rec_2022-07-20
0396dddbff1e4f64bc9c5881ed2fe272,data/raw/AzSLD_Words_100/2/0396dddbff1e4f64bc9c5881ed2fe272.mp4,2,,unknown,6,30.0,rec_2022-07-18
046a911af70c4f3a80b0fb29732708d0,data/raw/AzSLD_Words_100/2/046a911af70c4f3a80b0fb29732708d0.mp4,2,,unknown,26,30.0,rec_2022-05-21
05b060e6d1b240229adee2214aa0252d,data/raw/AzSLD_Words_100/2/05b060e6d1b240229adee2214aa0252d.mp4,2,,unknown,12,30.0,rec_2022-07-29
0e1d1dd0269848679d201ebe15c007f0,data/raw/AzSLD_Words_100/2/0e1d1dd0269848679d201ebe15c007f0.mp4,2,,unknown,14,30.0,rec_2022-07-23
2b0040f5bb614080983dde04d6f63ab9,data/raw/AzSLD_Words_100/2/2b0040f5bb614080983dde04d6f63ab9.mp4,2,,unknown,15,30.0,rec_2022-07-23
2b329f679354499e95b1e6aed23ea473,data/raw/AzSLD_Words_100/2/2b329f679354499e95b1e6aed23ea473.mp4,2,,unknown,9,30.0,rec_2022-06-13
2b6761ca8e624c8b9a93c863a36fc189,data/raw/AzSLD_Words_100/2/2b6761ca8e624c8b9a93c863a36fc189.mp4,2,,unknown,9,30.0,rec_2022-06-18
36d03cac7de94e41adf35ac095ad1211,data/raw/AzSLD_Words_100/2/36d03cac7de94e41adf35ac095ad1211.mp4,2,,unknown,16,30.0,rec_2022-07-21
42787fb04ba641ffaa3a1e22bf3d3c2c,data/raw/AzSLD_Words_100/2/42787fb04ba641ffaa3a1e22bf3d3c2c.mp4,2,,unknown,20,30.0,rec_2022-07-18
46040751674249d5bcdd886832bc0716,data/raw/AzSLD_Words_100/2/46040751674249d5bcdd886832bc0716.mp4,2,,unknown,7,30.0,rec_2022-07-20
493e08751bb14c50b71f96516258f230,data/raw/AzSLD_Words_100/2/493e08751bb14c50b71f96516258f230.mp4,2,,unknown,8,30.0,rec_2022-07-16
66b322b624f4440cb509f313b0b69e9b,data/raw/AzSLD_Words_100/2/66b322b624f4440cb509f313b0b69e9b.mp4,2,,unknown,15,30.0,rec_2022-07-19
68b0dc54e0f34202b236f63d416becac,data/raw/AzSLD_Words_100/2/68b0dc54e0f34202b236f63d416becac.mp4,2,,unknown,13,30.0,rec_2022-08-01
76c58a32319647978b83304a96712106,data/raw/AzSLD_Words_100/2/76c58a32319647978b83304a96712106.mp4,2,,unknown,23,30.0,rec_2022-07-19
8b1e722892e5408b97225111430f1d33,data/raw/AzSLD_Words_100/2/8b1e722892e5408b97225111430f1d33.mp4,2,,unknown,8,30.0,rec_2022-07-16
a3692f288c8c43ddb95a86ad30a923bf,data/raw/AzSLD_Words_100/2/a3692f288c8c43ddb95a86ad30a923bf.mp4,2,,unknown,9,30.0,rec_2022-07-16
bdcc9728a8934334b8bc7abc85daeda7,data/raw/AzSLD_Words_100/2/bdcc9728a8934334b8bc7abc85daeda7.mp4,2,,unknown,5,30.0,rec_2022-07-01
c2fe2b757fde47f09d85f16d97441501,data/raw/AzSLD_Words_100/2/c2fe2b757fde47f09d85f16d97441501.mp4,2,,unknown,20,30.0,rec_2022-07-16
c891593353f847f9b5aecc9c8ec93088,data/raw/AzSLD_Words_100/2/c891593353f847f9b5aecc9c8ec93088.mp4,2,,unknown,9,30.0,rec_2022-07-02
cf3bd84134b44887843127e0c5f26609,data/raw/AzSLD_Words_100/2/cf3bd84134b44887843127e0c5f26609.mp4,2,,unknown,14,30.0,rec_2022-08-01
d6bc3875c9ef4cd58ab7fbef3f73223b,data/raw/AzSLD_Words_100/2/d6bc3875c9ef4cd58ab7fbef3f73223b.mp4,2,,unknown,10,30.0,rec_2022-07-20
da191ad3065c43f0874a05318bc97483,data/raw/AzSLD_Words_100/2/da191ad3065c43f0874a05318bc97483.mp4,2,,unknown,20,30.0,rec_2022-06-09
e165dadb384641a79243fd397cc7debe,data/raw/AzSLD_Words_100/2/e165dadb384641a79243fd397cc7debe.mp4,2,,unknown,8,30.0,rec_2022-08-01
e45c2bc08c9e4152846b8357d7cfe6c3,data/raw/AzSLD_Words_100/2/e45c2bc08c9e4152846b8357d7cfe6c3.mp4,2,,unknown,8,30.0,rec_2022-08-02
ef96af8dda5c466c945ab38e7bfe3df2,data/raw/AzSLD_Words_100/2/ef96af8dda5c466c945ab38e7bfe3df2.mp4,2,,unknown,8,30.0,rec_2022-07-18
f6d65ec01e7446a1923d69b7b181574c,data/raw/AzSLD_Words_100/2/f6d65ec01e7446a1923d69b7b181574c.mp4,2,,unknown,12,30.0,rec_2022-07-25
fe8c26f08f8840318d6879c7a79f5005,data/raw/AzSLD_Words_100/2/fe8c26f08f8840318d6879c7a79f5005.mp4,2,,unknown,18,30.0,rec_2022-07-23
0335b4d77183460594628b939c5680d8,data/raw/AzSLD_Words_100/A/0335b4d77183460594628b939c5680d8.mp4,A,,unknown,9,30.0,rec_2022-06-16
0891f4d7bb1a4d39a6801c874452ba30,data/raw/AzSLD_Words_100/A/0891f4d7bb1a4d39a6801c874452ba30.mp4,A,,unknown,6,30.0,rec_2022-07-29
16282b75564f466ab617713f4d41f19f,data/raw/AzSLD_Words_100/A/16282b75564f466ab617713f4d41f19f.mp4,A,,unknown,7,30.0,rec_2022-07-22
204af730b1b0493e9bf7deed2dd072cd,data/raw/AzSLD_Words_100/A/204af730b1b0493e9bf7deed2dd072cd.mp4,A,,unknown,6,30.0,rec_2022-07-15
243a76fee549493f83fdcea2090f78d5,data/raw/AzSLD_Words_100/A/243a76fee549493f83fdcea2090f78d5.mp4,A,,unknown,14,30.0,rec_2022-05-24
2d1c1fc39885470e8a26079084433aa9,data/raw/AzSLD_Words_100/A/2d1c1fc39885470e8a26079084433aa9.mp4,A,,unknown,7,30.0,rec_2022-11-18
31c2b351ab58407aa10b2d23f8c7ccee,data/raw/AzSLD_Words_100/A/31c2b351ab58407aa10b2d23f8c7ccee.mp4,A,,unknown,16,30.0,rec_2022-06-11
3224c02d232143599c33d2f1e0673a4f,data/raw/AzSLD_Words_100/A/3224c02d232143599c33d2f1e0673a4f.mp4,A,,unknown,5,30.0,rec_2022-07-22
4f6707825946408598937491d50d08ba,data/raw/AzSLD_Words_100/A/4f6707825946408598937491d50d08ba.mp4,A,,unknown,11,30.0,rec_2022-11-22
603705542d0f494199f40b56b5250015,data/raw/AzSLD_Words_100/A/603705542d0f494199f40b56b5250015.mp4,A,,unknown,10,30.0,rec_2022-07-20
8429d24712d9422caf0bfe1aaad4a813,data/raw/AzSLD_Words_100/A/8429d24712d9422caf0bfe1aaad4a813.mp4,A,,unknown,11,30.0,rec_2022-07-20
a07c775187cf42d38ec34eb9eb3615fb,data/raw/AzSLD_Words_100/A/a07c775187cf42d38ec34eb9eb3615fb.mp4,A,,unknown,6,30.0,rec_2022-07-13
a79f3378160a4492845bc2d1106bb8dc,data/raw/AzSLD_Words_100/A/a79f3378160a4492845bc2d1106bb8dc.mp4,A,,unknown,4,30.0,rec_2022-07-19
b173069d1e0f4ca99998052757d8e21c,data/raw/AzSLD_Words_100/A/b173069d1e0f4ca99998052757d8e21c.mp4,A,,unknown,11,30.0,rec_2022-10-26
bac39dda488345ff8b43e51fd74cbdc0,data/raw/AzSLD_Words_100/A/bac39dda488345ff8b43e51fd74cbdc0.mp4,A,,unknown,10,30.0,rec_2022-06-07
bd190c6a6a2943fca5eac73813ad1a32,data/raw/AzSLD_Words_100/A/bd190c6a6a2943fca5eac73813ad1a32.mp4,A,,unknown,5,30.0,rec_2022-07-18
d01a602922de48b3b487f049b39b5f8b,data/raw/AzSLD_Words_100/A/d01a602922de48b3b487f049b39b5f8b.mp4,A,,unknown,10,30.0,rec_2022-05-31
deea452f5dbc469e9408a9160376aa5b,data/raw/AzSLD_Words_100/A/deea452f5dbc469e9408a9160376aa5b.mp4,A,,unknown,4,30.0,rec_2022-07-20
e3ab403f03e341678dbcd1ba63012374,data/raw/AzSLD_Words_100/A/e3ab403f03e341678dbcd1ba63012374.mp4,A,,unknown,19,30.0,rec_2022-07-13
ec8b9f00c45f407784becc5a5dbb58d4,data/raw/AzSLD_Words_100/A/ec8b9f00c45f407784becc5a5dbb58d4.mp4,A,,unknown,8,30.0,rec_2022-08-01
ed8e1814b5cb4483af39d478f4939c20,data/raw/AzSLD_Words_100/A/ed8e1814b5cb4483af39d478f4939c20.mp4,A,,unknown,7,30.0,rec_2022-07-18
f0cbce920bc94cb5a89bef28c878c643,data/raw/AzSLD_Words_100/A/f0cbce920bc94cb5a89bef28c878c643.mp4,A,,unknown,27,30.0,rec_2022-05-21
f57df70674f04f58aa5ca43dd500c627,data/raw/AzSLD_Words_100/A/f57df70674f04f58aa5ca43dd500c627.mp4,A,,unknown,4,30.0,rec_2022-07-18
fc33464b1f6e466a951be4a7e47450df,data/raw/AzSLD_Words_100/A/fc33464b1f6e466a951be4a7e47450df.mp4,A,,unknown,10,30.0,rec_2022-11-04
1f50068704a74036b70f7024c32870dc,data/raw/AzSLD_Words_100/AD GÜNÜ/1f50068704a74036b70f7024c32870dc.mp4,AD GÜNÜ,,unknown,27,30.0,rec_2022-12-20
264ddc1a0939442c83e54f7a096f652c,data/raw/AzSLD_Words_100/AD GÜNÜ/264ddc1a0939442c83e54f7a096f652c.mp4,AD GÜNÜ,,unknown,29,30.0,rec_2022-12-23
2a3e3209596a4048a9ad4f8dfa577938,data/raw/AzSLD_Words_100/AD GÜNÜ/2a3e3209596a4048a9ad4f8dfa577938.mp4,AD GÜNÜ,,unknown,29,30.0,rec_2022-12-22
34caf623d89c4cb7bbffa90d34e6e68f,data/raw/AzSLD_Words_100/AD GÜNÜ/34caf623d89c4cb7bbffa90d34e6e68f.mp4,AD GÜNÜ,,unknown,44,30.0,rec_2022-12-15
39685fd972a94ab0af3587280b638578,data/raw/AzSLD_Words_100/AD GÜNÜ/39685fd972a94ab0af3587280b638578.mp4,AD GÜNÜ,,unknown,28,30.0,rec_2022-07-14
3b4e85a2fc2744848c60ecbc0b9c0f9b,data/raw/AzSLD_Words_100/AD GÜNÜ/3b4e85a2fc2744848c60ecbc0b9c0f9b.mp4,AD GÜNÜ,,unknown,19,30.0,rec_2022-07-21
4322cd183c534f04a7892643acaacec9,data/raw/AzSLD_Words_100/AD GÜNÜ/4322cd183c534f04a7892643acaacec9.mp4,AD GÜNÜ,,unknown,29,30.0,rec_2022-12-22
588939db4b084a56b192440afb27debc,data/raw/AzSLD_Words_100/AD GÜNÜ/588939db4b084a56b192440afb27debc.mp4,AD GÜNÜ,,unknown,45,30.0,rec_2022-12-23
659c9114635644dbb161e6c04fe64f79,data/raw/AzSLD_Words_100/AD GÜNÜ/659c9114635644dbb161e6c04fe64f79.mp4,AD GÜNÜ,,unknown,29,30.0,rec_2022-12-28
71cde6aa413a43a1bbfbf474d6063c39,data/raw/AzSLD_Words_100/AD GÜNÜ/71cde6aa413a43a1bbfbf474d6063c39.mp4,AD GÜNÜ,,unknown,38,30.0,rec_2022-11-19
792cd76aa306441baf2e90c30f1200e8,data/raw/AzSLD_Words_100/AD GÜNÜ/792cd76aa306441baf2e90c30f1200e8.mp4,AD GÜNÜ,,unknown,28,30.0,rec_2022-08-02
794355bb92314a2c90108affc33a8851,data/raw/AzSLD_Words_100/AD GÜNÜ/794355bb92314a2c90108affc33a8851.mp4,AD GÜNÜ,,unknown,28,30.0,rec_2022-12-16
81d01dadd98e4ebc8a5b17f521a4c3b3,data/raw/AzSLD_Words_100/AD GÜNÜ/81d01dadd98e4ebc8a5b17f521a4c3b3.mp4,AD GÜNÜ,,unknown,31,30.0,rec_2022-12-23
ad4cd84dd9ec4368a5a08f2490e00c05,data/raw/AzSLD_Words_100/AD GÜNÜ/ad4cd84dd9ec4368a5a08f2490e00c05.mp4,AD GÜNÜ,,unknown,21,30.0,rec_2022-06-18
b872f148470e4edabb8f0f7d33f47102,data/raw/AzSLD_Words_100/AD GÜNÜ/b872f148470e4edabb8f0f7d33f47102.mp4,AD GÜNÜ,,unknown,36,30.0,rec_2022-12-24
e194ddae0156424d86af1a1b3d2bc3fb,data/raw/AzSLD_Words_100/AD GÜNÜ/e194ddae0156424d86af1a1b3d2bc3fb.mp4,AD GÜNÜ,,unknown,28,30.0,rec_2022-12-20
eb0285f7bff249d6b840981b43e3fb60,data/raw/AzSLD_Words_100/AD GÜNÜ/eb0285f7bff249d6b840981b43e3fb60.mp4,AD GÜNÜ,,unknown,26,30.0,rec_2022-12-17
ecc64acdb564480dbb67fbe7b424e033,data/raw/AzSLD_Words_100/AD GÜNÜ/ecc64acdb564480dbb67fbe7b424e033.mp4,AD GÜNÜ,,unknown,32,30.0,rec_2022-12-27
030040bb177f479d88a2a9c6fc3b3b33,data/raw/AzSLD_Words_100/AİLƏ/030040bb177f479d88a2a9c6fc3b3b33.mp4,AİLƏ,,unknown,17,30.0,rec_2022-07-22
07dee0a559d74ae1965108543e55170a,data/raw/AzSLD_Words_100/AİLƏ/07dee0a559d74ae1965108543e55170a.mp4,AİLƏ,,unknown,26,30.0,rec_2022-07-21
170b2acb633644b2b7d32a5e5c25a55e,data/raw/AzSLD_Words_100/AİLƏ/170b2acb633644b2b7d32a5e5c25a55e.mp4,AİLƏ,,unknown,25,30.0,rec_2022-12-23
18637e2daec14655b6cd7157c5d46c08,data/raw/AzSLD_Words_100/AİLƏ/18637e2daec14655b6cd7157c5d46c08.mp4,AİLƏ,,unknown,26,30.0,rec_2022-11-18
1b0277bc4b0e4e9e8de4a36a3af5db2d,data/raw/AzSLD_Words_100/AİLƏ/1b0277bc4b0e4e9e8de4a36a3af5db2d.mp4,AİLƏ,,unknown,32,30.0,rec_2022-12-24
2360702d64e04356949ebf0bd5ad3b91,data/raw/AzSLD_Words_100/AİLƏ/2360702d64e04356949ebf0bd5ad3b91.mp4,AİLƏ,,unknown,23,30.0,rec_2022-08-02
4005c31e17f64bafa2152d77bd5ca0e5,data/raw/AzSLD_Words_100/AİLƏ/4005c31e17f64bafa2152d77bd5ca0e5.mp4,AİLƏ,,unknown,18,30.0,rec_2022-11-10
40f70830f2814467a199cfd211c43400,data/raw/AzSLD_Words_100/AİLƏ/40f70830f2814467a199cfd211c43400.mp4,AİLƏ,,unknown,34,30.0,rec_2022-12-27
4a576aeacf374cf0821cced792ec69a0,data/raw/AzSLD_Words_100/AİLƏ/4a576aeacf374cf0821cced792ec69a0.mp4,AİLƏ,,unknown,32,30.0,rec_2022-12-22
4b0a387ebd1a4dcda856c5c36fe18c38,data/raw/AzSLD_Words_100/AİLƏ/4b0a387ebd1a4dcda856c5c36fe18c38.mp4,AİLƏ,,unknown,23,30.0,rec_2022-11-02
5351dc2346604dcf91994b56407e3bed,data/raw/AzSLD_Words_100/AİLƏ/5351dc2346604dcf91994b56407e3bed.mp4,AİLƏ,,unknown,21,30.0,rec_2022-12-23
623554a128c04d1e84a6841cd9e22e9f,data/raw/AzSLD_Words_100/AİLƏ/623554a128c04d1e84a6841cd9e22e9f.mp4,AİLƏ,,unknown,20,30.0,rec_2022-11-10
794d8f71b9114ad48b135e0d5cf8a6f2,data/raw/AzSLD_Words_100/AİLƏ/794d8f71b9114ad48b135e0d5cf8a6f2.mp4,AİLƏ,,unknown,29,30.0,rec_2022-06-11
9222f3cc5aec4a9bb8f0be7be1f38d42,data/raw/AzSLD_Words_100/AİLƏ/9222f3cc5aec4a9bb8f0be7be1f38d42.mp4,AİLƏ,,unknown,19,30.0,rec_2022-07-23
932e60f4e0a24244b298ea69b1ceb51b,data/raw/AzSLD_Words_100/AİLƏ/932e60f4e0a24244b298ea69b1ceb51b.mp4,AİLƏ,,unknown,29,30.0,rec_2022-12-20
979a0b8378ed4237b7c21bffecf8bc7d,data/raw/AzSLD_Words_100/AİLƏ/979a0b8378ed4237b7c21bffecf8bc7d.mp4,AİLƏ,,unknown,19,30.0,rec_2022-07-18
ac52f4ca85d04ff297470b6128358b50,data/raw/AzSLD_Words_100/AİLƏ/ac52f4ca85d04ff297470b6128358b50.mp4,AİLƏ,,unknown,38,30.0,rec_2022-12-23
b4eb3a2929944b9e8e3149408e05baff,data/raw/AzSLD_Words_100/AİLƏ/b4eb3a2929944b9e8e3149408e05baff.mp4,AİLƏ,,unknown,33,30.0,rec_2022-11-02
c7e6dd3621b1463e9148c35f1239db00,data/raw/AzSLD_Words_100/AİLƏ/c7e6dd3621b1463e9148c35f1239db00.mp4,AİLƏ,,unknown,17,30.0,rec_2022-06-13
c96e6d0744484155a343e345ae129a80,data/raw/AzSLD_Words_100/AİLƏ/c96e6d0744484155a343e345ae129a80.mp4,AİLƏ,,unknown,32,30.0,rec_2022-07-18
c98d703a01dd4d1f81440c9d38988f1b,data/raw/AzSLD_Words_100/AİLƏ/c98d703a01dd4d1f81440c9d38988f1b.mp4,AİLƏ,,unknown,17,30.0,rec_2022-07-20
ce0b0f7961694a7b99fc7aa5a36a7ad7,data/raw/AzSLD_Words_100/AİLƏ/ce0b0f7961694a7b99fc7aa5a36a7ad7.mp4,AİLƏ,,unknown,18,30.0,rec_2022-11-02
d68cbf9b4791453180cab3b55948dc81,data/raw/AzSLD_Words_100/AİLƏ/d68cbf9b4791453180cab3b55948dc81.mp4,AİLƏ,,unknown,30,30.0,rec_2022-06-01
f61fa85fc28c48469f76be74bf01b45c,data/raw/AzSLD_Words_100/AİLƏ/f61fa85fc28c48469f76be74bf01b45c.mp4,AİLƏ,,unknown,31,30.0,rec_2022-11-19
f7029e5379fc4e43b711033383e2a489,data/raw/AzSLD_Words_100/AİLƏ/f7029e5379fc4e43b711033383e2a489.mp4,AİLƏ,,unknown,30,30.0,rec_2022-12-20
1329940d20284e7188534f81761fe34f,data/raw/AzSLD_Words_100/ALMAQ/1329940d20284e7188534f81761fe34f.mp4,ALMAQ,,unknown,42,30.0,rec_2022-08-02
155865d50f05407596c5236b09663bbe,data/raw/AzSLD_Words_100/ALMAQ/155865d50f05407596c5236b09663bbe.mp4,ALMAQ,,unknown,30,30.0,rec_2022-07-14
16f09899ad3d4462b369a20af2e9ce8e,data/raw/AzSLD_Words_100/ALMAQ/16f09899ad3d4462b369a20af2e9ce8e.mp4,ALMAQ,,unknown,12,30.0,rec_2022-08-02
17ab2cfc267e4612bd1c97d8f7df5e3a,data/raw/AzSLD_Words_100/ALMAQ/17ab2cfc267e4612bd1c97d8f7df5e3a.mp4,ALMAQ,,unknown,6,30.0,rec_2022-07-20
180a0d60bdae4cb1aece4956e4cfa400,data/raw/AzSLD_Words_100/ALMAQ/180a0d60bdae4cb1aece4956e4cfa400.mp4,ALMAQ,,unknown,12,30.0,rec_2022-07-14
1a60bef7fef4449d89636a198fba1951,data/raw/AzSLD_Words_100/ALMAQ/1a60bef7fef4449d89636a198fba1951.mp4,ALMAQ,,unknown,28,30.0,rec_2023-01-19
24ba102365ab4f4c9ff0c6ffb1ca8dd3,data/raw/AzSLD_Words_100/ALMAQ/24ba102365ab4f4c9ff0c6ffb1ca8dd3.mp4,ALMAQ,,unknown,28,30.0,rec_2022-06-03
24fb0629cb8945a7888d771350f07b8a,data/raw/AzSLD_Words_100/ALMAQ/24fb0629cb8945a7888d771350f07b8a.mp4,ALMAQ,,unknown,31,30.0,rec_2022-06-02
28fdd91521264f6babd63b10d8dd9064,data/raw/AzSLD_Words_100/ALMAQ/28fdd91521264f6babd63b10d8dd9064.mp4,ALMAQ,,unknown,30,30.0,rec_2022-12-22
2b8b716765e24f8b8f3101aa9d3fc4c8,data/raw/AzSLD_Words_100/ALMAQ/2b8b716765e24f8b8f3101aa9d3fc4c8.mp4,ALMAQ,,unknown,27,30.0,rec_2022-06-10
2f3284291f2b4657aa05d59b9d5d62ab,data/raw/AzSLD_Words_100/ALMAQ/2f3284291f2b4657aa05d59b9d5d62ab.mp4,ALMAQ,,unknown,19,30.0,rec_2022-06-11
3063bbc527f14b03ae2a74478554f818,data/raw/AzSLD_Words_100/ALMAQ/3063bbc527f14b03ae2a74478554f818.mp4,ALMAQ,,unknown,18,30.0,rec_2022-08-02
34dcd14e2f2742fc98650fe990626435,data/raw/AzSLD_Words_100/ALMAQ/34dcd14e2f2742fc98650fe990626435.mp4,ALMAQ,,unknown,28,30.0,rec_2022-06-03
3e18d39ea7c34fe2a4cebb812c3db51b,data/raw/AzSLD_Words_100/ALMAQ/3e18d39ea7c34fe2a4cebb812c3db51b.mp4,ALMAQ,,unknown,19,30.0,rec_2022-07-13
50dcb02414254195b3ee6b4505c62b73,data/raw/AzSLD_Words_100/ALMAQ/50dcb02414254195b3ee6b4505c62b73.mp4,ALMAQ,,unknown,11,30.0,rec_2022-07-18
52e33348f0674252ac751fc3804301c0,data/raw/AzSLD_Words_100/ALMAQ/52e33348f0674252ac751fc3804301c0.mp4,ALMAQ,,unknown,36,30.0,rec_2022-07-13
64632b9c672742c69ae581784a2f5bae,data/raw/AzSLD_Words_100/ALMAQ/64632b9c672742c69ae581784a2f5bae.mp4,ALMAQ,,unknown,21,30.0,rec_2022-06-02
6eb9397748f9471481ed9e65b81aa5a5,data/raw/AzSLD_Words_100/ALMAQ/6eb9397748f9471481ed9e65b81aa5a5.mp4,ALMAQ,,unknown,40,30.0,rec_2022-07-21
72b30452074649fd978ff1b756578963,data/raw/AzSLD_Words_100/ALMAQ/72b30452074649fd978ff1b756578963.mp4,ALMAQ,,unknown,8,30.0,rec_2022-07-18
732ed1e3cdd5459f83bd6aeca83d68ad,data/raw/AzSLD_Words_100/ALMAQ/732ed1e3cdd5459f83bd6aeca83d68ad.mp4,ALMAQ,,unknown,5,30.0,rec_2022-06-18
74787be10c004d489a8d5714c389cc5e,data/raw/AzSLD_Words_100/ALMAQ/74787be10c004d489a8d5714c389cc5e.mp4,ALMAQ,,unknown,33,30.0,rec_2022-06-02
74e525297a14410ab2ca89ce961127cc,data/raw/AzSLD_Words_100/ALMAQ/74e525297a14410ab2ca89ce961127cc.mp4,ALMAQ,,unknown,19,30.0,rec_2022-12-20
7ec56e7ec1b54e79b84305b8c1f5ce0a,data/raw/AzSLD_Words_100/ALMAQ/7ec56e7ec1b54e79b84305b8c1f5ce0a.mp4,ALMAQ,,unknown,20,30.0,rec_2022-12-15
86f79525323c45298f79dce50d6b3948,data/raw/AzSLD_Words_100/ALMAQ/86f79525323c45298f79dce50d6b3948.mp4,ALMAQ,,unknown,16,30.0,rec_2022-07-02
87ebb4324d904280a148878e5c13ff73,data/raw/AzSLD_Words_100/ALMAQ/87ebb4324d904280a148878e5c13ff73.mp4,ALMAQ,,unknown,11,30.0,rec_2022-12-23
90377843bc4447ffa82cd91110131208,data/raw/AzSLD_Words_100/ALMAQ/90377843bc4447ffa82cd91110131208.mp4,ALMAQ,,unknown,15,30.0,rec_2022-07-18
9c6078d9a24341879bd61b459bdb250a,data/raw/AzSLD_Words_100/ALMAQ/9c6078d9a24341879bd61b459bdb250a.mp4,ALMAQ,,unknown,21,30.0,rec_2022-12-23
9f2fae05aa7047bb875d851c93547fe9,data/raw/AzSLD_Words_100/ALMAQ/9f2fae05aa7047bb875d851c93547fe9.mp4,ALMAQ,,unknown,29,30.0,rec_2022-06-02
a166cc18e79c4264af35532a56bac115,data/raw/AzSLD_Words_100/ALMAQ/a166cc18e79c4264af35532a56bac115.mp4,ALMAQ,,unknown,18,30.0,rec_2022-06-11
a7ec957988f74c2c9a4ae34199db28b2,data/raw/AzSLD_Words_100/ALMAQ/a7ec957988f74c2c9a4ae34199db28b2.mp4,ALMAQ,,unknown,11,30.0,rec_2022-07-20
a95c32749fea494f917c5e8a52c2acb7,data/raw/AzSLD_Words_100/ALMAQ/a95c32749fea494f917c5e8a52c2acb7.mp4,ALMAQ,,unknown,26,30.0,rec_2022-07-18
aa9ed030000745f3a84c99a8bb6cd8d4,data/raw/AzSLD_Words_100/ALMAQ/aa9ed030000745f3a84c99a8bb6cd8d4.mp4,ALMAQ,,unknown,14,30.0,rec_2022-07-19
afd20b2b21b7402abfcd04de6c371fe7,data/raw/AzSLD_Words_100/ALMAQ/afd20b2b21b7402abfcd04de6c371fe7.mp4,ALMAQ,,unknown,9,30.0,rec_2022-07-20
b07195df81e7479e889f010b4a90c9a8,data/raw/AzSLD_Words_100/ALMAQ/b07195df81e7479e889f010b4a90c9a8.mp4,ALMAQ,,unknown,19,30.0,rec_2022-11-18
bb413aeeac8d42f2bad2c0cc59813bee,data/raw/AzSLD_Words_100/ALMAQ/bb413aeeac8d42f2bad2c0cc59813bee.mp4,ALMAQ,,unknown,30,30.0,rec_2022-07-21
c02688ba2663497995663207ad174e30,data/raw/AzSLD_Words_100/ALMAQ/c02688ba2663497995663207ad174e30.mp4,ALMAQ,,unknown,25,30.0,rec_2022-07-14
db3bff504be24bd997ad7993b4f6a77c,data/raw/AzSLD_Words_100/ALMAQ/db3bff504be24bd997ad7993b4f6a77c.mp4,ALMAQ,,unknown,15,30.0,rec_2022-07-22
ddbcce34f0c946adb71aee98564af5d9,data/raw/AzSLD_Words_100/ALMAQ/ddbcce34f0c946adb71aee98564af5d9.mp4,ALMAQ,,unknown,16,30.0,rec_2022-07-18
e1584e077d6b40c88a3e2abf9b8b3622,data/raw/AzSLD_Words_100/ALMAQ/e1584e077d6b40c88a3e2abf9b8b3622.mp4,ALMAQ,,unknown,17,30.0,rec_2022-07-23
e582620f195243008cb44b13d102649c,data/raw/AzSLD_Words_100/ALMAQ/e582620f195243008cb44b13d102649c.mp4,ALMAQ,,unknown,31,30.0,rec_2022-07-13
e66238379bbf47d0aad2bd3391be7b05,data/raw/AzSLD_Words_100/ALMAQ/e66238379bbf47d0aad2bd3391be7b05.mp4,ALMAQ,,unknown,18,30.0,rec_2022-07-21
ed4578f9bf36404596f6a6aaead2fd0c,data/raw/AzSLD_Words_100/ALMAQ/ed4578f9bf36404596f6a6aaead2fd0c.mp4,ALMAQ,,unknown,23,30.0,rec_2022-07-21
f7777333ac964acc9713a5ad4b2bede0,data/raw/AzSLD_Words_100/ALMAQ/f7777333ac964acc9713a5ad4b2bede0.mp4,ALMAQ,,unknown,34,30.0,rec_2022-06-10
fa1b7a2f0c6f4ba6a1df37f8dc5f5731,data/raw/AzSLD_Words_100/ALMAQ/fa1b7a2f0c6f4ba6a1df37f8dc5f5731.mp4,ALMAQ,,unknown,32,30.0,rec_2022-07-22
ff81b4b202a84988925b0e60ed6e8547,data/raw/AzSLD_Words_100/ALMAQ/ff81b4b202a84988925b0e60ed6e8547.mp4,ALMAQ,,unknown,21,30.0,rec_2022-07-22
020ede81ee084439a7a2dc6d83df1594,data/raw/AzSLD_Words_100/ANA/020ede81ee084439a7a2dc6d83df1594.mp4,ANA,,unknown,21,30.0,rec_2022-07-22
072131b1efa541d2a7b1f8fc8e827996,data/raw/AzSLD_Words_100/ANA/072131b1efa541d2a7b1f8fc8e827996.mp4,ANA,,unknown,26,30.0,rec_2022-06-01
102a931c894b4c3ba9ff4bf30a734e7d,data/raw/AzSLD_Words_100/ANA/102a931c894b4c3ba9ff4bf30a734e7d.mp4,ANA,,unknown,26,30.0,rec_2022-06-01
107c23df97764676a466c3fc678912ad,data/raw/AzSLD_Words_100/ANA/107c23df97764676a466c3fc678912ad.mp4,ANA,,unknown,20,30.0,rec_2022-07-22
13bbf6efd5b74121a767cc4f44bace3e,data/raw/AzSLD_Words_100/ANA/13bbf6efd5b74121a767cc4f44bace3e.mp4,ANA,,unknown,24,30.0,rec_2022-07-16
188e8f2932a1446fa92307acc1bd020b,data/raw/AzSLD_Words_100/ANA/188e8f2932a1446fa92307acc1bd020b.mp4,ANA,,unknown,11,30.0,rec_2022-07-15
1e6f96a64b314f7c9f3c50110214d20e,data/raw/AzSLD_Words_100/ANA/1e6f96a64b314f7c9f3c50110214d20e.mp4,ANA,,unknown,17,30.0,rec_2022-07-02
294b56832cc0483b8880e4c8117825a1,data/raw/AzSLD_Words_100/ANA/294b56832cc0483b8880e4c8117825a1.mp4,ANA,,unknown,17,30.0,rec_2022-07-16
3714a885a9fb45218dc8ed856215ce15,data/raw/AzSLD_Words_100/ANA/3714a885a9fb45218dc8ed856215ce15.mp4,ANA,,unknown,22,30.0,rec_2022-07-29
39ea741f639c4181b8910e8ac799d1bd,data/raw/AzSLD_Words_100/ANA/39ea741f639c4181b8910e8ac799d1bd.mp4,ANA,,unknown,15,30.0,rec_2022-06-16
3c7a3049467742a78ff21ccb50d347c7,data/raw/AzSLD_Words_100/ANA/3c7a3049467742a78ff21ccb50d347c7.mp4,ANA,,unknown,17,30.0,rec_2022-07-20
3fc6cb389d564299b901200d414d7a19,data/raw/AzSLD_Words_100/ANA/3fc6cb389d564299b901200d414d7a19.mp4,ANA,,unknown,17,30.0,rec_2022-07-14
3ff625a16475411e8fb715f04abe0773,data/raw/AzSLD_Words_100/ANA/3ff625a16475411e8fb715f04abe0773.mp4,ANA,,unknown,20,30.0,rec_2022-08-02
45432262ae37483698d723c761d71c5a,data/raw/AzSLD_Words_100/ANA/45432262ae37483698d723c761d71c5a.mp4,ANA,,unknown,17,30.0,rec_2022-07-16
526d0416d7bb4d1ab60431406379ab85,data/raw/AzSLD_Words_100/ANA/526d0416d7bb4d1ab60431406379ab85.mp4,ANA,,unknown,18,30.0,rec_2022-07-16
5c2de68ee991450aad54c49d1c3d9028,data/raw/AzSLD_Words_100/ANA/5c2de68ee991450aad54c49d1c3d9028.mp4,ANA,,unknown,31,30.0,rec_2022-07-18
63c67f7d953840e2905b631fae174a83,data/raw/AzSLD_Words_100/ANA/63c67f7d953840e2905b631fae174a83.mp4,ANA,,unknown,17,30.0,rec_2022-07-18
76dfb8179591401cb1a1f9b99b48bac4,data/raw/AzSLD_Words_100/ANA/76dfb8179591401cb1a1f9b99b48bac4.mp4,ANA,,unknown,15,30.0,rec_2022-07-01
8174e83ea5e4432abd22cc427cc4b856,data/raw/AzSLD_Words_100/ANA/8174e83ea5e4432abd22cc427cc4b856.mp4,ANA,,unknown,17,30.0,rec_2022-07-14
8507a7a554b0456db552ebff1e752472,data/raw/AzSLD_Words_100/ANA/8507a7a554b0456db552ebff1e752472.mp4,ANA,,unknown,12,30.0,rec_2022-07-18
85c91f42fe714ccd903d9a615bd40327,data/raw/AzSLD_Words_100/ANA/85c91f42fe714ccd903d9a615bd40327.mp4,ANA,,unknown,19,30.0,rec_2022-05-31
8e439e33684342b792ab55917fde6487,data/raw/AzSLD_Words_100/ANA/8e439e33684342b792ab55917fde6487.mp4,ANA,,unknown,18,30.0,rec_2022-06-11
935365b77af4466498917a3247d69d02,data/raw/AzSLD_Words_100/ANA/935365b77af4466498917a3247d69d02.mp4,ANA,,unknown,12,30.0,rec_2022-07-20
995ba0a7df7e4b70a047d0865bfffd02,data/raw/AzSLD_Words_100/ANA/995ba0a7df7e4b70a047d0865bfffd02.mp4,ANA,,unknown,16,30.0,rec_2022-05-24
a39456c2ee4045929396b87718019e51,data/raw/AzSLD_Words_100/ANA/a39456c2ee4045929396b87718019e51.mp4,ANA,,unknown,20,30.0,rec_2022-06-01
bbd2f2213d274d669cca9f6c7e214f05,data/raw/AzSLD_Words_100/ANA/bbd2f2213d274d669cca9f6c7e214f05.mp4,ANA,,unknown,17,30.0,rec_2022-08-01
c16da23d391944d5854b1dd4de55e861,data/raw/AzSLD_Words_100/ANA/c16da23d391944d5854b1dd4de55e861.mp4,ANA,,unknown,11,30.0,rec_2022-08-01
c1fdea0154ff43e9b7b507f69622df9f,data/raw/AzSLD_Words_100/ANA/c1fdea0154ff43e9b7b507f69622df9f.mp4,ANA,,unknown,11,30.0,rec_2022-07-22
c3524d7c56f4491cb16cd61e5c64a45e,data/raw/AzSLD_Words_100/ANA/c3524d7c56f4491cb16cd61e5c64a45e.mp4,ANA,,unknown,19,30.0,rec_2022-07-19
c667124c808e42498e6cd3e2bf0f992a,data/raw/AzSLD_Words_100/ANA/c667124c808e42498e6cd3e2bf0f992a.mp4,ANA,,unknown,15,30.0,rec_2022-07-13
c83f0cb14c934b5896e71bdd3ebcde74,data/raw/AzSLD_Words_100/ANA/c83f0cb14c934b5896e71bdd3ebcde74.mp4,ANA,,unknown,27,30.0,rec_2022-07-23
e429ba5ecd394adab5a03327d50bb565,data/raw/AzSLD_Words_100/ANA/e429ba5ecd394adab5a03327d50bb565.mp4,ANA,,unknown,17,30.0,rec_2022-07-18
e99970d6a3624f5794214c513fc884ad,data/raw/AzSLD_Words_100/ANA/e99970d6a3624f5794214c513fc884ad.mp4,ANA,,unknown,18,30.0,rec_2022-08-02
efc4a4cdbea44576b22d2255e6161b58,data/raw/AzSLD_Words_100/ANA/efc4a4cdbea44576b22d2255e6161b58.mp4,ANA,,unknown,13,30.0,rec_2022-07-20
fd2189f8395143c1bac8852862a402d5,data/raw/AzSLD_Words_100/ANA/fd2189f8395143c1bac8852862a402d5.mp4,ANA,,unknown,15,30.0,rec_2022-07-22
02e13bc1f27543768a2f67aeefda2577,data/raw/AzSLD_Words_100/ATA/02e13bc1f27543768a2f67aeefda2577.mp4,ATA,,unknown,26,30.0,rec_2022-07-25
15ca6cdfece6410db3cf83d84ccac42d,data/raw/AzSLD_Words_100/ATA/15ca6cdfece6410db3cf83d84ccac42d.mp4,ATA,,unknown,41,30.0,rec_2022-06-01
2804a343307e46f196fc35039e3291f2,data/raw/AzSLD_Words_100/ATA/2804a343307e46f196fc35039e3291f2.mp4,ATA,,unknown,20,30.0,rec_2022-12-24
2f7341001848425ba162f41a934b75d2,data/raw/AzSLD_Words_100/ATA/2f7341001848425ba162f41a934b75d2.mp4,ATA,,unknown,20,30.0,rec_2022-07-20
4274e90e362e4a928b9e3aec6b0e5ce8,data/raw/AzSLD_Words_100/ATA/4274e90e362e4a928b9e3aec6b0e5ce8.mp4,ATA,,unknown,38,30.0,rec_2022-05-25
6b62189894a34465afe9960bf033d7f4,data/raw/AzSLD_Words_100/ATA/6b62189894a34465afe9960bf033d7f4.mp4,ATA,,unknown,18,30.0,rec_2022-07-18
6d78bcf8a964444192f00faed860a25b,data/raw/AzSLD_Words_100/ATA/6d78bcf8a964444192f00faed860a25b.mp4,ATA,,unknown,20,30.0,rec_2022-08-01
750c124765804964bf2eae57097a6e8e,data/raw/AzSLD_Words_100/ATA/750c124765804964bf2eae57097a6e8e.mp4,ATA,,unknown,19,30.0,rec_2022-07-29
752842c1532d4d9ca661ff5b985495ad,data/raw/AzSLD_Words_100/ATA/752842c1532d4d9ca661ff5b985495ad.mp4,ATA,,unknown,27,30.0,rec_2022-07-16
8da1eb5a7f1446c2a43c841b1527fe0e,data/raw/AzSLD_Words_100/ATA/8da1eb5a7f1446c2a43c841b1527fe0e.mp4,ATA,,unknown,41,30.0,rec_2022-07-16
98c44d36d2cc4e84ab9b09b69e615d59,data/raw/AzSLD_Words_100/ATA/98c44d36d2cc4e84ab9b09b69e615d59.mp4,ATA,,unknown,28,30.0,rec_2022-07-13
a10dbdc4dc0a4f549166f6d139d6cf37,data/raw/AzSLD_Words_100/ATA/a10dbdc4dc0a4f549166f6d139d6cf37.mp4,ATA,,unknown,31,30.0,rec_2022-08-02
a3f3d976599845cb96c4afbaea4f0c92,data/raw/AzSLD_Words_100/ATA/a3f3d976599845cb96c4afbaea4f0c92.mp4,ATA,,unknown,19,30.0,rec_2022-12-22
a971082a5465457ea9d1d8f5bd4757c3,data/raw/AzSLD_Words_100/ATA/a971082a5465457ea9d1d8f5bd4757c3.mp4,ATA,,unknown,25,30.0,rec_2022-06-09
ae07647723dd40f6bd36a43d9281d7e8,data/raw/AzSLD_Words_100/ATA/ae07647723dd40f6bd36a43d9281d7e8.mp4,ATA,,unknown,31,30.0,rec_2022-05-25
b39fe1abe2f2448983e245f43591ae84,data/raw/AzSLD_Words_100/ATA/b39fe1abe2f2448983e245f43591ae84.mp4,ATA,,unknown,35,30.0,rec_2022-07-02
b9e77df786304133a5aebd1da9810501,data/raw/AzSLD_Words_100/ATA/b9e77df786304133a5aebd1da9810501.mp4,ATA,,unknown,16,30.0,rec_2022-07-29
f1696cbc04474ce181c7a0af1df92bac,data/raw/AzSLD_Words_100/ATA/f1696cbc04474ce181c7a0af1df92bac.mp4,ATA,,unknown,48,30.0,rec_2022-05-21
f2819dad2e224f8a892fe46cdcb68a25,data/raw/AzSLD_Words_100/ATA/f2819dad2e224f8a892fe46cdcb68a25.mp4,ATA,,unknown,14,30.0,rec_2022-07-22
f9ceb1c8d31d4c0f8635ab1deb1dd409,data/raw/AzSLD_Words_100/ATA/f9ceb1c8d31d4c0f8635ab1deb1dd409.mp4,ATA,,unknown,13,30.0,rec_2022-07-20
fd63882ec4f74794a536e221014c32dc,data/raw/AzSLD_Words_100/ATA/fd63882ec4f74794a536e221014c32dc.mp4,ATA,,unknown,40,30.0,rec_2022-07-15
0799eb36803540a89682b540ca06ee8a,data/raw/AzSLD_Words_100/AVTOBUS/0799eb36803540a89682b540ca06ee8a.mp4,AVTOBUS,,unknown,20,30.0,rec_2022-07-19
11b77dce27024fa090d63cde2219c0ce,data/raw/AzSLD_Words_100/AVTOBUS/11b77dce27024fa090d63cde2219c0ce.mp4,AVTOBUS,,unknown,24,30.0,rec_2022-07-22
2003e32762134fd081bf0eedee4567b7,data/raw/AzSLD_Words_100/AVTOBUS/2003e32762134fd081bf0eedee4567b7.mp4,AVTOBUS,,unknown,22,30.0,rec_2022-05-31
2232eadeef18491ba14208537866f3ee,data/raw/AzSLD_Words_100/AVTOBUS/2232eadeef18491ba14208537866f3ee.mp4,AVTOBUS,,unknown,10,30.0,rec_2022-05-24
302baa1c0f664ccfa3b54929a6d04166,data/raw/AzSLD_Words_100/AVTOBUS/302baa1c0f664ccfa3b54929a6d04166.mp4,AVTOBUS,,unknown,17,30.0,rec_2022-08-01
459e4b673cc9424a9c6ae293bccaa5da,data/raw/AzSLD_Words_100/AVTOBUS/459e4b673cc9424a9c6ae293bccaa5da.mp4,AVTOBUS,,unknown,9,30.0,rec_2022-07-18
4a703a8dedf74f459219a811e0a50e2a,data/raw/AzSLD_Words_100/AVTOBUS/4a703a8dedf74f459219a811e0a50e2a.mp4,AVTOBUS,,unknown,19,30.0,rec_2022-06-13
4f79682faa4d42e4b6199db95fe2b79e,data/raw/AzSLD_Words_100/AVTOBUS/4f79682faa4d42e4b6199db95fe2b79e.mp4,AVTOBUS,,unknown,22,30.0,rec_2022-07-02
615820aef7a04c4abe58d0c7e792d2fa,data/raw/AzSLD_Words_100/AVTOBUS/615820aef7a04c4abe58d0c7e792d2fa.mp4,AVTOBUS,,unknown,19,30.0,rec_2022-07-02
691c499b23144e6caa6670917e386111,data/raw/AzSLD_Words_100/AVTOBUS/691c499b23144e6caa6670917e386111.mp4,AVTOBUS,,unknown,18,30.0,rec_2022-06-16
7536cef0514c4ba09af54428aa11b57b,data/raw/AzSLD_Words_100/AVTOBUS/7536cef0514c4ba09af54428aa11b57b.mp4,AVTOBUS,,unknown,25,30.0,rec_2022-07-16
9fa105f8c25649e480b8f5d89ee0197a,data/raw/AzSLD_Words_100/AVTOBUS/9fa105f8c25649e480b8f5d89ee0197a.mp4,AVTOBUS,,unknown,21,30.0,rec_2022-07-20
a05be101cfa7491ebb91ca7f4a446a7a,data/raw/AzSLD_Words_100/AVTOBUS/a05be101cfa7491ebb91ca7f4a446a7a.mp4,AVTOBUS,,unknown,53,30.0,rec_2022-05-25
c137d896cb9746dfa7a05f9e1925169f,data/raw/AzSLD_Words_100/AVTOBUS/c137d896cb9746dfa7a05f9e1925169f.mp4,AVTOBUS,,unknown,20,30.0,rec_2022-07-22
cb852fd89c094f539774823b54142edc,data/raw/AzSLD_Words_100/AVTOBUS/cb852fd89c094f539774823b54142edc.mp4,AVTOBUS,,unknown,12,30.0,rec_2022-07-22
ebb3cf78706d4354b247541ad562b42e,data/raw/AzSLD_Words_100/AVTOBUS/ebb3cf78706d4354b247541ad562b42e.mp4,AVTOBUS,,unknown,14,30.0,rec_2022-07-15
f070c08353a24fb088735050126e6681,data/raw/AzSLD_Words_100/AVTOBUS/f070c08353a24fb088735050126e6681.mp4,AVTOBUS,,unknown,21,30.0,rec_2022-06-07
fc145e52c7ff4172bd1e90c3b9d49073,data/raw/AzSLD_Words_100/AVTOBUS/fc145e52c7ff4172bd1e90c3b9d49073.mp4,AVTOBUS,,unknown,18,30.0,rec_2022-07-18
0606ca07b84a4dc084be8b6eae278fca,data/raw/AzSLD_Words_100/AVTOMOBİL/0606ca07b84a4dc084be8b6eae278fca.mp4,AVTOMOBİL,,unknown,13,30.0,rec_2022-07-14
08f22b5a862b4559a1b585aa8f2f1c70,data/raw/AzSLD_Words_100/AVTOMOBİL/08f22b5a862b4559a1b585aa8f2f1c70.mp4,AVTOMOBİL,,unknown,20,30.0,rec_2022-10-26
09cf54153e2f4e578cff3d615a5499fd,data/raw/AzSLD_Words_100/AVTOMOBİL/09cf54153e2f4e578cff3d615a5499fd.mp4,AVTOMOBİL,,unknown,14,30.0,rec_2022-12-27
0c305edf8d1e4349b55446ac5d5af54b,data/raw/AzSLD_Words_100/AVTOMOBİL/0c305edf8d1e4349b55446ac5d5af54b.mp4,AVTOMOBİL,,unknown,17,30.0,rec_2022-11-17
0d6a181153504466bfa2faf639ae37b1,data/raw/AzSLD_Words_100/AVTOMOBİL/0d6a181153504466bfa2faf639ae37b1.mp4,AVTOMOBİL,,unknown,34,30.0,rec_2022-05-21
108923bb498a435ab9684bb11a2ff31e,data/raw/AzSLD_Words_100/AVTOMOBİL/108923bb498a435ab9684bb11a2ff31e.mp4,AVTOMOBİL,,unknown,12,30.0,rec_2022-07-20
171fd0cb98ca4e09be7b3a86d489e209,data/raw/AzSLD_Words_100/AVTOMOBİL/171fd0cb98ca4e09be7b3a86d489e209.mp4,AVTOMOBİL,,unknown,24,30.0,rec_2022-12-15
1bb6bfd8f13c4e2f914914d8c2b91d7f,data/raw/AzSLD_Words_100/AVTOMOBİL/1bb6bfd8f13c4e2f914914d8c2b91d7f.mp4,AVTOMOBİL,,unknown,12,30.0,rec_2022-12-23
1f1756e2e1744cb79463c8e37d5d909f,data/raw/AzSLD_Words_100/AVTOMOBİL/1f1756e2e1744cb79463c8e37d5d909f.mp4,AVTOMOBİL,,unknown,14,30.0,rec_2022-12-24
24a120a3a5de40379a94055b50e39921,data/raw/AzSLD_Words_100/AVTOMOBİL/24a120a3a5de40379a94055b50e39921.mp4,AVTOMOBİL,,unknown,18,30.0,rec_2022-05-24
29530d6de58e4de28b559a5999fbaeac,data/raw/AzSLD_Words_100/AVTOMOBİL/29530d6de58e4de28b559a5999fbaeac.mp4,AVTOMOBİL,,unknown,24,30.0,rec_2022-06-11
37e26d7598ea4d198bf70280f6651ab7,data/raw/AzSLD_Words_100/AVTOMOBİL/37e26d7598ea4d198bf70280f6651ab7.mp4,AVTOMOBİL,,unknown,17,30.0,rec_2022-11-10
3b35d5ed747c46bd91c49848c1e9b304,data/raw/AzSLD_Words_100/AVTOMOBİL/3b35d5ed747c46bd91c49848c1e9b304.mp4,AVTOMOBİL,,unknown,13,30.0,rec_2022-07-02
4b033c36c8204e2f82ff672e6629d4ff,data/raw/AzSLD_Words_100/AVTOMOBİL/4b033c36c8204e2f82ff672e6629d4ff.mp4,AVTOMOBİL,,unknown,47,30.0,rec_2022-05-21
4e092cdfc863489cb680ad5d104ce139,data/raw/AzSLD_Words_100/AVTOMOBİL/4e092cdfc863489cb680ad5d104ce139.mp4,AVTOMOBİL,,unknown,17,30.0,rec_2022-11-22
4e69d64f17a440288a1580d643bfd31a,data/raw/AzSLD_Words_100/AVTOMOBİL/4e69d64f17a440288a1580d643bfd31a.mp4,AVTOMOBİL,,unknown,23,30.0,rec_2022-07-19
57f1f4bf01b241f397c575970fc84fa5,data/raw/AzSLD_Words_100/AVTOMOBİL/57f1f4bf01b241f397c575970fc84fa5.mp4,AVTOMOBİL,,unknown,29,30.0,rec_2022-05-31
582c65cfc8a84398a6745a0e4405162c,data/raw/AzSLD_Words_100/AVTOMOBİL/582c65cfc8a84398a6745a0e4405162c.mp4,AVTOMOBİL,,unknown,32,30.0,rec_2022-10-26
5ae5bfa3acab47fbb353f0e68f6ee44c,data/raw/AzSLD_Words_100/AVTOMOBİL/5ae5bfa3acab47fbb353f0e68f6ee44c.mp4,AVTOMOBİL,,unknown,7,30.0,rec_2022-12-20
785e307cb81d4fa0a8b589d6a2fdc99e,data/raw/AzSLD_Words_100/AVTOMOBİL/785e307cb81d4fa0a8b589d6a2fdc99e.mp4,AVTOMOBİL,,unknown,15,30.0,rec_2022-12-28
9957a9a105664593940a456ada2f6e8d,data/raw/AzSLD_Words_100/AVTOMOBİL/9957a9a105664593940a456ada2f6e8d.mp4,AVTOMOBİL,,unknown,15,30.0,rec_2022-12-17
9c61d97fdbb745a7a93fb55c977cd4d7,data/raw/AzSLD_Words_100/AVTOMOBİL/9c61d97fdbb745a7a93fb55c977cd4d7.mp4,AVTOMOBİL,,unknown,16,30.0,rec_2022-05-24
a13bb7e7824f49daa4bfdab24c6d9173,data/raw/AzSLD_Words_100/AVTOMOBİL/a13bb7e7824f49daa4bfdab24c6d9173.mp4,AVTOMOBİL,,unknown,26,30.0,rec_2022-11-04
a2dde6cbc330454fa83e13e178b395c7,data/raw/AzSLD_Words_100/AVTOMOBİL/a2dde6cbc330454fa83e13e178b395c7.mp4,AVTOMOBİL,,unknown,24,30.0,rec_2022-11-18
a42a32e97d3b403d95cea740ea07a6f2,data/raw/AzSLD_Words_100/AVTOMOBİL/a42a32e97d3b403d95cea740ea07a6f2.mp4,AVTOMOBİL,,unknown,12,30.0,rec_2022-12-16
a8db5c9fa87f4f3481c1be355361ec28,data/raw/AzSLD_Words_100/AVTOMOBİL/a8db5c9fa87f4f3481c1be355361ec28.mp4,AVTOMOBİL,,unknown,21,30.0,rec_2022-12-23
a9480286bd3342128e8d622f5c313679,data/raw/AzSLD_Words_100/AVTOMOBİL/a9480286bd3342128e8d622f5c313679.mp4,AVTOMOBİL,,unknown,14,30.0,rec_2022-07-20
abfb4c0e51b545058b9cee0dbfb4f228,data/raw/AzSLD_Words_100/AVTOMOBİL/abfb4c0e51b545058b9cee0dbfb4f228.mp4,AVTOMOBİL,,unknown,12,30.0,rec_2022-12-22
ad4cdd7c858b4927be7b6c7c92a0a158,data/raw/AzSLD_Words_100/AVTOMOBİL/ad4cdd7c858b4927be7b6c7c92a0a158.mp4,AVTOMOBİL,,unknown,18,30.0,rec_2022-11-19
cfc093eb8d834a8bbefee5a35ac80560,data/raw/AzSLD_Words_100/AVTOMOBİL/cfc093eb8d834a8bbefee5a35ac80560.mp4,AVTOMOBİL,,unknown,12,30.0,rec_2022-07-13
e0283b9da03e446ab63f12aead7e7576,data/raw/AzSLD_Words_100/AVTOMOBİL/e0283b9da03e446ab63f12aead7e7576.mp4,AVTOMOBİL,,unknown,13,30.0,rec_2022-12-20
fb7c23b59b70410ea3dfa9e313b005eb,data/raw/AzSLD_Words_100/AVTOMOBİL/fb7c23b59b70410ea3dfa9e313b005eb.mp4,AVTOMOBİL,,unknown,14,30.0,rec_2022-12-22
1462e4ac77724e7c987577703ca09ca5,data/raw/AzSLD_Words_100/AXŞAM/1462e4ac77724e7c987577703ca09ca5.mp4,AXŞAM,,unknown,17,30.0,rec_2022-06-01
1e5d61b547174bac886f52c0de6aff81,data/raw/AzSLD_Words_100/AXŞAM/1e5d61b547174bac886f52c0de6aff81.mp4,AXŞAM,,unknown,21,30.0,rec_2022-07-23
27ad36684e984ecbb7070870f7c9cba7,data/raw/AzSLD_Words_100/AXŞAM/27ad36684e984ecbb7070870f7c9cba7.mp4,AXŞAM,,unknown,17,30.0,rec_2022-07-02
2f3911ebad8f4be980bdfcd6ecddd74a,data/raw/AzSLD_Words_100/AXŞAM/2f3911ebad8f4be980bdfcd6ecddd74a.mp4,AXŞAM,,unknown,15,30.0,rec_2022-07-15
335bf1d069914063bb9e818dd8c1cf22,data/raw/AzSLD_Words_100/AXŞAM/335bf1d069914063bb9e818dd8c1cf22.mp4,AXŞAM,,unknown,26,30.0,rec_2022-07-23
36039c0534194e819648236ca28efb16,data/raw/AzSLD_Words_100/AXŞAM/36039c0534194e819648236ca28efb16.mp4,AXŞAM,,unknown,23,30.0,rec_2022-05-26
457137de7b6742b48019992269653001,data/raw/AzSLD_Words_100/AXŞAM/457137de7b6742b48019992269653001.mp4,AXŞAM,,unknown,17,30.0,rec_2022-07-22
66b1faf729de4149b33bfdeadc3405ec,data/raw/AzSLD_Words_100/AXŞAM/66b1faf729de4149b33bfdeadc3405ec.mp4,AXŞAM,,unknown,24,30.0,rec_2022-08-02
72b6c94b79a540788b9743396a8606d0,data/raw/AzSLD_Words_100/AXŞAM/72b6c94b79a540788b9743396a8606d0.mp4,AXŞAM,,unknown,19,30.0,rec_2022-08-01
7b85a0af28294e5195666917bd661900,data/raw/AzSLD_Words_100/AXŞAM/7b85a0af28294e5195666917bd661900.mp4,AXŞAM,,unknown,24,30.0,rec_2022-06-02
7ff29499ce894c1297a931401eab7c05,data/raw/AzSLD_Words_100/AXŞAM/7ff29499ce894c1297a931401eab7c05.mp4,AXŞAM,,unknown,28,30.0,rec_2022-07-13
83fd176c4d174e4fa4be6e6d73a4be81,data/raw/AzSLD_Words_100/AXŞAM/83fd176c4d174e4fa4be6e6d73a4be81.mp4,AXŞAM,,unknown,21,30.0,rec_2022-07-13
85d59252c5b24fdeba0c808db9425e06,data/raw/AzSLD_Words_100/AXŞAM/85d59252c5b24fdeba0c808db9425e06.mp4,AXŞAM,,unknown,10,30.0,rec_2022-07-22
9627a83564c94e44b4a826e77629cff2,data/raw/AzSLD_Words_100/AXŞAM/9627a83564c94e44b4a826e77629cff2.mp4,AXŞAM,,unknown,18,30.0,rec_2022-06-02
9c0cbce0887e41de90e5e20cf00d047f,data/raw/AzSLD_Words_100/AXŞAM/9c0cbce0887e41de90e5e20cf00d047f.mp4,AXŞAM,,unknown,14,30.0,rec_2022-07-23
a0d0e86b89d94d0f91295503dbbb8d7e,data/raw/AzSLD_Words_100/AXŞAM/a0d0e86b89d94d0f91295503dbbb8d7e.mp4,AXŞAM,,unknown,22,30.0,rec_2022-07-25
a2463e64c3f34e049e05884ffb0ab308,data/raw/AzSLD_Words_100/AXŞAM/a2463e64c3f34e049e05884ffb0ab308.mp4,AXŞAM,,unknown,33,30.0,rec_2022-07-21
a266131bc49244b49f89c5924cce2654,data/raw/AzSLD_Words_100/AXŞAM/a266131bc49244b49f89c5924cce2654.mp4,AXŞAM,,unknown,15,30.0,rec_2022-07-20
a61787b3fbdf4e889613debaf770f936,data/raw/AzSLD_Words_100/AXŞAM/a61787b3fbdf4e889613debaf770f936.mp4,AXŞAM,,unknown,20,30.0,rec_2022-07-22
a7fa7d58189b4078a7e67750f4401bcf,data/raw/AzSLD_Words_100/AXŞAM/a7fa7d58189b4078a7e67750f4401bcf.mp4,AXŞAM,,unknown,20,30.0,rec_2022-07-23
a8bf3f5ca7014209ab09f8a941f04c1e,data/raw/AzSLD_Words_100/AXŞAM/a8bf3f5ca7014209ab09f8a941f04c1e.mp4,AXŞAM,,unknown,24,30.0,rec_2022-07-14
b484c8abc1b64f8eb15509675152498d,data/raw/AzSLD_Words_100/AXŞAM/b484c8abc1b64f8eb15509675152498d.mp4,AXŞAM,,unknown,41,30.0,rec_2022-07-21
bdf8749df227407b94792c7655492ec8,data/raw/AzSLD_Words_100/AXŞAM/bdf8749df227407b94792c7655492ec8.mp4,AXŞAM,,unknown,22,30.0,rec_2022-07-18
dbaa2014328642a08978e25cc83ab22d,data/raw/AzSLD_Words_100/AXŞAM/dbaa2014328642a08978e25cc83ab22d.mp4,AXŞAM,,unknown,21,30.0,rec_2022-06-02
e9919cc5fd424155bca1ca9c2011c862,data/raw/AzSLD_Words_100/AXŞAM/e9919cc5fd424155bca1ca9c2011c862.mp4,AXŞAM,,unknown,17,30.0,rec_2022-06-13
eb59a2fd4b9e44018e44d928de9f8764,data/raw/AzSLD_Words_100/AXŞAM/eb59a2fd4b9e44018e44d928de9f8764.mp4,AXŞAM,,unknown,20,30.0,rec_2022-07-21
f4728f2c8aa44ccc95d1e1f0fb4eec54,data/raw/AzSLD_Words_100/AXŞAM/f4728f2c8aa44ccc95d1e1f0fb4eec54.mp4,AXŞAM,,unknown,12,30.0,rec_2022-07-22
07708406bafd4b7a8cad83a74d4c7196,data/raw/AzSLD_Words_100/AZƏRBAYCAN/07708406bafd4b7a8cad83a74d4c7196.mp4,AZƏRBAYCAN,,unknown,20,30.0,rec_2022-06-13
10342d1da5d94bc4a08d989d0deb3ac6,data/raw/AzSLD_Words_100/AZƏRBAYCAN/10342d1da5d94bc4a08d989d0deb3ac6.mp4,AZƏRBAYCAN,,unknown,20,30.0,rec_2022-07-22
1baa9747e9f344e4bc0de4986ce20457,data/raw/AzSLD_Words_100/AZƏRBAYCAN/1baa9747e9f344e4bc0de4986ce20457.mp4,AZƏRBAYCAN,,unknown,22,30.0,rec_2022-07-02
1e9867b4e47d44058474b31e59ee9a10,data/raw/AzSLD_Words_100/AZƏRBAYCAN/1e9867b4e47d44058474b31e59ee9a10.mp4,AZƏRBAYCAN,,unknown,30,30.0,rec_2022-06-18
1ea795c5ce334f9597741d2e4ad62510,data/raw/AzSLD_Words_100/AZƏRBAYCAN/1ea795c5ce334f9597741d2e4ad62510.mp4,AZƏRBAYCAN,,unknown,16,30.0,rec_2022-08-01
2091181b11c14c6bb169bb1300b287e3,data/raw/AzSLD_Words_100/AZƏRBAYCAN/2091181b11c14c6bb169bb1300b287e3.mp4,AZƏRBAYCAN,,unknown,22,30.0,rec_2022-06-01
2451bb6ed170495a9064e608fe646b4b,data/raw/AzSLD_Words_100/AZƏRBAYCAN/2451bb6ed170495a9064e608fe646b4b.mp4,AZƏRBAYCAN,,unknown,39,30.0,rec_2022-07-25
26acba6176554c68abcb2fe91b546b6f,data/raw/AzSLD_Words_100/AZƏRBAYCAN/26acba6176554c68abcb2fe91b546b6f.mp4,AZƏRBAYCAN,,unknown,23,30.0,rec_2022-06-16
2954acdf27fb46c6954f36b7670c7f2c,data/raw/AzSLD_Words_100/AZƏRBAYCAN/2954acdf27fb46c6954f36b7670c7f2c.mp4,AZƏRBAYCAN,,unknown,30,30.0,rec_2022-06-11
2e93ea9a7d1646b88895972135751b42,data/raw/AzSLD_Words_100/AZƏRBAYCAN/2e93ea9a7d1646b88895972135751b42.mp4,AZƏRBAYCAN,,unknown,33,30.0,rec_2022-06-02
31b63881079f4a119a882f93b5ee74ca,data/raw/AzSLD_Words_100/AZƏRBAYCAN/31b63881079f4a119a882f93b5ee74ca.mp4,AZƏRBAYCAN,,unknown,14,30.0,rec_2022-06-16
31f3cbc4cbcb44219b556c9b6db901a6,data/raw/AzSLD_Words_100/AZƏRBAYCAN/31f3cbc4cbcb44219b556c9b6db901a6.mp4,AZƏRBAYCAN,,unknown,19,30.0,rec_2022-07-20
3246c9fe69bf439bac3b7c89dc089f3c,data/raw/AzSLD_Words_100/AZƏRBAYCAN/3246c9fe69bf439bac3b7c89dc089f3c.mp4,AZƏRBAYCAN,,unknown,23,30.0,rec_2022-07-18
51c44fcd2acd488a8c9366c1da3234d4,data/raw/AzSLD_Words_100/AZƏRBAYCAN/51c44fcd2acd488a8c9366c1da3234d4.mp4,AZƏRBAYCAN,,unknown,26,30.0,rec_2022-07-20
533fe90147664aa9aa205e20b61fce7e,data/raw/AzSLD_Words_100/AZƏRBAYCAN/533fe90147664aa9aa205e20b61fce7e.mp4,AZƏRBAYCAN,,unknown,17,30.0,rec_2022-06-11
5688c468d43e4ea69fbff72e2140c312,data/raw/AzSLD_Words_100/AZƏRBAYCAN/5688c468d43e4ea69fbff72e2140c312.mp4,AZƏRBAYCAN,,unknown,22,30.0,rec_2022-07-19
58e35e8bb90641aa9eef1745ffb0ca5a,data/raw/AzSLD_Words_100/AZƏRBAYCAN/58e35e8bb90641aa9eef1745ffb0ca5a.mp4,AZƏRBAYCAN,,unknown,19,30.0,rec_2022-05-24
5d82853092fc4e459dbd266b1a6699f2,data/raw/AzSLD_Words_100/AZƏRBAYCAN/5d82853092fc4e459dbd266b1a6699f2.mp4,AZƏRBAYCAN,,unknown,17,30.0,rec_2022-07-18
691fee8a310f4236829a0fc70f416a3d,data/raw/AzSLD_Words_100/AZƏRBAYCAN/691fee8a310f4236829a0fc70f416a3d.mp4,AZƏRBAYCAN,,unknown,20,30.0,rec_2022-07-13
6bd12e382bf04dd9a63054714e386022,data/raw/AzSLD_Words_100/AZƏRBAYCAN/6bd12e382bf04dd9a63054714e386022.mp4,AZƏRBAYCAN,,unknown,17,30.0,rec_2022-07-18
6f029b3ad35a4f759e8ed0e986678fdd,data/raw/AzSLD_Words_100/AZƏRBAYCAN/6f029b3ad35a4f759e8ed0e986678fdd.mp4,AZƏRBAYCAN,,unknown,40,30.0,rec_2022-07-18
704b0d1e4f614e0c86badf161fa663d4,data/raw/AzSLD_Words_100/AZƏRBAYCAN/704b0d1e4f614e0c86badf161fa663d4.mp4,AZƏRBAYCAN,,unknown,40,30.0,rec_2022-07-23
74196b916214496b8ccae42e1de3f194,data/raw/AzSLD_Words_100/AZƏRBAYCAN/74196b916214496b8ccae42e1de3f194.mp4,AZƏRBAYCAN,,unknown,26,30.0,rec_2022-05-31
79d4d96b73ce4da981a3eaf51fcc5bb9,data/raw/AzSLD_Words_100/AZƏRBAYCAN/79d4d96b73ce4da981a3eaf51fcc5bb9.mp4,AZƏRBAYCAN,,unknown,46,30.0,rec_2022-07-29
83e95117f8184b95b168476ef29c92e6,data/raw/AzSLD_Words_100/AZƏRBAYCAN/83e95117f8184b95b168476ef29c92e6.mp4,AZƏRBAYCAN,,unknown,24,30.0,rec_2022-07-16
9ab2050346a34ff689326b87c70f3f03,data/raw/AzSLD_Words_100/AZƏRBAYCAN/9ab2050346a34ff689326b87c70f3f03.mp4,AZƏRBAYCAN,,unknown,31,30.0,rec_2022-07-18
9dc79214a39b4140879b966cb6ef7078,data/raw/AzSLD_Words_100/AZƏRBAYCAN/9dc79214a39b4140879b966cb6ef7078.mp4,AZƏRBAYCAN,,unknown,38,30.0,rec_2022-07-21
a37f653ac5484857a2f1b9a84597c2d9,data/raw/AzSLD_Words_100/AZƏRBAYCAN/a37f653ac5484857a2f1b9a84597c2d9.mp4,AZƏRBAYCAN,,unknown,29,30.0,rec_2022-07-02
a79d723c940a4b94a14c4e17a00cf128,data/raw/AzSLD_Words_100/AZƏRBAYCAN/a79d723c940a4b94a14c4e17a00cf128.mp4,AZƏRBAYCAN,,unknown,46,30.0,rec_2022-04-26
ab94d80ae7c843fbac764a3133ddc278,data/raw/AzSLD_Words_100/AZƏRBAYCAN/ab94d80ae7c843fbac764a3133ddc278.mp4,AZƏRBAYCAN,,unknown,26,30.0,rec_2022-07-16
bc2a21cf16744236bc30fbc41b5bc011,data/raw/AzSLD_Words_100/AZƏRBAYCAN/bc2a21cf16744236bc30fbc41b5bc011.mp4,AZƏRBAYCAN,,unknown,32,30.0,rec_2022-06-02
cb5dd0e18a4b47b9ad13cb3c4309e4ab,data/raw/AzSLD_Words_100/AZƏRBAYCAN/cb5dd0e18a4b47b9ad13cb3c4309e4ab.mp4,AZƏRBAYCAN,,unknown,19,30.0,rec_2022-06-13
da3983f86a1a4b649ad52a25f4e69127,data/raw/AzSLD_Words_100/AZƏRBAYCAN/da3983f86a1a4b649ad52a25f4e69127.mp4,AZƏRBAYCAN,,unknown,24,30.0,rec_2022-07-15
e256ca9be4044175ae8c872587788693,data/raw/AzSLD_Words_100/AZƏRBAYCAN/e256ca9be4044175ae8c872587788693.mp4,AZƏRBAYCAN,,unknown,19,30.0,rec_2022-07-22
e863de2fdc30421f8ae121b220b2d485,data/raw/AzSLD_Words_100/AZƏRBAYCAN/e863de2fdc30421f8ae121b220b2d485.mp4,AZƏRBAYCAN,,unknown,35,30.0,rec_2022-05-26
ec0a21d38f2c45b6a743f41405a3589c,data/raw/AzSLD_Words_100/AZƏRBAYCAN/ec0a21d38f2c45b6a743f41405a3589c.mp4,AZƏRBAYCAN,,unknown,33,30.0,rec_2022-05-21
ff49247c9190467b9626530da1915c75,data/raw/AzSLD_Words_100/AZƏRBAYCAN/ff49247c9190467b9626530da1915c75.mp4,AZƏRBAYCAN,,unknown,20,30.0,rec_2022-07-23
345bb11ac14a49b494413125c6d4bf35,data/raw/AzSLD_Words_100/AĞRIMAQ/345bb11ac14a49b494413125c6d4bf35.mp4,AĞRIMAQ,,unknown,28,30.0,rec_2022-07-20
3ebd6c006bd34c8883eae896c48f9ba9,data/raw/AzSLD_Words_100/AĞRIMAQ/3ebd6c006bd34c8883eae896c48f9ba9.mp4,AĞRIMAQ,,unknown,24,30.0,rec_2022-07-20
444bccdc18dc4b37873eb51dab53bdf1,data/raw/AzSLD_Words_100/AĞRIMAQ/444bccdc18dc4b37873eb51dab53bdf1.mp4,AĞRIMAQ,,unknown,21,30.0,rec_2022-07-13
616db088a6a54b23aea0797a4732353d,data/raw/AzSLD_Words_100/AĞRIMAQ/616db088a6a54b23aea0797a4732353d.mp4,AĞRIMAQ,,unknown,35,30.0,rec_2022-07-15
696c6c74729a465a8c827d23e78ff7cd,data/raw/AzSLD_Words_100/AĞRIMAQ/696c6c74729a465a8c827d23e78ff7cd.mp4,AĞRIMAQ,,unknown,38,30.0,rec_2022-05-31
6f8bd0b5cba74ee3a892eb138af3fd11,data/raw/AzSLD_Words_100/AĞRIMAQ/6f8bd0b5cba74ee3a892eb138af3fd11.mp4,AĞRIMAQ,,unknown,28,30.0,rec_2022-07-01
706040ad8e81476d92cf8779c7533830,data/raw/AzSLD_Words_100/AĞRIMAQ/706040ad8e81476d92cf8779c7533830.mp4,AĞRIMAQ,,unknown,33,30.0,rec_2022-08-01
7c484c8eaf6946448ba1619388a3ba4d,data/raw/AzSLD_Words_100/AĞRIMAQ/7c484c8eaf6946448ba1619388a3ba4d.mp4,AĞRIMAQ,,unknown,26,30.0,rec_2022-07-02
7fd57f78731d4a589baa216c127af217,data/raw/AzSLD_Words_100/AĞRIMAQ/7fd57f78731d4a589baa216c127af217.mp4,AĞRIMAQ,,unknown,30,30.0,rec_2022-08-01
a6c8c53e08474b2ea620ab6dc9e3d427,data/raw/AzSLD_Words_100/AĞRIMAQ/a6c8c53e08474b2ea620ab6dc9e3d427.mp4,AĞRIMAQ,,unknown,35,30.0,rec_2022-06-13
a77de0e09c7d4652bf0a7c2c36ebdbfd,data/raw/AzSLD_Words_100/AĞRIMAQ/a77de0e09c7d4652bf0a7c2c36ebdbfd.mp4,AĞRIMAQ,,unknown,29,30.0,rec_2022-06-11
ac1cbc95a40f4a04bd8fb0482e9cef8b,data/raw/AzSLD_Words_100/AĞRIMAQ/ac1cbc95a40f4a04bd8fb0482e9cef8b.mp4,AĞRIMAQ,,unknown,37,30.0,rec_2022-05-31
aef10ec550da4d3a94b9943581b367c3,data/raw/AzSLD_Words_100/AĞRIMAQ/aef10ec550da4d3a94b9943581b367c3.mp4,AĞRIMAQ,,unknown,46,30.0,rec_2022-06-11
b583d98b056042b691df04dc42e697af,data/raw/AzSLD_Words_100/AĞRIMAQ/b583d98b056042b691df04dc42e697af.mp4,AĞRIMAQ,,unknown,26,30.0,rec_2022-07-02
bd0ea7dcd1db471286bcc39795ad300d,data/raw/AzSLD_Words_100/AĞRIMAQ/bd0ea7dcd1db471286bcc39795ad300d.mp4,AĞRIMAQ,,unknown,28,30.0,rec_2022-07-13
bf9c7ee9382a42448a55c64417f917d2,data/raw/AzSLD_Words_100/AĞRIMAQ/bf9c7ee9382a42448a55c64417f917d2.mp4,AĞRIMAQ,,unknown,34,30.0,rec_2022-08-02
e1f3529930364e4fb1bfe21117034e2d,data/raw/AzSLD_Words_100/AĞRIMAQ/e1f3529930364e4fb1bfe21117034e2d.mp4,AĞRIMAQ,,unknown,42,30.0,rec_2022-05-31
ef18d1e307ca4174a3bbad18baef30a5,data/raw/AzSLD_Words_100/AĞRIMAQ/ef18d1e307ca4174a3bbad18baef30a5.mp4,AĞRIMAQ,,unknown,35,30.0,rec_2022-08-02
f03ff37f0bbe434385afd70eadf455b3,data/raw/AzSLD_Words_100/AĞRIMAQ/f03ff37f0bbe434385afd70eadf455b3.mp4,AĞRIMAQ,,unknown,30,30.0,rec_2022-07-02
02eb8a128007455a89eba1b2b337bf49,data/raw/AzSLD_Words_100/BAKI/02eb8a128007455a89eba1b2b337bf49.mp4,BAKI,,unknown,15,30.0,rec_2022-12-20
0bc926ac77d0465483d5d6fd6a2ac13a,data/raw/AzSLD_Words_100/BAKI/0bc926ac77d0465483d5d6fd6a2ac13a.mp4,BAKI,,unknown,12,30.0,rec_2022-12-20
0edbbd264751400d841c8db0ecb73286,data/raw/AzSLD_Words_100/BAKI/0edbbd264751400d841c8db0ecb73286.mp4,BAKI,,unknown,25,30.0,rec_2022-12-23
1024b8c3b7fa4059997b2d11044f0a10,data/raw/AzSLD_Words_100/BAKI/1024b8c3b7fa4059997b2d11044f0a10.mp4,BAKI,,unknown,26,30.0,rec_2022-12-23
1761ca7fbc4c45299c1bc7db82845acb,data/raw/AzSLD_Words_100/BAKI/1761ca7fbc4c45299c1bc7db82845acb.mp4,BAKI,,unknown,19,30.0,rec_2022-11-19
19e0853fc3344052b5c3d230560417e0,data/raw/AzSLD_Words_100/BAKI/19e0853fc3344052b5c3d230560417e0.mp4,BAKI,,unknown,19,30.0,rec_2022-08-01
1ec026dd1e834a609a5969387d43de95,data/raw/AzSLD_Words_100/BAKI/1ec026dd1e834a609a5969387d43de95.mp4,BAKI,,unknown,28,30.0,rec_2022-10-28
24216c30e17b4b2b84e96d2444a2c8ee,data/raw/AzSLD_Words_100/BAKI/24216c30e17b4b2b84e96d2444a2c8ee.mp4,BAKI,,unknown,23,30.0,rec_2022-07-02
271e2af26e9d4f4f95fc2e695642d9c5,data/raw/AzSLD_Words_100/BAKI/271e2af26e9d4f4f95fc2e695642d9c5.mp4,BAKI,,unknown,26,30.0,rec_2022-12-23
2775f3ccafda457cb2feda63267176e4,data/raw/AzSLD_Words_100/BAKI/2775f3ccafda457cb2feda63267176e4.mp4,BAKI,,unknown,26,30.0,rec_2022-12-24
2a784ca89dd4416a9028e25e8a68d9bb,data/raw/AzSLD_Words_100/BAKI/2a784ca89dd4416a9028e25e8a68d9bb.mp4,BAKI,,unknown,10,30.0,rec_2022-05-24
2f5088132e1e4269a584a5014450b9ac,data/raw/AzSLD_Words_100/BAKI/2f5088132e1e4269a584a5014450b9ac.mp4,BAKI,,unknown,28,30.0,rec_2022-12-22
3b5843e3b0d64d2d83c4acdd34ac9cae,data/raw/AzSLD_Words_100/BAKI/3b5843e3b0d64d2d83c4acdd34ac9cae.mp4,BAKI,,unknown,19,30.0,rec_2022-12-20
4255dd22221f40259f07021e4df38412,data/raw/AzSLD_Words_100/BAKI/4255dd22221f40259f07021e4df38412.mp4,BAKI,,unknown,30,30.0,rec_2022-12-20
44176d07e4e5476fb2b6444c971f9df2,data/raw/AzSLD_Words_100/BAKI/44176d07e4e5476fb2b6444c971f9df2.mp4,BAKI,,unknown,31,30.0,rec_2022-05-21
48a5c2215f684cf19a0897bb9b20ce59,data/raw/AzSLD_Words_100/BAKI/48a5c2215f684cf19a0897bb9b20ce59.mp4,BAKI,,unknown,19,30.0,rec_2022-12-20
521d1368fbc54e00b10fab5a1a1b49fb,data/raw/AzSLD_Words_100/BAKI/521d1368fbc54e00b10fab5a1a1b49fb.mp4,BAKI,,unknown,17,30.0,rec_2022-11-05
5844971f86f949b28b34b525e3cb3660,data/raw/AzSLD_Words_100/BAKI/5844971f86f949b28b34b525e3cb3660.mp4,BAKI,,unknown,31,30.0,rec_2022-12-24
5c875b24415641f796d55a5d560cd73b,data/raw/AzSLD_Words_100/BAKI/5c875b24415641f796d55a5d560cd73b.mp4,BAKI,,unknown,23,30.0,rec_2022-12-15
5f25a5385b4c4f0a96d90c9ed9ad0461,data/raw/AzSLD_Words_100/BAKI/5f25a5385b4c4f0a96d90c9ed9ad0461.mp4,BAKI,,unknown,29,30.0,rec_2022-06-11
6143aa4c9e6547ddb822a5fe4db36d98,data/raw/AzSLD_Words_100/BAKI/6143aa4c9e6547ddb822a5fe4db36d98.mp4,BAKI,,unknown,10,30.0,rec_2022-12-28
6404bce9ddcc48ad9539cd54e1e7e466,data/raw/AzSLD_Words_100/BAKI/6404bce9ddcc48ad9539cd54e1e7e466.mp4,BAKI,,unknown,23,30.0,rec_2022-07-18
695a3ad1889e4f898fb26979caf7c4dd,data/raw/AzSLD_Words_100/BAKI/695a3ad1889e4f898fb26979caf7c4dd.mp4,BAKI,,unknown,28,30.0,rec_2022-12-23
6987a5d55b78448dbc8ba620e0f14d57,data/raw/AzSLD_Words_100/BAKI/6987a5d55b78448dbc8ba620e0f14d57.mp4,BAKI,,unknown,13,30.0,rec_2023-01-18
6c778a383088465291ad76492305df7b,data/raw/AzSLD_Words_100/BAKI/6c778a383088465291ad76492305df7b.mp4,BAKI,,unknown,14,30.0,rec_2022-12-28
6eb0a5f4e32f45d4a0c682994bdf627c,data/raw/AzSLD_Words_100/BAKI/6eb0a5f4e32f45d4a0c682994bdf627c.mp4,BAKI,,unknown,19,30.0,rec_2022-11-17
73083ac3350c4f75afa2354781bba085,data/raw/AzSLD_Words_100/BAKI/73083ac3350c4f75afa2354781bba085.mp4,BAKI,,unknown,18,30.0,rec_2022-07-15
7b1ef1d31ed54fc5b1ee806079769748,data/raw/AzSLD_Words_100/BAKI/7b1ef1d31ed54fc5b1ee806079769748.mp4,BAKI,,unknown,24,30.0,rec_2022-12-27
8120b27ea5914205bb14920429a6c582,data/raw/AzSLD_Words_100/BAKI/8120b27ea5914205bb14920429a6c582.mp4,BAKI,,unknown,22,30.0,rec_2022-12-27
8f6e8c09eee34f5290c461cb7d4b1730,data/raw/AzSLD_Words_100/BAKI/8f6e8c09eee34f5290c461cb7d4b1730.mp4,BAKI,,unknown,29,30.0,rec_2022-11-01
8f9593bb006e4d209c3125eea403b0db,data/raw/AzSLD_Words_100/BAKI/8f9593bb006e4d209c3125eea403b0db.mp4,BAKI,,unknown,22,30.0,rec_2022-11-01
8fc3911571d94a66bfb3d92737b824a5,data/raw/AzSLD_Words_100/BAKI/8fc3911571d94a66bfb3d92737b824a5.mp4,BAKI,,unknown,12,30.0,rec_2022-07-20
95c3ba8ed7484344b30d3622e8775a00,data/raw/AzSLD_Words_100/BAKI/95c3ba8ed7484344b30d3622e8775a00.mp4,BAKI,,unknown,23,30.0,rec_2022-05-24
95d38aa29ea7444d8e74196b91544b27,data/raw/AzSLD_Words_100/BAKI/95d38aa29ea7444d8e74196b91544b27.mp4,BAKI,,unknown,13,30.0,rec_2022-12-27
961fb44c463d493f926b518c21b4d0e6,data/raw/AzSLD_Words_100/BAKI/961fb44c463d493f926b518c21b4d0e6.mp4,BAKI,,unknown,24,30.0,rec_2022-12-24
971b2ff986a643baa48deb3ec519dd98,data/raw/AzSLD_Words_100/BAKI/971b2ff986a643baa48deb3ec519dd98.mp4,BAKI,,unknown,21,30.0,rec_2022-11-19
9766848611a34d4a8a9b6f867f59ef3b,data/raw/AzSLD_Words_100/BAKI/9766848611a34d4a8a9b6f867f59ef3b.mp4,BAKI,,unknown,25,30.0,rec_2022-05-31
9e152faf571f471abc98d0bd0a01234b,data/raw/AzSLD_Words_100/BAKI/9e152faf571f471abc98d0bd0a01234b.mp4,BAKI,,unknown,23,30.0,rec_2022-12-15
9e2186929c5d406abdcb5a2d572de482,data/raw/AzSLD_Words_100/BAKI/9e2186929c5d406abdcb5a2d572de482.mp4,BAKI,,unknown,25,30.0,rec_2022-12-15
a35b999372b1472fbb8220193f281467,data/raw/AzSLD_Words_100/BAKI/a35b999372b1472fbb8220193f281467.mp4,BAKI,,unknown,20,30.0,rec_2022-11-04
a4d46453b329426cba1f55d16f693b5c,data/raw/AzSLD_Words_100/BAKI/a4d46453b329426cba1f55d16f693b5c.mp4,BAKI,,unknown,9,30.0,rec_2022-07-20
a4fe59803d8c4da598479a8ab15cb86b,data/raw/AzSLD_Words_100/BAKI/a4fe59803d8c4da598479a8ab15cb86b.mp4,BAKI,,unknown,18,30.0,rec_2022-07-19
aa14a16ad96549a2bd22bbfe7ac67ed4,data/raw/AzSLD_Words_100/BAKI/aa14a16ad96549a2bd22bbfe7ac67ed4.mp4,BAKI,,unknown,30,30.0,rec_2022-07-16
ab10e02297cc4203a24999725b4a0456,data/raw/AzSLD_Words_100/BAKI/ab10e02297cc4203a24999725b4a0456.mp4,BAKI,,unknown,23,30.0,rec_2023-01-17
afdfaceae9b84e2f87994699bd3a42f0,data/raw/AzSLD_Words_100/BAKI/afdfaceae9b84e2f87994699bd3a42f0.mp4,BAKI,,unknown,26,30.0,rec_2022-05-21
b6471761d60c4c039c6521e9af1c1f73,data/raw/AzSLD_Words_100/BAKI/b6471761d60c4c039c6521e9af1c1f73.mp4,BAKI,,unknown,23,30.0,rec_2022-11-19
b6841b6cdf9f409e91883240b1f7ead5,data/raw/AzSLD_Words_100/BAKI/b6841b6cdf9f409e91883240b1f7ead5.mp4,BAKI,,unknown,27,30.0,rec_2022-07-16
b6bfb3a3265b470a9dfc7d651a27ce88,data/raw/AzSLD_Words_100/BAKI/b6bfb3a3265b470a9dfc7d651a27ce88.mp4,BAKI,,unknown,24,30.0,rec_2022-12-22
b9f2fd95cd694caebe8510b6bdd54542,data/raw/AzSLD_Words_100/BAKI/b9f2fd95cd694caebe8510b6bdd54542.mp4,BAKI,,unknown,16,30.0,rec_2022-07-18
c34af500be304ab09af61325b45427cd,data/raw/AzSLD_Words_100/BAKI/c34af500be304ab09af61325b45427cd.mp4,BAKI,,unknown,17,30.0,rec_2022-11-10
c6173eb808d14a6084e8e09bf38e00ff,data/raw/AzSLD_Words_100/BAKI/c6173eb808d14a6084e8e09bf38e00ff.mp4,BAKI,,unknown,18,30.0,rec_2022-07-29
cf4d85ac94444ee4aa5f15873aa69a51,data/raw/AzSLD_Words_100/BAKI/cf4d85ac94444ee4aa5f15873aa69a51.mp4,BAKI,,unknown,18,30.0,rec_2022-05-26
d197ef834a9a4cc5a27701924aacff44,data/raw/AzSLD_Words_100/BAKI/d197ef834a9a4cc5a27701924aacff44.mp4,BAKI,,unknown,14,30.0,rec_2022-07-13
e267c445b54e4d72b0031e3c6b19e4b7,data/raw/AzSLD_Words_100/BAKI/e267c445b54e4d72b0031e3c6b19e4b7.mp4,BAKI,,unknown,23,30.0,rec_2022-10-28
e33e4d68904c4a09a2ff3fdc0147fa96,data/raw/AzSLD_Words_100/BAKI/e33e4d68904c4a09a2ff3fdc0147fa96.mp4,BAKI,,unknown,27,30.0,rec_2022-12-22
e5028281fbff457690847d6642f6022e,data/raw/AzSLD_Words_100/BAKI/e5028281fbff457690847d6642f6022e.mp4,BAKI,,unknown,14,30.0,rec_2022-11-10
ee5b6c7d8bd04758a5e69f7362f6e154,data/raw/AzSLD_Words_100/BAKI/ee5b6c7d8bd04758a5e69f7362f6e154.mp4,BAKI,,unknown,19,30.0,rec_2022-08-01
ef55656c46ea422786092fce9f32e34e,data/raw/AzSLD_Words_100/BAKI/ef55656c46ea422786092fce9f32e34e.mp4,BAKI,,unknown,28,30.0,rec_2022-05-21
efb0c8ef931d468696d6150079b92bcc,data/raw/AzSLD_Words_100/BAKI/efb0c8ef931d468696d6150079b92bcc.mp4,BAKI,,unknown,26,30.0,rec_2022-11-22
efb0d892d71541d987f43241a81f3bc6,data/raw/AzSLD_Words_100/BAKI/efb0d892d71541d987f43241a81f3bc6.mp4,BAKI,,unknown,23,30.0,rec_2022-11-17
f07a1a28479b40a6a7896867760ccd47,data/raw/AzSLD_Words_100/BAKI/f07a1a28479b40a6a7896867760ccd47.mp4,BAKI,,unknown,18,30.0,rec_2022-12-27
f6b75ee2251749f8a66a0c8e4da9478b,data/raw/AzSLD_Words_100/BAKI/f6b75ee2251749f8a66a0c8e4da9478b.mp4,BAKI,,unknown,12,30.0,rec_2022-07-22
f6cf14f6fecb4dccb775127819a116d8,data/raw/AzSLD_Words_100/BAKI/f6cf14f6fecb4dccb775127819a116d8.mp4,BAKI,,unknown,44,30.0,rec_2022-11-18
fa47a7b3f85140e3b4ccca9ee5feb2dc,data/raw/AzSLD_Words_100/BAKI/fa47a7b3f85140e3b4ccca9ee5feb2dc.mp4,BAKI,,unknown,21,30.0,rec_2022-11-04
023867d9e5b849d7934e841fdc1bbe73,data/raw/AzSLD_Words_100/BALACA/023867d9e5b849d7934e841fdc1bbe73.mp4,BALACA,,unknown,28,30.0,rec_2022-11-01
0f2806681886416d8f40839e2e62ce98,data/raw/AzSLD_Words_100/BALACA/0f2806681886416d8f40839e2e62ce98.mp4,BALACA,,unknown,25,30.0,rec_2022-12-27
2856eabfd44f4462a7011085f506e25f,data/raw/AzSLD_Words_100/BALACA/2856eabfd44f4462a7011085f506e25f.mp4,BALACA,,unknown,33,30.0,rec_2022-12-23
30c1f7075ec84ab78dc592e4fa820b31,data/raw/AzSLD_Words_100/BALACA/30c1f7075ec84ab78dc592e4fa820b31.mp4,BALACA,,unknown,21,30.0,rec_2022-11-19
3d221d01708f4ec89387cf90a38eb10e,data/raw/AzSLD_Words_100/BALACA/3d221d01708f4ec89387cf90a38eb10e.mp4,BALACA,,unknown,20,30.0,rec_2022-11-10
432da7d558cf446cb90706a308f562ff,data/raw/AzSLD_Words_100/BALACA/432da7d558cf446cb90706a308f562ff.mp4,BALACA,,unknown,19,30.0,rec_2022-11-01
503a8301bb554a8c9872a69b08e1ed15,data/raw/AzSLD_Words_100/BALACA/503a8301bb554a8c9872a69b08e1ed15.mp4,BALACA,,unknown,23,30.0,rec_2022-12-23
51b7cfd4e28f41538fccae0993276f4b,data/raw/AzSLD_Words_100/BALACA/51b7cfd4e28f41538fccae0993276f4b.mp4,BALACA,,unknown,20,30.0,rec_2023-01-18
612feb4b963749adacb103f15171a57d,data/raw/AzSLD_Words_100/BALACA/612feb4b963749adacb103f15171a57d.mp4,BALACA,,unknown,30,30.0,rec_2022-12-24
67d4c951c9bd42fbae69e9258424be06,data/raw/AzSLD_Words_100/BALACA/67d4c951c9bd42fbae69e9258424be06.mp4,BALACA,,unknown,22,30.0,rec_2022-12-22
69e8540ffeb342f0a9aeb066856cb79a,data/raw/AzSLD_Words_100/BALACA/69e8540ffeb342f0a9aeb066856cb79a.mp4,BALACA,,unknown,25,30.0,rec_2022-11-17
6d8f57eab6e345ef94889be928d2b89e,data/raw/AzSLD_Words_100/BALACA/6d8f57eab6e345ef94889be928d2b89e.mp4,BALACA,,unknown,23,30.0,rec_2022-12-15
761aad52bb6a43b087a9781790a4a3c2,data/raw/AzSLD_Words_100/BALACA/761aad52bb6a43b087a9781790a4a3c2.mp4,BALACA,,unknown,23,30.0,rec_2022-11-05
a0c574411243412c9c1d2b263e23f827,data/raw/AzSLD_Words_100/BALACA/a0c574411243412c9c1d2b263e23f827.mp4,BALACA,,unknown,24,30.0,rec_2022-12-22
a2c0ed1c45dd44b699f1183e84205925,data/raw/AzSLD_Words_100/BALACA/a2c0ed1c45dd44b699f1183e84205925.mp4,BALACA,,unknown,22,30.0,rec_2022-12-17
a6036790620b44cebf8214e12745e6d7,data/raw/AzSLD_Words_100/BALACA/a6036790620b44cebf8214e12745e6d7.mp4,BALACA,,unknown,24,30.0,rec_2022-12-28
ae6880a0e5fa4e34aa7ce0634925ffc6,data/raw/AzSLD_Words_100/BALACA/ae6880a0e5fa4e34aa7ce0634925ffc6.mp4,BALACA,,unknown,14,30.0,rec_2022-12-20
f84570b081084196a3eb10d9202f528b,data/raw/AzSLD_Words_100/BALACA/f84570b081084196a3eb10d9202f528b.mp4,BALACA,,unknown,20,30.0,rec_2022-11-18
f93a0f09062040beb3a46e9016e1865e,data/raw/AzSLD_Words_100/BALACA/f93a0f09062040beb3a46e9016e1865e.mp4,BALACA,,unknown,24,30.0,rec_2022-12-20
0860c0782c194d949f68c4ebafedd8ee,data/raw/AzSLD_Words_100/BAZAR/0860c0782c194d949f68c4ebafedd8ee.mp4,BAZAR,,unknown,16,30.0,rec_2022-12-22
0a0101780a654fb3b29279317536d924,data/raw/AzSLD_Words_100/BAZAR/0a0101780a654fb3b29279317536d924.mp4,BAZAR,,unknown,15,30.0,rec_2022-12-20
0e74f2a1dd5745af984c94f944e3a72d,data/raw/AzSLD_Words_100/BAZAR/0e74f2a1dd5745af984c94f944e3a72d.mp4,BAZAR,,unknown,24,30.0,rec_2022-12-15
28469348d60a4aaa929d74c253f3c5f5,data/raw/AzSLD_Words_100/BAZAR/28469348d60a4aaa929d74c253f3c5f5.mp4,BAZAR,,unknown,21,30.0,rec_2022-06-11
37b484c0ef81477aa5588a1ac32b4091,data/raw/AzSLD_Words_100/BAZAR/37b484c0ef81477aa5588a1ac32b4091.mp4,BAZAR,,unknown,16,30.0,rec_2022-11-18
44375d3a5f7e4e70a6d5a907e59ce890,data/raw/AzSLD_Words_100/BAZAR/44375d3a5f7e4e70a6d5a907e59ce890.mp4,BAZAR,,unknown,16,30.0,rec_2022-06-13
509b5073e2dd46cbae9060fd75047798,data/raw/AzSLD_Words_100/BAZAR/509b5073e2dd46cbae9060fd75047798.mp4,BAZAR,,unknown,13,30.0,rec_2022-12-16
51e91584ae6949f0995ff20b44e06384,data/raw/AzSLD_Words_100/BAZAR/51e91584ae6949f0995ff20b44e06384.mp4,BAZAR,,unknown,18,30.0,rec_2022-08-02
7d8fe07f8b594dbe81a0b42acd3bd0e8,data/raw/AzSLD_Words_100/BAZAR/7d8fe07f8b594dbe81a0b42acd3bd0e8.mp4,BAZAR,,unknown,13,30.0,rec_2022-12-27
7dd51eaeecec4c98bb560fc74cff7c50,data/raw/AzSLD_Words_100/BAZAR/7dd51eaeecec4c98bb560fc74cff7c50.mp4,BAZAR,,unknown,19,30.0,rec_2022-11-17
83ab4251985543cf8603028776eccbe1,data/raw/AzSLD_Words_100/BAZAR/83ab4251985543cf8603028776eccbe1.mp4,BAZAR,,unknown,9,30.0,rec_2022-07-22
854f2b1565924844918f2d5d2be3d305,data/raw/AzSLD_Words_100/BAZAR/854f2b1565924844918f2d5d2be3d305.mp4,BAZAR,,unknown,11,30.0,rec_2022-12-28
980ca7bc5c5a4fac9b540799ec115fe5,data/raw/AzSLD_Words_100/BAZAR/980ca7bc5c5a4fac9b540799ec115fe5.mp4,BAZAR,,unknown,15,30.0,rec_2022-12-20
a9391ba58bee44d4a7d7e123e832726e,data/raw/AzSLD_Words_100/BAZAR/a9391ba58bee44d4a7d7e123e832726e.mp4,BAZAR,,unknown,14,30.0,rec_2022-12-23
acfbf137ed82401f8157409ee82e8be3,data/raw/AzSLD_Words_100/BAZAR/acfbf137ed82401f8157409ee82e8be3.mp4,BAZAR,,unknown,28,30.0,rec_2022-10-26
aee2bf5089604dd19842f243e10ff1b9,data/raw/AzSLD_Words_100/BAZAR/aee2bf5089604dd19842f243e10ff1b9.mp4,BAZAR,,unknown,11,30.0,rec_2022-12-22
b50f6ba084f14f62844928813d31de51,data/raw/AzSLD_Words_100/BAZAR/b50f6ba084f14f62844928813d31de51.mp4,BAZAR,,unknown,24,30.0,rec_2022-11-04
bc86ab4b67fe4bf3a3f21ebf0b9abaa1,data/raw/AzSLD_Words_100/BAZAR/bc86ab4b67fe4bf3a3f21ebf0b9abaa1.mp4,BAZAR,,unknown,23,30.0,rec_2022-11-22
c7c39cb563074538889c64ba764cf86e,data/raw/AzSLD_Words_100/BAZAR/c7c39cb563074538889c64ba764cf86e.mp4,BAZAR,,unknown,15,30.0,rec_2022-12-24
cc804208610540aa8015af6a690403fb,data/raw/AzSLD_Words_100/BAZAR/cc804208610540aa8015af6a690403fb.mp4,BAZAR,,unknown,9,30.0,rec_2022-07-29
d52bd5ad359d47da8b6840012c18bc13,data/raw/AzSLD_Words_100/BAZAR/d52bd5ad359d47da8b6840012c18bc13.mp4,BAZAR,,unknown,14,30.0,rec_2022-12-23
db1ba2b451b94ef3b4d3737a3e8f6d0f,data/raw/AzSLD_Words_100/BAZAR/db1ba2b451b94ef3b4d3737a3e8f6d0f.mp4,BAZAR,,unknown,12,30.0,rec_2022-12-17
eb66787391074c79a817d93f12570957,data/raw/AzSLD_Words_100/BAZAR/eb66787391074c79a817d93f12570957.mp4,BAZAR,,unknown,15,30.0,rec_2022-11-10
edd28b3a11794a06b5dc261340be90c0,data/raw/AzSLD_Words_100/BAZAR/edd28b3a11794a06b5dc261340be90c0.mp4,BAZAR,,unknown,26,30.0,rec_2022-11-19
1a8aff478a2e42a282eff881423ae0ad,data/raw/AzSLD_Words_100/BAĞ/1a8aff478a2e42a282eff881423ae0ad.mp4,BAĞ,,unknown,39,30.0,rec_2022-12-22
1c3221fe59294ab2a8ecb36e1e55737c,data/raw/AzSLD_Words_100/BAĞ/1c3221fe59294ab2a8ecb36e1e55737c.mp4,BAĞ,,unknown,39,30.0,rec_2022-12-22
45725b07cb39483ea11887d1dfe2e33d,data/raw/AzSLD_Words_100/BAĞ/45725b07cb39483ea11887d1dfe2e33d.mp4,BAĞ,,unknown,47,30.0,rec_2022-11-04
47325f9acf1e476b95e40a12e37ab1fa,data/raw/AzSLD_Words_100/BAĞ/47325f9acf1e476b95e40a12e37ab1fa.mp4,BAĞ,,unknown,33,30.0,rec_2022-10-28
534bd85524784366a811a98c6e28525b,data/raw/AzSLD_Words_100/BAĞ/534bd85524784366a811a98c6e28525b.mp4,BAĞ,,unknown,35,30.0,rec_2022-12-20
67f75839374146ffa0beeef79c35f406,data/raw/AzSLD_Words_100/BAĞ/67f75839374146ffa0beeef79c35f406.mp4,BAĞ,,unknown,35,30.0,rec_2022-12-28
68d414a9229345fba2305c0746533f6e,data/raw/AzSLD_Words_100/BAĞ/68d414a9229345fba2305c0746533f6e.mp4,BAĞ,,unknown,48,30.0,rec_2022-12-15
6921724c666e43aead68b10b6de6332e,data/raw/AzSLD_Words_100/BAĞ/6921724c666e43aead68b10b6de6332e.mp4,BAĞ,,unknown,36,30.0,rec_2022-12-17
86b7086f26e94a278a8e9b792f4f85e7,data/raw/AzSLD_Words_100/BAĞ/86b7086f26e94a278a8e9b792f4f85e7.mp4,BAĞ,,unknown,40,30.0,rec_2022-11-18
9fedde4c1a9d45458a85f32a62e3a799,data/raw/AzSLD_Words_100/BAĞ/9fedde4c1a9d45458a85f32a62e3a799.mp4,BAĞ,,unknown,37,30.0,rec_2022-12-23
a47065dd19c446d28a936f85940a73b5,data/raw/AzSLD_Words_100/BAĞ/a47065dd19c446d28a936f85940a73b5.mp4,BAĞ,,unknown,53,30.0,rec_2022-11-17
c423b717e3934da3851015223f9bd1cf,data/raw/AzSLD_Words_100/BAĞ/c423b717e3934da3851015223f9bd1cf.mp4,BAĞ,,unknown,36,30.0,rec_2022-12-16
c9cae22523374b0b80834d5e9b4b9c05,data/raw/AzSLD_Words_100/BAĞ/c9cae22523374b0b80834d5e9b4b9c05.mp4,BAĞ,,unknown,41,30.0,rec_2022-12-27
ce3212c8f5d84202aace29c5a7245bd4,data/raw/AzSLD_Words_100/BAĞ/ce3212c8f5d84202aace29c5a7245bd4.mp4,BAĞ,,unknown,50,30.0,rec_2022-11-22
e77971db8e564624b43a5d00ea4b3c59,data/raw/AzSLD_Words_100/BAĞ/e77971db8e564624b43a5d00ea4b3c59.mp4,BAĞ,,unknown,45,30.0,rec_2022-11-19
e798ee8b87534d9bbcef299b1a5e2e7f,data/raw/AzSLD_Words_100/BAĞ/e798ee8b87534d9bbcef299b1a5e2e7f.mp4,BAĞ,,unknown,52,30.0,rec_2022-10-28
eba64c2fb914492a85219d501dbd969e,data/raw/AzSLD_Words_100/BAĞ/eba64c2fb914492a85219d501dbd969e.mp4,BAĞ,,unknown,18,30.0,rec_2022-11-10
fce8a4ca66e14351b39cf090c177046c,data/raw/AzSLD_Words_100/BAĞ/fce8a4ca66e14351b39cf090c177046c.mp4,BAĞ,,unknown,36,30.0,rec_2022-12-20
ff3af35b15de48d18caa532f07167d6b,data/raw/AzSLD_Words_100/BAĞ/ff3af35b15de48d18caa532f07167d6b.mp4,BAĞ,,unknown,37,30.0,rec_2022-12-23
06ad7d4b3f264edcabd82314ef9ce9dc,data/raw/AzSLD_Words_100/BİLMİR/06ad7d4b3f264edcabd82314ef9ce9dc.mp4,BİLMİR,,unknown,23,30.0,rec_2022-07-20
1d2c57b6bf454439a1f01835ac8b97c3,data/raw/AzSLD_Words_100/BİLMİR/1d2c57b6bf454439a1f01835ac8b97c3.mp4,BİLMİR,,unknown,42,30.0,rec_2022-07-23
272d82cd96e142549401a35f59c10c0a,data/raw/AzSLD_Words_100/BİLMİR/272d82cd96e142549401a35f59c10c0a.mp4,BİLMİR,,unknown,24,30.0,rec_2022-06-16
2be8995023ed4e7c8e4fd138f4a5ff47,data/raw/AzSLD_Words_100/BİLMİR/2be8995023ed4e7c8e4fd138f4a5ff47.mp4,BİLMİR,,unknown,33,30.0,rec_2022-06-11
2fcce2e66d83449bad229076cb74a6f3,data/raw/AzSLD_Words_100/BİLMİR/2fcce2e66d83449bad229076cb74a6f3.mp4,BİLMİR,,unknown,19,30.0,rec_2022-08-02
30464271efca4acdb3a448c62a8ab9d6,data/raw/AzSLD_Words_100/BİLMİR/30464271efca4acdb3a448c62a8ab9d6.mp4,BİLMİR,,unknown,18,30.0,rec_2022-07-18
395092bb68c846779428b1222fc4b800,data/raw/AzSLD_Words_100/BİLMİR/395092bb68c846779428b1222fc4b800.mp4,BİLMİR,,unknown,23,30.0,rec_2022-07-20
45509bfe0b0a44a08cded9242f84fd0b,data/raw/AzSLD_Words_100/BİLMİR/45509bfe0b0a44a08cded9242f84fd0b.mp4,BİLMİR,,unknown,26,30.0,rec_2022-07-19
573ed5c6bef04b7ea6475dcea58adb77,data/raw/AzSLD_Words_100/BİLMİR/573ed5c6bef04b7ea6475dcea58adb77.mp4,BİLMİR,,unknown,27,30.0,rec_2022-07-18
5f15f002055049eca34688bdb60c60c2,data/raw/AzSLD_Words_100/BİLMİR/5f15f002055049eca34688bdb60c60c2.mp4,BİLMİR,,unknown,17,30.0,rec_2022-07-22
67a38d9d40bb4c5d99b1947e4c828a44,data/raw/AzSLD_Words_100/BİLMİR/67a38d9d40bb4c5d99b1947e4c828a44.mp4,BİLMİR,,unknown,22,30.0,rec_2022-07-22
6b5851e961104487ab26a3bc4070c2a0,data/raw/AzSLD_Words_100/BİLMİR/6b5851e961104487ab26a3bc4070c2a0.mp4,BİLMİR,,unknown,22,30.0,rec_2022-07-18
6be0f80ba2fb4303b1b480cefbf15095,data/raw/AzSLD_Words_100/BİLMİR/6be0f80ba2fb4303b1b480cefbf15095.mp4,BİLMİR,,unknown,30,30.0,rec_2022-07-01
708dc39069d547f4be8460dfab31e17c,data/raw/AzSLD_Words_100/BİLMİR/708dc39069d547f4be8460dfab31e17c.mp4,BİLMİR,,unknown,28,30.0,rec_2022-07-18
79071852772a4cf2b3b218cc488650d1,data/raw/AzSLD_Words_100/BİLMİR/79071852772a4cf2b3b218cc488650d1.mp4,BİLMİR,,unknown,29,30.0,rec_2022-05-31
7dd621ecd63c43959c67a32efb355686,data/raw/AzSLD_Words_100/BİLMİR/7dd621ecd63c43959c67a32efb355686.mp4,BİLMİR,,unknown,41,30.0,rec_2022-05-31
83500bb6c2494811a5eb04591d5618e0,data/raw/AzSLD_Words_100/BİLMİR/83500bb6c2494811a5eb04591d5618e0.mp4,BİLMİR,,unknown,41,30.0,rec_2022-07-21
84e9147a660a4c089d2304f7b5fec7e2,data/raw/AzSLD_Words_100/BİLMİR/84e9147a660a4c089d2304f7b5fec7e2.mp4,BİLMİR,,unknown,25,30.0,rec_2022-08-02
901d5a75460745b2b3a52f92bb501ca7,data/raw/AzSLD_Words_100/BİLMİR/901d5a75460745b2b3a52f92bb501ca7.mp4,BİLMİR,,unknown,27,30.0,rec_2022-05-31
9141db6ef69b42278cba448be2353e08,data/raw/AzSLD_Words_100/BİLMİR/9141db6ef69b42278cba448be2353e08.mp4,BİLMİR,,unknown,23,30.0,rec_2022-07-18
985cda4a998d480790d023e1cdd3f429,data/raw/AzSLD_Words_100/BİLMİR/985cda4a998d480790d023e1cdd3f429.mp4,BİLMİR,,unknown,26,30.0,rec_2022-07-18
9c65ec3e12874fad87ee2aa8771e23fd,data/raw/AzSLD_Words_100/BİLMİR/9c65ec3e12874fad87ee2aa8771e23fd.mp4,BİLMİR,,unknown,47,30.0,rec_2022-06-10
a5b28e385c2544faacf87365f56d8101,data/raw/AzSLD_Words_100/BİLMİR/a5b28e385c2544faacf87365f56d8101.mp4,BİLMİR,,unknown,31,30.0,rec_2022-06-09
ac2c03f6019e42e8ab085ffd17280938,data/raw/AzSLD_Words_100/BİLMİR/ac2c03f6019e42e8ab085ffd17280938.mp4,BİLMİR,,unknown,33,30.0,rec_2022-07-15
b733112c0d18477aa06178240c298ee4,data/raw/AzSLD_Words_100/BİLMİR/b733112c0d18477aa06178240c298ee4.mp4,BİLMİR,,unknown,33,30.0,rec_2022-05-31
b8135e6cd6d9453e9f14af738eeec990,data/raw/AzSLD_Words_100/BİLMİR/b8135e6cd6d9453e9f14af738eeec990.mp4,BİLMİR,,unknown,21,30.0,rec_2022-07-20
bcc9c947cf3b473c94cd2d6f68a68f3f,data/raw/AzSLD_Words_100/BİLMİR/bcc9c947cf3b473c94cd2d6f68a68f3f.mp4,BİLMİR,,unknown,38,30.0,rec_2022-06-09
c316fe6047504a7cb593acc7f470601e,data/raw/AzSLD_Words_100/BİLMİR/c316fe6047504a7cb593acc7f470601e.mp4,BİLMİR,,unknown,31,30.0,rec_2022-06-10
c5105fcd38a2447aad97f6927aa855d2,data/raw/AzSLD_Words_100/BİLMİR/c5105fcd38a2447aad97f6927aa855d2.mp4,BİLMİR,,unknown,39,30.0,rec_2022-07-21
c5463f4edc8b4ef49c3b11f0c89071f1,data/raw/AzSLD_Words_100/BİLMİR/c5463f4edc8b4ef49c3b11f0c89071f1.mp4,BİLMİR,,unknown,24,30.0,rec_2022-07-23
c5ec613d990b455c9fd3e9f7f13831d8,data/raw/AzSLD_Words_100/BİLMİR/c5ec613d990b455c9fd3e9f7f13831d8.mp4,BİLMİR,,unknown,30,30.0,rec_2022-07-25
c7135c11f34a4222b646e7fb6f718388,data/raw/AzSLD_Words_100/BİLMİR/c7135c11f34a4222b646e7fb6f718388.mp4,BİLMİR,,unknown,20,30.0,rec_2022-07-22
d08bcb9d9ac84f549defdb98c80ab07c,data/raw/AzSLD_Words_100/BİLMİR/d08bcb9d9ac84f549defdb98c80ab07c.mp4,BİLMİR,,unknown,20,30.0,rec_2022-08-02
d83bf37ffabf44f48e8d35a54d16ad2e,data/raw/AzSLD_Words_100/BİLMİR/d83bf37ffabf44f48e8d35a54d16ad2e.mp4,BİLMİR,,unknown,20,30.0,rec_2022-07-02
dde65b596d504dddac1c3910a28ffff9,data/raw/AzSLD_Words_100/BİLMİR/dde65b596d504dddac1c3910a28ffff9.mp4,BİLMİR,,unknown,27,30.0,rec_2022-07-22
e724eecaa3a041e7bb45fca7e8f275ad,data/raw/AzSLD_Words_100/BİLMİR/e724eecaa3a041e7bb45fca7e8f275ad.mp4,BİLMİR,,unknown,31,30.0,rec_2022-06-11
e94d50763284481f9495de71b5fba70c,data/raw/AzSLD_Words_100/BİLMİR/e94d50763284481f9495de71b5fba70c.mp4,BİLMİR,,unknown,29,30.0,rec_2022-07-23
ea8d0126c31e46e6a9bf0d588b425da9,data/raw/AzSLD_Words_100/BİLMİR/ea8d0126c31e46e6a9bf0d588b425da9.mp4,BİLMİR,,unknown,24,30.0,rec_2022-07-23
ed322bfb135349d09cb0295e6eca6f38,data/raw/AzSLD_Words_100/BİLMİR/ed322bfb135349d09cb0295e6eca6f38.mp4,BİLMİR,,unknown,30,30.0,rec_2022-07-19
eecc484b99cb464aa67b603f46904e7e,data/raw/AzSLD_Words_100/BİLMİR/eecc484b99cb464aa67b603f46904e7e.mp4,BİLMİR,,unknown,26,30.0,rec_2022-06-01
f4a6d722cad94ac2a5722030f13f8172,data/raw/AzSLD_Words_100/BİLMİR/f4a6d722cad94ac2a5722030f13f8172.mp4,BİLMİR,,unknown,12,30.0,rec_2022-07-13
06219da0217045d8acb43f64da7ea63c,data/raw/AzSLD_Words_100/BİLMƏK/06219da0217045d8acb43f64da7ea63c.mp4,BİLMƏK,,unknown,36,30.0,rec_2022-12-17
0be25b80681d49b890cd46f261a62bad,data/raw/AzSLD_Words_100/BİLMƏK/0be25b80681d49b890cd46f261a62bad.mp4,BİLMƏK,,unknown,21,30.0,rec_2023-01-19
0e65e3cc20844eb0a3ce00782d5e9bd3,data/raw/AzSLD_Words_100/BİLMƏK/0e65e3cc20844eb0a3ce00782d5e9bd3.mp4,BİLMƏK,,unknown,27,30.0,rec_2022-12-23
1122f05e3d114c879fd4fef7f82de73a,data/raw/AzSLD_Words_100/BİLMƏK/1122f05e3d114c879fd4fef7f82de73a.mp4,BİLMƏK,,unknown,24,30.0,rec_2022-07-20
122198c68d1141ea9ccb68e6cd37da05,data/raw/AzSLD_Words_100/BİLMƏK/122198c68d1141ea9ccb68e6cd37da05.mp4,BİLMƏK,,unknown,17,30.0,rec_2022-11-19
133a1b12cec243298f9ad5a9f8092d80,data/raw/AzSLD_Words_100/BİLMƏK/133a1b12cec243298f9ad5a9f8092d80.mp4,BİLMƏK,,unknown,26,30.0,rec_2022-12-22
22aa00ed9d63442eb317805d104d84fe,data/raw/AzSLD_Words_100/BİLMƏK/22aa00ed9d63442eb317805d104d84fe.mp4,BİLMƏK,,unknown,14,30.0,rec_2022-07-18
266e98c87edd4211b0d602b7839c91a2,data/raw/AzSLD_Words_100/BİLMƏK/266e98c87edd4211b0d602b7839c91a2.mp4,BİLMƏK,,unknown,23,30.0,rec_2022-05-21
2895e927c3df4fbda9743bdeea80ee0d,data/raw/AzSLD_Words_100/BİLMƏK/2895e927c3df4fbda9743bdeea80ee0d.mp4,BİLMƏK,,unknown,29,30.0,rec_2022-12-23
3d280a4100d4430a84c763e9e60570f5,data/raw/AzSLD_Words_100/BİLMƏK/3d280a4100d4430a84c763e9e60570f5.mp4,BİLMƏK,,unknown,16,30.0,rec_2022-07-25
59cba4c6834d495eabcc713a185a096d,data/raw/AzSLD_Words_100/BİLMƏK/59cba4c6834d495eabcc713a185a096d.mp4,BİLMƏK,,unknown,21,30.0,rec_2022-07-16
7035fb3c8f534312a05d5000fdbec298,data/raw/AzSLD_Words_100/BİLMƏK/7035fb3c8f534312a05d5000fdbec298.mp4,BİLMƏK,,unknown,19,30.0,rec_2022-07-16
7a22022581004f239879ef73880b0d5d,data/raw/AzSLD_Words_100/BİLMƏK/7a22022581004f239879ef73880b0d5d.mp4,BİLMƏK,,unknown,22,30.0,rec_2022-07-19
ab78aabdbcbc45039890b2671daba328,data/raw/AzSLD_Words_100/BİLMƏK/ab78aabdbcbc45039890b2671daba328.mp4,BİLMƏK,,unknown,27,30.0,rec_2022-06-16
b25930f3a26342128e417904a713aa44,data/raw/AzSLD_Words_100/BİLMƏK/b25930f3a26342128e417904a713aa44.mp4,BİLMƏK,,unknown,13,30.0,rec_2022-08-02
b574b5e5f5f74acb8f7c279b29504eab,data/raw/AzSLD_Words_100/BİLMƏK/b574b5e5f5f74acb8f7c279b29504eab.mp4,BİLMƏK,,unknown,26,30.0,rec_2022-11-02
b61977623b9a479eb9717ad13ee7a323,data/raw/AzSLD_Words_100/BİLMƏK/b61977623b9a479eb9717ad13ee7a323.mp4,BİLMƏK,,unknown,10,30.0,rec_2023-01-18
b8b325280f4c43d7987cb9cf1bc04b45,data/raw/AzSLD_Words_100/BİLMƏK/b8b325280f4c43d7987cb9cf1bc04b45.mp4,BİLMƏK,,unknown,24,30.0,rec_2022-07-22
c057373dc1844394b93ecbaa1c5c54fe,data/raw/AzSLD_Words_100/BİLMƏK/c057373dc1844394b93ecbaa1c5c54fe.mp4,BİLMƏK,,unknown,28,30.0,rec_2022-07-21
c24616050e5d47c18a6bbdca6cbd10a6,data/raw/AzSLD_Words_100/BİLMƏK/c24616050e5d47c18a6bbdca6cbd10a6.mp4,BİLMƏK,,unknown,13,30.0,rec_2022-07-18
f837ccac50e041d69d56fe4b0b3c1ca1,data/raw/AzSLD_Words_100/BİLMƏK/f837ccac50e041d69d56fe4b0b3c1ca1.mp4,BİLMƏK,,unknown,18,30.0,rec_2022-07-20
fa032b98849c4bd3ae032ff9c8d0b870,data/raw/AzSLD_Words_100/BİLMƏK/fa032b98849c4bd3ae032ff9c8d0b870.mp4,BİLMƏK,,unknown,25,30.0,rec_2023-01-19
008db9af48c04d0eab21cb48b628ef3e,data/raw/AzSLD_Words_100/BİLƏR/008db9af48c04d0eab21cb48b628ef3e.mp4,BİLƏR,,unknown,28,30.0,rec_2022-08-02
0425af8e309546a2b44e610ba565a860,data/raw/AzSLD_Words_100/BİLƏR/0425af8e309546a2b44e610ba565a860.mp4,BİLƏR,,unknown,27,30.0,rec_2022-07-18
0608afe40b4649cd876408c66218730f,data/raw/AzSLD_Words_100/BİLƏR/0608afe40b4649cd876408c66218730f.mp4,BİLƏR,,unknown,23,30.0,rec_2022-07-23
0d01a1e18dd343d8b79cfd1fa24ff31a,data/raw/AzSLD_Words_100/BİLƏR/0d01a1e18dd343d8b79cfd1fa24ff31a.mp4,BİLƏR,,unknown,18,30.0,rec_2022-06-18
0e774873730b4503b0c6cc336c1d4fc9,data/raw/AzSLD_Words_100/BİLƏR/0e774873730b4503b0c6cc336c1d4fc9.mp4,BİLƏR,,unknown,24,30.0,rec_2022-07-15
14c4adff01da4042a061f17fd5c571b0,data/raw/AzSLD_Words_100/BİLƏR/14c4adff01da4042a061f17fd5c571b0.mp4,BİLƏR,,unknown,25,30.0,rec_2022-07-18
2376bf9607ef4c9f822bd5ff3fa7fd31,data/raw/AzSLD_Words_100/BİLƏR/2376bf9607ef4c9f822bd5ff3fa7fd31.mp4,BİLƏR,,unknown,29,30.0,rec_2022-07-18
24bb5b5ef0474f6a9fb53258a577e452,data/raw/AzSLD_Words_100/BİLƏR/24bb5b5ef0474f6a9fb53258a577e452.mp4,BİLƏR,,unknown,29,30.0,rec_2022-06-13
3170d20b2e304a81bf6c9dab477aa3f7,data/raw/AzSLD_Words_100/BİLƏR/3170d20b2e304a81bf6c9dab477aa3f7.mp4,BİLƏR,,unknown,32,30.0,rec_2022-05-31
36624f5ba5f34165b20cf231d6ab4115,data/raw/AzSLD_Words_100/BİLƏR/36624f5ba5f34165b20cf231d6ab4115.mp4,BİLƏR,,unknown,21,30.0,rec_2022-07-13
3e0d1c10dd74431fab4d240bc638c85e,data/raw/AzSLD_Words_100/BİLƏR/3e0d1c10dd74431fab4d240bc638c85e.mp4,BİLƏR,,unknown,33,30.0,rec_2022-07-16
447a4e2c10f14f9a8c7c9767f801929a,data/raw/AzSLD_Words_100/BİLƏR/447a4e2c10f14f9a8c7c9767f801929a.mp4,BİLƏR,,unknown,23,30.0,rec_2022-07-20
464bfdb47d304368b6a224cddb8bf087,data/raw/AzSLD_Words_100/BİLƏR/464bfdb47d304368b6a224cddb8bf087.mp4,BİLƏR,,unknown,25,30.0,rec_2022-06-13
4c5fbcec6ee34c5c9f6914bd050bb576,data/raw/AzSLD_Words_100/BİLƏR/4c5fbcec6ee34c5c9f6914bd050bb576.mp4,BİLƏR,,unknown,29,30.0,rec_2022-07-18
4e7602ece022484190426f70dde4583e,data/raw/AzSLD_Words_100/BİLƏR/4e7602ece022484190426f70dde4583e.mp4,BİLƏR,,unknown,33,30.0,rec_2022-04-26
61dba4a87ecb4b299aeb665a24c72c8f,data/raw/AzSLD_Words_100/BİLƏR/61dba4a87ecb4b299aeb665a24c72c8f.mp4,BİLƏR,,unknown,37,30.0,rec_2022-05-31
6b42d479ad514967b0fa28340d7748cf,data/raw/AzSLD_Words_100/BİLƏR/6b42d479ad514967b0fa28340d7748cf.mp4,BİLƏR,,unknown,36,30.0,rec_2022-05-25
6cf08c8380fe4545927ecc9dd1419f41,data/raw/AzSLD_Words_100/BİLƏR/6cf08c8380fe4545927ecc9dd1419f41.mp4,BİLƏR,,unknown,25,30.0,rec_2022-07-01
6fc28f49380846aa9a5160a23da68a5a,data/raw/AzSLD_Words_100/BİLƏR/6fc28f49380846aa9a5160a23da68a5a.mp4,BİLƏR,,unknown,30,30.0,rec_2022-05-31
7163cb664d874578b9a7e1206d9d561d,data/raw/AzSLD_Words_100/BİLƏR/7163cb664d874578b9a7e1206d9d561d.mp4,BİLƏR,,unknown,34,30.0,rec_2022-06-11
724f5962e68243b7be0f6570ab1efd70,data/raw/AzSLD_Words_100/BİLƏR/724f5962e68243b7be0f6570ab1efd70.mp4,BİLƏR,,unknown,21,30.0,rec_2022-07-14
763fc0c02abe48839fe74a456bb21955,data/raw/AzSLD_Words_100/BİLƏR/763fc0c02abe48839fe74a456bb21955.mp4,BİLƏR,,unknown,19,30.0,rec_2022-07-22
7ad99a6707ca4262867cf0df48a99d43,data/raw/AzSLD_Words_100/BİLƏR/7ad99a6707ca4262867cf0df48a99d43.mp4,BİLƏR,,unknown,33,30.0,rec_2022-07-18
7bf1f012c86344539a7744bfaf7914e5,data/raw/AzSLD_Words_100/BİLƏR/7bf1f012c86344539a7744bfaf7914e5.mp4,BİLƏR,,unknown,17,30.0,rec_2023-01-18
8062ff2c072041fe8a9e4847077d3ed6,data/raw/AzSLD_Words_100/BİLƏR/8062ff2c072041fe8a9e4847077d3ed6.mp4,BİLƏR,,unknown,38,30.0,rec_2022-05-25
842363e94848476fbf9af58edae180be,data/raw/AzSLD_Words_100/BİLƏR/842363e94848476fbf9af58edae180be.mp4,BİLƏR,,unknown,30,30.0,rec_2022-08-02
84dae8309f4844d09c874f24597a4ecc,data/raw/AzSLD_Words_100/BİLƏR/84dae8309f4844d09c874f24597a4ecc.mp4,BİLƏR,,unknown,24,30.0,rec_2022-07-01
8b4bf34c2a7f44578f1eac5f8407bc9a,data/raw/AzSLD_Words_100/BİLƏR/8b4bf34c2a7f44578f1eac5f8407bc9a.mp4,BİLƏR,,unknown,24,30.0,rec_2022-07-13
900e2491700544f6b006491f5a6ebed3,data/raw/AzSLD_Words_100/BİLƏR/900e2491700544f6b006491f5a6ebed3.mp4,BİLƏR,,unknown,18,30.0,rec_2022-07-22
9272df3144434b38b3cebe9974aa5c4e,data/raw/AzSLD_Words_100/BİLƏR/9272df3144434b38b3cebe9974aa5c4e.mp4,BİLƏR,,unknown,39,30.0,rec_2022-06-11
94bb96da906740d79c2679ca270d2e54,data/raw/AzSLD_Words_100/BİLƏR/94bb96da906740d79c2679ca270d2e54.mp4,BİLƏR,,unknown,34,30.0,rec_2022-05-21
961936070e9447d1ac6e122e75ac7350,data/raw/AzSLD_Words_100/BİLƏR/961936070e9447d1ac6e122e75ac7350.mp4,BİLƏR,,unknown,33,30.0,rec_2022-08-01
9661cd9315e94427b9aa1507e55a0132,data/raw/AzSLD_Words_100/BİLƏR/9661cd9315e94427b9aa1507e55a0132.mp4,BİLƏR,,unknown,45,30.0,rec_2022-07-15
97994c50eb9a40dc91c9c2fa71347efa,data/raw/AzSLD_Words_100/BİLƏR/97994c50eb9a40dc91c9c2fa71347efa.mp4,BİLƏR,,unknown,35,30.0,rec_2022-06-01
9eab4da745294296aac54a054afbbf0a,data/raw/AzSLD_Words_100/BİLƏR/9eab4da745294296aac54a054afbbf0a.mp4,BİLƏR,,unknown,28,30.0,rec_2022-05-26
a076bf9f8d29489799ba8418285e190d,data/raw/AzSLD_Words_100/BİLƏR/a076bf9f8d29489799ba8418285e190d.mp4,BİLƏR,,unknown,15,30.0,rec_2022-07-20
aeb5e35921b146a4adae9ad89b2f6b01,data/raw/AzSLD_Words_100/BİLƏR/aeb5e35921b146a4adae9ad89b2f6b01.mp4,BİLƏR,,unknown,20,30.0,rec_2022-07-18
afd55f94109c42c0bd31221d0562fddd,data/raw/AzSLD_Words_100/BİLƏR/afd55f94109c42c0bd31221d0562fddd.mp4,BİLƏR,,unknown,33,30.0,rec_2022-07-21
b472f2f353384d55bd9b5e6aa93a8ff3,data/raw/AzSLD_Words_100/BİLƏR/b472f2f353384d55bd9b5e6aa93a8ff3.mp4,BİLƏR,,unknown,22,30.0,rec_2022-07-18
b50d9c7dc9834bcc8f3b927bac821938,data/raw/AzSLD_Words_100/BİLƏR/b50d9c7dc9834bcc8f3b927bac821938.mp4,BİLƏR,,unknown,21,30.0,rec_2022-07-02
bb4db699995444d18ae90756142f1ffb,data/raw/AzSLD_Words_100/BİLƏR/bb4db699995444d18ae90756142f1ffb.mp4,BİLƏR,,unknown,23,30.0,rec_2022-07-20
bc9363629f784811b11b72b651a2058c,data/raw/AzSLD_Words_100/BİLƏR/bc9363629f784811b11b72b651a2058c.mp4,BİLƏR,,unknown,30,30.0,rec_2022-07-23
db63303a6fe94f91bf87452de1103258,data/raw/AzSLD_Words_100/BİLƏR/db63303a6fe94f91bf87452de1103258.mp4,BİLƏR,,unknown,40,30.0,rec_2022-06-11
dcbe564640b3443494e5dbf101a5cf88,data/raw/AzSLD_Words_100/BİLƏR/dcbe564640b3443494e5dbf101a5cf88.mp4,BİLƏR,,unknown,23,30.0,rec_2022-07-18
ef09087623954f47987750c953ed838e,data/raw/AzSLD_Words_100/BİLƏR/ef09087623954f47987750c953ed838e.mp4,BİLƏR,,unknown,38,30.0,rec_2022-05-25
effe418c0dfe48cb91116802e23bcacc,data/raw/AzSLD_Words_100/BİLƏR/effe418c0dfe48cb91116802e23bcacc.mp4,BİLƏR,,unknown,22,30.0,rec_2022-07-14
f2555b32337e4b54a4f3f543acccee79,data/raw/AzSLD_Words_100/BİLƏR/f2555b32337e4b54a4f3f543acccee79.mp4,BİLƏR,,unknown,31,30.0,rec_2022-05-31
f3bcd01ccf15463c97714443cf64ab3f,data/raw/AzSLD_Words_100/BİLƏR/f3bcd01ccf15463c97714443cf64ab3f.mp4,BİLƏR,,unknown,26,30.0,rec_2022-05-31
fbae4b19443e4f6c93d26b8f8c735e69,data/raw/AzSLD_Words_100/BİLƏR/fbae4b19443e4f6c93d26b8f8c735e69.mp4,BİLƏR,,unknown,29,30.0,rec_2022-07-01
001480d9f278473c9ae2aff9777055a4,data/raw/AzSLD_Words_100/BİZ/001480d9f278473c9ae2aff9777055a4.mp4,BİZ,,unknown,28,30.0,rec_2022-12-17
0129e914e7fd43c186c7509279b1bd20,data/raw/AzSLD_Words_100/BİZ/0129e914e7fd43c186c7509279b1bd20.mp4,BİZ,,unknown,40,30.0,rec_2022-12-22
01f75dca33b64ac6a866b9d2ba9ae363,data/raw/AzSLD_Words_100/BİZ/01f75dca33b64ac6a866b9d2ba9ae363.mp4,BİZ,,unknown,41,30.0,rec_2022-11-18
0390a2dc1894421db1083e464028af3e,data/raw/AzSLD_Words_100/BİZ/0390a2dc1894421db1083e464028af3e.mp4,BİZ,,unknown,14,30.0,rec_2022-06-11
0435078f6cfd4e2c82bbd235f06d4775,data/raw/AzSLD_Words_100/BİZ/0435078f6cfd4e2c82bbd235f06d4775.mp4,BİZ,,unknown,30,30.0,rec_2022-11-19
05a9ca7992ba4a3ca2209b112bbfd8d1,data/raw/AzSLD_Words_100/BİZ/05a9ca7992ba4a3ca2209b112bbfd8d1.mp4,BİZ,,unknown,29,30.0,rec_2022-11-19
061ec1ac01e44a489eabcf179024085c,data/raw/AzSLD_Words_100/BİZ/061ec1ac01e44a489eabcf179024085c.mp4,BİZ,,unknown,42,30.0,rec_2022-12-15
06be2ca7a7794c7dab7d46972a00ce2b,data/raw/AzSLD_Words_100/BİZ/06be2ca7a7794c7dab7d46972a00ce2b.mp4,BİZ,,unknown,26,30.0,rec_2022-12-22
06f1648bd0c8470bbdb7e0eea7f7ac8a,data/raw/AzSLD_Words_100/BİZ/06f1648bd0c8470bbdb7e0eea7f7ac8a.mp4,BİZ,,unknown,21,30.0,rec_2022-11-18
0724530ef912438ca7a57825d742ef70,data/raw/AzSLD_Words_100/BİZ/0724530ef912438ca7a57825d742ef70.mp4,BİZ,,unknown,19,30.0,rec_2022-07-22
0ebbd4db5b0a433e9373427eb71f9788,data/raw/AzSLD_Words_100/BİZ/0ebbd4db5b0a433e9373427eb71f9788.mp4,BİZ,,unknown,36,30.0,rec_2022-12-17
100ca7aeca014efeb40883903d61811c,data/raw/AzSLD_Words_100/BİZ/100ca7aeca014efeb40883903d61811c.mp4,BİZ,,unknown,47,30.0,rec_2022-11-17
10e59420796d41d6a64d435863a2eede,data/raw/AzSLD_Words_100/BİZ/10e59420796d41d6a64d435863a2eede.mp4,BİZ,,unknown,36,30.0,rec_2022-12-23
1165d712f2124ff687f84915f285764e,data/raw/AzSLD_Words_100/BİZ/1165d712f2124ff687f84915f285764e.mp4,BİZ,,unknown,29,30.0,rec_2022-12-23
13dccfa5c8d34cf88810d79ad20e4156,data/raw/AzSLD_Words_100/BİZ/13dccfa5c8d34cf88810d79ad20e4156.mp4,BİZ,,unknown,39,30.0,rec_2022-12-24
14c90ee21f744d7497eb0440baaf0a73,data/raw/AzSLD_Words_100/BİZ/14c90ee21f744d7497eb0440baaf0a73.mp4,BİZ,,unknown,40,30.0,rec_2022-12-15
16ba0e3b0bf24709856ac85f126cd7c6,data/raw/AzSLD_Words_100/BİZ/16ba0e3b0bf24709856ac85f126cd7c6.mp4,BİZ,,unknown,47,30.0,rec_2022-12-27
1722e2e9be4c4ba8b539116a51e1b947,data/raw/AzSLD_Words_100/BİZ/1722e2e9be4c4ba8b539116a51e1b947.mp4,BİZ,,unknown,10,30.0,rec_2022-12-20
17f0e663a8b9418ba48439b6f247b7ed,data/raw/AzSLD_Words_100/BİZ/17f0e663a8b9418ba48439b6f247b7ed.mp4,BİZ,,unknown,35,30.0,rec_2022-12-23
18683a0d5c474d3799b9a3d388e37068,data/raw/AzSLD_Words_100/BİZ/18683a0d5c474d3799b9a3d388e37068.mp4,BİZ,,unknown,33,30.0,rec_2022-12-20
1a8d1e651f71423fbedbcb8302f49616,data/raw/AzSLD_Words_100/BİZ/1a8d1e651f71423fbedbcb8302f49616.mp4,BİZ,,unknown,33,30.0,rec_2022-12-28
1dceaaeed86540899441bcb4bb3f4daf,data/raw/AzSLD_Words_100/BİZ/1dceaaeed86540899441bcb4bb3f4daf.mp4,BİZ,,unknown,52,30.0,rec_2022-11-22
218e9f0ab56b49c7ab654161f58428d3,data/raw/AzSLD_Words_100/BİZ/218e9f0ab56b49c7ab654161f58428d3.mp4,BİZ,,unknown,53,30.0,rec_2022-11-17
23a0d7d615bc487aaaace1f1a2a5a7dc,data/raw/AzSLD_Words_100/BİZ/23a0d7d615bc487aaaace1f1a2a5a7dc.mp4,BİZ,,unknown,41,30.0,rec_2022-12-24
25b29a7df1ff48f8966f9596bcb0a0cb,data/raw/AzSLD_Words_100/BİZ/25b29a7df1ff48f8966f9596bcb0a0cb.mp4,BİZ,,unknown,16,30.0,rec_2022-07-13
2813c3976e05417eb5a2d4d6b59c917f,data/raw/AzSLD_Words_100/BİZ/2813c3976e05417eb5a2d4d6b59c917f.mp4,BİZ,,unknown,30,30.0,rec_2022-12-24
297a14af40c549848b03251ca9dd6de4,data/raw/AzSLD_Words_100/BİZ/297a14af40c549848b03251ca9dd6de4.mp4,BİZ,,unknown,35,30.0,rec_2022-12-15
2fd5d01aee3944cf9c9f699762551973,data/raw/AzSLD_Words_100/BİZ/2fd5d01aee3944cf9c9f699762551973.mp4,BİZ,,unknown,22,30.0,rec_2022-11-01
30b5bfdec8b04c759c153af4a8e769ec,data/raw/AzSLD_Words_100/BİZ/30b5bfdec8b04c759c153af4a8e769ec.mp4,BİZ,,unknown,39,30.0,rec_2022-12-23
315e7012f31749cf860330e8f43f8741,data/raw/AzSLD_Words_100/BİZ/315e7012f31749cf860330e8f43f8741.mp4,BİZ,,unknown,18,30.0,rec_2022-11-01
31b1b263f2d340a192f9d73cebec9010,data/raw/AzSLD_Words_100/BİZ/31b1b263f2d340a192f9d73cebec9010.mp4,BİZ,,unknown,35,30.0,rec_2022-11-18
3277259d2a1b4b30bddd7688c3de9931,data/raw/AzSLD_Words_100/BİZ/3277259d2a1b4b30bddd7688c3de9931.mp4,BİZ,,unknown,38,30.0,rec_2022-12-17
32c29ae640834070b4b2d7ded8163dcf,data/raw/AzSLD_Words_100/BİZ/32c29ae640834070b4b2d7ded8163dcf.mp4,BİZ,,unknown,55,30.0,rec_2022-11-22
35080c432ab3426ba8206dd6e40d66ff,data/raw/AzSLD_Words_100/BİZ/35080c432ab3426ba8206dd6e40d66ff.mp4,BİZ,,unknown,34,30.0,rec_2022-12-20
3826b2ec56444f63b41c2157e690e92c,data/raw/AzSLD_Words_100/BİZ/3826b2ec56444f63b41c2157e690e92c.mp4,BİZ,,unknown,41,30.0,rec_2023-01-18
3aedd85c0b994c06998d43a420e65a73,data/raw/AzSLD_Words_100/BİZ/3aedd85c0b994c06998d43a420e65a73.mp4,BİZ,,unknown,26,30.0,rec_2022-12-20
3d899ef2764c4f90995945b824be2d8e,data/raw/AzSLD_Words_100/BİZ/3d899ef2764c4f90995945b824be2d8e.mp4,BİZ,,unknown,46,30.0,rec_2022-12-27
3fd42b423e0a4f068a555aea135102d7,data/raw/AzSLD_Words_100/BİZ/3fd42b423e0a4f068a555aea135102d7.mp4,BİZ,,unknown,27,30.0,rec_2022-12-22
48a406990642467c80aca09072028d4e,data/raw/AzSLD_Words_100/BİZ/48a406990642467c80aca09072028d4e.mp4,BİZ,,unknown,41,30.0,rec_2022-12-17
48af73033cb04f1691c1ca960c3cdef2,data/raw/AzSLD_Words_100/BİZ/48af73033cb04f1691c1ca960c3cdef2.mp4,BİZ,,unknown,53,30.0,rec_2022-12-22
4b8c73b0cea14c329ea8e80c88550d54,data/raw/AzSLD_Words_100/BİZ/4b8c73b0cea14c329ea8e80c88550d54.mp4,BİZ,,unknown,30,30.0,rec_2022-12-20
4cee9636301f46f982d26c7d0af9ed2a,data/raw/AzSLD_Words_100/BİZ/4cee9636301f46f982d26c7d0af9ed2a.mp4,BİZ,,unknown,20,30.0,rec_2022-07-18
4cf535a1845b4abda976900b6a6421ec,data/raw/AzSLD_Words_100/BİZ/4cf535a1845b4abda976900b6a6421ec.mp4,BİZ,,unknown,38,30.0,rec_2022-10-26
4e0e6a23014b47478c4b6ea07bbbb748,data/raw/AzSLD_Words_100/BİZ/4e0e6a23014b47478c4b6ea07bbbb748.mp4,BİZ,,unknown,55,30.0,rec_2022-12-15
5009648f6f9140e098f6e734886b0f3a,data/raw/AzSLD_Words_100/BİZ/5009648f6f9140e098f6e734886b0f3a.mp4,BİZ,,unknown,48,30.0,rec_2022-12-23
50ca51887ad54cbfbc32f062fbe42806,data/raw/AzSLD_Words_100/BİZ/50ca51887ad54cbfbc32f062fbe42806.mp4,BİZ,,unknown,34,30.0,rec_2022-12-28
568f72a4138a4ba196930878dc6bd00f,data/raw/AzSLD_Words_100/BİZ/568f72a4138a4ba196930878dc6bd00f.mp4,BİZ,,unknown,39,30.0,rec_2022-11-10
58db3461bc3e493c9053d18d7aa57731,data/raw/AzSLD_Words_100/BİZ/58db3461bc3e493c9053d18d7aa57731.mp4,BİZ,,unknown,27,30.0,rec_2022-12-20
59783974c08d49bb8f1061c33ab5ef7a,data/raw/AzSLD_Words_100/BİZ/59783974c08d49bb8f1061c33ab5ef7a.mp4,BİZ,,unknown,27,30.0,rec_2022-11-10
59da5520a8024ec0811f14b42687cbf8,data/raw/AzSLD_Words_100/BİZ/59da5520a8024ec0811f14b42687cbf8.mp4,BİZ,,unknown,26,30.0,rec_2022-11-05
5d84e29c5e7a4e07b12afbde17751191,data/raw/AzSLD_Words_100/BİZ/5d84e29c5e7a4e07b12afbde17751191.mp4,BİZ,,unknown,31,30.0,rec_2022-12-27
5dd80df0f451463a968b85a22b56cbfa,data/raw/AzSLD_Words_100/BİZ/5dd80df0f451463a968b85a22b56cbfa.mp4,BİZ,,unknown,37,30.0,rec_2023-01-19
5f895ce27b6f47f7b17acbd3d1d5f5b1,data/raw/AzSLD_Words_100/BİZ/5f895ce27b6f47f7b17acbd3d1d5f5b1.mp4,BİZ,,unknown,34,30.0,rec_2022-11-18
6080fb4dce734425a5423aefed2d741b,data/raw/AzSLD_Words_100/BİZ/6080fb4dce734425a5423aefed2d741b.mp4,BİZ,,unknown,43,30.0,rec_2022-12-23
615bed6116a748ac88146b669ddd09ca,data/raw/AzSLD_Words_100/BİZ/615bed6116a748ac88146b669ddd09ca.mp4,BİZ,,unknown,38,30.0,rec_2022-12-24
644c70cebb3b49328a3b1f709903a1a6,data/raw/AzSLD_Words_100/BİZ/644c70cebb3b49328a3b1f709903a1a6.mp4,BİZ,,unknown,31,30.0,rec_2022-12-27
64bbe95f05a340ebaa76a1a2d6b37b83,data/raw/AzSLD_Words_100/BİZ/64bbe95f05a340ebaa76a1a2d6b37b83.mp4,BİZ,,unknown,18,30.0,rec_2022-12-20
65ac4b012a61454db858cefd54141c64,data/raw/AzSLD_Words_100/BİZ/65ac4b012a61454db858cefd54141c64.mp4,BİZ,,unknown,40,30.0,rec_2022-12-27
66ba5a38529a4c57927970c7143029e2,data/raw/AzSLD_Words_100/BİZ/66ba5a38529a4c57927970c7143029e2.mp4,BİZ,,unknown,44,30.0,rec_2022-12-28
683379f5e7644b6897001fade7a5bde2,data/raw/AzSLD_Words_100/BİZ/683379f5e7644b6897001fade7a5bde2.mp4,BİZ,,unknown,36,30.0,rec_2022-12-22
6875272286b4452a892b27e993616d7d,data/raw/AzSLD_Words_100/BİZ/6875272286b4452a892b27e993616d7d.mp4,BİZ,,unknown,29,30.0,rec_2022-12-23
69ef698624ff4aab9cbb0597ea8c1ade,data/raw/AzSLD_Words_100/BİZ/69ef698624ff4aab9cbb0597ea8c1ade.mp4,BİZ,,unknown,18,30.0,rec_2022-06-01
6aa882ec57cb451ea266c9b97b0ce5c8,data/raw/AzSLD_Words_100/BİZ/6aa882ec57cb451ea266c9b97b0ce5c8.mp4,BİZ,,unknown,40,30.0,rec_2022-08-02
6ad00a38247742b9842a923252239e0b,data/raw/AzSLD_Words_100/BİZ/6ad00a38247742b9842a923252239e0b.mp4,BİZ,,unknown,27,30.0,rec_2022-12-27
6b64c221206448eeae2c0747a608da0b,data/raw/AzSLD_Words_100/BİZ/6b64c221206448eeae2c0747a608da0b.mp4,BİZ,,unknown,35,30.0,rec_2022-11-01
6b67f6db514d46ecb9f4826f17f765db,data/raw/AzSLD_Words_100/BİZ/6b67f6db514d46ecb9f4826f17f765db.mp4,BİZ,,unknown,29,30.0,rec_2022-11-17
6c20dc73d2d24c06a1a233bd4ce6d91e,data/raw/AzSLD_Words_100/BİZ/6c20dc73d2d24c06a1a233bd4ce6d91e.mp4,BİZ,,unknown,38,30.0,rec_2022-12-28
6c2764ee91d94455ba505eaf132992c7,data/raw/AzSLD_Words_100/BİZ/6c2764ee91d94455ba505eaf132992c7.mp4,BİZ,,unknown,33,30.0,rec_2022-12-27
6c512a3161434362bb3008417013034d,data/raw/AzSLD_Words_100/BİZ/6c512a3161434362bb3008417013034d.mp4,BİZ,,unknown,24,30.0,rec_2022-11-01
6c8de4bcdeac44fd92854996f5321c00,data/raw/AzSLD_Words_100/BİZ/6c8de4bcdeac44fd92854996f5321c00.mp4,BİZ,,unknown,25,30.0,rec_2022-12-20
6d3a8f5b748f4945945a27a605ed59db,data/raw/AzSLD_Words_100/BİZ/6d3a8f5b748f4945945a27a605ed59db.mp4,BİZ,,unknown,42,30.0,rec_2022-12-23
6de8a241bb5b4d0f8b76e6e1512f9e68,data/raw/AzSLD_Words_100/BİZ/6de8a241bb5b4d0f8b76e6e1512f9e68.mp4,BİZ,,unknown,37,30.0,rec_2022-11-18
701c52e02dae41d2975ac147bc67aaf8,data/raw/AzSLD_Words_100/BİZ/701c52e02dae41d2975ac147bc67aaf8.mp4,BİZ,,unknown,26,30.0,rec_2022-07-23
7085eade54c944bbac1b3a13f5bf8195,data/raw/AzSLD_Words_100/BİZ/7085eade54c944bbac1b3a13f5bf8195.mp4,BİZ,,unknown,41,30.0,rec_2022-12-17
70907254495f4ca38bd21ae4f187df51,data/raw/AzSLD_Words_100/BİZ/70907254495f4ca38bd21ae4f187df51.mp4,BİZ,,unknown,42,30.0,rec_2023-01-18
714ccd93d6d649f5b65cde731b3f09e1,data/raw/AzSLD_Words_100/BİZ/714ccd93d6d649f5b65cde731b3f09e1.mp4,BİZ,,unknown,39,30.0,rec_2022-11-22
7176f827d67346f7a47dcb08720afa13,data/raw/AzSLD_Words_100/BİZ/7176f827d67346f7a47dcb08720afa13.mp4,BİZ,,unknown,9,30.0,rec_2022-07-18
728c42e9f0b1424eb307cf92edd674d2,data/raw/AzSLD_Words_100/BİZ/728c42e9f0b1424eb307cf92edd674d2.mp4,BİZ,,unknown,21,30.0,rec_2022-08-02
747fe38ffa6c421dbb7952268f94ebd3,data/raw/AzSLD_Words_100/BİZ/747fe38ffa6c421dbb7952268f94ebd3.mp4,BİZ,,unknown,12,30.0,rec_2022-11-19
77c082c3f02b43c3b2d1a1efd09e0882,data/raw/AzSLD_Words_100/BİZ/77c082c3f02b43c3b2d1a1efd09e0882.mp4,BİZ,,unknown,13,30.0,rec_2022-12-23
78d0dd1fd17c479d8e7d38a55fbf807b,data/raw/AzSLD_Words_100/BİZ/78d0dd1fd17c479d8e7d38a55fbf807b.mp4,BİZ,,unknown,37,30.0,rec_2022-12-17
7b63ac9318b447c493b66b8a956dabaa,data/raw/AzSLD_Words_100/BİZ/7b63ac9318b447c493b66b8a956dabaa.mp4,BİZ,,unknown,40,30.0,rec_2022-12-27
7c2d5af0df484fdaa3207adb3d919402,data/raw/AzSLD_Words_100/BİZ/7c2d5af0df484fdaa3207adb3d919402.mp4,BİZ,,unknown,31,30.0,rec_2022-11-17
7c3c24336e8f4133802eb6fb79a4746a,data/raw/AzSLD_Words_100/BİZ/7c3c24336e8f4133802eb6fb79a4746a.mp4,BİZ,,unknown,25,30.0,rec_2022-11-02
7ff80767e982458fa7445ec11bdd02bd,data/raw/AzSLD_Words_100/BİZ/7ff80767e982458fa7445ec11bdd02bd.mp4,BİZ,,unknown,32,30.0,rec_2022-12-23
80129411d75c40028d3eda40212bd59a,data/raw/AzSLD_Words_100/BİZ/80129411d75c40028d3eda40212bd59a.mp4,BİZ,,unknown,31,30.0,rec_2022-12-23
814504b4faa5459098f3af45b7ba792a,data/raw/AzSLD_Words_100/BİZ/814504b4faa5459098f3af45b7ba792a.mp4,BİZ,,unknown,16,30.0,rec_2022-06-13
816e26da5fee4af79b053bd082513a2a,data/raw/AzSLD_Words_100/BİZ/816e26da5fee4af79b053bd082513a2a.mp4,BİZ,,unknown,30,30.0,rec_2022-12-24
821527daeb56430f8ea7c9b4870410c5,data/raw/AzSLD_Words_100/BİZ/821527daeb56430f8ea7c9b4870410c5.mp4,BİZ,,unknown,39,30.0,rec_2022-12-22
868d9144e6bb4cfdaddc5ee7072c881b,data/raw/AzSLD_Words_100/BİZ/868d9144e6bb4cfdaddc5ee7072c881b.mp4,BİZ,,unknown,16,30.0,rec_2022-07-13
88a7feb804194271beb6178c1d3dd714,data/raw/AzSLD_Words_100/BİZ/88a7feb804194271beb6178c1d3dd714.mp4,BİZ,,unknown,33,30.0,rec_2022-11-02
89319f538e5b4ef188391bdf2b79051a,data/raw/AzSLD_Words_100/BİZ/89319f538e5b4ef188391bdf2b79051a.mp4,BİZ,,unknown,33,30.0,rec_2022-11-10
8a36ccf54c2b41098c8dd372e458cda4,data/raw/AzSLD_Words_100/BİZ/8a36ccf54c2b41098c8dd372e458cda4.mp4,BİZ,,unknown,37,30.0,rec_2022-11-18
8a69127b85f240f0b7597d620d99b9d0,data/raw/AzSLD_Words_100/BİZ/8a69127b85f240f0b7597d620d99b9d0.mp4,BİZ,,unknown,26,30.0,rec_2022-11-19
8c022e9abe3e4033b50f42736c17793a,data/raw/AzSLD_Words_100/BİZ/8c022e9abe3e4033b50f42736c17793a.mp4,BİZ,,unknown,27,30.0,rec_2022-12-20
8d0f7f2897db4889aa0c4a8357af4737,data/raw/AzSLD_Words_100/BİZ/8d0f7f2897db4889aa0c4a8357af4737.mp4,BİZ,,unknown,35,30.0,rec_2022-12-24
8eb115b162564d66bc57baefd4de9785,data/raw/AzSLD_Words_100/BİZ/8eb115b162564d66bc57baefd4de9785.mp4,BİZ,,unknown,33,30.0,rec_2022-12-27
8f79a9a8dcfe4303b5ff2d603650b8e5,data/raw/AzSLD_Words_100/BİZ/8f79a9a8dcfe4303b5ff2d603650b8e5.mp4,BİZ,,unknown,47,30.0,rec_2023-01-18
90be9d7edbb44772b60267ea95c7be14,data/raw/AzSLD_Words_100/BİZ/90be9d7edbb44772b60267ea95c7be14.mp4,BİZ,,unknown,28,30.0,rec_2022-12-27
92a59e5bf7664dc7b059084ada5f51cc,data/raw/AzSLD_Words_100/BİZ/92a59e5bf7664dc7b059084ada5f51cc.mp4,BİZ,,unknown,31,30.0,rec_2022-07-18
932a609b30554d778302ab84f190f1d7,data/raw/AzSLD_Words_100/BİZ/932a609b30554d778302ab84f190f1d7.mp4,BİZ,,unknown,30,30.0,rec_2022-12-23
95921c2a88d74d05acd96041d54a04c9,data/raw/AzSLD_Words_100/BİZ/95921c2a88d74d05acd96041d54a04c9.mp4,BİZ,,unknown,43,30.0,rec_2022-12-20
95bc69f27e0848c8993dc65f2597b06e,data/raw/AzSLD_Words_100/BİZ/95bc69f27e0848c8993dc65f2597b06e.mp4,BİZ,,unknown,41,30.0,rec_2022-12-23
996f1a362a78453b994498e1d03e4d8b,data/raw/AzSLD_Words_100/BİZ/996f1a362a78453b994498e1d03e4d8b.mp4,BİZ,,unknown,56,30.0,rec_2022-11-22
997eece8cf1d4292b3bc05cdece9bcd8,data/raw/AzSLD_Words_100/BİZ/997eece8cf1d4292b3bc05cdece9bcd8.mp4,BİZ,,unknown,22,30.0,rec_2022-07-21
99a86b70e84244ec94391b518366d6cd,data/raw/AzSLD_Words_100/BİZ/99a86b70e84244ec94391b518366d6cd.mp4,BİZ,,unknown,46,30.0,rec_2022-12-24
9bfd66d4243249f6940658d46d729d1a,data/raw/AzSLD_Words_100/BİZ/9bfd66d4243249f6940658d46d729d1a.mp4,BİZ,,unknown,37,30.0,rec_2022-06-01
9f650d9ebedc4f1faa7ddb36ba316462,data/raw/AzSLD_Words_100/BİZ/9f650d9ebedc4f1faa7ddb36ba316462.mp4,BİZ,,unknown,19,30.0,rec_2022-07-16
a5d6323d56584881ba0e5aeb755e5b90,data/raw/AzSLD_Words_100/BİZ/a5d6323d56584881ba0e5aeb755e5b90.mp4,BİZ,,unknown,30,30.0,rec_2022-12-22
a8a5b5e37837465db9c87af5e7425862,data/raw/AzSLD_Words_100/BİZ/a8a5b5e37837465db9c87af5e7425862.mp4,BİZ,,unknown,25,30.0,rec_2022-12-22
aa886349ad524845a12d4b75a5754adf,data/raw/AzSLD_Words_100/BİZ/aa886349ad524845a12d4b75a5754adf.mp4,BİZ,,unknown,29,30.0,rec_2022-11-22
aad913d4ec0f43d5aec2b5ed0791c435,data/raw/AzSLD_Words_100/BİZ/aad913d4ec0f43d5aec2b5ed0791c435.mp4,BİZ,,unknown,27,30.0,rec_2022-12-16
ad00844079d7486ea8a9402dcbacc7f5,data/raw/AzSLD_Words_100/BİZ/ad00844079d7486ea8a9402dcbacc7f5.mp4,BİZ,,unknown,22,30.0,rec_2022-06-09
ae0082d425714059ac5fbab63c31d9c4,data/raw/AzSLD_Words_100/BİZ/ae0082d425714059ac5fbab63c31d9c4.mp4,BİZ,,unknown,12,30.0,rec_2022-07-18
afe54a48073b4b4991af4c77fd749f20,data/raw/AzSLD_Words_100/BİZ/afe54a48073b4b4991af4c77fd749f20.mp4,BİZ,,unknown,21,30.0,rec_2022-11-10
b0118353ec0548ee8fdf20013cc7b51d,data/raw/AzSLD_Words_100/BİZ/b0118353ec0548ee8fdf20013cc7b51d.mp4,BİZ,,unknown,31,30.0,rec_2023-01-19
b336b749b78147b5bf23820a9e2d046f,data/raw/AzSLD_Words_100/BİZ/b336b749b78147b5bf23820a9e2d046f.mp4,BİZ,,unknown,40,30.0,rec_2022-12-20
b3b2ac17f8834ddfb8102d71838c68b5,data/raw/AzSLD_Words_100/BİZ/b3b2ac17f8834ddfb8102d71838c68b5.mp4,BİZ,,unknown,30,30.0,rec_2022-12-20
b773fe4b316e49358f6be1a49961262a,data/raw/AzSLD_Words_100/BİZ/b773fe4b316e49358f6be1a49961262a.mp4,BİZ,,unknown,34,30.0,rec_2022-11-01
ba1ae34805d44511985d4faf215242ae,data/raw/AzSLD_Words_100/BİZ/ba1ae34805d44511985d4faf215242ae.mp4,BİZ,,unknown,34,30.0,rec_2022-08-02
ba213f37ca1a4fc0b2a77df20a4813cb,data/raw/AzSLD_Words_100/BİZ/ba213f37ca1a4fc0b2a77df20a4813cb.mp4,BİZ,,unknown,46,30.0,rec_2022-11-01
bba7c75f49f14d51b3e81b2a5b4b3960,data/raw/AzSLD_Words_100/BİZ/bba7c75f49f14d51b3e81b2a5b4b3960.mp4,BİZ,,unknown,37,30.0,rec_2022-12-15
bf55d96ebb04412cb531be4c13a48e5d,data/raw/AzSLD_Words_100/BİZ/bf55d96ebb04412cb531be4c13a48e5d.mp4,BİZ,,unknown,25,30.0,rec_2022-12-27
c381f99a611645b1924c37356bda27aa,data/raw/AzSLD_Words_100/BİZ/c381f99a611645b1924c37356bda27aa.mp4,BİZ,,unknown,33,30.0,rec_2022-10-28
c585725a727b47189e82e8caf145dbd1,data/raw/AzSLD_Words_100/BİZ/c585725a727b47189e82e8caf145dbd1.mp4,BİZ,,unknown,23,30.0,rec_2022-11-05
c6b1f129b321407cbf2219fad07334f5,data/raw/AzSLD_Words_100/BİZ/c6b1f129b321407cbf2219fad07334f5.mp4,BİZ,,unknown,24,30.0,rec_2022-12-22
c6df052671b843e8a846f974746a37fc,data/raw/AzSLD_Words_100/BİZ/c6df052671b843e8a846f974746a37fc.mp4,BİZ,,unknown,39,30.0,rec_2022-11-17
c96506d57fb549e98a8f1427986f82ee,data/raw/AzSLD_Words_100/BİZ/c96506d57fb549e98a8f1427986f82ee.mp4,BİZ,,unknown,33,30.0,rec_2022-12-22
cb17c8ff8fbe455eb38235e11bb18b0d,data/raw/AzSLD_Words_100/BİZ/cb17c8ff8fbe455eb38235e11bb18b0d.mp4,BİZ,,unknown,44,30.0,rec_2022-12-22
cbc298d13bb54b10bd81befbcf0ddb5a,data/raw/AzSLD_Words_100/BİZ/cbc298d13bb54b10bd81befbcf0ddb5a.mp4,BİZ,,unknown,31,30.0,rec_2022-12-20
cc455805be21443aa1b93877e5e5833a,data/raw/AzSLD_Words_100/BİZ/cc455805be21443aa1b93877e5e5833a.mp4,BİZ,,unknown,27,30.0,rec_2022-11-22
cd5eda80deba45e2bb53dc91b43bdc0e,data/raw/AzSLD_Words_100/BİZ/cd5eda80deba45e2bb53dc91b43bdc0e.mp4,BİZ,,unknown,39,30.0,rec_2022-11-05
cee148f85e954be597251e963500f987,data/raw/AzSLD_Words_100/BİZ/cee148f85e954be597251e963500f987.mp4,BİZ,,unknown,34,30.0,rec_2022-11-04
d16bce2657e4469481a21cd554a44274,data/raw/AzSLD_Words_100/BİZ/d16bce2657e4469481a21cd554a44274.mp4,BİZ,,unknown,22,30.0,rec_2022-11-02
d1e57cff69db4747b58e5d0da2413776,data/raw/AzSLD_Words_100/BİZ/d1e57cff69db4747b58e5d0da2413776.mp4,BİZ,,unknown,31,30.0,rec_2022-12-20
d2c06988195d4397a4c50d4b22776efa,data/raw/AzSLD_Words_100/BİZ/d2c06988195d4397a4c50d4b22776efa.mp4,BİZ,,unknown,35,30.0,rec_2022-12-23
d34f3adf20ec4c278f63cc43de0c9d9a,data/raw/AzSLD_Words_100/BİZ/d34f3adf20ec4c278f63cc43de0c9d9a.mp4,BİZ,,unknown,46,30.0,rec_2022-10-26
d5dcbc9fb30e4345b8c51d66e873bff8,data/raw/AzSLD_Words_100/BİZ/d5dcbc9fb30e4345b8c51d66e873bff8.mp4,BİZ,,unknown,38,30.0,rec_2022-12-23
d5e8ad6c6d0740f2925070b50e1a9814,data/raw/AzSLD_Words_100/BİZ/d5e8ad6c6d0740f2925070b50e1a9814.mp4,BİZ,,unknown,33,30.0,rec_2022-12-15
d6b888b835994df9854f13d979bab78b,data/raw/AzSLD_Words_100/BİZ/d6b888b835994df9854f13d979bab78b.mp4,BİZ,,unknown,34,30.0,rec_2022-12-22
d6f5ab68f64a45b0b5f8b0c0d34dc67a,data/raw/AzSLD_Words_100/BİZ/d6f5ab68f64a45b0b5f8b0c0d34dc67a.mp4,BİZ,,unknown,25,30.0,rec_2022-07-23
d7cb7d6d33dc4e20a74638f2cab2a3a6,data/raw/AzSLD_Words_100/BİZ/d7cb7d6d33dc4e20a74638f2cab2a3a6.mp4,BİZ,,unknown,53,30.0,rec_2022-12-23
db61e98d85a348f4aed5bce137babfba,data/raw/AzSLD_Words_100/BİZ/db61e98d85a348f4aed5bce137babfba.mp4,BİZ,,unknown,34,30.0,rec_2022-12-16
dd25e1ab351f4594ac44342685224986,data/raw/AzSLD_Words_100/BİZ/dd25e1ab351f4594ac44342685224986.mp4,BİZ,,unknown,28,30.0,rec_2022-06-13
e075f2b87b4d4a98967f937ee7a720b8,data/raw/AzSLD_Words_100/BİZ/e075f2b87b4d4a98967f937ee7a720b8.mp4,BİZ,,unknown,50,30.0,rec_2022-12-24
e1cff3a1c9854da9af92bd69ef1f9dd0,data/raw/AzSLD_Words_100/BİZ/e1cff3a1c9854da9af92bd69ef1f9dd0.mp4,BİZ,,unknown,40,30.0,rec_2022-12-28
e23d52f93af542e8a67918c7c72202e5,data/raw/AzSLD_Words_100/BİZ/e23d52f93af542e8a67918c7c72202e5.mp4,BİZ,,unknown,33,30.0,rec_2022-11-02
e286e08144c04b1a9c61a27b1687a0da,data/raw/AzSLD_Words_100/BİZ/e286e08144c04b1a9c61a27b1687a0da.mp4,BİZ,,unknown,27,30.0,rec_2022-11-19
e3aaf86577ac4ff0bd96b0f9d9e3bf1d,data/raw/AzSLD_Words_100/BİZ/e3aaf86577ac4ff0bd96b0f9d9e3bf1d.mp4,BİZ,,unknown,23,30.0,rec_2022-11-10
e456b2bdf76746e4bead03a965f5e3a7,data/raw/AzSLD_Words_100/BİZ/e456b2bdf76746e4bead03a965f5e3a7.mp4,BİZ,,unknown,30,30.0,rec_2022-12-22
e4c072ed400d41b5b1a9205a324ce126,data/raw/AzSLD_Words_100/BİZ/e4c072ed400d41b5b1a9205a324ce126.mp4,BİZ,,unknown,39,30.0,rec_2022-12-23
eb956167b1ad4147b09b970e14fa5cb9,data/raw/AzSLD_Words_100/BİZ/eb956167b1ad4147b09b970e14fa5cb9.mp4,BİZ,,unknown,24,30.0,rec_2022-12-16
ebf0881b802946d28034ee847c053253,data/raw/AzSLD_Words_100/BİZ/ebf0881b802946d28034ee847c053253.mp4,BİZ,,unknown,46,30.0,rec_2022-12-28
eeaf02ad65c74a68b43d1d0e2933f550,data/raw/AzSLD_Words_100/BİZ/eeaf02ad65c74a68b43d1d0e2933f550.mp4,BİZ,,unknown,43,30.0,rec_2022-12-20
ef26ebff05f24fca8027000e1c0c3151,data/raw/AzSLD_Words_100/BİZ/ef26ebff05f24fca8027000e1c0c3151.mp4,BİZ,,unknown,46,30.0,rec_2022-12-22
ef3bb662d1b34aa0a075261cca9e0e48,data/raw/AzSLD_Words_100/BİZ/ef3bb662d1b34aa0a075261cca9e0e48.mp4,BİZ,,unknown,39,30.0,rec_2022-12-27
ef6b4251a8434b54a3e6a6f08df2f7f4,data/raw/AzSLD_Words_100/BİZ/ef6b4251a8434b54a3e6a6f08df2f7f4.mp4,BİZ,,unknown,31,30.0,rec_2022-11-10
ef751645eeb54f8ab22a776c6438b1d0,data/raw/AzSLD_Words_100/BİZ/ef751645eeb54f8ab22a776c6438b1d0.mp4,BİZ,,unknown,31,30.0,rec_2022-12-22
f89a50bf902f4b17b953e68fab394bf7,data/raw/AzSLD_Words_100/BİZ/f89a50bf902f4b17b953e68fab394bf7.mp4,BİZ,,unknown,24,30.0,rec_2022-11-05
f94e3e59661845efb5aca8278088bd0c,data/raw/AzSLD_Words_100/BİZ/f94e3e59661845efb5aca8278088bd0c.mp4,BİZ,,unknown,28,30.0,rec_2022-12-17
faac703ff768493fa8440bc04da5b800,data/raw/AzSLD_Words_100/BİZ/faac703ff768493fa8440bc04da5b800.mp4,BİZ,,unknown,29,30.0,rec_2022-06-11
fc1e583ad5e744e7bc2e98bb11a93e30,data/raw/AzSLD_Words_100/BİZ/fc1e583ad5e744e7bc2e98bb11a93e30.mp4,BİZ,,unknown,39,30.0,rec_2022-12-28
fc8ec09fa36e4e809e0d9435eb11adae,data/raw/AzSLD_Words_100/BİZ/fc8ec09fa36e4e809e0d9435eb11adae.mp4,BİZ,,unknown,18,30.0,rec_2022-05-31
fcbfce71518f42dca95afa5340353436,data/raw/AzSLD_Words_100/BİZ/fcbfce71518f42dca95afa5340353436.mp4,BİZ,,unknown,28,30.0,rec_2022-05-31
fe00d1477ec24523b8ecd7b2266ad1f3,data/raw/AzSLD_Words_100/BİZ/fe00d1477ec24523b8ecd7b2266ad1f3.mp4,BİZ,,unknown,30,30.0,rec_2022-11-05
fe8c9f183f724d449422358f94c82c99,data/raw/AzSLD_Words_100/BİZ/fe8c9f183f724d449422358f94c82c99.mp4,BİZ,,unknown,34,30.0,rec_2022-12-15
ff0d6d59dd8342389c0d4e807cc19c16,data/raw/AzSLD_Words_100/BİZ/ff0d6d59dd8342389c0d4e807cc19c16.mp4,BİZ,,unknown,32,30.0,rec_2022-12-27
0040acde7fca4cb3aa0ccf50fd4e8f13,data/raw/AzSLD_Words_100/BU/0040acde7fca4cb3aa0ccf50fd4e8f13.mp4,BU,,unknown,11,30.0,rec_2023-01-18
00c3252209a243b49454e99aa1c56688,data/raw/AzSLD_Words_100/BU/00c3252209a243b49454e99aa1c56688.mp4,BU,,unknown,30,30.0,rec_2022-12-23
0288894ca6ea4646a318e893b5ce5d06,data/raw/AzSLD_Words_100/BU/0288894ca6ea4646a318e893b5ce5d06.mp4,BU,,unknown,26,30.0,rec_2022-12-20
029089468dba4a8cb482547f83211674,data/raw/AzSLD_Words_100/BU/029089468dba4a8cb482547f83211674.mp4,BU,,unknown,21,30.0,rec_2022-11-01
0291cb09636646a88e8a10d174c043e4,data/raw/AzSLD_Words_100/BU/0291cb09636646a88e8a10d174c043e4.mp4,BU,,unknown,30,30.0,rec_2022-12-27
02d7b4bb64b4418b8e229f4107d27a48,data/raw/AzSLD_Words_100/BU/02d7b4bb64b4418b8e229f4107d27a48.mp4,BU,,unknown,14,30.0,
02e9091bba2d42128067a5d74c493c15,data/raw/AzSLD_Words_100/BU/02e9091bba2d42128067a5d74c493c15.mp4,BU,,unknown,21,30.0,rec_2022-12-17
030b0a40e366483aad28f2896863b088,data/raw/AzSLD_Words_100/BU/030b0a40e366483aad28f2896863b088.mp4,BU,,unknown,18,30.0,rec_2022-12-22
0494e1ded3d143cd9d036c674e0a86e3,data/raw/AzSLD_Words_100/BU/0494e1ded3d143cd9d036c674e0a86e3.mp4,BU,,unknown,19,30.0,rec_2022-11-10
06a44a72a1b642668e145d4c290240c0,data/raw/AzSLD_Words_100/BU/06a44a72a1b642668e145d4c290240c0.mp4,BU,,unknown,30,30.0,rec_2022-12-23
0743a3a01cba46259d290c5248816473,data/raw/AzSLD_Words_100/BU/0743a3a01cba46259d290c5248816473.mp4,BU,,unknown,21,30.0,rec_2022-12-28
07e40b4ecca444eb813248abc252fa67,data/raw/AzSLD_Words_100/BU/07e40b4ecca444eb813248abc252fa67.mp4,BU,,unknown,29,30.0,rec_2022-12-24
08388bed46b446cba1c85c5f3fa799cf,data/raw/AzSLD_Words_100/BU/08388bed46b446cba1c85c5f3fa799cf.mp4,BU,,unknown,19,30.0,rec_2022-07-19
0851c36b785d460697efd027de4cbc0d,data/raw/AzSLD_Words_100/BU/0851c36b785d460697efd027de4cbc0d.mp4,BU,,unknown,37,30.0,rec_2022-12-16
085e9a1c7de64fc984bca56bba92bd96,data/raw/AzSLD_Words_100/BU/085e9a1c7de64fc984bca56bba92bd96.mp4,BU,,unknown,33,30.0,rec_2022-06-10
09d2b170fda64f87aa5996286ef778ba,data/raw/AzSLD_Words_100/BU/09d2b170fda64f87aa5996286ef778ba.mp4,BU,,unknown,19,30.0,rec_2022-07-14
0a4abf8f3269426d97daaf93b10d139c,data/raw/AzSLD_Words_100/BU/0a4abf8f3269426d97daaf93b10d139c.mp4,BU,,unknown,17,30.0,
0a777eb609cd41e490ae21c12b0059ad,data/raw/AzSLD_Words_100/BU/0a777eb609cd41e490ae21c12b0059ad.mp4,BU,,unknown,23,30.0,rec_2022-06-02
0a867f0d19334109b10faa41397fe872,data/raw/AzSLD_Words_100/BU/0a867f0d19334109b10faa41397fe872.mp4,BU,,unknown,31,30.0,rec_2022-11-18
0ac191f665304f7abbfa3fcfd5a8d680,data/raw/AzSLD_Words_100/BU/0ac191f665304f7abbfa3fcfd5a8d680.mp4,BU,,unknown,18,30.0,
0c016ea427c54e1388c9b71e1521deb3,data/raw/AzSLD_Words_100/BU/0c016ea427c54e1388c9b71e1521deb3.mp4,BU,,unknown,17,30.0,rec_2022-11-18
0c85d8a4ff0a409d9431fa6d1a9477bc,data/raw/AzSLD_Words_100/BU/0c85d8a4ff0a409d9431fa6d1a9477bc.mp4,BU,,unknown,22,30.0,rec_2022-11-10
0cfe163c9acd48b592e3486d50603eeb,data/raw/AzSLD_Words_100/BU/0cfe163c9acd48b592e3486d50603eeb.mp4,BU,,unknown,16,30.0,rec_2022-06-02
0d3481852ae04b3fb8a1072060c9797d,data/raw/AzSLD_Words_100/BU/0d3481852ae04b3fb8a1072060c9797d.mp4,BU,,unknown,21,30.0,rec_2022-07-23
0ec34f949c934577b15caf897b55b9d9,data/raw/AzSLD_Words_100/BU/0ec34f949c934577b15caf897b55b9d9.mp4,BU,,unknown,34,30.0,rec_2022-12-27
11142768568e40749a630a836eaa448e,data/raw/AzSLD_Words_100/BU/11142768568e40749a630a836eaa448e.mp4,BU,,unknown,28,30.0,rec_2022-07-29
12d5ec0da8e04d689f4fb2842cb98dec,data/raw/AzSLD_Words_100/BU/12d5ec0da8e04d689f4fb2842cb98dec.mp4,BU,,unknown,14,30.0,rec_2022-07-13
13733044a6be44649fe723cda8a69dbf,data/raw/AzSLD_Words_100/BU/13733044a6be44649fe723cda8a69dbf.mp4,BU,,unknown,23,30.0,rec_2022-07-01
1404815220244c4dbc60ce442f79fc2c,data/raw/AzSLD_Words_100/BU/1404815220244c4dbc60ce442f79fc2c.mp4,BU,,unknown,22,30.0,rec_2022-06-18
140d25baebde43bc9c618dd3959954fc,data/raw/AzSLD_Words_100/BU/140d25baebde43bc9c618dd3959954fc.mp4,BU,,unknown,33,30.0,rec_2022-12-24
14d4b9972fae43249c95e03ce647fde0,data/raw/AzSLD_Words_100/BU/14d4b9972fae43249c95e03ce647fde0.mp4,BU,,unknown,23,30.0,rec_2022-06-09
152717caf69d4ad89c5e5f30580eea24,data/raw/AzSLD_Words_100/BU/152717caf69d4ad89c5e5f30580eea24.mp4,BU,,unknown,22,30.0,rec_2022-12-28
15316cb7a48d40c78a8d396f41bbbc79,data/raw/AzSLD_Words_100/BU/15316cb7a48d40c78a8d396f41bbbc79.mp4,BU,,unknown,25,30.0,rec_2022-12-27
1630790449fc417daa7854352474f599,data/raw/AzSLD_Words_100/BU/1630790449fc417daa7854352474f599.mp4,BU,,unknown,42,30.0,rec_2022-12-15
1659e939e6ec4770b38addcde5714e98,data/raw/AzSLD_Words_100/BU/1659e939e6ec4770b38addcde5714e98.mp4,BU,,unknown,25,30.0,rec_2022-11-18
16f7c62ec0f14ba88a074fc8c42427a0,data/raw/AzSLD_Words_100/BU/16f7c62ec0f14ba88a074fc8c42427a0.mp4,BU,,unknown,18,30.0,rec_2022-07-14
17bb4ef7cd2341f180fc1c1c04582a91,data/raw/AzSLD_Words_100/BU/17bb4ef7cd2341f180fc1c1c04582a91.mp4,BU,,unknown,49,30.0,rec_2022-10-26
189bd7809ed04d928c6134b8b4931351,data/raw/AzSLD_Words_100/BU/189bd7809ed04d928c6134b8b4931351.mp4,BU,,unknown,33,30.0,rec_2022-12-22
198efcccdf7d43e0ad70720972faa478,data/raw/AzSLD_Words_100/BU/198efcccdf7d43e0ad70720972faa478.mp4,BU,,unknown,20,30.0,rec_2022-12-27
1a4ab4a51ea34e13886282628f26bdc3,data/raw/AzSLD_Words_100/BU/1a4ab4a51ea34e13886282628f26bdc3.mp4,BU,,unknown,25,30.0,rec_2022-08-02
1abc999ab0604d38b4a99ae0b6a53b24,data/raw/AzSLD_Words_100/BU/1abc999ab0604d38b4a99ae0b6a53b24.mp4,BU,,unknown,16,30.0,rec_2022-06-18
1b9af389a4d4427e9102e2f16b263132,data/raw/AzSLD_Words_100/BU/1b9af389a4d4427e9102e2f16b263132.mp4,BU,,unknown,19,30.0,rec_2022-08-02
1bdf798659af4d11abbc333d9772c8b6,data/raw/AzSLD_Words_100/BU/1bdf798659af4d11abbc333d9772c8b6.mp4,BU,,unknown,21,30.0,rec_2022-12-17
1eb7424bfd3c4013a02714e73e75976a,data/raw/AzSLD_Words_100/BU/1eb7424bfd3c4013a02714e73e75976a.mp4,BU,,unknown,25,30.0,
1ee7f4d2e3a94f5c876b770b02cd8e01,data/raw/AzSLD_Words_100/BU/1ee7f4d2e3a94f5c876b770b02cd8e01.mp4,BU,,unknown,17,30.0,rec_2022-11-18
1fc229b34370466db8ae99c00fde19f8,data/raw/AzSLD_Words_100/BU/1fc229b34370466db8ae99c00fde19f8.mp4,BU,,unknown,23,30.0,rec_2022-06-18
2116801c6b7649439d1c6e543eebe90f,data/raw/AzSLD_Words_100/BU/2116801c6b7649439d1c6e543eebe90f.mp4,BU,,unknown,21,30.0,rec_2022-12-20
212b409c06e545b99a32f3b9cca23cdc,data/raw/AzSLD_Words_100/BU/212b409c06e545b99a32f3b9cca23cdc.mp4,BU,,unknown,24,30.0,rec_2022-11-19
2208dc70929044888f4161e4e1111418,data/raw/AzSLD_Words_100/BU/2208dc70929044888f4161e4e1111418.mp4,BU,,unknown,11,30.0,rec_2022-07-13
244976875bf442af88a0aaa5bbf14e79,data/raw/AzSLD_Words_100/BU/244976875bf442af88a0aaa5bbf14e79.mp4,BU,,unknown,27,30.0,rec_2022-06-03
24728e67d53c43d3865796718d54ab40,data/raw/AzSLD_Words_100/BU/24728e67d53c43d3865796718d54ab40.mp4,BU,,unknown,30,30.0,rec_2022-12-22
24a5dd03acaf4456a39bc12194809dac,data/raw/AzSLD_Words_100/BU/24a5dd03acaf4456a39bc12194809dac.mp4,BU,,unknown,18,30.0,rec_2022-12-20
24ae0977670d4bb6b609a586e49fd122,data/raw/AzSLD_Words_100/BU/24ae0977670d4bb6b609a586e49fd122.mp4,BU,,unknown,21,30.0,rec_2022-12-22
24cafebfd1af4d7aaf930b08855c0eef,data/raw/AzSLD_Words_100/BU/24cafebfd1af4d7aaf930b08855c0eef.mp4,BU,,unknown,29,30.0,
252ebfeeb2214ffb856ceb53db696bb6,data/raw/AzSLD_Words_100/BU/252ebfeeb2214ffb856ceb53db696bb6.mp4,BU,,unknown,16,30.0,rec_2022-06-02
25a0c861ab9e44c49a69109718445191,data/raw/AzSLD_Words_100/BU/25a0c861ab9e44c49a69109718445191.mp4,BU,,unknown,20,30.0,
2786f3e613bd469287cc30418baf4dce,data/raw/AzSLD_Words_100/BU/2786f3e613bd469287cc30418baf4dce.mp4,BU,,unknown,27,30.0,rec_2022-07-02
293005f93f474dea8d5e8171a4753752,data/raw/AzSLD_Words_100/BU/293005f93f474dea8d5e8171a4753752.mp4,BU,,unknown,21,30.0,rec_2022-12-24
299a373ef8824884b1b8d88c71cb9859,data/raw/AzSLD_Words_100/BU/299a373ef8824884b1b8d88c71cb9859.mp4,BU,,unknown,20,30.0,rec_2022-12-23
2a26be17127944ebba0652503ff28138,data/raw/AzSLD_Words_100/BU/2a26be17127944ebba0652503ff28138.mp4,BU,,unknown,16,30.0,rec_2022-11-18
2b99db4157bd469388d4842c8b10fd2f,data/raw/AzSLD_Words_100/BU/2b99db4157bd469388d4842c8b10fd2f.mp4,BU,,unknown,35,30.0,rec_2022-06-10
2b9a5bb415834bf4bc7a77c15187c5ad,data/raw/AzSLD_Words_100/BU/2b9a5bb415834bf4bc7a77c15187c5ad.mp4,BU,,unknown,22,30.0,rec_2022-06-02
2bdcd6f75e924037994c92c99466ce4a,data/raw/AzSLD_Words_100/BU/2bdcd6f75e924037994c92c99466ce4a.mp4,BU,,unknown,5,30.0,rec_2022-07-18
2bea5a118e834ad887d2cd6543ec92ae,data/raw/AzSLD_Words_100/BU/2bea5a118e834ad887d2cd6543ec92ae.mp4,BU,,unknown,24,30.0,rec_2022-12-17
2cf57d3c1b75428b99c5b88f7c92dee4,data/raw/AzSLD_Words_100/BU/2cf57d3c1b75428b99c5b88f7c92dee4.mp4,BU,,unknown,58,30.0,rec_2022-11-19
2d44c1afb048402e8c0ba6ecfed96b2e,data/raw/AzSLD_Words_100/BU/2d44c1afb048402e8c0ba6ecfed96b2e.mp4,BU,,unknown,18,30.0,rec_2022-06-09
2de38bd4975b4315bc8d99daa50ed938,data/raw/AzSLD_Words_100/BU/2de38bd4975b4315bc8d99daa50ed938.mp4,BU,,unknown,19,30.0,rec_2022-12-20
2f8e443adf634da894754533d5d744a5,data/raw/AzSLD_Words_100/BU/2f8e443adf634da894754533d5d744a5.mp4,BU,,unknown,32,30.0,rec_2022-12-23
2fae1bc64ce64d61b74c71c3c3573bc4,data/raw/AzSLD_Words_100/BU/2fae1bc64ce64d61b74c71c3c3573bc4.mp4,BU,,unknown,15,30.0,rec_2022-06-18
3047c16923fb440d8c17742ef62b8052,data/raw/AzSLD_Words_100/BU/3047c16923fb440d8c17742ef62b8052.mp4,BU,,unknown,30,30.0,rec_2022-07-14
30bca973bea6442f934ef480a9954038,data/raw/AzSLD_Words_100/BU/30bca973bea6442f934ef480a9954038.mp4,BU,,unknown,22,30.0,rec_2022-12-22
3159701e8eba4ff8adeb49f47fd5f1fb,data/raw/AzSLD_Words_100/BU/3159701e8eba4ff8adeb49f47fd5f1fb.mp4,BU,,unknown,23,30.0,rec_2022-11-18
34a84f91d9764182a7ce88124973b7a8,data/raw/AzSLD_Words_100/BU/34a84f91d9764182a7ce88124973b7a8.mp4,BU,,unknown,35,30.0,rec_2022-12-23
365bac25f9c543bfaf3c56207bc3186b,data/raw/AzSLD_Words_100/BU/365bac25f9c543bfaf3c56207bc3186b.mp4,BU,,unknown,16,30.0,rec_2022-11-01
36671866f528404eb645fd20287b7c9a,data/raw/AzSLD_Words_100/BU/36671866f528404eb645fd20287b7c9a.mp4,BU,,unknown,15,30.0,rec_2022-06-13
368997baca93445d8c4cd04b9e80a1bd,data/raw/AzSLD_Words_100/BU/368997baca93445d8c4cd04b9e80a1bd.mp4,BU,,unknown,23,30.0,rec_2022-07-23
37c53d291e92467089c3094b4c91c08e,data/raw/AzSLD_Words_100/BU/37c53d291e92467089c3094b4c91c08e.mp4,BU,,unknown,21,30.0,rec_2022-06-09
383fd3601ca84781b2ff92cb977252e9,data/raw/AzSLD_Words_100/BU/383fd3601ca84781b2ff92cb977252e9.mp4,BU,,unknown,15,30.0,rec_2022-07-02
384526c33f08499b9caa6b0a1e2a1dd1,data/raw/AzSLD_Words_100/BU/384526c33f08499b9caa6b0a1e2a1dd1.mp4,BU,,unknown,32,30.0,rec_2022-11-19
3858ad0210a0420999e31ec537f867f3,data/raw/AzSLD_Words_100/BU/3858ad0210a0420999e31ec537f867f3.mp4,BU,,unknown,18,30.0,rec_2022-12-17
3a503445a11140598ce413ce4d799036,data/raw/AzSLD_Words_100/BU/3a503445a11140598ce413ce4d799036.mp4,BU,,unknown,24,30.0,rec_2022-11-01
3a7e98ca66ec4f4cba6634974901ed55,data/raw/AzSLD_Words_100/BU/3a7e98ca66ec4f4cba6634974901ed55.mp4,BU,,unknown,38,30.0,rec_2022-12-17
3a7f597ed7af4b6694ceb24152288807,data/raw/AzSLD_Words_100/BU/3a7f597ed7af4b6694ceb24152288807.mp4,BU,,unknown,12,30.0,
3b2551a44a2e4cd78546ff04e3f807b3,data/raw/AzSLD_Words_100/BU/3b2551a44a2e4cd78546ff04e3f807b3.mp4,BU,,unknown,31,30.0,rec_2022-12-22
3ccf37cccfe74ea0a847989973838778,data/raw/AzSLD_Words_100/BU/3ccf37cccfe74ea0a847989973838778.mp4,BU,,unknown,15,30.0,rec_2022-07-25
3cdc4e57afaa402ea22c446f2d444335,data/raw/AzSLD_Words_100/BU/3cdc4e57afaa402ea22c446f2d444335.mp4,BU,,unknown,23,30.0,rec_2022-12-23
3d0695251a9c42fbb3acb49c47e65292,data/raw/AzSLD_Words_100/BU/3d0695251a9c42fbb3acb49c47e65292.mp4,BU,,unknown,26,30.0,rec_2022-11-01
3d50aac8b04c4f1f8e6ef55bdfb3386c,data/raw/AzSLD_Words_100/BU/3d50aac8b04c4f1f8e6ef55bdfb3386c.mp4,BU,,unknown,16,30.0,rec_2022-07-19
3f016d47a84d45d29ca70f26eb9bd146,data/raw/AzSLD_Words_100/BU/3f016d47a84d45d29ca70f26eb9bd146.mp4,BU,,unknown,25,30.0,rec_2022-12-27
3f0baed6df194de4aed8ea462f6b8ffe,data/raw/AzSLD_Words_100/BU/3f0baed6df194de4aed8ea462f6b8ffe.mp4,BU,,unknown,21,30.0,rec_2022-07-21
40a912a005d044f2bcb1bb888dd8e8e3,data/raw/AzSLD_Words_100/BU/40a912a005d044f2bcb1bb888dd8e8e3.mp4,BU,,unknown,13,30.0,rec_2022-12-23
420a70a0526243f5be9154369e75bb37,data/raw/AzSLD_Words_100/BU/420a70a0526243f5be9154369e75bb37.mp4,BU,,unknown,17,30.0,rec_2022-06-11
4213aec309324ccd973b701726108678,data/raw/AzSLD_Words_100/BU/4213aec309324ccd973b701726108678.mp4,BU,,unknown,20,30.0,rec_2022-06-01
433c49f9dcbb49288fd48ef33407bfe5,data/raw/AzSLD_Words_100/BU/433c49f9dcbb49288fd48ef33407bfe5.mp4,BU,,unknown,17,30.0,rec_2022-08-02
435045b8a0c242f68a97bbe3c1980b06,data/raw/AzSLD_Words_100/BU/435045b8a0c242f68a97bbe3c1980b06.mp4,BU,,unknown,17,30.0,rec_2022-07-14
436fa423bcbd477ab21bddd1814aa1fc,data/raw/AzSLD_Words_100/BU/436fa423bcbd477ab21bddd1814aa1fc.mp4,BU,,unknown,17,30.0,rec_2022-08-02
4426a9b10f4142598233c3ec2242985e,data/raw/AzSLD_Words_100/BU/4426a9b10f4142598233c3ec2242985e.mp4,BU,,unknown,25,30.0,rec_2022-07-01
4517b4eae735463daaaba71f291eefb1,data/raw/AzSLD_Words_100/BU/4517b4eae735463daaaba71f291eefb1.mp4,BU,,unknown,22,30.0,rec_2022-06-01
4592d55f832c47d9948d29dfb1eb6e70,data/raw/AzSLD_Words_100/BU/4592d55f832c47d9948d29dfb1eb6e70.mp4,BU,,unknown,47,30.0,rec_2022-06-10
4790c37a9fcb4fdaa8d54f76b3b25294,data/raw/AzSLD_Words_100/BU/4790c37a9fcb4fdaa8d54f76b3b25294.mp4,BU,,unknown,20,30.0,rec_2022-12-23
47c2eac82ad84f9e84b9a832584f5185,data/raw/AzSLD_Words_100/BU/47c2eac82ad84f9e84b9a832584f5185.mp4,BU,,unknown,9,30.0,rec_2022-07-21
486b3bbf6bea400895294d168e5e0328,data/raw/AzSLD_Words_100/BU/486b3bbf6bea400895294d168e5e0328.mp4,BU,,unknown,27,30.0,rec_2022-12-24
48c8874ea6ec4478adb11135a8210708,data/raw/AzSLD_Words_100/BU/48c8874ea6ec4478adb11135a8210708.mp4,BU,,unknown,11,30.0,rec_2022-07-13
48d4b94f8b3f4710917fc4f3b170491b,data/raw/AzSLD_Words_100/BU/48d4b94f8b3f4710917fc4f3b170491b.mp4,BU,,unknown,19,30.0,rec_2022-12-28
49bb70dfd18048de91e2309c6ac3d717,data/raw/AzSLD_Words_100/BU/49bb70dfd18048de91e2309c6ac3d717.mp4,BU,,unknown,22,30.0,rec_2022-11-19
4af594304c494762895a6bd4f5ea4b98,data/raw/AzSLD_Words_100/BU/4af594304c494762895a6bd4f5ea4b98.mp4,BU,,unknown,33,30.0,rec_2022-07-14
4b1f8af182fc4598bc7fc080bd915c6f,data/raw/AzSLD_Words_100/BU/4b1f8af182fc4598bc7fc080bd915c6f.mp4,BU,,unknown,22,30.0,rec_2022-07-21
4c10c4c2abda4ba49c75adb51930480e,data/raw/AzSLD_Words_100/BU/4c10c4c2abda4ba49c75adb51930480e.mp4,BU,,unknown,10,30.0,rec_2022-06-02
4c3fe786aa024d12a46149f87a208c65,data/raw/AzSLD_Words_100/BU/4c3fe786aa024d12a46149f87a208c65.mp4,BU,,unknown,17,30.0,rec_2022-12-22
4c5f6e9245ef42568b0f0b01fa7f4477,data/raw/AzSLD_Words_100/BU/4c5f6e9245ef42568b0f0b01fa7f4477.mp4,BU,,unknown,16,30.0,rec_2022-08-02
4c737c4aac99495492f147b9a6bfc2f1,data/raw/AzSLD_Words_100/BU/4c737c4aac99495492f147b9a6bfc2f1.mp4,BU,,unknown,15,30.0,rec_2022-12-27
4d609187e1c34086aa4c9954517d0b76,data/raw/AzSLD_Words_100/BU/4d609187e1c34086aa4c9954517d0b76.mp4,BU,,unknown,23,30.0,rec_2022-07-25
4db9d1f5badd4100a3466a6de6437c6d,data/raw/AzSLD_Words_100/BU/4db9d1f5badd4100a3466a6de6437c6d.mp4,BU,,unknown,23,30.0,rec_2022-12-20
4f5029627d1d4f26a4de664d8e5ac069,data/raw/AzSLD_Words_100/BU/4f5029627d1d4f26a4de664d8e5ac069.mp4,BU,,unknown,20,30.0,rec_2022-12-20
4f7f5f3eacfc400d907db2501d008800,data/raw/AzSLD_Words_100/BU/4f7f5f3eacfc400d907db2501d008800.mp4,BU,,unknown,22,30.0,rec_2022-10-28
4ff7f34d47ce4bc089b832f1d095a0bb,data/raw/AzSLD_Words_100/BU/4ff7f34d47ce4bc089b832f1d095a0bb.mp4,BU,,unknown,24,30.0,rec_2022-12-22
514504aec91b4b89aef1f25a89196097,data/raw/AzSLD_Words_100/BU/514504aec91b4b89aef1f25a89196097.mp4,BU,,unknown,15,30.0,rec_2022-07-18
51ce8552a8ba413593f458b1b143910e,data/raw/AzSLD_Words_100/BU/51ce8552a8ba413593f458b1b143910e.mp4,BU,,unknown,13,30.0,rec_2022-07-27
51e8e7d639474c9191df4c3c408a1d39,data/raw/AzSLD_Words_100/BU/51e8e7d639474c9191df4c3c408a1d39.mp4,BU,,unknown,17,30.0,rec_2022-11-05
536c661fd3764401b9097046c1758696,data/raw/AzSLD_Words_100/BU/536c661fd3764401b9097046c1758696.mp4,BU,,unknown,14,30.0,rec_2022-12-28
55841a1f81ea4140a8c204350a3e3326,data/raw/AzSLD_Words_100/BU/55841a1f81ea4140a8c204350a3e3326.mp4,BU,,unknown,30,30.0,rec_2022-12-27
55d5a7decf904ead830061d7502f6911,data/raw/AzSLD_Words_100/BU/55d5a7decf904ead830061d7502f6911.mp4,BU,,unknown,20,30.0,rec_2022-07-14
55dea2b8e18043528b977db0708ac729,data/raw/AzSLD_Words_100/BU/55dea2b8e18043528b977db0708ac729.mp4,BU,,unknown,10,30.0,rec_2022-07-22
562e8c49591f4bc9b6dde28d1f536c3e,data/raw/AzSLD_Words_100/BU/562e8c49591f4bc9b6dde28d1f536c3e.mp4,BU,,unknown,15,30.0,rec_2022-07-23
59513161e1cd40d6823f3028d6c93611,data/raw/AzSLD_Words_100/BU/59513161e1cd40d6823f3028d6c93611.mp4,BU,,unknown,13,30.0,rec_2022-07-18
5b386e791174409b933fccfbf4d6bc92,data/raw/AzSLD_Words_100/BU/5b386e791174409b933fccfbf4d6bc92.mp4,BU,,unknown,20,30.0,rec_2022-08-02
5c78ef25d8224edb98adb637de72330d,data/raw/AzSLD_Words_100/BU/5c78ef25d8224edb98adb637de72330d.mp4,BU,,unknown,23,30.0,rec_2022-12-24
5e40065cfd504ebaae1cc3e266a8418d,data/raw/AzSLD_Words_100/BU/5e40065cfd504ebaae1cc3e266a8418d.mp4,BU,,unknown,23,30.0,rec_2022-11-10
5f0179a696744b65ac4c00e43759244f,data/raw/AzSLD_Words_100/BU/5f0179a696744b65ac4c00e43759244f.mp4,BU,,unknown,14,30.0,rec_2022-06-11
5f4ff12b39b944fcad325ca71ac9dcb1,data/raw/AzSLD_Words_100/BU/5f4ff12b39b944fcad325ca71ac9dcb1.mp4,BU,,unknown,29,30.0,rec_2022-11-10
5f6c2fa50c64453fa03df2bcc246ca28,data/raw/AzSLD_Words_100/BU/5f6c2fa50c64453fa03df2bcc246ca28.mp4,BU,,unknown,33,30.0,rec_2022-11-18
5f8c2c444bee47bf81d6a86ab5af3ffc,data/raw/AzSLD_Words_100/BU/5f8c2c444bee47bf81d6a86ab5af3ffc.mp4,BU,,unknown,21,30.0,rec_2022-06-02
60796b7e5ccd4469a291e0c6de38ba5b,data/raw/AzSLD_Words_100/BU/60796b7e5ccd4469a291e0c6de38ba5b.mp4,BU,,unknown,22,30.0,rec_2022-12-27
6117c69ed76d4b1c93ce11fc3cd5269a,data/raw/AzSLD_Words_100/BU/6117c69ed76d4b1c93ce11fc3cd5269a.mp4,BU,,unknown,19,30.0,rec_2022-12-24
61370f395b764d188795843c23e8d137,data/raw/AzSLD_Words_100/BU/61370f395b764d188795843c23e8d137.mp4,BU,,unknown,14,30.0,rec_2022-07-13
6170ccc8babd4182b76d837f48949313,data/raw/AzSLD_Words_100/BU/6170ccc8babd4182b76d837f48949313.mp4,BU,,unknown,21,30.0,rec_2022-11-05
61d8f703e9784a97a511b811b7e37a25,data/raw/AzSLD_Words_100/BU/61d8f703e9784a97a511b811b7e37a25.mp4,BU,,unknown,21,30.0,rec_2022-07-19
629625ae3bbc4315bf653a2fab7f4fc8,data/raw/AzSLD_Words_100/BU/629625ae3bbc4315bf653a2fab7f4fc8.mp4,BU,,unknown,23,30.0,rec_2022-06-01
636be80f170e47fcb77619b62a5f7b0a,data/raw/AzSLD_Words_100/BU/636be80f170e47fcb77619b62a5f7b0a.mp4,BU,,unknown,20,30.0,rec_2022-11-19
63a3f36a7a384cfdbddae8469f14a730,data/raw/AzSLD_Words_100/BU/63a3f36a7a384cfdbddae8469f14a730.mp4,BU,,unknown,31,30.0,rec_2022-11-22
661226d8de2846fe91dba0c19bd7730a,data/raw/AzSLD_Words_100/BU/661226d8de2846fe91dba0c19bd7730a.mp4,BU,,unknown,52,30.0,rec_2022-07-27
675d3849cf264b869d23b8978fd8f5cb,data/raw/AzSLD_Words_100/BU/675d3849cf264b869d23b8978fd8f5cb.mp4,BU,,unknown,20,30.0,rec_2022-11-01
68f74b67ea3441fea68fbfb8738daf1b,data/raw/AzSLD_Words_100/BU/68f74b67ea3441fea68fbfb8738daf1b.mp4,BU,,unknown,13,30.0,rec_2022-07-28
6a18f8c5fb534907a54402c53d197f02,data/raw/AzSLD_Words_100/BU/6a18f8c5fb534907a54402c53d197f02.mp4,BU,,unknown,21,30.0,rec_2022-12-27
6a2049aef5d34e04ad35a0bcffb20950,data/raw/AzSLD_Words_100/BU/6a2049aef5d34e04ad35a0bcffb20950.mp4,BU,,unknown,30,30.0,rec_2022-06-01
6a4c6e59fed448db9ca6bfca952828b3,data/raw/AzSLD_Words_100/BU/6a4c6e59fed448db9ca6bfca952828b3.mp4,BU,,unknown,23,30.0,rec_2022-06-02
6aada90b5f014ae0bf953283c1af5729,data/raw/AzSLD_Words_100/BU/6aada90b5f014ae0bf953283c1af5729.mp4,BU,,unknown,28,30.0,rec_2022-12-20
6dc59cc425d9459daaadfd0d8d6b6e34,data/raw/AzSLD_Words_100/BU/6dc59cc425d9459daaadfd0d8d6b6e34.mp4,BU,,unknown,20,30.0,rec_2022-12-16
6f28c5d91c3e4ece837f79f1e28e9c69,data/raw/AzSLD_Words_100/BU/6f28c5d91c3e4ece837f79f1e28e9c69.mp4,BU,,unknown,28,30.0,rec_2022-06-02
6f71a51d57b74e8190c4f7398d1d1bce,data/raw/AzSLD_Words_100/BU/6f71a51d57b74e8190c4f7398d1d1bce.mp4,BU,,unknown,21,30.0,rec_2022-12-17
6f96e24de80b40dcbe98d5210902116b,data/raw/AzSLD_Words_100/BU/6f96e24de80b40dcbe98d5210902116b.mp4,BU,,unknown,35,30.0,rec_2022-11-01
70cab2ef9d5d419781139ebacbab4f4d,data/raw/AzSLD_Words_100/BU/70cab2ef9d5d419781139ebacbab4f4d.mp4,BU,,unknown,13,30.0,rec_2022-07-25
717b9bf2f7194c6296165c6064df3b40,data/raw/AzSLD_Words_100/BU/717b9bf2f7194c6296165c6064df3b40.mp4,BU,,unknown,26,30.0,rec_2022-07-23
71f5823ba7b841abbd853f53eb79c932,data/raw/AzSLD_Words_100/BU/71f5823ba7b841abbd853f53eb79c932.mp4,BU,,unknown,14,30.0,rec_2022-07-18
731458127d784896a4281afd0b5a0b76,data/raw/AzSLD_Words_100/BU/731458127d784896a4281afd0b5a0b76.mp4,BU,,unknown,21,30.0,
7439141d629b432e83226be17f746f30,data/raw/AzSLD_Words_100/BU/7439141d629b432e83226be17f746f30.mp4,BU,,unknown,19,30.0,rec_2022-11-01
743b2f18e02b489aa4c3b23b4c76d911,data/raw/AzSLD_Words_100/BU/743b2f18e02b489aa4c3b23b4c76d911.mp4,BU,,unknown,35,30.0,rec_2022-11-22
74c452e369064c879a07acbc00a5b7b8,data/raw/AzSLD_Words_100/BU/74c452e369064c879a07acbc00a5b7b8.mp4,BU,,unknown,20,30.0,rec_2022-12-15
74defa7a0ded4615b3bee052618e067f,data/raw/AzSLD_Words_100/BU/74defa7a0ded4615b3bee052618e067f.mp4,BU,,unknown,26,30.0,rec_2022-12-15
75a2205ac28643eebf7c2d7144ab9451,data/raw/AzSLD_Words_100/BU/75a2205ac28643eebf7c2d7144ab9451.mp4,BU,,unknown,16,30.0,rec_2022-07-22
76d574d9c216483a9a074ec674a36c99,data/raw/AzSLD_Words_100/BU/76d574d9c216483a9a074ec674a36c99.mp4,BU,,unknown,33,30.0,rec_2022-12-28
7700ecddb319462a9404aadf91ebae8f,data/raw/AzSLD_Words_100/BU/7700ecddb319462a9404aadf91ebae8f.mp4,BU,,unknown,17,30.0,rec_2022-12-20
771c9c66cb3e4b15b382c61dd1fee9e9,data/raw/AzSLD_Words_100/BU/771c9c66cb3e4b15b382c61dd1fee9e9.mp4,BU,,unknown,19,30.0,rec_2022-10-26
78240e909a3f4d84a682aca330ad8523,data/raw/AzSLD_Words_100/BU/78240e909a3f4d84a682aca330ad8523.mp4,BU,,unknown,33,30.0,rec_2022-12-28
794800aa8bf84b3e804efd6b2a5c1c18,data/raw/AzSLD_Words_100/BU/794800aa8bf84b3e804efd6b2a5c1c18.mp4,BU,,unknown,13,30.0,rec_2022-07-13
79784e9a9b5148b9b0dbcf9a46846a34,data/raw/AzSLD_Words_100/BU/79784e9a9b5148b9b0dbcf9a46846a34.mp4,BU,,unknown,25,30.0,rec_2022-12-27
7a3e2fdd81c34b2eb4dd02ecf34ca7a6,data/raw/AzSLD_Words_100/BU/7a3e2fdd81c34b2eb4dd02ecf34ca7a6.mp4,BU,,unknown,25,30.0,rec_2022-12-20
7bfa36ce4f664e51b966ef5cb5659387,data/raw/AzSLD_Words_100/BU/7bfa36ce4f664e51b966ef5cb5659387.mp4,BU,,unknown,26,30.0,rec_2022-11-04
7c1880e274c54c0fb162a320c22d43e3,data/raw/AzSLD_Words_100/BU/7c1880e274c54c0fb162a320c22d43e3.mp4,BU,,unknown,12,30.0,rec_2022-07-20
7c23e68745664e478670738a3ed844eb,data/raw/AzSLD_Words_100/BU/7c23e68745664e478670738a3ed844eb.mp4,BU,,unknown,25,30.0,rec_2022-12-15
7d1cef59a90f4c7a8dc48c96daec6f5d,data/raw/AzSLD_Words_100/BU/7d1cef59a90f4c7a8dc48c96daec6f5d.mp4,BU,,unknown,29,30.0,rec_2022-11-01
7de3f9d0f4ee4c91a1980f99656f06e4,data/raw/AzSLD_Words_100/BU/7de3f9d0f4ee4c91a1980f99656f06e4.mp4,BU,,unknown,38,30.0,rec_2022-06-01
7e53fedd34d94ffcb483f13ec1b636c0,data/raw/AzSLD_Words_100/BU/7e53fedd34d94ffcb483f13ec1b636c0.mp4,BU,,unknown,34,30.0,rec_2022-12-20
7f86f766cada46bfbfea592b29ffe283,data/raw/AzSLD_Words_100/BU/7f86f766cada46bfbfea592b29ffe283.mp4,BU,,unknown,31,30.0,rec_2022-12-23
7fafd1375fc340baa8647153e38e317f,data/raw/AzSLD_Words_100/BU/7fafd1375fc340baa8647153e38e317f.mp4,BU,,unknown,20,30.0,rec_2022-12-17
7fc5e4f864c848dd92c283b8fae39018,data/raw/AzSLD_Words_100/BU/7fc5e4f864c848dd92c283b8fae39018.mp4,BU,,unknown,20,30.0,
814f0d0ce191401ab2b764a99fa77248,data/raw/AzSLD_Words_100/BU/814f0d0ce191401ab2b764a99fa77248.mp4,BU,,unknown,17,30.0,rec_2022-11-01
8174b5d04fe446b097dbc6ad0d4656cb,data/raw/AzSLD_Words_100/BU/8174b5d04fe446b097dbc6ad0d4656cb.mp4,BU,,unknown,23,30.0,rec_2022-11-18
81e46bc9141743e695ed0cfa1b60bbf9,data/raw/AzSLD_Words_100/BU/81e46bc9141743e695ed0cfa1b60bbf9.mp4,BU,,unknown,15,30.0,rec_2022-11-10
82a134eb7d094d3695191743fdb86193,data/raw/AzSLD_Words_100/BU/82a134eb7d094d3695191743fdb86193.mp4,BU,,unknown,25,30.0,rec_2022-05-25
82bb557cdb614eae89f4ebf9cae9e479,data/raw/AzSLD_Words_100/BU/82bb557cdb614eae89f4ebf9cae9e479.mp4,BU,,unknown,21,30.0,rec_2022-12-23
8437fa0bf46d4700bda58212d294e38c,data/raw/AzSLD_Words_100/BU/8437fa0bf46d4700bda58212d294e38c.mp4,BU,,unknown,14,30.0,rec_2022-07-18
84c5ae470bd7483d962c63736999315d,data/raw/AzSLD_Words_100/BU/84c5ae470bd7483d962c63736999315d.mp4,BU,,unknown,33,30.0,rec_2022-06-02
8529ef4a0d0a4a85a1d72f7c6f6d39d5,data/raw/AzSLD_Words_100/BU/8529ef4a0d0a4a85a1d72f7c6f6d39d5.mp4,BU,,unknown,19,30.0,rec_2022-12-22
85ccba180f9f408a9865d4befa517e97,data/raw/AzSLD_Words_100/BU/85ccba180f9f408a9865d4befa517e97.mp4,BU,,unknown,28,30.0,rec_2022-12-15
86f826a978ba497f9c327e52eac52081,data/raw/AzSLD_Words_100/BU/86f826a978ba497f9c327e52eac52081.mp4,BU,,unknown,19,30.0,rec_2022-12-24
8834c073fa4e44c1962852fbfe1cee1f,data/raw/AzSLD_Words_100/BU/8834c073fa4e44c1962852fbfe1cee1f.mp4,BU,,unknown,22,30.0,rec_2022-11-10
8b53c0a525a2488da332e3873483f6fc,data/raw/AzSLD_Words_100/BU/8b53c0a525a2488da332e3873483f6fc.mp4,BU,,unknown,23,30.0,rec_2022-12-20
8b54154c043a408eac026c25b4505bf2,data/raw/AzSLD_Words_100/BU/8b54154c043a408eac026c25b4505bf2.mp4,BU,,unknown,24,30.0,rec_2022-11-17
8bb8a1d3503145d3bd7578fe95e6a473,data/raw/AzSLD_Words_100/BU/8bb8a1d3503145d3bd7578fe95e6a473.mp4,BU,,unknown,21,30.0,rec_2022-11-01
8bbff9f4f69d40079fe523e4d1052347,data/raw/AzSLD_Words_100/BU/8bbff9f4f69d40079fe523e4d1052347.mp4,BU,,unknown,18,30.0,rec_2022-11-22
8e5418bba4ce4fc98d5ad6280d53fcad,data/raw/AzSLD_Words_100/BU/8e5418bba4ce4fc98d5ad6280d53fcad.mp4,BU,,unknown,26,30.0,rec_2022-07-18
8ebe1b711373455ea4cb1241552a87fe,data/raw/AzSLD_Words_100/BU/8ebe1b711373455ea4cb1241552a87fe.mp4,BU,,unknown,15,30.0,rec_2022-11-17
8eee96f37fbd4af48ced9c65566880bf,data/raw/AzSLD_Words_100/BU/8eee96f37fbd4af48ced9c65566880bf.mp4,BU,,unknown,20,30.0,rec_2022-06-01
8ffe7ed8fdaf49a394454d535e59834b,data/raw/AzSLD_Words_100/BU/8ffe7ed8fdaf49a394454d535e59834b.mp4,BU,,unknown,18,30.0,rec_2022-07-25
923ee6ecebeb4bfdb5e3d51b258d3d13,data/raw/AzSLD_Words_100/BU/923ee6ecebeb4bfdb5e3d51b258d3d13.mp4,BU,,unknown,20,30.0,rec_2022-10-28
9246ae92089b4e8db6a3ab625b5fda57,data/raw/AzSLD_Words_100/BU/9246ae92089b4e8db6a3ab625b5fda57.mp4,BU,,unknown,20,30.0,rec_2022-12-28
9283947b432d41fc950d42b52a31370a,data/raw/AzSLD_Words_100/BU/9283947b432d41fc950d42b52a31370a.mp4,BU,,unknown,15,30.0,rec_2022-06-18
92a351d15cbf441893fdfed3a6331624,data/raw/AzSLD_Words_100/BU/92a351d15cbf441893fdfed3a6331624.mp4,BU,,unknown,19,30.0,rec_2022-12-15
92b4d9b84cec458f8e64f5bbfea0407e,data/raw/AzSLD_Words_100/BU/92b4d9b84cec458f8e64f5bbfea0407e.mp4,BU,,unknown,27,30.0,rec_2022-12-22
92f9fdac4b0e43d9bdbb90f635a2d30e,data/raw/AzSLD_Words_100/BU/92f9fdac4b0e43d9bdbb90f635a2d30e.mp4,BU,,unknown,18,30.0,rec_2022-07-01
92faa03212e94446b2e9ef1de0f3bcc0,data/raw/AzSLD_Words_100/BU/92faa03212e94446b2e9ef1de0f3bcc0.mp4,BU,,unknown,25,30.0,rec_2022-12-23
94ef6fac9e7942a6955acc0eccc93d7d,data/raw/AzSLD_Words_100/BU/94ef6fac9e7942a6955acc0eccc93d7d.mp4,BU,,unknown,28,30.0,rec_2022-11-01
95275273a58944ff8c154f6cca7482d5,data/raw/AzSLD_Words_100/BU/95275273a58944ff8c154f6cca7482d5.mp4,BU,,unknown,10,30.0,rec_2022-07-15
954530bdefbb45e5840ab340c641b462,data/raw/AzSLD_Words_100/BU/954530bdefbb45e5840ab340c641b462.mp4,BU,,unknown,17,30.0,rec_2022-07-23
95eb0edd8c7f47f68a03e85819abf09f,data/raw/AzSLD_Words_100/BU/95eb0edd8c7f47f68a03e85819abf09f.mp4,BU,,unknown,16,30.0,rec_2022-06-09
969fa3acb2444d2c80699a86fbc6f27e,data/raw/AzSLD_Words_100/BU/969fa3acb2444d2c80699a86fbc6f27e.mp4,BU,,unknown,18,30.0,rec_2022-06-02
96b1361b2e8e4bcabf96d94191cf4eba,data/raw/AzSLD_Words_100/BU/96b1361b2e8e4bcabf96d94191cf4eba.mp4,BU,,unknown,20,30.0,rec_2023-01-18
981dabb3e004447d9440e47c813bd74c,data/raw/AzSLD_Words_100/BU/981dabb3e004447d9440e47c813bd74c.mp4,BU,,unknown,13,30.0,rec_2022-11-05
98bf503c2031493185ff119f015c56b0,data/raw/AzSLD_Words_100/BU/98bf503c2031493185ff119f015c56b0.mp4,BU,,unknown,24,30.0,
996e1613a5d34793b834c974ad4558fb,data/raw/AzSLD_Words_100/BU/996e1613a5d34793b834c974ad4558fb.mp4,BU,,unknown,23,30.0,rec_2022-07-16
99bd41a0aeb84e798f137cb23374bcec,data/raw/AzSLD_Words_100/BU/99bd41a0aeb84e798f137cb23374bcec.mp4,BU,,unknown,15,30.0,rec_2022-06-10
99e31eb0f90a4821bb80ec49a9ad677c,data/raw/AzSLD_Words_100/BU/99e31eb0f90a4821bb80ec49a9ad677c.mp4,BU,,unknown,13,30.0,rec_2022-07-21
9a4cbf39a0e24cf091eb47468f628ff7,data/raw/AzSLD_Words_100/BU/9a4cbf39a0e24cf091eb47468f628ff7.mp4,BU,,unknown,17,30.0,rec_2022-08-02
9a6830239e284dc7b8b5441b697bf29d,data/raw/AzSLD_Words_100/BU/9a6830239e284dc7b8b5441b697bf29d.mp4,BU,,unknown,26,30.0,rec_2022-12-27
9b113ad8131c4dc8ba8b1dbe7513bd7b,data/raw/AzSLD_Words_100/BU/9b113ad8131c4dc8ba8b1dbe7513bd7b.mp4,BU,,unknown,27,30.0,rec_2022-11-05
9b463913702b440382a8660f3e73fb85,data/raw/AzSLD_Words_100/BU/9b463913702b440382a8660f3e73fb85.mp4,BU,,unknown,19,30.0,rec_2022-12-27
9f033e2ed81b4d5f9a300f0290ceacd6,data/raw/AzSLD_Words_100/BU/9f033e2ed81b4d5f9a300f0290ceacd6.mp4,BU,,unknown,52,30.0,rec_2022-04-26
a16dbf81ee2b494fae99bb638f6e4875,data/raw/AzSLD_Words_100/BU/a16dbf81ee2b494fae99bb638f6e4875.mp4,BU,,unknown,22,30.0,rec_2022-08-02
a305a4508f6b4e4b8a33d16bf0e67bd4,data/raw/AzSLD_Words_100/BU/a305a4508f6b4e4b8a33d16bf0e67bd4.mp4,BU,,unknown,46,30.0,rec_2022-07-14
a3450d23ba0440eb9b377160253e5e6a,data/raw/AzSLD_Words_100/BU/a3450d23ba0440eb9b377160253e5e6a.mp4,BU,,unknown,23,30.0,rec_2022-12-23
a3a1a6adc46b4a3bb1c0d036da0c2991,data/raw/AzSLD_Words_100/BU/a3a1a6adc46b4a3bb1c0d036da0c2991.mp4,BU,,unknown,19,30.0,rec_2022-12-22
a3bb74328eed418c85a16862055f2e09,data/raw/AzSLD_Words_100/BU/a3bb74328eed418c85a16862055f2e09.mp4,BU,,unknown,22,30.0,rec_2022-11-22
a46cdb099f3d49f1a4534442ea125212,data/raw/AzSLD_Words_100/BU/a46cdb099f3d49f1a4534442ea125212.mp4,BU,,unknown,32,30.0,
a57089696de9430c8de03b88a248c06f,data/raw/AzSLD_Words_100/BU/a57089696de9430c8de03b88a248c06f.mp4,BU,,unknown,23,30.0,rec_2022-12-20
a62807fc48a34d6580644f54fdbde839,data/raw/AzSLD_Words_100/BU/a62807fc48a34d6580644f54fdbde839.mp4,BU,,unknown,20,30.0,rec_2023-01-18
a6df1e8b71df42b489d2e47d2e7d57b9,data/raw/AzSLD_Words_100/BU/a6df1e8b71df42b489d2e47d2e7d57b9.mp4,BU,,unknown,21,30.0,rec_2022-08-02
a71c54f6728849e08969b314b48f4f60,data/raw/AzSLD_Words_100/BU/a71c54f6728849e08969b314b48f4f60.mp4,BU,,unknown,51,30.0,rec_2022-06-01
a72ad242f8e54eecb3cd4f519b26cdef,data/raw/AzSLD_Words_100/BU/a72ad242f8e54eecb3cd4f519b26cdef.mp4,BU,,unknown,26,30.0,rec_2022-11-22
a82533a7475848f5aa93b63bbe033fb7,data/raw/AzSLD_Words_100/BU/a82533a7475848f5aa93b63bbe033fb7.mp4,BU,,unknown,26,30.0,
a88824da35da40fcb00ca63bfc1e421f,data/raw/AzSLD_Words_100/BU/a88824da35da40fcb00ca63bfc1e421f.mp4,BU,,unknown,11,30.0,rec_2022-07-25
a8e55f30411e4e97b85fde54ffdc8f77,data/raw/AzSLD_Words_100/BU/a8e55f30411e4e97b85fde54ffdc8f77.mp4,BU,,unknown,26,30.0,rec_2022-07-23
a92162009edb4368b82ea0146f8de4fa,data/raw/AzSLD_Words_100/BU/a92162009edb4368b82ea0146f8de4fa.mp4,BU,,unknown,21,30.0,rec_2022-12-22
a93e3c3c26ba4d6dbbf3f0549488b370,data/raw/AzSLD_Words_100/BU/a93e3c3c26ba4d6dbbf3f0549488b370.mp4,BU,,unknown,19,30.0,rec_2022-07-21
aa21baedf49d400a8e2a7fa3b03f7268,data/raw/AzSLD_Words_100/BU/aa21baedf49d400a8e2a7fa3b03f7268.mp4,BU,,unknown,11,30.0,rec_2022-07-13
aad4fb6ae84b426ca72cd210360b4ce7,data/raw/AzSLD_Words_100/BU/aad4fb6ae84b426ca72cd210360b4ce7.mp4,BU,,unknown,14,30.0,rec_2022-07-22
ab3a7079c3444a5e91981b6346afc0f8,data/raw/AzSLD_Words_100/BU/ab3a7079c3444a5e91981b6346afc0f8.mp4,BU,,unknown,20,30.0,
ab953d0a7de149fb9778df76e03bec5e,data/raw/AzSLD_Words_100/BU/ab953d0a7de149fb9778df76e03bec5e.mp4,BU,,unknown,11,30.0,rec_2022-12-20
ac1785e4596645de942b0e2f6208f847,data/raw/AzSLD_Words_100/BU/ac1785e4596645de942b0e2f6208f847.mp4,BU,,unknown,17,30.0,
ad6b0f71debb40158aa04b7197c0d9bd,data/raw/AzSLD_Words_100/BU/ad6b0f71debb40158aa04b7197c0d9bd.mp4,BU,,unknown,27,30.0,
ae75bc4983a2483daad51d17fba1d2ba,data/raw/AzSLD_Words_100/BU/ae75bc4983a2483daad51d17fba1d2ba.mp4,BU,,unknown,25,30.0,rec_2022-10-28
aeb364f31c224867b01dffb3a77cd386,data/raw/AzSLD_Words_100/BU/aeb364f31c224867b01dffb3a77cd386.mp4,BU,,unknown,20,30.0,rec_2022-07-23
afe2eba8e7c04fb9967a1a68dea15867,data/raw/AzSLD_Words_100/BU/afe2eba8e7c04fb9967a1a68dea15867.mp4,BU,,unknown,15,30.0,rec_2022-06-09
b08df3fd3e0741038178467fa8b2e943,data/raw/AzSLD_Words_100/BU/b08df3fd3e0741038178467fa8b2e943.mp4,BU,,unknown,15,30.0,
b2b12a5531e545f6b9c32614aade036e,data/raw/AzSLD_Words_100/BU/b2b12a5531e545f6b9c32614aade036e.mp4,BU,,unknown,23,30.0,rec_2022-07-13
b2d91815e4334fb399465bd56623cef8,data/raw/AzSLD_Words_100/BU/b2d91815e4334fb399465bd56623cef8.mp4,BU,,unknown,15,30.0,rec_2022-07-18
b479a0e6652a4325b42378391d765c3b,data/raw/AzSLD_Words_100/BU/b479a0e6652a4325b42378391d765c3b.mp4,BU,,unknown,32,30.0,rec_2022-12-27
b4eae9ab415048deb3fe15b0a6b87019,data/raw/AzSLD_Words_100/BU/b4eae9ab415048deb3fe15b0a6b87019.mp4,BU,,unknown,24,30.0,rec_2022-12-15
b5ab3bac37934cdb9517126f66152a23,data/raw/AzSLD_Words_100/BU/b5ab3bac37934cdb9517126f66152a23.mp4,BU,,unknown,26,30.0,rec_2022-06-11
b635a9f94dcb4faeb907c38ff1762c74,data/raw/AzSLD_Words_100/BU/b635a9f94dcb4faeb907c38ff1762c74.mp4,BU,,unknown,28,30.0,
b6ef50c75e9f4d8c81e273e3ba542f0d,data/raw/AzSLD_Words_100/BU/b6ef50c75e9f4d8c81e273e3ba542f0d.mp4,BU,,unknown,13,30.0,rec_2022-12-23
b78ab55becef4f5b8294ea08444528f5,data/raw/AzSLD_Words_100/BU/b78ab55becef4f5b8294ea08444528f5.mp4,BU,,unknown,18,30.0,rec_2022-12-20
b82e79f69a0344ab98debda8f89fbde6,data/raw/AzSLD_Words_100/BU/b82e79f69a0344ab98debda8f89fbde6.mp4,BU,,unknown,34,30.0,rec_2022-07-25
b9fe0944b8f54487aee375ceca157852,data/raw/AzSLD_Words_100/BU/b9fe0944b8f54487aee375ceca157852.mp4,BU,,unknown,27,30.0,rec_2022-12-27
babd78855ebf4a5dafd0b502b9430ea1,data/raw/AzSLD_Words_100/BU/babd78855ebf4a5dafd0b502b9430ea1.mp4,BU,,unknown,13,30.0,rec_2022-12-17
bb3081eee6be412a81a7434a04798df3,data/raw/AzSLD_Words_100/BU/bb3081eee6be412a81a7434a04798df3.mp4,BU,,unknown,23,30.0,rec_2022-06-11
bb5d70c62168487698f16ddd7764180d,data/raw/AzSLD_Words_100/BU/bb5d70c62168487698f16ddd7764180d.mp4,BU,,unknown,24,30.0,rec_2022-07-14
bc478b5691064755b7505d734dbcdaef,data/raw/AzSLD_Words_100/BU/bc478b5691064755b7505d734dbcdaef.mp4,BU,,unknown,14,30.0,rec_2022-07-25
be0bf122b28c496c8272e8db69d1eedd,data/raw/AzSLD_Words_100/BU/be0bf122b28c496c8272e8db69d1eedd.mp4,BU,,unknown,31,30.0,rec_2022-11-17
bef40d62b64141d5b1bba88b235eb50e,data/raw/AzSLD_Words_100/BU/bef40d62b64141d5b1bba88b235eb50e.mp4,BU,,unknown,20,30.0,rec_2022-12-20
c01179c648854a3282a54ee0bee53995,data/raw/AzSLD_Words_100/BU/c01179c648854a3282a54ee0bee53995.mp4,BU,,unknown,30,30.0,rec_2022-06-01
c0c7801009564493a8ced15155dd42be,data/raw/AzSLD_Words_100/BU/c0c7801009564493a8ced15155dd42be.mp4,BU,,unknown,48,30.0,rec_2022-12-15
c20f7ed4bfc545d795bfcc0530d29b22,data/raw/AzSLD_Words_100/BU/c20f7ed4bfc545d795bfcc0530d29b22.mp4,BU,,unknown,25,30.0,rec_2022-07-19
c2b73de895a14721aa70a80019abbb6d,data/raw/AzSLD_Words_100/BU/c2b73de895a14721aa70a80019abbb6d.mp4,BU,,unknown,14,30.0,rec_2022-06-13
c2f215d136fb4051a848fb870ea12d39,data/raw/AzSLD_Words_100/BU/c2f215d136fb4051a848fb870ea12d39.mp4,BU,,unknown,23,30.0,
c3ea4ae0e4034e2e9ece1c32df429588,data/raw/AzSLD_Words_100/BU/c3ea4ae0e4034e2e9ece1c32df429588.mp4,BU,,unknown,25,30.0,
c501b522a8d1445f87be8fb1e48aa4c7,data/raw/AzSLD_Words_100/BU/c501b522a8d1445f87be8fb1e48aa4c7.mp4,BU,,unknown,25,30.0,rec_2022-12-27
c54e28c9994b48688949e6ccc89c1b86,data/raw/AzSLD_Words_100/BU/c54e28c9994b48688949e6ccc89c1b86.mp4,BU,,unknown,22,30.0,rec_2022-12-20
c6692e9a03e546df971b39e9f2262a7a,data/raw/AzSLD_Words_100/BU/c6692e9a03e546df971b39e9f2262a7a.mp4,BU,,unknown,16,30.0,rec_2022-07-13
c6b50a7a13364d68afaa5a2f58009bee,data/raw/AzSLD_Words_100/BU/c6b50a7a13364d68afaa5a2f58009bee.mp4,BU,,unknown,19,30.0,rec_2022-07-21
c75e5e82551243e8b3df81432f974f3b,data/raw/AzSLD_Words_100/BU/c75e5e82551243e8b3df81432f974f3b.mp4,BU,,unknown,37,30.0,rec_2022-12-24
c76f34137bec41b1b88e2fa133869a45,data/raw/AzSLD_Words_100/BU/c76f34137bec41b1b88e2fa133869a45.mp4,BU,,unknown,17,30.0,rec_2022-12-15
c7747cc0dfc64ff79afad056e5f779a8,data/raw/AzSLD_Words_100/BU/c7747cc0dfc64ff79afad056e5f779a8.mp4,BU,,unknown,23,30.0,rec_2022-07-16
c8abbc8dace34855ac3ee51363f8e1b7,data/raw/AzSLD_Words_100/BU/c8abbc8dace34855ac3ee51363f8e1b7.mp4,BU,,unknown,11,30.0,rec_2022-11-18
c93df5f701e340b1b1779ab1057f9d4d,data/raw/AzSLD_Words_100/BU/c93df5f701e340b1b1779ab1057f9d4d.mp4,BU,,unknown,24,30.0,rec_2022-12-23
caa42e85c45644df93827acd5d39aa3e,data/raw/AzSLD_Words_100/BU/caa42e85c45644df93827acd5d39aa3e.mp4,BU,,unknown,20,30.0,rec_2022-07-25
cb2d231963fd44009a20e049311fc65a,data/raw/AzSLD_Words_100/BU/cb2d231963fd44009a20e049311fc65a.mp4,BU,,unknown,26,30.0,rec_2022-11-19
cbab4958f26745ba80d22a29b17694a3,data/raw/AzSLD_Words_100/BU/cbab4958f26745ba80d22a29b17694a3.mp4,BU,,unknown,19,30.0,rec_2022-07-22
cc50111c1c8544caa2155502717be585,data/raw/AzSLD_Words_100/BU/cc50111c1c8544caa2155502717be585.mp4,BU,,unknown,28,30.0,rec_2022-12-23
cd637b46f38949a3aa5bfcfd009af2a7,data/raw/AzSLD_Words_100/BU/cd637b46f38949a3aa5bfcfd009af2a7.mp4,BU,,unknown,27,30.0,
cd6d931826cc4ab9858d1a0a8795d535,data/raw/AzSLD_Words_100/BU/cd6d931826cc4ab9858d1a0a8795d535.mp4,BU,,unknown,18,30.0,rec_2022-08-02
cd714519750c4a6880dce4d7ab7adc7d,data/raw/AzSLD_Words_100/BU/cd714519750c4a6880dce4d7ab7adc7d.mp4,BU,,unknown,1,30.0,rec_2022-11-10
d024f04410214658946414921c149143,data/raw/AzSLD_Words_100/BU/d024f04410214658946414921c149143.mp4,BU,,unknown,22,30.0,rec_2022-12-23
d14d4ae88c564e44bec9722adfa15f1a,data/raw/AzSLD_Words_100/BU/d14d4ae88c564e44bec9722adfa15f1a.mp4,BU,,unknown,23,30.0,rec_2022-11-19
d207e38698d34157990d5e01622d8d1f,data/raw/AzSLD_Words_100/BU/d207e38698d34157990d5e01622d8d1f.mp4,BU,,unknown,4,30.0,rec_2022-07-01
d2169bfd60f043d28f990a0bc78ac162,data/raw/AzSLD_Words_100/BU/d2169bfd60f043d28f990a0bc78ac162.mp4,BU,,unknown,24,30.0,rec_2022-12-27
d3a046e8caaa416fbb6ef8b27735e5c5,data/raw/AzSLD_Words_100/BU/d3a046e8caaa416fbb6ef8b27735e5c5.mp4,BU,,unknown,17,30.0,rec_2022-12-20
d536f55a90514ee0a28f76de53a9d2ea,data/raw/AzSLD_Words_100/BU/d536f55a90514ee0a28f76de53a9d2ea.mp4,BU,,unknown,23,30.0,rec_2022-07-16
d5af2ac7a9fb4073873b9a7c3d480afc,data/raw/AzSLD_Words_100/BU/d5af2ac7a9fb4073873b9a7c3d480afc.mp4,BU,,unknown,22,30.0,rec_2022-07-21
d89d58a595e54be48691b8341786a3fd,data/raw/AzSLD_Words_100/BU/d89d58a595e54be48691b8341786a3fd.mp4,BU,,unknown,21,30.0,rec_2022-12-22
d8daa2e08b3a410e9852e2e1771d9c17,data/raw/AzSLD_Words_100/BU/d8daa2e08b3a410e9852e2e1771d9c17.mp4,BU,,unknown,16,30.0,rec_2022-12-22
d9cd3bb1696145c29a3d056f633a98c5,data/raw/AzSLD_Words_100/BU/d9cd3bb1696145c29a3d056f633a98c5.mp4,BU,,unknown,22,30.0,rec_2022-06-03
da5f095cc79443148c11e6c985c70f9a,data/raw/AzSLD_Words_100/BU/da5f095cc79443148c11e6c985c70f9a.mp4,BU,,unknown,8,30.0,rec_2022-12-16
da6c78788f66476189b61f67b742d0fb,data/raw/AzSLD_Words_100/BU/da6c78788f66476189b61f67b742d0fb.mp4,BU,,unknown,32,30.0,rec_2022-11-19
db235df8cf594d8d83976b69d0e80dfe,data/raw/AzSLD_Words_100/BU/db235df8cf594d8d83976b69d0e80dfe.mp4,BU,,unknown,19,30.0,rec_2022-07-14
db24cd1e5e9844c1be2cec3b03405c7a,data/raw/AzSLD_Words_100/BU/db24cd1e5e9844c1be2cec3b03405c7a.mp4,BU,,unknown,32,30.0,rec_2022-11-01
dc1a1c1513ca418d97d70b723acc8b87,data/raw/AzSLD_Words_100/BU/dc1a1c1513ca418d97d70b723acc8b87.mp4,BU,,unknown,18,30.0,rec_2022-08-02
dcadb53f17ee4f279c12f9049625fc4c,data/raw/AzSLD_Words_100/BU/dcadb53f17ee4f279c12f9049625fc4c.mp4,BU,,unknown,16,30.0,rec_2022-06-02
dd05b83c097349a2b17646d32c8cd1d9,data/raw/AzSLD_Words_100/BU/dd05b83c097349a2b17646d32c8cd1d9.mp4,BU,,unknown,15,30.0,rec_2023-01-18
dd1ae0153be14a8d8e1fc4a15a3ce0f8,data/raw/AzSLD_Words_100/BU/dd1ae0153be14a8d8e1fc4a15a3ce0f8.mp4,BU,,unknown,30,30.0,rec_2022-12-22
ddff7a744ba4474faabeb273d8984d09,data/raw/AzSLD_Words_100/BU/ddff7a744ba4474faabeb273d8984d09.mp4,BU,,unknown,33,30.0,rec_2022-06-10
e0b63068e1ad49d1808ee3f2affa2576,data/raw/AzSLD_Words_100/BU/e0b63068e1ad49d1808ee3f2affa2576.mp4,BU,,unknown,19,30.0,rec_2022-11-17
e1e4e00ae08a45eebd9c86feb20ec227,data/raw/AzSLD_Words_100/BU/e1e4e00ae08a45eebd9c86feb20ec227.mp4,BU,,unknown,20,30.0,rec_2022-12-28
e21582c648174bf6a07ad026a9c36661,data/raw/AzSLD_Words_100/BU/e21582c648174bf6a07ad026a9c36661.mp4,BU,,unknown,23,30.0,rec_2022-12-27
e24343996e974fc5b768b9061b69e97a,data/raw/AzSLD_Words_100/BU/e24343996e974fc5b768b9061b69e97a.mp4,BU,,unknown,19,30.0,rec_2022-07-23
e2d1e94b34f04b72b980c39182ff5d08,data/raw/AzSLD_Words_100/BU/e2d1e94b34f04b72b980c39182ff5d08.mp4,BU,,unknown,31,30.0,
e594815574ea46e5abee4f72325d8c75,data/raw/AzSLD_Words_100/BU/e594815574ea46e5abee4f72325d8c75.mp4,BU,,unknown,31,30.0,rec_2022-10-26
e5cb7d8414224874b28452faad47018e,data/raw/AzSLD_Words_100/BU/e5cb7d8414224874b28452faad47018e.mp4,BU,,unknown,32,30.0,rec_2022-12-22
e5e457628a07424e88d370983f7133bf,data/raw/AzSLD_Words_100/BU/e5e457628a07424e88d370983f7133bf.mp4,BU,,unknown,24,30.0,rec_2022-11-10
e5e8e9f148784fecb9b592ca79935643,data/raw/AzSLD_Words_100/BU/e5e8e9f148784fecb9b592ca79935643.mp4,BU,,unknown,28,30.0,rec_2022-12-17
e69ce21b3a9441539d435655975b64f9,data/raw/AzSLD_Words_100/BU/e69ce21b3a9441539d435655975b64f9.mp4,BU,,unknown,37,30.0,rec_2022-11-17
e6d366a365c14fd490ab3cd9bf796b38,data/raw/AzSLD_Words_100/BU/e6d366a365c14fd490ab3cd9bf796b38.mp4,BU,,unknown,26,30.0,rec_2022-11-22
e827e9fe69e544689d84c440164f8d85,data/raw/AzSLD_Words_100/BU/e827e9fe69e544689d84c440164f8d85.mp4,BU,,unknown,19,30.0,rec_2022-12-20
eab97de3572e49fc872c8c756be4e24f,data/raw/AzSLD_Words_100/BU/eab97de3572e49fc872c8c756be4e24f.mp4,BU,,unknown,19,30.0,rec_2022-11-05
eb4095b4fa9346f3807bae22610926e4,data/raw/AzSLD_Words_100/BU/eb4095b4fa9346f3807bae22610926e4.mp4,BU,,unknown,19,30.0,rec_2022-07-14
eba7f069a7414a08b02019b167e1f928,data/raw/AzSLD_Words_100/BU/eba7f069a7414a08b02019b167e1f928.mp4,BU,,unknown,18,30.0,rec_2022-07-25
ebdcb1974913458dbd727fb67645427e,data/raw/AzSLD_Words_100/BU/ebdcb1974913458dbd727fb67645427e.mp4,BU,,unknown,19,30.0,rec_2022-11-10
ef2384e13d914fbba9738bcfea268f5d,data/raw/AzSLD_Words_100/BU/ef2384e13d914fbba9738bcfea268f5d.mp4,BU,,unknown,23,30.0,rec_2022-06-11
f198686dec7c4604af03eecd7629cc8e,data/raw/AzSLD_Words_100/BU/f198686dec7c4604af03eecd7629cc8e.mp4,BU,,unknown,21,30.0,rec_2022-12-23
f1e04298ee784a869467574fb7c7459f,data/raw/AzSLD_Words_100/BU/f1e04298ee784a869467574fb7c7459f.mp4,BU,,unknown,22,30.0,rec_2022-11-17
f268850b686c4f5185fd547bbf31bdfe,data/raw/AzSLD_Words_100/BU/f268850b686c4f5185fd547bbf31bdfe.mp4,BU,,unknown,18,30.0,rec_2022-07-23
f52ca15b575649989e26f68bf71e7b14,data/raw/AzSLD_Words_100/BU/f52ca15b575649989e26f68bf71e7b14.mp4,BU,,unknown,23,30.0,rec_2022-12-24
f5a0815b45c34c49aeb32a51a7920fcc,data/raw/AzSLD_Words_100/BU/f5a0815b45c34c49aeb32a51a7920fcc.mp4,BU,,unknown,41,30.0,rec_2022-07-02
f637f321b1c54194ba55a43b28c7dcfb,data/raw/AzSLD_Words_100/BU/f637f321b1c54194ba55a43b28c7dcfb.mp4,BU,,unknown,29,30.0,rec_2022-12-22
f67d1699f26d455f9da8e15ba25d1b3f,data/raw/AzSLD_Words_100/BU/f67d1699f26d455f9da8e15ba25d1b3f.mp4,BU,,unknown,48,30.0,rec_2022-06-01
f6c822c0b64548379d51ae4efc0f7533,data/raw/AzSLD_Words_100/BU/f6c822c0b64548379d51ae4efc0f7533.mp4,BU,,unknown,26,30.0,rec_2022-11-17
f99b43de174f4addae6d0b6079f4b49b,data/raw/AzSLD_Words_100/BU/f99b43de174f4addae6d0b6079f4b49b.mp4,BU,,unknown,18,30.0,rec_2022-08-02
fa40a6beebe5435d83064a38fe67bb7a,data/raw/AzSLD_Words_100/BU/fa40a6beebe5435d83064a38fe67bb7a.mp4,BU,,unknown,34,30.0,rec_2022-07-27
fac3153b0a304cd4bedfc30ef3f741c0,data/raw/AzSLD_Words_100/BU/fac3153b0a304cd4bedfc30ef3f741c0.mp4,BU,,unknown,51,30.0,rec_2022-11-22
fb9b2abc8d7440ab8150a06589ff8c60,data/raw/AzSLD_Words_100/BU/fb9b2abc8d7440ab8150a06589ff8c60.mp4,BU,,unknown,17,30.0,rec_2022-06-01
fc007918f5f64fc8974cea981e102ccf,data/raw/AzSLD_Words_100/BU/fc007918f5f64fc8974cea981e102ccf.mp4,BU,,unknown,27,30.0,rec_2022-11-22
fdd31c1617be4486a0360f9911ac1fdc,data/raw/AzSLD_Words_100/BU/fdd31c1617be4486a0360f9911ac1fdc.mp4,BU,,unknown,12,30.0,rec_2022-06-18
fe61592cb34e4fed8eae55208fc3886a,data/raw/AzSLD_Words_100/BU/fe61592cb34e4fed8eae55208fc3886a.mp4,BU,,unknown,24,30.0,rec_2022-12-27
ff0e3acb20384e3792b3dbb5dc114cff,data/raw/AzSLD_Words_100/BU/ff0e3acb20384e3792b3dbb5dc114cff.mp4,BU,,unknown,28,30.0,rec_2022-07-18
0d7378eb8f2a4e74878c810f9339ba8a,data/raw/AzSLD_Words_100/BU GÜN/0d7378eb8f2a4e74878c810f9339ba8a.mp4,BU GÜN,,unknown,44,30.0,rec_2022-07-19
15584de0249a4a79abe5e9e77363c87e,data/raw/AzSLD_Words_100/BU GÜN/15584de0249a4a79abe5e9e77363c87e.mp4,BU GÜN,,unknown,39,30.0,rec_2022-08-01
1cb0ff938fb7408b942d5c342c42dba8,data/raw/AzSLD_Words_100/BU GÜN/1cb0ff938fb7408b942d5c342c42dba8.mp4,BU GÜN,,unknown,51,30.0,rec_2022-07-16
39b326604cc7498cbeb7cbdc5395bfa7,data/raw/AzSLD_Words_100/BU GÜN/39b326604cc7498cbeb7cbdc5395bfa7.mp4,BU GÜN,,unknown,33,30.0,rec_2022-07-22
3b7404d13e254f03902f078bf75f7c69,data/raw/AzSLD_Words_100/BU GÜN/3b7404d13e254f03902f078bf75f7c69.mp4,BU GÜN,,unknown,22,30.0,rec_2022-12-20
453db65de64a4e81803e4ec09bd10a53,data/raw/AzSLD_Words_100/BU GÜN/453db65de64a4e81803e4ec09bd10a53.mp4,BU GÜN,,unknown,23,30.0,rec_2022-07-16
4c715b3dd464432a84a094034764fdcb,data/raw/AzSLD_Words_100/BU GÜN/4c715b3dd464432a84a094034764fdcb.mp4,BU GÜN,,unknown,34,30.0,rec_2022-07-16
4e7e9db9ace642e8b924086549c25fd1,data/raw/AzSLD_Words_100/BU GÜN/4e7e9db9ace642e8b924086549c25fd1.mp4,BU GÜN,,unknown,37,30.0,rec_2022-10-26
5b6d18b2d10d407ababfbe58bee8db61,data/raw/AzSLD_Words_100/BU GÜN/5b6d18b2d10d407ababfbe58bee8db61.mp4,BU GÜN,,unknown,28,30.0,rec_2022-11-17
5c8b3a2eeb034b959b3f2497356e7d42,data/raw/AzSLD_Words_100/BU GÜN/5c8b3a2eeb034b959b3f2497356e7d42.mp4,BU GÜN,,unknown,23,30.0,rec_2022-05-31
6bf8699bd87048d580fe9c497dfc2e66,data/raw/AzSLD_Words_100/BU GÜN/6bf8699bd87048d580fe9c497dfc2e66.mp4,BU GÜN,,unknown,45,30.0,rec_2022-05-25
72571858d7eb42ee847c1312b9bc7b44,data/raw/AzSLD_Words_100/BU GÜN/72571858d7eb42ee847c1312b9bc7b44.mp4,BU GÜN,,unknown,42,30.0,rec_2022-07-16
73a581a2493641c3bfda6f15996234f5,data/raw/AzSLD_Words_100/BU GÜN/73a581a2493641c3bfda6f15996234f5.mp4,BU GÜN,,unknown,50,30.0,rec_2022-07-21
73b2297be6d64864ba25508003d0f55a,data/raw/AzSLD_Words_100/BU GÜN/73b2297be6d64864ba25508003d0f55a.mp4,BU GÜN,,unknown,31,30.0,rec_2022-06-11
760246146700456fba18d527467efe9f,data/raw/AzSLD_Words_100/BU GÜN/760246146700456fba18d527467efe9f.mp4,BU GÜN,,unknown,21,30.0,rec_2022-12-28
78d001882e38461b84908a116b16e076,data/raw/AzSLD_Words_100/BU GÜN/78d001882e38461b84908a116b16e076.mp4,BU GÜN,,unknown,27,30.0,rec_2022-12-27
7a2d8c0ebd564500b36f4d04dee7e8dd,data/raw/AzSLD_Words_100/BU GÜN/7a2d8c0ebd564500b36f4d04dee7e8dd.mp4,BU GÜN,,unknown,22,30.0,rec_2022-12-22
889b17d7e41d4193b05dde3aa6dfd43c,data/raw/AzSLD_Words_100/BU GÜN/889b17d7e41d4193b05dde3aa6dfd43c.mp4,BU GÜN,,unknown,21,30.0,rec_2022-07-01
936a3465ccd94b1aad13385a08bb2c63,data/raw/AzSLD_Words_100/BU GÜN/936a3465ccd94b1aad13385a08bb2c63.mp4,BU GÜN,,unknown,41,30.0,rec_2022-12-15
955d0c6f3085401a843a586685a394d5,data/raw/AzSLD_Words_100/BU GÜN/955d0c6f3085401a843a586685a394d5.mp4,BU GÜN,,unknown,32,30.0,rec_2022-08-02
96cf3a5befac4ef1a8aaef6755c183d1,data/raw/AzSLD_Words_100/BU GÜN/96cf3a5befac4ef1a8aaef6755c183d1.mp4,BU GÜN,,unknown,28,30.0,rec_2022-07-29
9fbba2be712e494ba445c26883a63135,data/raw/AzSLD_Words_100/BU GÜN/9fbba2be712e494ba445c26883a63135.mp4,BU GÜN,,unknown,39,30.0,rec_2022-07-22
a48984fb6cbc4b1283e5c5c43c1a6203,data/raw/AzSLD_Words_100/BU GÜN/a48984fb6cbc4b1283e5c5c43c1a6203.mp4,BU GÜN,,unknown,33,30.0,rec_2022-08-01
b19c4d9ab21843cc92fb7ee6346729a1,data/raw/AzSLD_Words_100/BU GÜN/b19c4d9ab21843cc92fb7ee6346729a1.mp4,BU GÜN,,unknown,22,30.0,rec_2022-07-02
b93e9e89779a4cc8a38bce2b660cce85,data/raw/AzSLD_Words_100/BU GÜN/b93e9e89779a4cc8a38bce2b660cce85.mp4,BU GÜN,,unknown,25,30.0,rec_2022-12-20
ba70ac77d404418f84ee4b7e6ed45684,data/raw/AzSLD_Words_100/BU GÜN/ba70ac77d404418f84ee4b7e6ed45684.mp4,BU GÜN,,unknown,39,30.0,rec_2022-07-18
c564bbd757294b809d7f91a1a6fb9fc7,data/raw/AzSLD_Words_100/BU GÜN/c564bbd757294b809d7f91a1a6fb9fc7.mp4,BU GÜN,,unknown,24,30.0,rec_2022-07-18
d302f1045d50454b9907a6d6d23cabef,data/raw/AzSLD_Words_100/BU GÜN/d302f1045d50454b9907a6d6d23cabef.mp4,BU GÜN,,unknown,27,30.0,rec_2022-11-04
d8f7b25bed2545d8a39dfc1ab5a183bc,data/raw/AzSLD_Words_100/BU GÜN/d8f7b25bed2545d8a39dfc1ab5a183bc.mp4,BU GÜN,,unknown,54,30.0,rec_2022-05-26
e1519aa299404ef398a2aff779f241e3,data/raw/AzSLD_Words_100/BU GÜN/e1519aa299404ef398a2aff779f241e3.mp4,BU GÜN,,unknown,26,30.0,rec_2022-06-11
e2780e1ce8d44f0298d0daad55b6418f,data/raw/AzSLD_Words_100/BU GÜN/e2780e1ce8d44f0298d0daad55b6418f.mp4,BU GÜN,,unknown,26,30.0,rec_2022-12-24
edaa3bc2433a4d1ba372adf81c8c46bd,data/raw/AzSLD_Words_100/BU GÜN/edaa3bc2433a4d1ba372adf81c8c46bd.mp4,BU GÜN,,unknown,28,30.0,rec_2022-12-22
f3df28b266594299896d96ace1470548,data/raw/AzSLD_Words_100/BU GÜN/f3df28b266594299896d96ace1470548.mp4,BU GÜN,,unknown,40,30.0,rec_2022-08-02
f7cf4541293d48599d42b7cb9534828a,data/raw/AzSLD_Words_100/BU GÜN/f7cf4541293d48599d42b7cb9534828a.mp4,BU GÜN,,unknown,35,30.0,rec_2022-05-31
fc0330f42766479bbb0ba8fca28a670c,data/raw/AzSLD_Words_100/BU GÜN/fc0330f42766479bbb0ba8fca28a670c.mp4,BU GÜN,,unknown,18,30.0,rec_2022-07-18
01055fe127164315864866800d1a5b52,data/raw/AzSLD_Words_100/BU HƏFTƏ/01055fe127164315864866800d1a5b52.mp4,BU HƏFTƏ,,unknown,57,30.0,rec_2022-10-28
0bdf648aa1a847c4a242f3697bf8c01e,data/raw/AzSLD_Words_100/BU HƏFTƏ/0bdf648aa1a847c4a242f3697bf8c01e.mp4,BU HƏFTƏ,,unknown,51,30.0,rec_2022-11-04
0e217abe8762499aa59e6c54e7049ef6,data/raw/AzSLD_Words_100/BU HƏFTƏ/0e217abe8762499aa59e6c54e7049ef6.mp4,BU HƏFTƏ,,unknown,34,30.0,rec_2022-11-19
20c91be66ceb410b932ebac3e10a8ea9,data/raw/AzSLD_Words_100/BU HƏFTƏ/20c91be66ceb410b932ebac3e10a8ea9.mp4,BU HƏFTƏ,,unknown,47,30.0,rec_2022-11-18
4f2d6f9bd4c04c9f8f2f254d4166f428,data/raw/AzSLD_Words_100/BU HƏFTƏ/4f2d6f9bd4c04c9f8f2f254d4166f428.mp4,BU HƏFTƏ,,unknown,50,30.0,rec_2022-12-15
559f2632349e409db3a11b876e456d27,data/raw/AzSLD_Words_100/BU HƏFTƏ/559f2632349e409db3a11b876e456d27.mp4,BU HƏFTƏ,,unknown,36,30.0,rec_2022-12-20
565332f6bd084e70a16b3dc33fb449a9,data/raw/AzSLD_Words_100/BU HƏFTƏ/565332f6bd084e70a16b3dc33fb449a9.mp4,BU HƏFTƏ,,unknown,48,30.0,rec_2022-10-28
6a76f4d7a51c4524814b8425a7409fda,data/raw/AzSLD_Words_100/BU HƏFTƏ/6a76f4d7a51c4524814b8425a7409fda.mp4,BU HƏFTƏ,,unknown,40,30.0,rec_2022-12-23
7316867edd4c4c9998f6eb245b8ba9a5,data/raw/AzSLD_Words_100/BU HƏFTƏ/7316867edd4c4c9998f6eb245b8ba9a5.mp4,BU HƏFTƏ,,unknown,37,30.0,rec_2022-12-22
801c26bbeb6a4e8788e060429a55f705,data/raw/AzSLD_Words_100/BU HƏFTƏ/801c26bbeb6a4e8788e060429a55f705.mp4,BU HƏFTƏ,,unknown,44,30.0,rec_2022-11-18
8172f3ceb063477d9f25bc6f524ff41d,data/raw/AzSLD_Words_100/BU HƏFTƏ/8172f3ceb063477d9f25bc6f524ff41d.mp4,BU HƏFTƏ,,unknown,36,30.0,rec_2022-12-22
8343e01444ed4afaa1db7a4f3647d583,data/raw/AzSLD_Words_100/BU HƏFTƏ/8343e01444ed4afaa1db7a4f3647d583.mp4,BU HƏFTƏ,,unknown,45,30.0,rec_2022-10-28
8d8aca00e1b944cfae2ef870097d04e2,data/raw/AzSLD_Words_100/BU HƏFTƏ/8d8aca00e1b944cfae2ef870097d04e2.mp4,BU HƏFTƏ,,unknown,47,30.0,rec_2022-12-23
964338a7214d45a9be924bf24c1cb106,data/raw/AzSLD_Words_100/BU HƏFTƏ/964338a7214d45a9be924bf24c1cb106.mp4,BU HƏFTƏ,,unknown,44,30.0,rec_2022-11-10
9657a990a2ce40a29d0b927d6d879a00,data/raw/AzSLD_Words_100/BU HƏFTƏ/9657a990a2ce40a29d0b927d6d879a00.mp4,BU HƏFTƏ,,unknown,48,30.0,rec_2022-11-04
9c8b07bfbd874c80ab88f95c31c6cf0f,data/raw/AzSLD_Words_100/BU HƏFTƏ/9c8b07bfbd874c80ab88f95c31c6cf0f.mp4,BU HƏFTƏ,,unknown,48,30.0,rec_2022-11-17
a84465ac113148e8ba9605cb63c6a8f1,data/raw/AzSLD_Words_100/BU HƏFTƏ/a84465ac113148e8ba9605cb63c6a8f1.mp4,BU HƏFTƏ,,unknown,43,30.0,rec_2022-12-17
aa26f4a831184bf09d187fd475a141e0,data/raw/AzSLD_Words_100/BU HƏFTƏ/aa26f4a831184bf09d187fd475a141e0.mp4,BU HƏFTƏ,,unknown,58,30.0,rec_2022-12-27
b21d25ea1792417fb51599a26505af22,data/raw/AzSLD_Words_100/BU HƏFTƏ/b21d25ea1792417fb51599a26505af22.mp4,BU HƏFTƏ,,unknown,42,30.0,rec_2022-12-15
b48cb4a44dc94ea48cc981d7fb02df5c,data/raw/AzSLD_Words_100/BU HƏFTƏ/b48cb4a44dc94ea48cc981d7fb02df5c.mp4,BU HƏFTƏ,,unknown,58,30.0,rec_2022-12-20
b654f593707c4ef9978ece934b955656,data/raw/AzSLD_Words_100/BU HƏFTƏ/b654f593707c4ef9978ece934b955656.mp4,BU HƏFTƏ,,unknown,34,30.0,rec_2023-01-18
bbb0427b87154a79b9ab7df74e47f14e,data/raw/AzSLD_Words_100/BU HƏFTƏ/bbb0427b87154a79b9ab7df74e47f14e.mp4,BU HƏFTƏ,,unknown,35,30.0,rec_2022-11-10
c6af25a092f343f880b98e366571d82e,data/raw/AzSLD_Words_100/BU HƏFTƏ/c6af25a092f343f880b98e366571d82e.mp4,BU HƏFTƏ,,unknown,40,30.0,rec_2022-12-23
cac35419a0ac46b2910b81e48ea89a9c,data/raw/AzSLD_Words_100/BU HƏFTƏ/cac35419a0ac46b2910b81e48ea89a9c.mp4,BU HƏFTƏ,,unknown,46,30.0,rec_2022-12-20
cd2d74dba7ae441a852e89700e2bc5bb,data/raw/AzSLD_Words_100/BU HƏFTƏ/cd2d74dba7ae441a852e89700e2bc5bb.mp4,BU HƏFTƏ,,unknown,49,30.0,rec_2022-12-27
d3007b9d232d477cb5cc6026e567ab90,data/raw/AzSLD_Words_100/BU HƏFTƏ/d3007b9d232d477cb5cc6026e567ab90.mp4,BU HƏFTƏ,,unknown,50,30.0,rec_2022-12-17
dd66f532e65248ebba82711c38e8d361,data/raw/AzSLD_Words_100/BU HƏFTƏ/dd66f532e65248ebba82711c38e8d361.mp4,BU HƏFTƏ,,unknown,25,30.0,rec_2022-11-19
f35bcf103097429787696a0c94ecf9de,data/raw/AzSLD_Words_100/BU HƏFTƏ/f35bcf103097429787696a0c94ecf9de.mp4,BU HƏFTƏ,,unknown,50,30.0,rec_2022-11-22
f3d26dba03414c828ceac464ac761c02,data/raw/AzSLD_Words_100/BU HƏFTƏ/f3d26dba03414c828ceac464ac761c02.mp4,BU HƏFTƏ,,unknown,44,30.0,rec_2022-10-28
f798665dc2dc4f1cb6b31c1336a66761,data/raw/AzSLD_Words_100/BU HƏFTƏ/f798665dc2dc4f1cb6b31c1336a66761.mp4,BU HƏFTƏ,,unknown,59,30.0,rec_2022-11-17
fe1ec932fa3e496486d6ee213564d863,data/raw/AzSLD_Words_100/BU HƏFTƏ/fe1ec932fa3e496486d6ee213564d863.mp4,BU HƏFTƏ,,unknown,39,30.0,rec_2022-12-27
fe9032ccc65548d99b02e5e675b17da2,data/raw/AzSLD_Words_100/BU HƏFTƏ/fe9032ccc65548d99b02e5e675b17da2.mp4,BU HƏFTƏ,,unknown,43,30.0,rec_2022-12-22
047c2aac8aa64f5abc1735b6f949300c,data/raw/AzSLD_Words_100/BURA/047c2aac8aa64f5abc1735b6f949300c.mp4,BURA,,unknown,14,30.0,rec_2022-06-13
05431baa23f24fcca7fb623f4a2c8ff4,data/raw/AzSLD_Words_100/BURA/05431baa23f24fcca7fb623f4a2c8ff4.mp4,BURA,,unknown,21,30.0,rec_2022-07-25
07ce9023d10c4a50b3692413ccd2c9cb,data/raw/AzSLD_Words_100/BURA/07ce9023d10c4a50b3692413ccd2c9cb.mp4,BURA,,unknown,17,30.0,rec_2022-06-10
201db911f82f4cc4ad2eb053f2473b7e,data/raw/AzSLD_Words_100/BURA/201db911f82f4cc4ad2eb053f2473b7e.mp4,BURA,,unknown,12,30.0,rec_2022-06-03
21f0297e987d490d9dce1b895ad406e5,data/raw/AzSLD_Words_100/BURA/21f0297e987d490d9dce1b895ad406e5.mp4,BURA,,unknown,12,30.0,rec_2022-07-13
3b94438ee8cc4ac38c6b0910191f34f0,data/raw/AzSLD_Words_100/BURA/3b94438ee8cc4ac38c6b0910191f34f0.mp4,BURA,,unknown,24,30.0,rec_2022-06-11
3fbbc9bc533c485c96294b28a4d24d2c,data/raw/AzSLD_Words_100/BURA/3fbbc9bc533c485c96294b28a4d24d2c.mp4,BURA,,unknown,12,30.0,rec_2022-07-23
5dcf399b683547f086324f0aba1e5206,data/raw/AzSLD_Words_100/BURA/5dcf399b683547f086324f0aba1e5206.mp4,BURA,,unknown,10,30.0,rec_2022-08-02
5efce53029de40d980fd701b7cd413d4,data/raw/AzSLD_Words_100/BURA/5efce53029de40d980fd701b7cd413d4.mp4,BURA,,unknown,16,30.0,rec_2022-06-18
6cfc1575d279469e93c4b1b6163c4926,data/raw/AzSLD_Words_100/BURA/6cfc1575d279469e93c4b1b6163c4926.mp4,BURA,,unknown,12,30.0,rec_2022-07-23
7221cee4dd36476d9506480a46f5fd78,data/raw/AzSLD_Words_100/BURA/7221cee4dd36476d9506480a46f5fd78.mp4,BURA,,unknown,16,30.0,rec_2022-06-01
7c687f386a7c410d84f7427036733ee5,data/raw/AzSLD_Words_100/BURA/7c687f386a7c410d84f7427036733ee5.mp4,BURA,,unknown,13,30.0,rec_2022-11-04
9a9f7336ebd44af4be6b25bc852da791,data/raw/AzSLD_Words_100/BURA/9a9f7336ebd44af4be6b25bc852da791.mp4,BURA,,unknown,24,30.0,rec_2022-07-01
9bd07aa42ea14de4909c2ad42638960f,data/raw/AzSLD_Words_100/BURA/9bd07aa42ea14de4909c2ad42638960f.mp4,BURA,,unknown,19,30.0,rec_2022-06-02
a0a1295fca8f4b3f8be1c54c89aa3669,data/raw/AzSLD_Words_100/BURA/a0a1295fca8f4b3f8be1c54c89aa3669.mp4,BURA,,unknown,16,30.0,rec_2022-12-17
a7faec7329f342bcb77936b96ca570ce,data/raw/AzSLD_Words_100/BURA/a7faec7329f342bcb77936b96ca570ce.mp4,BURA,,unknown,12,30.0,rec_2022-07-18
b3981b773bca4704b3f1717e61e13c0f,data/raw/AzSLD_Words_100/BURA/b3981b773bca4704b3f1717e61e13c0f.mp4,BURA,,unknown,22,30.0,rec_2022-11-18
dc45a3192c2244a1b794978bb8f101b2,data/raw/AzSLD_Words_100/BURA/dc45a3192c2244a1b794978bb8f101b2.mp4,BURA,,unknown,26,30.0,rec_2022-07-21
e7d46bd16c374e60a2157e18f41560e7,data/raw/AzSLD_Words_100/BURA/e7d46bd16c374e60a2157e18f41560e7.mp4,BURA,,unknown,15,30.0,rec_2022-11-19
ff39ebbe37494cffa46ae08ab5e61adc,data/raw/AzSLD_Words_100/BURA/ff39ebbe37494cffa46ae08ab5e61adc.mp4,BURA,,unknown,21,30.0,rec_2022-11-22
05286d1eeebb46a3a1df03ce1283d15a,data/raw/AzSLD_Words_100/BURDA/05286d1eeebb46a3a1df03ce1283d15a.mp4,BURDA,,unknown,24,30.0,rec_2022-07-21
054cef00a6224f32ac7a7418e411f972,data/raw/AzSLD_Words_100/BURDA/054cef00a6224f32ac7a7418e411f972.mp4,BURDA,,unknown,13,30.0,rec_2022-07-19
0823d6c252044735b569ee0a0ee3b7e1,data/raw/AzSLD_Words_100/BURDA/0823d6c252044735b569ee0a0ee3b7e1.mp4,BURDA,,unknown,17,30.0,rec_2022-07-27
0e67a493db0445f381c51ec4113b57b8,data/raw/AzSLD_Words_100/BURDA/0e67a493db0445f381c51ec4113b57b8.mp4,BURDA,,unknown,11,30.0,rec_2022-07-23
118fe642abf74a1a8c7eab5635227107,data/raw/AzSLD_Words_100/BURDA/118fe642abf74a1a8c7eab5635227107.mp4,BURDA,,unknown,21,30.0,rec_2022-12-27
11b3d96d9d14462aa9ac42b88af2f4c6,data/raw/AzSLD_Words_100/BURDA/11b3d96d9d14462aa9ac42b88af2f4c6.mp4,BURDA,,unknown,22,30.0,rec_2022-12-23
16199eb7a4064115bed7b6c81368e642,data/raw/AzSLD_Words_100/BURDA/16199eb7a4064115bed7b6c81368e642.mp4,BURDA,,unknown,15,30.0,rec_2022-11-01
17c2618ce35843fa902e006ea90e4704,data/raw/AzSLD_Words_100/BURDA/17c2618ce35843fa902e006ea90e4704.mp4,BURDA,,unknown,18,30.0,rec_2022-12-20
191071740b5541b0ac5ac4f050ac5bd0,data/raw/AzSLD_Words_100/BURDA/191071740b5541b0ac5ac4f050ac5bd0.mp4,BURDA,,unknown,11,30.0,rec_2022-07-20
19377c78573b4af6acec3b0e93955a94,data/raw/AzSLD_Words_100/BURDA/19377c78573b4af6acec3b0e93955a94.mp4,BURDA,,unknown,14,30.0,rec_2022-11-22
19c40811bfd84462955cc634ae88ad05,data/raw/AzSLD_Words_100/BURDA/19c40811bfd84462955cc634ae88ad05.mp4,BURDA,,unknown,28,30.0,rec_2022-06-01
1a4d0f69df6f48bf893bd5b74f046878,data/raw/AzSLD_Words_100/BURDA/1a4d0f69df6f48bf893bd5b74f046878.mp4,BURDA,,unknown,30,30.0,rec_2022-11-01
1e17250106f64efea07c90a5527611e5,data/raw/AzSLD_Words_100/BURDA/1e17250106f64efea07c90a5527611e5.mp4,BURDA,,unknown,27,30.0,rec_2022-07-23
26b96a45bd014cc8a4954d9aaca38472,data/raw/AzSLD_Words_100/BURDA/26b96a45bd014cc8a4954d9aaca38472.mp4,BURDA,,unknown,20,30.0,rec_2022-07-18
2a6fbe4c5044444c91064eab95f8f28c,data/raw/AzSLD_Words_100/BURDA/2a6fbe4c5044444c91064eab95f8f28c.mp4,BURDA,,unknown,37,30.0,rec_2022-05-25
2cae252d50fd4a129bb4df5e537fefd7,data/raw/AzSLD_Words_100/BURDA/2cae252d50fd4a129bb4df5e537fefd7.mp4,BURDA,,unknown,12,30.0,rec_2022-07-20
2d59efae67c74cadaa45bf7a8e6c6a32,data/raw/AzSLD_Words_100/BURDA/2d59efae67c74cadaa45bf7a8e6c6a32.mp4,BURDA,,unknown,32,30.0,rec_2022-07-23
2de435309c184b1aab51a7a43edf6cad,data/raw/AzSLD_Words_100/BURDA/2de435309c184b1aab51a7a43edf6cad.mp4,BURDA,,unknown,34,30.0,rec_2022-05-25
38393d35e6d6473d845436c44f850e85,data/raw/AzSLD_Words_100/BURDA/38393d35e6d6473d845436c44f850e85.mp4,BURDA,,unknown,29,30.0,rec_2022-08-02
39dede760ae84a7ebd955dda3dff33ff,data/raw/AzSLD_Words_100/BURDA/39dede760ae84a7ebd955dda3dff33ff.mp4,BURDA,,unknown,25,30.0,rec_2022-06-03
3bdd7bd6c31f45e583888f68294071bf,data/raw/AzSLD_Words_100/BURDA/3bdd7bd6c31f45e583888f68294071bf.mp4,BURDA,,unknown,15,30.0,rec_2022-06-18
3caed69e009c47e2984073f1b966e0ab,data/raw/AzSLD_Words_100/BURDA/3caed69e009c47e2984073f1b966e0ab.mp4,BURDA,,unknown,24,30.0,rec_2023-01-18
3d6f69a814d741979af67b87db651550,data/raw/AzSLD_Words_100/BURDA/3d6f69a814d741979af67b87db651550.mp4,BURDA,,unknown,12,30.0,rec_2022-06-01
43953394c4224ab4ac15862da052e653,data/raw/AzSLD_Words_100/BURDA/43953394c4224ab4ac15862da052e653.mp4,BURDA,,unknown,22,30.0,rec_2022-11-17
44090db086144d3b90a088e2c2272ff1,data/raw/AzSLD_Words_100/BURDA/44090db086144d3b90a088e2c2272ff1.mp4,BURDA,,unknown,21,30.0,rec_2022-12-23
44a7a74387454b3592a60a8976f6ddfb,data/raw/AzSLD_Words_100/BURDA/44a7a74387454b3592a60a8976f6ddfb.mp4,BURDA,,unknown,23,30.0,rec_2022-08-02
46a31927e07b477c859c8beccf72de80,data/raw/AzSLD_Words_100/BURDA/46a31927e07b477c859c8beccf72de80.mp4,BURDA,,unknown,34,30.0,rec_2022-11-01
4e964f8b6f9d4f1cb8ceebbbf92ca015,data/raw/AzSLD_Words_100/BURDA/4e964f8b6f9d4f1cb8ceebbbf92ca015.mp4,BURDA,,unknown,19,30.0,rec_2022-11-10
4f9e6898fe72415a905703bff4dcf951,data/raw/AzSLD_Words_100/BURDA/4f9e6898fe72415a905703bff4dcf951.mp4,BURDA,,unknown,21,30.0,rec_2022-07-23
502e3bfd4b964c25aefcf01d7fe36a47,data/raw/AzSLD_Words_100/BURDA/502e3bfd4b964c25aefcf01d7fe36a47.mp4,BURDA,,unknown,19,30.0,rec_2022-07-21
50b12378472f498fa7d6085bd52853d7,data/raw/AzSLD_Words_100/BURDA/50b12378472f498fa7d6085bd52853d7.mp4,BURDA,,unknown,18,30.0,rec_2022-12-15
51d41a94e96340da94a1e7bbdab990c6,data/raw/AzSLD_Words_100/BURDA/51d41a94e96340da94a1e7bbdab990c6.mp4,BURDA,,unknown,29,30.0,rec_2022-12-27
53d21386d04144838d91e94b7d0c3433,data/raw/AzSLD_Words_100/BURDA/53d21386d04144838d91e94b7d0c3433.mp4,BURDA,,unknown,11,30.0,rec_2022-08-02
542328cb16c143d1be568cb7cda62c36,data/raw/AzSLD_Words_100/BURDA/542328cb16c143d1be568cb7cda62c36.mp4,BURDA,,unknown,17,30.0,rec_2022-12-22
550826df88844ae789d781013c4c107f,data/raw/AzSLD_Words_100/BURDA/550826df88844ae789d781013c4c107f.mp4,BURDA,,unknown,18,30.0,rec_2022-07-18
588bc7da52da486abd6ed2f3d85ef40e,data/raw/AzSLD_Words_100/BURDA/588bc7da52da486abd6ed2f3d85ef40e.mp4,BURDA,,unknown,22,30.0,rec_2022-11-18
5c428614152940c7a8bf083041f57d39,data/raw/AzSLD_Words_100/BURDA/5c428614152940c7a8bf083041f57d39.mp4,BURDA,,unknown,14,30.0,rec_2022-07-18
5dcca209c6a04b5c8f16bca690742cad,data/raw/AzSLD_Words_100/BURDA/5dcca209c6a04b5c8f16bca690742cad.mp4,BURDA,,unknown,19,30.0,rec_2022-11-05
5e95c3b4b38d444091c07d84a989a879,data/raw/AzSLD_Words_100/BURDA/5e95c3b4b38d444091c07d84a989a879.mp4,BURDA,,unknown,21,30.0,rec_2022-12-27
61a363b9f3a547b38aea15a08aba6eaf,data/raw/AzSLD_Words_100/BURDA/61a363b9f3a547b38aea15a08aba6eaf.mp4,BURDA,,unknown,25,30.0,rec_2022-12-22
62a37a8f60ea40eea720e46cf4825e3f,data/raw/AzSLD_Words_100/BURDA/62a37a8f60ea40eea720e46cf4825e3f.mp4,BURDA,,unknown,20,30.0,rec_2022-12-28
63d572cc470a4478b3315f45677c898f,data/raw/AzSLD_Words_100/BURDA/63d572cc470a4478b3315f45677c898f.mp4,BURDA,,unknown,14,30.0,rec_2022-07-22
6697f7acc73c4afe939715c100433b15,data/raw/AzSLD_Words_100/BURDA/6697f7acc73c4afe939715c100433b15.mp4,BURDA,,unknown,24,30.0,rec_2022-07-23
697878478ec442d6a418766b9a0ab506,data/raw/AzSLD_Words_100/BURDA/697878478ec442d6a418766b9a0ab506.mp4,BURDA,,unknown,32,30.0,rec_2022-05-26
6be98c77063344cf9f0b5633bbb421b8,data/raw/AzSLD_Words_100/BURDA/6be98c77063344cf9f0b5633bbb421b8.mp4,BURDA,,unknown,18,30.0,rec_2022-11-19
6e95643864f642f0bfc0adf7135bcef2,data/raw/AzSLD_Words_100/BURDA/6e95643864f642f0bfc0adf7135bcef2.mp4,BURDA,,unknown,23,30.0,rec_2022-07-02
721c74f9101141718cbe3994815e2d80,data/raw/AzSLD_Words_100/BURDA/721c74f9101141718cbe3994815e2d80.mp4,BURDA,,unknown,18,30.0,rec_2022-07-23
7234dba3b82d4ae283c51b9743b008b5,data/raw/AzSLD_Words_100/BURDA/7234dba3b82d4ae283c51b9743b008b5.mp4,BURDA,,unknown,21,30.0,rec_2022-08-01
72bc5b92ac1c44feac9d11dbf408482b,data/raw/AzSLD_Words_100/BURDA/72bc5b92ac1c44feac9d11dbf408482b.mp4,BURDA,,unknown,9,30.0,rec_2022-07-27
7637ef3e57c0418bb81325c18dd5e4bd,data/raw/AzSLD_Words_100/BURDA/7637ef3e57c0418bb81325c18dd5e4bd.mp4,BURDA,,unknown,18,30.0,rec_2022-11-22
78d6aa22e9354264950a241a2ef1037c,data/raw/AzSLD_Words_100/BURDA/78d6aa22e9354264950a241a2ef1037c.mp4,BURDA,,unknown,9,30.0,rec_2022-06-10
7a29cc23303148e38f9a5b2820b67adc,data/raw/AzSLD_Words_100/BURDA/7a29cc23303148e38f9a5b2820b67adc.mp4,BURDA,,unknown,23,30.0,rec_2022-12-24
7a8ad9a480df4ddd9542ce02548197eb,data/raw/AzSLD_Words_100/BURDA/7a8ad9a480df4ddd9542ce02548197eb.mp4,BURDA,,unknown,20,30.0,rec_2022-07-02
7accdedddfb04dde895f091f0e484146,data/raw/AzSLD_Words_100/BURDA/7accdedddfb04dde895f091f0e484146.mp4,BURDA,,unknown,37,30.0,rec_2022-06-02
7f8566baee954aeebf85570df515e6bf,data/raw/AzSLD_Words_100/BURDA/7f8566baee954aeebf85570df515e6bf.mp4,BURDA,,unknown,29,30.0,rec_2022-06-11
800117b5b6b941c4b8bb46699a1cce08,data/raw/AzSLD_Words_100/BURDA/800117b5b6b941c4b8bb46699a1cce08.mp4,BURDA,,unknown,29,30.0,rec_2022-08-02
811f7c1cb7694131a08c7004d274f0db,data/raw/AzSLD_Words_100/BURDA/811f7c1cb7694131a08c7004d274f0db.mp4,BURDA,,unknown,33,30.0,rec_2022-05-25
82c87ff835954bed93621a4bfcf8c97a,data/raw/AzSLD_Words_100/BURDA/82c87ff835954bed93621a4bfcf8c97a.mp4,BURDA,,unknown,21,30.0,rec_2022-07-15
847e9b52483f434d98cf1578969f122a,data/raw/AzSLD_Words_100/BURDA/847e9b52483f434d98cf1578969f122a.mp4,BURDA,,unknown,18,30.0,rec_2022-07-25
871d4bd02b3746989fa50b2a9758e4f1,data/raw/AzSLD_Words_100/BURDA/871d4bd02b3746989fa50b2a9758e4f1.mp4,BURDA,,unknown,22,30.0,rec_2022-11-05
897925afbe78457386ecefddab99e738,data/raw/AzSLD_Words_100/BURDA/897925afbe78457386ecefddab99e738.mp4,BURDA,,unknown,17,30.0,rec_2022-07-21
8b0dea1534b34326a4764a3cad676cc6,data/raw/AzSLD_Words_100/BURDA/8b0dea1534b34326a4764a3cad676cc6.mp4,BURDA,,unknown,33,30.0,rec_2022-12-27
933270ce0cb141baae7d356b90d26eb0,data/raw/AzSLD_Words_100/BURDA/933270ce0cb141baae7d356b90d26eb0.mp4,BURDA,,unknown,15,30.0,rec_2022-08-02
9a965465d6804b5aa990633d606b794c,data/raw/AzSLD_Words_100/BURDA/9a965465d6804b5aa990633d606b794c.mp4,BURDA,,unknown,11,30.0,rec_2022-11-17
9ac84cc9e4c64d378e9468131f99fc0d,data/raw/AzSLD_Words_100/BURDA/9ac84cc9e4c64d378e9468131f99fc0d.mp4,BURDA,,unknown,22,30.0,rec_2022-07-13
9d5e3b2c3e9f4212bdeccef45f508ed4,data/raw/AzSLD_Words_100/BURDA/9d5e3b2c3e9f4212bdeccef45f508ed4.mp4,BURDA,,unknown,19,30.0,rec_2022-06-02
9f09e652395c438cbcc9f6e7404a8a3f,data/raw/AzSLD_Words_100/BURDA/9f09e652395c438cbcc9f6e7404a8a3f.mp4,BURDA,,unknown,25,30.0,rec_2022-07-22
a0e232cbcb8c4af399c0bbe3a45f71e4,data/raw/AzSLD_Words_100/BURDA/a0e232cbcb8c4af399c0bbe3a45f71e4.mp4,BURDA,,unknown,27,30.0,rec_2022-12-23
a26490571d354978ba401f5f2b92696d,data/raw/AzSLD_Words_100/BURDA/a26490571d354978ba401f5f2b92696d.mp4,BURDA,,unknown,17,30.0,rec_2022-07-25
a4667bd139144d6e979a3459d9e757b2,data/raw/AzSLD_Words_100/BURDA/a4667bd139144d6e979a3459d9e757b2.mp4,BURDA,,unknown,19,30.0,rec_2022-11-19
a566830e999e42eb86466e2ccb8c79e7,data/raw/AzSLD_Words_100/BURDA/a566830e999e42eb86466e2ccb8c79e7.mp4,BURDA,,unknown,10,30.0,rec_2022-07-19
a8a4066b46fb4eb6931189fb58d4f1dc,data/raw/AzSLD_Words_100/BURDA/a8a4066b46fb4eb6931189fb58d4f1dc.mp4,BURDA,,unknown,28,30.0,rec_2022-12-28
aa69731f5b6c47268167dc354349438f,data/raw/AzSLD_Words_100/BURDA/aa69731f5b6c47268167dc354349438f.mp4,BURDA,,unknown,25,30.0,rec_2023-01-18
ae72e7603058484481c3414f588908de,data/raw/AzSLD_Words_100/BURDA/ae72e7603058484481c3414f588908de.mp4,BURDA,,unknown,17,30.0,rec_2022-07-23
b018c53645444eea98919863d44b11a8,data/raw/AzSLD_Words_100/BURDA/b018c53645444eea98919863d44b11a8.mp4,BURDA,,unknown,29,30.0,rec_2022-06-01
b0a2482f099e48abb6843ec0de453d04,data/raw/AzSLD_Words_100/BURDA/b0a2482f099e48abb6843ec0de453d04.mp4,BURDA,,unknown,21,30.0,rec_2022-12-17
b49041c1a82e41a7a5fe1b34d2fd2784,data/raw/AzSLD_Words_100/BURDA/b49041c1a82e41a7a5fe1b34d2fd2784.mp4,BURDA,,unknown,28,30.0,rec_2022-12-22
b5e4af9ec91d42a1bb9b076e0c050b86,data/raw/AzSLD_Words_100/BURDA/b5e4af9ec91d42a1bb9b076e0c050b86.mp4,BURDA,,unknown,26,30.0,rec_2022-11-18
c0a9bf590c774cb4918425ca285a54f4,data/raw/AzSLD_Words_100/BURDA/c0a9bf590c774cb4918425ca285a54f4.mp4,BURDA,,unknown,23,30.0,rec_2022-06-01
c60d52f357464aa5af7ff3826f323bf4,data/raw/AzSLD_Words_100/BURDA/c60d52f357464aa5af7ff3826f323bf4.mp4,BURDA,,unknown,36,30.0,rec_2022-12-20
c6276764fdca408ea9faf308c79d2e3f,data/raw/AzSLD_Words_100/BURDA/c6276764fdca408ea9faf308c79d2e3f.mp4,BURDA,,unknown,10,30.0,rec_2022-11-10
c86d89450a934696a1481aeff7f78737,data/raw/AzSLD_Words_100/BURDA/c86d89450a934696a1481aeff7f78737.mp4,BURDA,,unknown,19,30.0,rec_2022-07-02
cbbc71690706433bb5698b879dec7404,data/raw/AzSLD_Words_100/BURDA/cbbc71690706433bb5698b879dec7404.mp4,BURDA,,unknown,22,30.0,rec_2022-12-20
cbe6748d6da14cc7a390ce3ab0a5db52,data/raw/AzSLD_Words_100/BURDA/cbe6748d6da14cc7a390ce3ab0a5db52.mp4,BURDA,,unknown,17,30.0,rec_2022-05-31
cc925017543648029f8cb3759bd22263,data/raw/AzSLD_Words_100/BURDA/cc925017543648029f8cb3759bd22263.mp4,BURDA,,unknown,24,30.0,rec_2022-07-13
ccdb0596b72040f6bb66e83f70f6caa9,data/raw/AzSLD_Words_100/BURDA/ccdb0596b72040f6bb66e83f70f6caa9.mp4,BURDA,,unknown,14,30.0,rec_2022-12-23
cdb6bb25b51144a8a59ffc9e93dd3736,data/raw/AzSLD_Words_100/BURDA/cdb6bb25b51144a8a59ffc9e93dd3736.mp4,BURDA,,unknown,19,30.0,rec_2022-07-13
d2103edff92f4646a6ac86da9b077c40,data/raw/AzSLD_Words_100/BURDA/d2103edff92f4646a6ac86da9b077c40.mp4,BURDA,,unknown,15,30.0,rec_2022-07-14
d51a43df536f41e18e1acb99b65567e6,data/raw/AzSLD_Words_100/BURDA/d51a43df536f41e18e1acb99b65567e6.mp4,BURDA,,unknown,23,30.0,rec_2022-12-22
d61d09f0ad994079bfa603fac1909c45,data/raw/AzSLD_Words_100/BURDA/d61d09f0ad994079bfa603fac1909c45.mp4,BURDA,,unknown,16,30.0,rec_2022-07-18
d64753c1439f48d6997bf2434a666a93,data/raw/AzSLD_Words_100/BURDA/d64753c1439f48d6997bf2434a666a93.mp4,BURDA,,unknown,23,30.0,rec_2022-11-01
d6bf845097414faabd68c4223244e7e8,data/raw/AzSLD_Words_100/BURDA/d6bf845097414faabd68c4223244e7e8.mp4,BURDA,,unknown,1,30.0,rec_2022-12-27
d89552cc7ebe49338b9ff37ffeae16ef,data/raw/AzSLD_Words_100/BURDA/d89552cc7ebe49338b9ff37ffeae16ef.mp4,BURDA,,unknown,23,30.0,rec_2022-07-18
da4961a3ce264323b15dc34638545ae6,data/raw/AzSLD_Words_100/BURDA/da4961a3ce264323b15dc34638545ae6.mp4,BURDA,,unknown,23,30.0,rec_2022-07-02
e06331ec55c84432bca0249556beef72,data/raw/AzSLD_Words_100/BURDA/e06331ec55c84432bca0249556beef72.mp4,BURDA,,unknown,26,30.0,rec_2022-12-24
e4c733f7098a4e94b5748afb0232a869,data/raw/AzSLD_Words_100/BURDA/e4c733f7098a4e94b5748afb0232a869.mp4,BURDA,,unknown,29,30.0,rec_2022-05-21
e4d587652f754e458136dd4e8d4df3ca,data/raw/AzSLD_Words_100/BURDA/e4d587652f754e458136dd4e8d4df3ca.mp4,BURDA,,unknown,23,30.0,rec_2022-05-24
e6c15659f6814a0f8873e0b0beec9bcb,data/raw/AzSLD_Words_100/BURDA/e6c15659f6814a0f8873e0b0beec9bcb.mp4,BURDA,,unknown,19,30.0,rec_2022-07-02
ef7247c99aee4a289b89014ef7d32af0,data/raw/AzSLD_Words_100/BURDA/ef7247c99aee4a289b89014ef7d32af0.mp4,BURDA,,unknown,16,30.0,rec_2022-07-29
f08ee62cb4c145fb8c59c74f57584909,data/raw/AzSLD_Words_100/BURDA/f08ee62cb4c145fb8c59c74f57584909.mp4,BURDA,,unknown,26,30.0,rec_2022-12-20
f377950940a044c182883cc0187d54f4,data/raw/AzSLD_Words_100/BURDA/f377950940a044c182883cc0187d54f4.mp4,BURDA,,unknown,46,30.0,rec_2022-06-10
fff6b679229444c29cf7c4b122adfc4a,data/raw/AzSLD_Words_100/BURDA/fff6b679229444c29cf7c4b122adfc4a.mp4,BURDA,,unknown,16,30.0,rec_2022-07-13
029497d1387b457a960748b10d1b36e6,data/raw/AzSLD_Words_100/D/029497d1387b457a960748b10d1b36e6.mp4,D,,unknown,17,30.0,rec_2023-01-19
06e3117051044306b7e4ea6379b1bd7c,data/raw/AzSLD_Words_100/D/06e3117051044306b7e4ea6379b1bd7c.mp4,D,,unknown,15,30.0,rec_2022-11-17
082c99bbe9c14b818f3e04f458529ada,data/raw/AzSLD_Words_100/D/082c99bbe9c14b818f3e04f458529ada.mp4,D,,unknown,15,30.0,rec_2022-07-18
0be5ebae67ad4a87953ec81d4c9a317e,data/raw/AzSLD_Words_100/D/0be5ebae67ad4a87953ec81d4c9a317e.mp4,D,,unknown,11,30.0,rec_2022-12-27
0d7515dae7d94a52bbd0582986f620b7,data/raw/AzSLD_Words_100/D/0d7515dae7d94a52bbd0582986f620b7.mp4,D,,unknown,25,30.0,rec_2022-12-28
12a481315b7049b68e369089024afabc,data/raw/AzSLD_Words_100/D/12a481315b7049b68e369089024afabc.mp4,D,,unknown,16,30.0,rec_2022-07-21
1810255efeec42c58dce59f85605a6d1,data/raw/AzSLD_Words_100/D/1810255efeec42c58dce59f85605a6d1.mp4,D,,unknown,21,30.0,rec_2022-11-01
1a8cd3691d85431b9254d129c6c299ac,data/raw/AzSLD_Words_100/D/1a8cd3691d85431b9254d129c6c299ac.mp4,D,,unknown,9,30.0,rec_2022-07-18
252a6264139140b298b546560cfed5a2,data/raw/AzSLD_Words_100/D/252a6264139140b298b546560cfed5a2.mp4,D,,unknown,19,30.0,rec_2022-11-01
281ba049ea2244f8a433a3589b7f5a0d,data/raw/AzSLD_Words_100/D/281ba049ea2244f8a433a3589b7f5a0d.mp4,D,,unknown,17,30.0,rec_2022-12-27
2d64b4f747334fd5b80cdea3e7e86f85,data/raw/AzSLD_Words_100/D/2d64b4f747334fd5b80cdea3e7e86f85.mp4,D,,unknown,23,30.0,rec_2022-12-23
2d7ef69b9e9b40b082ddcba456f751d8,data/raw/AzSLD_Words_100/D/2d7ef69b9e9b40b082ddcba456f751d8.mp4,D,,unknown,15,30.0,rec_2022-11-19
2fe44c6173724113a8a99bb20a89ac68,data/raw/AzSLD_Words_100/D/2fe44c6173724113a8a99bb20a89ac68.mp4,D,,unknown,16,30.0,rec_2022-12-20
368100dd8a0d498cbf0f9a87bbc108d4,data/raw/AzSLD_Words_100/D/368100dd8a0d498cbf0f9a87bbc108d4.mp4,D,,unknown,30,30.0,rec_2022-11-02
3697dddd0ec24bd293b89432db11c53e,data/raw/AzSLD_Words_100/D/3697dddd0ec24bd293b89432db11c53e.mp4,D,,unknown,26,30.0,rec_2022-12-20
3af92ce11f704e7396859d3fcc49b821,data/raw/AzSLD_Words_100/D/3af92ce11f704e7396859d3fcc49b821.mp4,D,,unknown,19,30.0,rec_2022-11-19
405cf3fa1428424f8b211850957f1318,data/raw/AzSLD_Words_100/D/405cf3fa1428424f8b211850957f1318.mp4,D,,unknown,29,30.0,rec_2022-11-02
49bfbe134637460d948e9cdc01d2fbda,data/raw/AzSLD_Words_100/D/49bfbe134637460d948e9cdc01d2fbda.mp4,D,,unknown,33,30.0,rec_2022-12-23
4b14d30de69d44b399604d7523e24659,data/raw/AzSLD_Words_100/D/4b14d30de69d44b399604d7523e24659.mp4,D,,unknown,15,30.0,rec_2022-12-23
53bf54e19a4b473e9f07d4aa15221874,data/raw/AzSLD_Words_100/D/53bf54e19a4b473e9f07d4aa15221874.mp4,D,,unknown,15,30.0,rec_2022-12-23
5488286ac6ef47b087fc35b9421e026a,data/raw/AzSLD_Words_100/D/5488286ac6ef47b087fc35b9421e026a.mp4,D,,unknown,17,30.0,rec_2022-11-05
5714bf7f0330408cbc8c28e2c1b5adb2,data/raw/AzSLD_Words_100/D/5714bf7f0330408cbc8c28e2c1b5adb2.mp4,D,,unknown,24,30.0,rec_2022-12-22
62f4b9f0af4a45c9b4c1951b7627c9b4,data/raw/AzSLD_Words_100/D/62f4b9f0af4a45c9b4c1951b7627c9b4.mp4,D,,unknown,17,30.0,rec_2022-12-23
64cdf79428e24dfbbeb7b4b9a3392bef,data/raw/AzSLD_Words_100/D/64cdf79428e24dfbbeb7b4b9a3392bef.mp4,D,,unknown,21,30.0,rec_2023-01-18
6713a17fc74e463f98c90dbdc0829b73,data/raw/AzSLD_Words_100/D/6713a17fc74e463f98c90dbdc0829b73.mp4,D,,unknown,28,30.0,rec_2022-12-24
6ced8ca20502457da2e05e0bf933eaa5,data/raw/AzSLD_Words_100/D/6ced8ca20502457da2e05e0bf933eaa5.mp4,D,,unknown,21,30.0,rec_2022-12-20
79c530b003704bd5b7e8d50a3ef9d681,data/raw/AzSLD_Words_100/D/79c530b003704bd5b7e8d50a3ef9d681.mp4,D,,unknown,20,30.0,rec_2022-11-10
7b3be5636ad24f0083aefae414bdbfcd,data/raw/AzSLD_Words_100/D/7b3be5636ad24f0083aefae414bdbfcd.mp4,D,,unknown,17,30.0,rec_2022-12-22
7cc11480c25740ada9b48b4f28a51db5,data/raw/AzSLD_Words_100/D/7cc11480c25740ada9b48b4f28a51db5.mp4,D,,unknown,20,30.0,rec_2022-06-02
7d8a14ace65f4132a3049bbd88d2388e,data/raw/AzSLD_Words_100/D/7d8a14ace65f4132a3049bbd88d2388e.mp4,D,,unknown,27,30.0,rec_2022-11-18
7edf06fffaef4cb289311033a4417d26,data/raw/AzSLD_Words_100/D/7edf06fffaef4cb289311033a4417d26.mp4,D,,unknown,16,30.0,rec_2022-05-26
83e63f308d084a7e9975355d145ba5d4,data/raw/AzSLD_Words_100/D/83e63f308d084a7e9975355d145ba5d4.mp4,D,,unknown,15,30.0,rec_2022-12-22
8a44a2debc8b422397165975f00a0038,data/raw/AzSLD_Words_100/D/8a44a2debc8b422397165975f00a0038.mp4,D,,unknown,21,30.0,rec_2022-11-10
9a78c6757818451090a4799511a63212,data/raw/AzSLD_Words_100/D/9a78c6757818451090a4799511a63212.mp4,D,,unknown,21,30.0,rec_2022-07-18
9a9e8125f6e840c1958ee769177e0503,data/raw/AzSLD_Words_100/D/9a9e8125f6e840c1958ee769177e0503.mp4,D,,unknown,9,30.0,rec_2022-07-14
9b309f137f58450cbb6381175d89059f,data/raw/AzSLD_Words_100/D/9b309f137f58450cbb6381175d89059f.mp4,D,,unknown,17,30.0,rec_2022-12-27
9ffbfb51765b40a6be9d8dfaddb0576a,data/raw/AzSLD_Words_100/D/9ffbfb51765b40a6be9d8dfaddb0576a.mp4,D,,unknown,16,30.0,rec_2022-12-17
a09ae19b4e7f44458745d639d3baa4b7,data/raw/AzSLD_Words_100/D/a09ae19b4e7f44458745d639d3baa4b7.mp4,D,,unknown,19,30.0,rec_2022-12-28
a2d5701bc58846d4a119386b2be98813,data/raw/AzSLD_Words_100/D/a2d5701bc58846d4a119386b2be98813.mp4,D,,unknown,19,30.0,rec_2022-11-22
a92cf7ad7c3e4ed6a9cd1103307c1b34,data/raw/AzSLD_Words_100/D/a92cf7ad7c3e4ed6a9cd1103307c1b34.mp4,D,,unknown,14,30.0,rec_2022-12-20
b832d82661634b87b337c6b38dbb01c9,data/raw/AzSLD_Words_100/D/b832d82661634b87b337c6b38dbb01c9.mp4,D,,unknown,21,30.0,rec_2022-11-05
bb1dff094dfc4745b72140ffa0adf400,data/raw/AzSLD_Words_100/D/bb1dff094dfc4745b72140ffa0adf400.mp4,D,,unknown,25,30.0,rec_2022-12-24
bca365a004154156b9f31e4139a8f5d7,data/raw/AzSLD_Words_100/D/bca365a004154156b9f31e4139a8f5d7.mp4,D,,unknown,13,30.0,rec_2022-12-22
c56f66ad9bdc4b6681a3edb60d1f7295,data/raw/AzSLD_Words_100/D/c56f66ad9bdc4b6681a3edb60d1f7295.mp4,D,,unknown,13,30.0,rec_2022-07-23
c7182a01cccd486bb299c377b432d4fe,data/raw/AzSLD_Words_100/D/c7182a01cccd486bb299c377b432d4fe.mp4,D,,unknown,19,30.0,rec_2022-12-17
caa9f2f92ff34424ae3477645eb03f75,data/raw/AzSLD_Words_100/D/caa9f2f92ff34424ae3477645eb03f75.mp4,D,,unknown,19,30.0,rec_2022-12-15
d6b0a38accfa46de9e1d7fd791bfcf41,data/raw/AzSLD_Words_100/D/d6b0a38accfa46de9e1d7fd791bfcf41.mp4,D,,unknown,22,30.0,rec_2022-11-17
d882d4f7922c44a0852398c31519e9d7,data/raw/AzSLD_Words_100/D/d882d4f7922c44a0852398c31519e9d7.mp4,D,,unknown,17,30.0,rec_2022-12-28
e1938bdca72f47288e58ea9dae359b8e,data/raw/AzSLD_Words_100/D/e1938bdca72f47288e58ea9dae359b8e.mp4,D,,unknown,10,30.0,rec_2022-12-22
e50b569e5fef46e6bd3dae8c9d406490,data/raw/AzSLD_Words_100/D/e50b569e5fef46e6bd3dae8c9d406490.mp4,D,,unknown,7,30.0,rec_2022-07-23
e5be06a609b945dfb5fe30860e79ce3a,data/raw/AzSLD_Words_100/D/e5be06a609b945dfb5fe30860e79ce3a.mp4,D,,unknown,27,30.0,rec_2022-11-02
ecfa8dd458cc40c9bf4aa6794d8ba1ca,data/raw/AzSLD_Words_100/D/ecfa8dd458cc40c9bf4aa6794d8ba1ca.mp4,D,,unknown,18,30.0,rec_2022-11-18
ee8c374db8f14c5098c6d35451d0df31,data/raw/AzSLD_Words_100/D/ee8c374db8f14c5098c6d35451d0df31.mp4,D,,unknown,19,30.0,rec_2022-12-27
ef5d1bddede345259efac38b0acc1001,data/raw/AzSLD_Words_100/D/ef5d1bddede345259efac38b0acc1001.mp4,D,,unknown,22,30.0,rec_2022-11-02
f7fcfc5be92a475cb7ca686d11980278,data/raw/AzSLD_Words_100/D/f7fcfc5be92a475cb7ca686d11980278.mp4,D,,unknown,10,30.0,rec_2022-07-20
04b9adf5500b451593da05ec3ae7c364,data/raw/AzSLD_Words_100/DONDURMA/04b9adf5500b451593da05ec3ae7c364.mp4,DONDURMA,,unknown,18,30.0,rec_2022-12-23
1afa947d6a034c4b88724fe5ab60339a,data/raw/AzSLD_Words_100/DONDURMA/1afa947d6a034c4b88724fe5ab60339a.mp4,DONDURMA,,unknown,24,30.0,rec_2022-10-28
1b1faf8690434beca6240f60585f8522,data/raw/AzSLD_Words_100/DONDURMA/1b1faf8690434beca6240f60585f8522.mp4,DONDURMA,,unknown,18,30.0,rec_2022-12-28
2d55bfa4861d4095b423afa6cd430128,data/raw/AzSLD_Words_100/DONDURMA/2d55bfa4861d4095b423afa6cd430128.mp4,DONDURMA,,unknown,17,30.0,rec_2022-11-10
419931982ae94889845d47029b7e87cf,data/raw/AzSLD_Words_100/DONDURMA/419931982ae94889845d47029b7e87cf.mp4,DONDURMA,,unknown,19,30.0,rec_2022-12-20
50e97953b1d34059b10daccfbfcaca3e,data/raw/AzSLD_Words_100/DONDURMA/50e97953b1d34059b10daccfbfcaca3e.mp4,DONDURMA,,unknown,19,30.0,rec_2022-12-22
5f1f7ddeea774cbdaca9bfb418545bb8,data/raw/AzSLD_Words_100/DONDURMA/5f1f7ddeea774cbdaca9bfb418545bb8.mp4,DONDURMA,,unknown,29,30.0,rec_2022-11-19
6bc129cb82ee4ffebaec192e291b8808,data/raw/AzSLD_Words_100/DONDURMA/6bc129cb82ee4ffebaec192e291b8808.mp4,DONDURMA,,unknown,28,30.0,rec_2022-11-22
783c3a8f0d6a49d7b898c2e2f24ad94a,data/raw/AzSLD_Words_100/DONDURMA/783c3a8f0d6a49d7b898c2e2f24ad94a.mp4,DONDURMA,,unknown,13,30.0,rec_2022-12-20
7d9300325c014046b2593a388c6bd4de,data/raw/AzSLD_Words_100/DONDURMA/7d9300325c014046b2593a388c6bd4de.mp4,DONDURMA,,unknown,30,30.0,rec_2022-12-24
815fbcba95274ffa8753d8e5f9476ca6,data/raw/AzSLD_Words_100/DONDURMA/815fbcba95274ffa8753d8e5f9476ca6.mp4,DONDURMA,,unknown,28,30.0,rec_2022-12-15
9d82636f8329448d9355df8ebe9029b3,data/raw/AzSLD_Words_100/DONDURMA/9d82636f8329448d9355df8ebe9029b3.mp4,DONDURMA,,unknown,30,30.0,rec_2022-10-28
9dc103d612d444819f0abe743e0cc636,data/raw/AzSLD_Words_100/DONDURMA/9dc103d612d444819f0abe743e0cc636.mp4,DONDURMA,,unknown,19,30.0,rec_2022-11-17
9f8553608a3344d397accd740d607fe9,data/raw/AzSLD_Words_100/DONDURMA/9f8553608a3344d397accd740d607fe9.mp4,DONDURMA,,unknown,27,30.0,rec_2022-11-18
a36bcd9f64e14342a49287cccb7f93cd,data/raw/AzSLD_Words_100/DONDURMA/a36bcd9f64e14342a49287cccb7f93cd.mp4,DONDURMA,,unknown,21,30.0,rec_2022-12-27
a7f6ac0a924e46a79d9c9563f6f84117,data/raw/AzSLD_Words_100/DONDURMA/a7f6ac0a924e46a79d9c9563f6f84117.mp4,DONDURMA,,unknown,16,30.0,rec_2022-12-16
aa234633d7cd4428a15a9be8c8bc4072,data/raw/AzSLD_Words_100/DONDURMA/aa234633d7cd4428a15a9be8c8bc4072.mp4,DONDURMA,,unknown,19,30.0,rec_2022-12-17
c5a02117fc384a2da3b8d53c32c9e10a,data/raw/AzSLD_Words_100/DONDURMA/c5a02117fc384a2da3b8d53c32c9e10a.mp4,DONDURMA,,unknown,16,30.0,rec_2022-11-04
c9ad5408decb4c858d59486479e2b358,data/raw/AzSLD_Words_100/DONDURMA/c9ad5408decb4c858d59486479e2b358.mp4,DONDURMA,,unknown,18,30.0,rec_2022-12-22
e5995b42a1ed483b94713f4f3fb263f5,data/raw/AzSLD_Words_100/DONDURMA/e5995b42a1ed483b94713f4f3fb263f5.mp4,DONDURMA,,unknown,21,30.0,rec_2022-12-23
1e9d24bc73804705a0f96b2d268eaf46,data/raw/AzSLD_Words_100/DÜNƏN/1e9d24bc73804705a0f96b2d268eaf46.mp4,DÜNƏN,,unknown,32,30.0,rec_2022-10-26
23335f13065c401e992f25ccf7b31b52,data/raw/AzSLD_Words_100/DÜNƏN/23335f13065c401e992f25ccf7b31b52.mp4,DÜNƏN,,unknown,39,30.0,rec_2022-12-15
2535130854ab4be1a012a28472387889,data/raw/AzSLD_Words_100/DÜNƏN/2535130854ab4be1a012a28472387889.mp4,DÜNƏN,,unknown,21,30.0,rec_2022-05-26
299876e0e5894bd08e766f077175db51,data/raw/AzSLD_Words_100/DÜNƏN/299876e0e5894bd08e766f077175db51.mp4,DÜNƏN,,unknown,12,30.0,rec_2022-07-18
2a7f4790d7344974a6b26265e24f03a2,data/raw/AzSLD_Words_100/DÜNƏN/2a7f4790d7344974a6b26265e24f03a2.mp4,DÜNƏN,,unknown,10,30.0,rec_2022-07-15
2e1a2aa3111544739505a6b578e88a6c,data/raw/AzSLD_Words_100/DÜNƏN/2e1a2aa3111544739505a6b578e88a6c.mp4,DÜNƏN,,unknown,10,30.0,rec_2022-08-01
322c7d1d86074d519d5361e54924ccde,data/raw/AzSLD_Words_100/DÜNƏN/322c7d1d86074d519d5361e54924ccde.mp4,DÜNƏN,,unknown,15,30.0,rec_2022-12-20
36e040bcbc7e4e5388c500c8c4779084,data/raw/AzSLD_Words_100/DÜNƏN/36e040bcbc7e4e5388c500c8c4779084.mp4,DÜNƏN,,unknown,16,30.0,rec_2022-12-23
384a650709ea4bc288ab0187506eec2b,data/raw/AzSLD_Words_100/DÜNƏN/384a650709ea4bc288ab0187506eec2b.mp4,DÜNƏN,,unknown,17,30.0,rec_2022-12-24
3d0b3562f81a4232beaae3c87a7f9584,data/raw/AzSLD_Words_100/DÜNƏN/3d0b3562f81a4232beaae3c87a7f9584.mp4,DÜNƏN,,unknown,21,30.0,rec_2022-07-22
45c077549da343b2a5a1c99c1f101f9e,data/raw/AzSLD_Words_100/DÜNƏN/45c077549da343b2a5a1c99c1f101f9e.mp4,DÜNƏN,,unknown,16,30.0,rec_2022-07-23
513fa3aa20b8406996f78457f381f5c7,data/raw/AzSLD_Words_100/DÜNƏN/513fa3aa20b8406996f78457f381f5c7.mp4,DÜNƏN,,unknown,16,30.0,rec_2022-05-24
598c9afbc58c4cbc9a2d5b764eb680ac,data/raw/AzSLD_Words_100/DÜNƏN/598c9afbc58c4cbc9a2d5b764eb680ac.mp4,DÜNƏN,,unknown,19,30.0,rec_2022-07-16
6b213905551b4f4898a51fcd6252652f,data/raw/AzSLD_Words_100/DÜNƏN/6b213905551b4f4898a51fcd6252652f.mp4,DÜNƏN,,unknown,21,30.0,rec_2022-08-02
6c9904fde2c348b6a47c376ea4427e19,data/raw/AzSLD_Words_100/DÜNƏN/6c9904fde2c348b6a47c376ea4427e19.mp4,DÜNƏN,,unknown,12,30.0,rec_2022-12-28
7892cb88729643f9a9e0723d82242e91,data/raw/AzSLD_Words_100/DÜNƏN/7892cb88729643f9a9e0723d82242e91.mp4,DÜNƏN,,unknown,38,30.0,rec_2022-10-26
79c6eae446f3437cb6c28f70c2dd383f,data/raw/AzSLD_Words_100/DÜNƏN/79c6eae446f3437cb6c28f70c2dd383f.mp4,DÜNƏN,,unknown,12,30.0,rec_2022-12-22
7c5dad6f82674b4aaea8f3d15e52a16a,data/raw/AzSLD_Words_100/DÜNƏN/7c5dad6f82674b4aaea8f3d15e52a16a.mp4,DÜNƏN,,unknown,13,30.0,rec_2022-12-16
8a9dbcab8d4e49169b142a9cb7f70cff,data/raw/AzSLD_Words_100/DÜNƏN/8a9dbcab8d4e49169b142a9cb7f70cff.mp4,DÜNƏN,,unknown,14,30.0,rec_2022-07-02
8eb5d298881b48d3993663dfcc39f10e,data/raw/AzSLD_Words_100/DÜNƏN/8eb5d298881b48d3993663dfcc39f10e.mp4,DÜNƏN,,unknown,20,30.0,rec_2022-07-18
928a2fcdda4b44e591aaf1c441ce0879,data/raw/AzSLD_Words_100/DÜNƏN/928a2fcdda4b44e591aaf1c441ce0879.mp4,DÜNƏN,,unknown,29,30.0,rec_2022-08-02
9684c63ddd684dea9241c0ebff63bade,data/raw/AzSLD_Words_100/DÜNƏN/9684c63ddd684dea9241c0ebff63bade.mp4,DÜNƏN,,unknown,25,30.0,rec_2022-06-01
9a6b393dba72408289bdc29e5f98bacd,data/raw/AzSLD_Words_100/DÜNƏN/9a6b393dba72408289bdc29e5f98bacd.mp4,DÜNƏN,,unknown,24,30.0,rec_2022-06-11
9b76e8e65c374f3aaf427412c9b52732,data/raw/AzSLD_Words_100/DÜNƏN/9b76e8e65c374f3aaf427412c9b52732.mp4,DÜNƏN,,unknown,18,30.0,rec_2022-06-13
a68fb9b677a0445fb0ffc78edf3f9c05,data/raw/AzSLD_Words_100/DÜNƏN/a68fb9b677a0445fb0ffc78edf3f9c05.mp4,DÜNƏN,,unknown,30,30.0,rec_2022-04-26
a795b1d1bf2a40d2a98347929ea984af,data/raw/AzSLD_Words_100/DÜNƏN/a795b1d1bf2a40d2a98347929ea984af.mp4,DÜNƏN,,unknown,11,30.0,rec_2022-06-16
ad69bddd03084e9bb63d00ea061f8f75,data/raw/AzSLD_Words_100/DÜNƏN/ad69bddd03084e9bb63d00ea061f8f75.mp4,DÜNƏN,,unknown,12,30.0,rec_2022-12-17
b0f1f7ce849e426d9b4d4ad469699e03,data/raw/AzSLD_Words_100/DÜNƏN/b0f1f7ce849e426d9b4d4ad469699e03.mp4,DÜNƏN,,unknown,21,30.0,rec_2022-12-23
b59b0853381b4cc890680fa4e508f8b6,data/raw/AzSLD_Words_100/DÜNƏN/b59b0853381b4cc890680fa4e508f8b6.mp4,DÜNƏN,,unknown,20,30.0,rec_2022-11-17
b7029520c01b4ac3a80cf45d17cd3477,data/raw/AzSLD_Words_100/DÜNƏN/b7029520c01b4ac3a80cf45d17cd3477.mp4,DÜNƏN,,unknown,21,30.0,rec_2022-11-04
baa5ebfddeb54cf2a27754a812e6c29a,data/raw/AzSLD_Words_100/DÜNƏN/baa5ebfddeb54cf2a27754a812e6c29a.mp4,DÜNƏN,,unknown,17,30.0,rec_2022-05-21
c86fa49dbdbb47aaaa5d3f03f85ea8fd,data/raw/AzSLD_Words_100/DÜNƏN/c86fa49dbdbb47aaaa5d3f03f85ea8fd.mp4,DÜNƏN,,unknown,14,30.0,rec_2022-12-22
cefc1ed413d740cc9ed6c18e4771370d,data/raw/AzSLD_Words_100/DÜNƏN/cefc1ed413d740cc9ed6c18e4771370d.mp4,DÜNƏN,,unknown,20,30.0,rec_2022-07-19
cf6edfbae2974fd38ac7d53aa21c2feb,data/raw/AzSLD_Words_100/DÜNƏN/cf6edfbae2974fd38ac7d53aa21c2feb.mp4,DÜNƏN,,unknown,19,30.0,rec_2022-07-21
d68bf81889cd489cb6324e1d521dc935,data/raw/AzSLD_Words_100/DÜNƏN/d68bf81889cd489cb6324e1d521dc935.mp4,DÜNƏN,,unknown,16,30.0,rec_2022-06-13
d693ce87907b47dea71fde2eff584843,data/raw/AzSLD_Words_100/DÜNƏN/d693ce87907b47dea71fde2eff584843.mp4,DÜNƏN,,unknown,17,30.0,rec_2022-12-27
e1364482953d45238c1c6778cfd22f1c,data/raw/AzSLD_Words_100/DÜNƏN/e1364482953d45238c1c6778cfd22f1c.mp4,DÜNƏN,,unknown,16,30.0,rec_2022-12-20
f363c755791640619d75f3fd31230f68,data/raw/AzSLD_Words_100/DÜNƏN/f363c755791640619d75f3fd31230f68.mp4,DÜNƏN,,unknown,17,30.0,rec_2022-08-01
f97501879d0543d0a58f1ca7014118b3,data/raw/AzSLD_Words_100/DÜNƏN/f97501879d0543d0a58f1ca7014118b3.mp4,DÜNƏN,,unknown,22,30.0,rec_2022-07-13
0b36aeacdf744e72b00faa57ae1d5fe3,data/raw/AzSLD_Words_100/EDİR/0b36aeacdf744e72b00faa57ae1d5fe3.mp4,EDİR,,unknown,21,30.0,rec_2022-07-18
1733a6690db64db1afb0cd4466a3a043,data/raw/AzSLD_Words_100/EDİR/1733a6690db64db1afb0cd4466a3a043.mp4,EDİR,,unknown,28,30.0,rec_2022-11-17
1b24a64e0d1340fb87fd35dd9379ffaa,data/raw/AzSLD_Words_100/EDİR/1b24a64e0d1340fb87fd35dd9379ffaa.mp4,EDİR,,unknown,22,30.0,rec_2022-07-23
3e74845b2af643038b57e33f66a0df1b,data/raw/AzSLD_Words_100/EDİR/3e74845b2af643038b57e33f66a0df1b.mp4,EDİR,,unknown,26,30.0,rec_2022-10-26
4228486c23264d96a61f0cc07525c920,data/raw/AzSLD_Words_100/EDİR/4228486c23264d96a61f0cc07525c920.mp4,EDİR,,unknown,31,30.0,rec_2022-11-17
61b5675bb47845179d4efcb0792cefa9,data/raw/AzSLD_Words_100/EDİR/61b5675bb47845179d4efcb0792cefa9.mp4,EDİR,,unknown,25,30.0,rec_2022-11-19
7162304dfe714485829561b139e6b6d6,data/raw/AzSLD_Words_100/EDİR/7162304dfe714485829561b139e6b6d6.mp4,EDİR,,unknown,26,30.0,rec_2022-07-13
73e1d932a2644819a2e155e9c32c2b8a,data/raw/AzSLD_Words_100/EDİR/73e1d932a2644819a2e155e9c32c2b8a.mp4,EDİR,,unknown,28,30.0,rec_2022-11-18
78a5a52aaa5947049d953438123aa8a1,data/raw/AzSLD_Words_100/EDİR/78a5a52aaa5947049d953438123aa8a1.mp4,EDİR,,unknown,29,30.0,rec_2022-10-26
9230ed50223c400db115211c6d8b41c5,data/raw/AzSLD_Words_100/EDİR/9230ed50223c400db115211c6d8b41c5.mp4,EDİR,,unknown,27,30.0,rec_2022-06-13
94d74725ed284fd79f21530887e0c720,data/raw/AzSLD_Words_100/EDİR/94d74725ed284fd79f21530887e0c720.mp4,EDİR,,unknown,38,30.0,rec_2022-07-23
a63793c080b545dda74bd280e2309338,data/raw/AzSLD_Words_100/EDİR/a63793c080b545dda74bd280e2309338.mp4,EDİR,,unknown,30,30.0,rec_2022-07-02
a8ad08358c35452cbc761fe826950244,data/raw/AzSLD_Words_100/EDİR/a8ad08358c35452cbc761fe826950244.mp4,EDİR,,unknown,29,30.0,rec_2022-07-01
af9a1578db9b4ca3bdd7f14d7156145d,data/raw/AzSLD_Words_100/EDİR/af9a1578db9b4ca3bdd7f14d7156145d.mp4,EDİR,,unknown,27,30.0,rec_2022-11-04
c3e37d44baac40abb042a97534b4e831,data/raw/AzSLD_Words_100/EDİR/c3e37d44baac40abb042a97534b4e831.mp4,EDİR,,unknown,27,30.0,rec_2022-08-02
c4a6c4a1b4b64807be90441bab5b7845,data/raw/AzSLD_Words_100/EDİR/c4a6c4a1b4b64807be90441bab5b7845.mp4,EDİR,,unknown,24,30.0,rec_2022-06-01
ca3c31fd819541379ae396957738221c,data/raw/AzSLD_Words_100/EDİR/ca3c31fd819541379ae396957738221c.mp4,EDİR,,unknown,20,30.0,rec_2022-10-26
d8f18e35bb2f42e3b89e5977dda0752a,data/raw/AzSLD_Words_100/EDİR/d8f18e35bb2f42e3b89e5977dda0752a.mp4,EDİR,,unknown,30,30.0,rec_2022-07-13
f08216396ea04b4197a3a4ccdb66961d,data/raw/AzSLD_Words_100/EDİR/f08216396ea04b4197a3a4ccdb66961d.mp4,EDİR,,unknown,28,30.0,rec_2022-06-09
f82b7da2ee114b859555191e0a3f4677,data/raw/AzSLD_Words_100/EDİR/f82b7da2ee114b859555191e0a3f4677.mp4,EDİR,,unknown,41,30.0,rec_2022-06-01
fa8da13e3712403cbded14a4ffa42fc7,data/raw/AzSLD_Words_100/EDİR/fa8da13e3712403cbded14a4ffa42fc7.mp4,EDİR,,unknown,27,30.0,rec_2022-07-18
00ff477bf15c40a8805ea9fc837912ba,data/raw/AzSLD_Words_100/ETİBARNAMƏ/00ff477bf15c40a8805ea9fc837912ba.mp4,ETİBARNAMƏ,,unknown,46,30.0,rec_2022-12-27
16083ca2660b42bd8665752a729cda48,data/raw/AzSLD_Words_100/ETİBARNAMƏ/16083ca2660b42bd8665752a729cda48.mp4,ETİBARNAMƏ,,unknown,38,30.0,rec_2022-11-19
22ee93ef0b44415b9a9f1e90e20367c5,data/raw/AzSLD_Words_100/ETİBARNAMƏ/22ee93ef0b44415b9a9f1e90e20367c5.mp4,ETİBARNAMƏ,,unknown,55,30.0,rec_2022-11-18
288c2799c6d844e89c9d1b23d7eb406f,data/raw/AzSLD_Words_100/ETİBARNAMƏ/288c2799c6d844e89c9d1b23d7eb406f.mp4,ETİBARNAMƏ,,unknown,43,30.0,rec_2022-11-05
30c6d4d3b2fa4ef6b8dbee043fa0c439,data/raw/AzSLD_Words_100/ETİBARNAMƏ/30c6d4d3b2fa4ef6b8dbee043fa0c439.mp4,ETİBARNAMƏ,,unknown,47,30.0,rec_2022-12-22
30fb8048a22d4866918127fccf9500a8,data/raw/AzSLD_Words_100/ETİBARNAMƏ/30fb8048a22d4866918127fccf9500a8.mp4,ETİBARNAMƏ,,unknown,51,30.0,rec_2022-12-27
37a482c838be41cdb2664cef267f130e,data/raw/AzSLD_Words_100/ETİBARNAMƏ/37a482c838be41cdb2664cef267f130e.mp4,ETİBARNAMƏ,,unknown,50,30.0,rec_2022-12-20
3b0204414e82467884cb202057e484be,data/raw/AzSLD_Words_100/ETİBARNAMƏ/3b0204414e82467884cb202057e484be.mp4,ETİBARNAMƏ,,unknown,42,30.0,rec_2022-11-10
3b76d0a462c84d3c87d304fd123756f5,data/raw/AzSLD_Words_100/ETİBARNAMƏ/3b76d0a462c84d3c87d304fd123756f5.mp4,ETİBARNAMƏ,,unknown,47,30.0,rec_2022-12-20
3f04811e2efe452494757c224ba06ba0,data/raw/AzSLD_Words_100/ETİBARNAMƏ/3f04811e2efe452494757c224ba06ba0.mp4,ETİBARNAMƏ,,unknown,52,30.0,rec_2022-12-23
4f41d6d8131147dfb5d04aa66588ad79,data/raw/AzSLD_Words_100/ETİBARNAMƏ/4f41d6d8131147dfb5d04aa66588ad79.mp4,ETİBARNAMƏ,,unknown,60,30.0,rec_2022-12-24
52af301e23cf4281bad994c0f6fe49a2,data/raw/AzSLD_Words_100/ETİBARNAMƏ/52af301e23cf4281bad994c0f6fe49a2.mp4,ETİBARNAMƏ,,unknown,49,30.0,rec_2022-12-22
5ce310d768f5472ebb17b4a2e10ea7ba,data/raw/AzSLD_Words_100/ETİBARNAMƏ/5ce310d768f5472ebb17b4a2e10ea7ba.mp4,ETİBARNAMƏ,,unknown,47,30.0,rec_2022-12-27
63f3c4412ec74d69be8e755a7ddbbf1d,data/raw/AzSLD_Words_100/ETİBARNAMƏ/63f3c4412ec74d69be8e755a7ddbbf1d.mp4,ETİBARNAMƏ,,unknown,41,30.0,rec_2022-12-20
64b76a9134f54ecc81f7198671adaff6,data/raw/AzSLD_Words_100/ETİBARNAMƏ/64b76a9134f54ecc81f7198671adaff6.mp4,ETİBARNAMƏ,,unknown,54,30.0,rec_2022-12-15
66b23887374e4db2a1276cc0c8a3e787,data/raw/AzSLD_Words_100/ETİBARNAMƏ/66b23887374e4db2a1276cc0c8a3e787.mp4,ETİBARNAMƏ,,unknown,46,30.0,rec_2023-01-18
67eb423a79e14323a899555c76196a22,data/raw/AzSLD_Words_100/ETİBARNAMƏ/67eb423a79e14323a899555c76196a22.mp4,ETİBARNAMƏ,,unknown,43,30.0,rec_2022-12-20
6a06d11e68244e729b5504d8d91423a0,data/raw/AzSLD_Words_100/ETİBARNAMƏ/6a06d11e68244e729b5504d8d91423a0.mp4,ETİBARNAMƏ,,unknown,42,30.0,rec_2022-11-22
6c6e7d800dda4924a4deab22e0d27304,data/raw/AzSLD_Words_100/ETİBARNAMƏ/6c6e7d800dda4924a4deab22e0d27304.mp4,ETİBARNAMƏ,,unknown,20,30.0,rec_2022-06-18
705a4a7ceb374491af277a3935a74af9,data/raw/AzSLD_Words_100/ETİBARNAMƏ/705a4a7ceb374491af277a3935a74af9.mp4,ETİBARNAMƏ,,unknown,53,30.0,rec_2022-11-18
7f3d13074500445b9e65278961d556c5,data/raw/AzSLD_Words_100/ETİBARNAMƏ/7f3d13074500445b9e65278961d556c5.mp4,ETİBARNAMƏ,,unknown,47,30.0,rec_2022-12-28
8daab4ea7c5a420688c04f0353d7b799,data/raw/AzSLD_Words_100/ETİBARNAMƏ/8daab4ea7c5a420688c04f0353d7b799.mp4,ETİBARNAMƏ,,unknown,43,30.0,rec_2022-11-05
9ae3deeca9bb41879a939c6c26deae55,data/raw/AzSLD_Words_100/ETİBARNAMƏ/9ae3deeca9bb41879a939c6c26deae55.mp4,ETİBARNAMƏ,,unknown,55,30.0,rec_2022-12-24
a6b0455be79b405baf36b36180216475,data/raw/AzSLD_Words_100/ETİBARNAMƏ/a6b0455be79b405baf36b36180216475.mp4,ETİBARNAMƏ,,unknown,50,30.0,rec_2022-12-15
a9d458f815e8470ca64d8d8f199acd64,data/raw/AzSLD_Words_100/ETİBARNAMƏ/a9d458f815e8470ca64d8d8f199acd64.mp4,ETİBARNAMƏ,,unknown,47,30.0,rec_2022-12-22
aa2955fe4fc84540b5dd7996eed65962,data/raw/AzSLD_Words_100/ETİBARNAMƏ/aa2955fe4fc84540b5dd7996eed65962.mp4,ETİBARNAMƏ,,unknown,46,30.0,rec_2022-12-17
b10c7ff4c0754fac94f9e1f655310ee9,data/raw/AzSLD_Words_100/ETİBARNAMƏ/b10c7ff4c0754fac94f9e1f655310ee9.mp4,ETİBARNAMƏ,,unknown,27,30.0,rec_2022-12-23
b4740f43bb3446d08c2313a8bf88f361,data/raw/AzSLD_Words_100/ETİBARNAMƏ/b4740f43bb3446d08c2313a8bf88f361.mp4,ETİBARNAMƏ,,unknown,47,30.0,rec_2022-12-28
b9eb7f112f2b4ae286e167f8ee159c6b,data/raw/AzSLD_Words_100/ETİBARNAMƏ/b9eb7f112f2b4ae286e167f8ee159c6b.mp4,ETİBARNAMƏ,,unknown,41,30.0,rec_2022-12-23
c94c222ec32e4049be1214eac048cb3d,data/raw/AzSLD_Words_100/ETİBARNAMƏ/c94c222ec32e4049be1214eac048cb3d.mp4,ETİBARNAMƏ,,unknown,39,30.0,rec_2022-11-10
cc7af71973e1422685692d1ede682421,data/raw/AzSLD_Words_100/ETİBARNAMƏ/cc7af71973e1422685692d1ede682421.mp4,ETİBARNAMƏ,,unknown,49,30.0,rec_2022-11-02
d222744d724a4d0881e59d90bca57fe7,data/raw/AzSLD_Words_100/ETİBARNAMƏ/d222744d724a4d0881e59d90bca57fe7.mp4,ETİBARNAMƏ,,unknown,55,30.0,rec_2022-11-02
d31b0335dac541b7a9067f38b5464a89,data/raw/AzSLD_Words_100/ETİBARNAMƏ/d31b0335dac541b7a9067f38b5464a89.mp4,ETİBARNAMƏ,,unknown,11,30.0,rec_2022-07-18
d3c5f52cc05f49798d50be7c4eaa3851,data/raw/AzSLD_Words_100/ETİBARNAMƏ/d3c5f52cc05f49798d50be7c4eaa3851.mp4,ETİBARNAMƏ,,unknown,57,30.0,rec_2022-11-17
deb3ce74c5a14c7ea80e0699ae634bbe,data/raw/AzSLD_Words_100/ETİBARNAMƏ/deb3ce74c5a14c7ea80e0699ae634bbe.mp4,ETİBARNAMƏ,,unknown,52,30.0,rec_2022-11-01
dfa0056790b5424aa8b06de71225d766,data/raw/AzSLD_Words_100/ETİBARNAMƏ/dfa0056790b5424aa8b06de71225d766.mp4,ETİBARNAMƏ,,unknown,37,30.0,rec_2022-12-22
e1da835391a54556918989ed2c19036e,data/raw/AzSLD_Words_100/ETİBARNAMƏ/e1da835391a54556918989ed2c19036e.mp4,ETİBARNAMƏ,,unknown,43,30.0,rec_2022-12-23
e8c22eb28b4c43e38a775ec366abc094,data/raw/AzSLD_Words_100/ETİBARNAMƏ/e8c22eb28b4c43e38a775ec366abc094.mp4,ETİBARNAMƏ,,unknown,67,30.0,rec_2022-06-10
e9812d0bde684d8ca4529655be69883e,data/raw/AzSLD_Words_100/ETİBARNAMƏ/e9812d0bde684d8ca4529655be69883e.mp4,ETİBARNAMƏ,,unknown,34,30.0,rec_2022-07-23
ea76c8c5437441d6a12c99ab739fcc6c,data/raw/AzSLD_Words_100/ETİBARNAMƏ/ea76c8c5437441d6a12c99ab739fcc6c.mp4,ETİBARNAMƏ,,unknown,48,30.0,rec_2022-11-17
eae840facfa84777b8a0acfbb51edfc6,data/raw/AzSLD_Words_100/ETİBARNAMƏ/eae840facfa84777b8a0acfbb51edfc6.mp4,ETİBARNAMƏ,,unknown,45,30.0,rec_2023-01-19
f2c62c46dbcf46b78875b7d112e8acd8,data/raw/AzSLD_Words_100/ETİBARNAMƏ/f2c62c46dbcf46b78875b7d112e8acd8.mp4,ETİBARNAMƏ,,unknown,45,30.0,rec_2022-11-19
f6f9f6ee686847e69182fa23e3efb8f3,data/raw/AzSLD_Words_100/ETİBARNAMƏ/f6f9f6ee686847e69182fa23e3efb8f3.mp4,ETİBARNAMƏ,,unknown,42,30.0,rec_2022-11-01
00cf5113c1e849e9ac5d6111755b2233,data/raw/AzSLD_Words_100/EV/00cf5113c1e849e9ac5d6111755b2233.mp4,EV,,unknown,16,30.0,rec_2022-08-02
01e251068d194bbf9adcfd359072ab23,data/raw/AzSLD_Words_100/EV/01e251068d194bbf9adcfd359072ab23.mp4,EV,,unknown,14,30.0,rec_2022-08-01
024021ce433d4c60b7cdd62c31a23f98,data/raw/AzSLD_Words_100/EV/024021ce433d4c60b7cdd62c31a23f98.mp4,EV,,unknown,18,30.0,rec_2022-05-31
03618225318a40deb3a979cf1c2dab79,data/raw/AzSLD_Words_100/EV/03618225318a40deb3a979cf1c2dab79.mp4,EV,,unknown,22,30.0,rec_2022-07-16
0b5dee73634c46798e837c3f1b9de363,data/raw/AzSLD_Words_100/EV/0b5dee73634c46798e837c3f1b9de363.mp4,EV,,unknown,20,30.0,rec_2022-06-13
0d423979d15342c78ae712f0a6096e46,data/raw/AzSLD_Words_100/EV/0d423979d15342c78ae712f0a6096e46.mp4,EV,,unknown,20,30.0,rec_2022-12-23
127010b635de4fe983b6502314272bd8,data/raw/AzSLD_Words_100/EV/127010b635de4fe983b6502314272bd8.mp4,EV,,unknown,34,30.0,rec_2022-06-02
1471c456f12149e5b555f4c8242bf3ab,data/raw/AzSLD_Words_100/EV/1471c456f12149e5b555f4c8242bf3ab.mp4,EV,,unknown,18,30.0,rec_2022-11-05
151e74526fef4f65afc4167fd592cbf6,data/raw/AzSLD_Words_100/EV/151e74526fef4f65afc4167fd592cbf6.mp4,EV,,unknown,10,30.0,rec_2022-12-20
20485240eb5f4d46b01072c129e89530,data/raw/AzSLD_Words_100/EV/20485240eb5f4d46b01072c129e89530.mp4,EV,,unknown,29,30.0,rec_2022-07-22
2139d592e4c541fab7b1e31ce83c78d8,data/raw/AzSLD_Words_100/EV/2139d592e4c541fab7b1e31ce83c78d8.mp4,EV,,unknown,15,30.0,rec_2022-07-18
216f8a5498f74c108d5e4e10627df54c,data/raw/AzSLD_Words_100/EV/216f8a5498f74c108d5e4e10627df54c.mp4,EV,,unknown,12,30.0,rec_2022-07-18
2358a4cbe02f49798225aacf3d956797,data/raw/AzSLD_Words_100/EV/2358a4cbe02f49798225aacf3d956797.mp4,EV,,unknown,16,30.0,rec_2022-07-18
23c59c1a663d4a62b0bf269165eaf33b,data/raw/AzSLD_Words_100/EV/23c59c1a663d4a62b0bf269165eaf33b.mp4,EV,,unknown,10,30.0,rec_2022-07-21
28c4c03f69f746d5b3a3254b4e84246e,data/raw/AzSLD_Words_100/EV/28c4c03f69f746d5b3a3254b4e84246e.mp4,EV,,unknown,24,30.0,rec_2022-07-20
2b0ad5e5f85448c4a1a4b0e1f84bc545,data/raw/AzSLD_Words_100/EV/2b0ad5e5f85448c4a1a4b0e1f84bc545.mp4,EV,,unknown,23,30.0,rec_2022-07-01
2c7b780491724334932a91e3a2655c5f,data/raw/AzSLD_Words_100/EV/2c7b780491724334932a91e3a2655c5f.mp4,EV,,unknown,18,30.0,rec_2022-07-27
3104725a1ace42f6a53dce115890ca0e,data/raw/AzSLD_Words_100/EV/3104725a1ace42f6a53dce115890ca0e.mp4,EV,,unknown,8,30.0,rec_2022-12-20
395f3c4c587541768e12f0293ad0d375,data/raw/AzSLD_Words_100/EV/395f3c4c587541768e12f0293ad0d375.mp4,EV,,unknown,17,30.0,rec_2022-12-22
3bb7747a1d964614b2bd1303436409f5,data/raw/AzSLD_Words_100/EV/3bb7747a1d964614b2bd1303436409f5.mp4,EV,,unknown,23,30.0,rec_2022-08-02
43c53dc79d67408d8b817ab4ecd5cc27,data/raw/AzSLD_Words_100/EV/43c53dc79d67408d8b817ab4ecd5cc27.mp4,EV,,unknown,14,30.0,rec_2022-08-02
4633349e65a44741952b1fd457bf7075,data/raw/AzSLD_Words_100/EV/4633349e65a44741952b1fd457bf7075.mp4,EV,,unknown,16,30.0,rec_2022-07-16
473580e0291a48d6a9c66bd504e06f3e,data/raw/AzSLD_Words_100/EV/473580e0291a48d6a9c66bd504e06f3e.mp4,EV,,unknown,35,30.0,rec_2022-04-26
4c6ada55ed324e429dd3ac7bbb80e51f,data/raw/AzSLD_Words_100/EV/4c6ada55ed324e429dd3ac7bbb80e51f.mp4,EV,,unknown,17,30.0,rec_2022-06-11
51cf919b729a4e7f9e01495855eceb5a,data/raw/AzSLD_Words_100/EV/51cf919b729a4e7f9e01495855eceb5a.mp4,EV,,unknown,19,30.0,rec_2022-07-20
5310ed1c2446487d9ebb3074f3d68158,data/raw/AzSLD_Words_100/EV/5310ed1c2446487d9ebb3074f3d68158.mp4,EV,,unknown,10,30.0,rec_2022-06-13
534f9174e3404e82ac751e278f0a809b,data/raw/AzSLD_Words_100/EV/534f9174e3404e82ac751e278f0a809b.mp4,EV,,unknown,9,30.0,rec_2022-07-14
5dd049ea9c064657b1aef48078de9a91,data/raw/AzSLD_Words_100/EV/5dd049ea9c064657b1aef48078de9a91.mp4,EV,,unknown,19,30.0,rec_2022-11-22
65c7fd5891714fa3ab5052964d28a576,data/raw/AzSLD_Words_100/EV/65c7fd5891714fa3ab5052964d28a576.mp4,EV,,unknown,12,30.0,rec_2022-12-15
66a7055f8ace44d783943899cce8151d,data/raw/AzSLD_Words_100/EV/66a7055f8ace44d783943899cce8151d.mp4,EV,,unknown,29,30.0,rec_2022-12-27
6a1483a406c7492883274e946ab8b1d3,data/raw/AzSLD_Words_100/EV/6a1483a406c7492883274e946ab8b1d3.mp4,EV,,unknown,16,30.0,rec_2022-12-22
6ba838bb6a204db4a1122cc3ef04c708,data/raw/AzSLD_Words_100/EV/6ba838bb6a204db4a1122cc3ef04c708.mp4,EV,,unknown,37,30.0,rec_2022-07-19
6daae8a4597a4da19bb245d03292c1b7,data/raw/AzSLD_Words_100/EV/6daae8a4597a4da19bb245d03292c1b7.mp4,EV,,unknown,16,30.0,rec_2022-07-22
754326f903824e5eade72fdf2dcfccc2,data/raw/AzSLD_Words_100/EV/754326f903824e5eade72fdf2dcfccc2.mp4,EV,,unknown,18,30.0,rec_2022-06-11
764aab5a01d74c9987830e541f2ef06c,data/raw/AzSLD_Words_100/EV/764aab5a01d74c9987830e541f2ef06c.mp4,EV,,unknown,24,30.0,rec_2022-07-19
7741e7cce54947a49fc7b0b5bcfd9c92,data/raw/AzSLD_Words_100/EV/7741e7cce54947a49fc7b0b5bcfd9c92.mp4,EV,,unknown,11,30.0,rec_2022-07-23
78bdd383bc714ddfa9cb9d2e333e17a7,data/raw/AzSLD_Words_100/EV/78bdd383bc714ddfa9cb9d2e333e17a7.mp4,EV,,unknown,22,30.0,rec_2022-11-10
7c2214b4ee90472c9be98d0c1bff71de,data/raw/AzSLD_Words_100/EV/7c2214b4ee90472c9be98d0c1bff71de.mp4,EV,,unknown,15,30.0,rec_2022-11-17
7c7d9b0ba63d46e39dd2ee7044fbecd8,data/raw/AzSLD_Words_100/EV/7c7d9b0ba63d46e39dd2ee7044fbecd8.mp4,EV,,unknown,14,30.0,rec_2022-12-28
7c7daf8f08ec4ed59bec57c1fa1a0c76,data/raw/AzSLD_Words_100/EV/7c7daf8f08ec4ed59bec57c1fa1a0c76.mp4,EV,,unknown,13,30.0,rec_2022-06-11
7d2367aaceaa492daa9aaffd0a66c6b6,data/raw/AzSLD_Words_100/EV/7d2367aaceaa492daa9aaffd0a66c6b6.mp4,EV,,unknown,15,30.0,rec_2022-07-13
7facfe6ba45f4005a4a501b9f9d10a0a,data/raw/AzSLD_Words_100/EV/7facfe6ba45f4005a4a501b9f9d10a0a.mp4,EV,,unknown,23,30.0,rec_2022-07-02
82fbe432a233404b8887a93d7d57e81e,data/raw/AzSLD_Words_100/EV/82fbe432a233404b8887a93d7d57e81e.mp4,EV,,unknown,16,30.0,rec_2022-07-18
88298ebf48af4e81aa1b44b8f229360a,data/raw/AzSLD_Words_100/EV/88298ebf48af4e81aa1b44b8f229360a.mp4,EV,,unknown,23,30.0,rec_2022-07-16
89c9b558557748ed982110c69b2c3980,data/raw/AzSLD_Words_100/EV/89c9b558557748ed982110c69b2c3980.mp4,EV,,unknown,15,30.0,rec_2022-06-02
8aa2bda383e048c7ba3c9a9c49854666,data/raw/AzSLD_Words_100/EV/8aa2bda383e048c7ba3c9a9c49854666.mp4,EV,,unknown,18,30.0,rec_2023-01-18
8b061ec3230c42289a9f45da4d9499f9,data/raw/AzSLD_Words_100/EV/8b061ec3230c42289a9f45da4d9499f9.mp4,EV,,unknown,13,30.0,rec_2022-12-27
8d805d3b3a454d45a3716516358e1e7e,data/raw/AzSLD_Words_100/EV/8d805d3b3a454d45a3716516358e1e7e.mp4,EV,,unknown,18,30.0,rec_2022-05-31
8e7bd7c173ec499fb16c76338467f4b5,data/raw/AzSLD_Words_100/EV/8e7bd7c173ec499fb16c76338467f4b5.mp4,EV,,unknown,18,30.0,rec_2022-05-31
90585ae6ff0c470d846cb67ab65f34c0,data/raw/AzSLD_Words_100/EV/90585ae6ff0c470d846cb67ab65f34c0.mp4,EV,,unknown,12,30.0,rec_2022-07-02
94741fd30bf5416cbdbe23d0fac2f088,data/raw/AzSLD_Words_100/EV/94741fd30bf5416cbdbe23d0fac2f088.mp4,EV,,unknown,18,30.0,rec_2022-07-16
94cb5c8fc7b54a6489808ff0cd1601c3,data/raw/AzSLD_Words_100/EV/94cb5c8fc7b54a6489808ff0cd1601c3.mp4,EV,,unknown,12,30.0,rec_2022-07-22
96b01701850d46419d9dcd1a244ff206,data/raw/AzSLD_Words_100/EV/96b01701850d46419d9dcd1a244ff206.mp4,EV,,unknown,39,30.0,rec_2022-06-11
9958318db9cf48b894338ff372e8183a,data/raw/AzSLD_Words_100/EV/9958318db9cf48b894338ff372e8183a.mp4,EV,,unknown,20,30.0,rec_2022-11-01
9f7af70b82fc4f7980a5dac49e036142,data/raw/AzSLD_Words_100/EV/9f7af70b82fc4f7980a5dac49e036142.mp4,EV,,unknown,12,30.0,rec_2022-07-20
a67812b5923141ffaab4b1487aa1db9d,data/raw/AzSLD_Words_100/EV/a67812b5923141ffaab4b1487aa1db9d.mp4,EV,,unknown,19,30.0,rec_2022-12-24
aa714befa14d468dade704abfeba74cb,data/raw/AzSLD_Words_100/EV/aa714befa14d468dade704abfeba74cb.mp4,EV,,unknown,9,30.0,rec_2022-07-13
ab564b6cf8a94288abf728e0f76d8bd1,data/raw/AzSLD_Words_100/EV/ab564b6cf8a94288abf728e0f76d8bd1.mp4,EV,,unknown,18,30.0,rec_2022-07-28
b11b453922264f85a6dde24b21f098a0,data/raw/AzSLD_Words_100/EV/b11b453922264f85a6dde24b21f098a0.mp4,EV,,unknown,42,30.0,rec_2022-05-25
b278aaf9e16b48d7b20d5de9dcb0021a,data/raw/AzSLD_Words_100/EV/b278aaf9e16b48d7b20d5de9dcb0021a.mp4,EV,,unknown,19,30.0,rec_2022-11-01
b5b2e392b0dc499aabd389b7c11c5507,data/raw/AzSLD_Words_100/EV/b5b2e392b0dc499aabd389b7c11c5507.mp4,EV,,unknown,17,30.0,rec_2022-07-23
b684617a120546679effc1b9af5b7221,data/raw/AzSLD_Words_100/EV/b684617a120546679effc1b9af5b7221.mp4,EV,,unknown,28,30.0,rec_2022-06-03
b711b4cb17a547bda9f92e225853a42d,data/raw/AzSLD_Words_100/EV/b711b4cb17a547bda9f92e225853a42d.mp4,EV,,unknown,15,30.0,rec_2022-12-17
b7e7cc0783d04984bbb6da7fdc060774,data/raw/AzSLD_Words_100/EV/b7e7cc0783d04984bbb6da7fdc060774.mp4,EV,,unknown,12,30.0,rec_2022-07-18
be84bf48f53b476f8e3d8fed924472e6,data/raw/AzSLD_Words_100/EV/be84bf48f53b476f8e3d8fed924472e6.mp4,EV,,unknown,8,30.0,rec_2022-07-20
c50d51665fa74b7390be36e01a0a6e3d,data/raw/AzSLD_Words_100/EV/c50d51665fa74b7390be36e01a0a6e3d.mp4,EV,,unknown,16,30.0,rec_2022-08-02
c587f8ad629f4587915f0d394ba30b8c,data/raw/AzSLD_Words_100/EV/c587f8ad629f4587915f0d394ba30b8c.mp4,EV,,unknown,17,30.0,rec_2022-06-11
d0957860690742a2b0dac532e500a31c,data/raw/AzSLD_Words_100/EV/d0957860690742a2b0dac532e500a31c.mp4,EV,,unknown,25,30.0,rec_2022-07-18
d563e8bca5e84eebb93934fd2208a74f,data/raw/AzSLD_Words_100/EV/d563e8bca5e84eebb93934fd2208a74f.mp4,EV,,unknown,19,30.0,rec_2022-12-20
d618de66432e428da179e5a6b51409be,data/raw/AzSLD_Words_100/EV/d618de66432e428da179e5a6b51409be.mp4,EV,,unknown,26,30.0,rec_2022-05-25
dcedfa9e110848d69e0b13b706ca0b6f,data/raw/AzSLD_Words_100/EV/dcedfa9e110848d69e0b13b706ca0b6f.mp4,EV,,unknown,34,30.0,rec_2022-06-02
de7935f0337e415ca5093f6defe98d56,data/raw/AzSLD_Words_100/EV/de7935f0337e415ca5093f6defe98d56.mp4,EV,,unknown,22,30.0,rec_2022-05-31
e5fa497b2b614289b07fff0994143536,data/raw/AzSLD_Words_100/EV/e5fa497b2b614289b07fff0994143536.mp4,EV,,unknown,16,30.0,rec_2022-06-02
e737a79c2fe64c53a1745bfa25d5b997,data/raw/AzSLD_Words_100/EV/e737a79c2fe64c53a1745bfa25d5b997.mp4,EV,,unknown,15,30.0,rec_2022-07-23
f13095a1ee434a39bf1912d4cd855b4b,data/raw/AzSLD_Words_100/EV/f13095a1ee434a39bf1912d4cd855b4b.mp4,EV,,unknown,11,30.0,rec_2022-07-15
f3f24d61d22043f3b64122725e7269f0,data/raw/AzSLD_Words_100/EV/f3f24d61d22043f3b64122725e7269f0.mp4,EV,,unknown,23,30.0,rec_2022-11-19
f60d99aabd7f48daa946fc873ce96c3b,data/raw/AzSLD_Words_100/EV/f60d99aabd7f48daa946fc873ce96c3b.mp4,EV,,unknown,14,30.0,rec_2022-12-23
11e2ca14e428432fb50d0597f4e35e22,data/raw/AzSLD_Words_100/EŞİTMƏ/11e2ca14e428432fb50d0597f4e35e22.mp4,EŞİTMƏ,,unknown,19,30.0,rec_2022-06-11
18ba5b9238124306ab184f532a9eea3b,data/raw/AzSLD_Words_100/EŞİTMƏ/18ba5b9238124306ab184f532a9eea3b.mp4,EŞİTMƏ,,unknown,13,30.0,rec_2022-07-23
1b94f2888b7c455f9d4b217171f7d7e2,data/raw/AzSLD_Words_100/EŞİTMƏ/1b94f2888b7c455f9d4b217171f7d7e2.mp4,EŞİTMƏ,,unknown,34,30.0,rec_2022-06-02
1ed3cd3d76474635889e8156619ce4ab,data/raw/AzSLD_Words_100/EŞİTMƏ/1ed3cd3d76474635889e8156619ce4ab.mp4,EŞİTMƏ,,unknown,14,30.0,rec_2022-07-13
31c0cbe5cc314c2890cbb76c91a11f90,data/raw/AzSLD_Words_100/EŞİTMƏ/31c0cbe5cc314c2890cbb76c91a11f90.mp4,EŞİTMƏ,,unknown,18,30.0,rec_2022-06-11
444c6e3a33bd4843aa2cad71b61ada4f,data/raw/AzSLD_Words_100/EŞİTMƏ/444c6e3a33bd4843aa2cad71b61ada4f.mp4,EŞİTMƏ,,unknown,20,30.0,rec_2022-07-18
49a9bbd77b8d4b7ebed1786726ff6207,data/raw/AzSLD_Words_100/EŞİTMƏ/49a9bbd77b8d4b7ebed1786726ff6207.mp4,EŞİTMƏ,,unknown,25,30.0,rec_2022-07-23
5341e8bc495040d9b0e0dfaef4e50660,data/raw/AzSLD_Words_100/EŞİTMƏ/5341e8bc495040d9b0e0dfaef4e50660.mp4,EŞİTMƏ,,unknown,42,30.0,rec_2022-08-02
59defec8fe50486ebee6d418a72536f4,data/raw/AzSLD_Words_100/EŞİTMƏ/59defec8fe50486ebee6d418a72536f4.mp4,EŞİTMƏ,,unknown,26,30.0,rec_2022-07-23
63ad3cbf44b442088884d4339d6cb9e1,data/raw/AzSLD_Words_100/EŞİTMƏ/63ad3cbf44b442088884d4339d6cb9e1.mp4,EŞİTMƏ,,unknown,15,30.0,rec_2022-06-11
65044dd864a34e4a9ab595030ed3b246,data/raw/AzSLD_Words_100/EŞİTMƏ/65044dd864a34e4a9ab595030ed3b246.mp4,EŞİTMƏ,,unknown,11,30.0,rec_2022-07-19
727183df7ecb433d85c408a26da59c77,data/raw/AzSLD_Words_100/EŞİTMƏ/727183df7ecb433d85c408a26da59c77.mp4,EŞİTMƏ,,unknown,19,30.0,rec_2022-06-18
8686e77792ed4edab952bd46695e8741,data/raw/AzSLD_Words_100/EŞİTMƏ/8686e77792ed4edab952bd46695e8741.mp4,EŞİTMƏ,,unknown,17,30.0,rec_2022-08-02
86b5e937caa54ad3ba1ead2da623b75e,data/raw/AzSLD_Words_100/EŞİTMƏ/86b5e937caa54ad3ba1ead2da623b75e.mp4,EŞİTMƏ,,unknown,14,30.0,rec_2022-07-25
9ae925e831a74c5ab5f9531272791d27,data/raw/AzSLD_Words_100/EŞİTMƏ/9ae925e831a74c5ab5f9531272791d27.mp4,EŞİTMƏ,,unknown,10,30.0,rec_2022-07-18
9ef35db1127b4c90b29acc0114368ac4,data/raw/AzSLD_Words_100/EŞİTMƏ/9ef35db1127b4c90b29acc0114368ac4.mp4,EŞİTMƏ,,unknown,18,30.0,rec_2022-06-18
b0c849c9f1314bf6a78740d895f50f55,data/raw/AzSLD_Words_100/EŞİTMƏ/b0c849c9f1314bf6a78740d895f50f55.mp4,EŞİTMƏ,,unknown,22,30.0,rec_2022-08-02
cd9f5e0f28094c4bac00d82aa1185c4d,data/raw/AzSLD_Words_100/EŞİTMƏ/cd9f5e0f28094c4bac00d82aa1185c4d.mp4,EŞİTMƏ,,unknown,22,30.0,rec_2022-07-23
025d2332bca64b329acdc4dd40890e14,data/raw/AzSLD_Words_100/EŞİTMƏ MƏHDÜDİYYƏTLİ/025d2332bca64b329acdc4dd40890e14.mp4,EŞİTMƏ MƏHDÜDİYYƏTLİ,,unknown,24,30.0,rec_2022-12-22
15626d99c9474c63ad3b66d80a643a9e,data/raw/AzSLD_Words_100/EŞİTMƏ MƏHDÜDİYYƏTLİ/15626d99c9474c63ad3b66d80a643a9e.mp4,EŞİTMƏ MƏHDÜDİYYƏTLİ,,unknown,35,30.0,rec_2022-11-17
1a0b03a1b24d456a8c3fee6339ff7084,data/raw/AzSLD_Words_100/EŞİTMƏ MƏHDÜDİYYƏTLİ/1a0b03a1b24d456a8c3fee6339ff7084.mp4,EŞİTMƏ MƏHDÜDİYYƏTLİ,,unknown,13,30.0,rec_2022-07-19
1e3c9bd49ffd4b338e43d6e644f6721e,data/raw/AzSLD_Words_100/EŞİTMƏ MƏHDÜDİYYƏTLİ/1e3c9bd49ffd4b338e43d6e644f6721e.mp4,EŞİTMƏ MƏHDÜDİYYƏTLİ,,unknown,30,30.0,rec_2022-07-21
2a8ea555322b47fbb059116054820e44,data/raw/AzSLD_Words_100/EŞİTMƏ MƏHDÜDİYYƏTLİ/2a8ea555322b47fbb059116054820e44.mp4,EŞİTMƏ MƏHDÜDİYYƏTLİ,,unknown,28,30.0,rec_2022-10-28
31d524730bfe44729b71c9eaccccc99d,data/raw/AzSLD_Words_100/EŞİTMƏ MƏHDÜDİYYƏTLİ/31d524730bfe44729b71c9eaccccc99d.mp4,EŞİTMƏ MƏHDÜDİYYƏTLİ,,unknown,26,30.0,rec_2022-10-28
35fe7706b4e84b49a24d424a777a8b36,data/raw/AzSLD_Words_100/EŞİTMƏ MƏHDÜDİYYƏTLİ/35fe7706b4e84b49a24d424a777a8b36.mp4,EŞİTMƏ MƏHDÜDİYYƏTLİ,,unknown,25,30.0,rec_2022-12-22
3850d0ce25814a0a8471fa4cd12faad2,data/raw/AzSLD_Words_100/EŞİTMƏ MƏHDÜDİYYƏTLİ/3850d0ce25814a0a8471fa4cd12faad2.mp4,EŞİTMƏ MƏHDÜDİYYƏTLİ,,unknown,29,30.0,rec_2022-12-23
496e33058adb413396bd5cb8a9846eef,data/raw/AzSLD_Words_100/EŞİTMƏ MƏHDÜDİYYƏTLİ/496e33058adb413396bd5cb8a9846eef.mp4,EŞİTMƏ MƏHDÜDİYYƏTLİ,,unknown,32,30.0,rec_2022-12-20
5aa7d255293a47aa9fcf0248ed97e908,data/raw/AzSLD_Words_100/EŞİTMƏ MƏHDÜDİYYƏTLİ/5aa7d255293a47aa9fcf0248ed97e908.mp4,EŞİTMƏ MƏHDÜDİYYƏTLİ,,unknown,28,30.0,rec_2022-12-24
5dc53e7dcfff4124a94c55757ef3f01f,data/raw/AzSLD_Words_100/EŞİTMƏ MƏHDÜDİYYƏTLİ/5dc53e7dcfff4124a94c55757ef3f01f.mp4,EŞİTMƏ MƏHDÜDİYYƏTLİ,,unknown,25,30.0,rec_2022-12-23
687332491b694aab8a665cf883307d76,data/raw/AzSLD_Words_100/EŞİTMƏ MƏHDÜDİYYƏTLİ/687332491b694aab8a665cf883307d76.mp4,EŞİTMƏ MƏHDÜDİYYƏTLİ,,unknown,18,30.0,rec_2023-01-18
77a43784924d4be8adec3c9eb3383d7e,data/raw/AzSLD_Words_100/EŞİTMƏ MƏHDÜDİYYƏTLİ/77a43784924d4be8adec3c9eb3383d7e.mp4,EŞİTMƏ MƏHDÜDİYYƏTLİ,,unknown,26,30.0,rec_2022-07-22
78b7f411a1f545e7a8c56b7a83ff3ead,data/raw/AzSLD_Words_100/EŞİTMƏ MƏHDÜDİYYƏTLİ/78b7f411a1f545e7a8c56b7a83ff3ead.mp4,EŞİTMƏ MƏHDÜDİYYƏTLİ,,unknown,22,30.0,rec_2022-07-21
aaa4b7a764244706a3ffdb614b434c08,data/raw/AzSLD_Words_100/EŞİTMƏ MƏHDÜDİYYƏTLİ/aaa4b7a764244706a3ffdb614b434c08.mp4,EŞİTMƏ MƏHDÜDİYYƏTLİ,,unknown,42,30.0,rec_2022-12-20
b3187fc3bf28443e83ee90d99b3d17d6,data/raw/AzSLD_Words_100/EŞİTMƏ MƏHDÜDİYYƏTLİ/b3187fc3bf28443e83ee90d99b3d17d6.mp4,EŞİTMƏ MƏHDÜDİYYƏTLİ,,unknown,24,30.0,rec_2022-12-28
c96112dfabdc42f19501a877cf5b9c18,data/raw/AzSLD_Words_100/EŞİTMƏ MƏHDÜDİYYƏTLİ/c96112dfabdc42f19501a877cf5b9c18.mp4,EŞİTMƏ MƏHDÜDİYYƏTLİ,,unknown,18,30.0,rec_2022-11-04
fccd7b5c456143eeb8edd4c2ffc78b17,data/raw/AzSLD_Words_100/EŞİTMƏ MƏHDÜDİYYƏTLİ/fccd7b5c456143eeb8edd4c2ffc78b17.mp4,EŞİTMƏ MƏHDÜDİYYƏTLİ,,unknown,29,30.0,rec_2022-11-22
0308a079924e4d83b51e3c00ed022895,data/raw/AzSLD_Words_100/FUTBOL/0308a079924e4d83b51e3c00ed022895.mp4,FUTBOL,,unknown,28,30.0,rec_2022-12-22
04897f96c6834c0c8772012e704ff16d,data/raw/AzSLD_Words_100/FUTBOL/04897f96c6834c0c8772012e704ff16d.mp4,FUTBOL,,unknown,28,30.0,rec_2022-12-22
05879f8c7ef0496f902f9dbf33e4fa70,data/raw/AzSLD_Words_100/FUTBOL/05879f8c7ef0496f902f9dbf33e4fa70.mp4,FUTBOL,,unknown,31,30.0,rec_2022-11-19
05aef00c7b1e485d89211e98fe13642e,data/raw/AzSLD_Words_100/FUTBOL/05aef00c7b1e485d89211e98fe13642e.mp4,FUTBOL,,unknown,28,30.0,rec_2022-07-18
1690fb9086ad46af9eca0a984ed5bedd,data/raw/AzSLD_Words_100/FUTBOL/1690fb9086ad46af9eca0a984ed5bedd.mp4,FUTBOL,,unknown,15,30.0,rec_2022-11-10
17c7e86ede5c46649221286a557744ab,data/raw/AzSLD_Words_100/FUTBOL/17c7e86ede5c46649221286a557744ab.mp4,FUTBOL,,unknown,31,30.0,rec_2022-12-15
208923179c1c4024932a3440982e1c95,data/raw/AzSLD_Words_100/FUTBOL/208923179c1c4024932a3440982e1c95.mp4,FUTBOL,,unknown,21,30.0,rec_2022-06-01
20e8991afee6452c872f8a77473bb29b,data/raw/AzSLD_Words_100/FUTBOL/20e8991afee6452c872f8a77473bb29b.mp4,FUTBOL,,unknown,26,30.0,rec_2022-11-02
2285d8709389460898cec0c7cd28d8e2,data/raw/AzSLD_Words_100/FUTBOL/2285d8709389460898cec0c7cd28d8e2.mp4,FUTBOL,,unknown,22,30.0,rec_2022-07-15
2ff8cc2ff0c4497d91fc29036d1ff953,data/raw/AzSLD_Words_100/FUTBOL/2ff8cc2ff0c4497d91fc29036d1ff953.mp4,FUTBOL,,unknown,30,30.0,rec_2022-12-23
32791619d2524eb697163bdb5a3f40f5,data/raw/AzSLD_Words_100/FUTBOL/32791619d2524eb697163bdb5a3f40f5.mp4,FUTBOL,,unknown,23,30.0,rec_2022-07-13
33d40431fecf423f9e1e3e77927851f6,data/raw/AzSLD_Words_100/FUTBOL/33d40431fecf423f9e1e3e77927851f6.mp4,FUTBOL,,unknown,28,30.0,rec_2022-11-17
34cea55be217419185e12bd79c743606,data/raw/AzSLD_Words_100/FUTBOL/34cea55be217419185e12bd79c743606.mp4,FUTBOL,,unknown,28,30.0,rec_2022-12-17
369c09813e2544678949a6ea6ffa87c9,data/raw/AzSLD_Words_100/FUTBOL/369c09813e2544678949a6ea6ffa87c9.mp4,FUTBOL,,unknown,26,30.0,rec_2022-06-09
4aa5d40fcd6c4bab98dd91086442f6ac,data/raw/AzSLD_Words_100/FUTBOL/4aa5d40fcd6c4bab98dd91086442f6ac.mp4,FUTBOL,,unknown,25,30.0,rec_2022-12-22
54c2ed7834c1471bba244b9bf685bc98,data/raw/AzSLD_Words_100/FUTBOL/54c2ed7834c1471bba244b9bf685bc98.mp4,FUTBOL,,unknown,9,30.0,rec_2022-07-13
58591403ba4b40e39974ceb2153fc933,data/raw/AzSLD_Words_100/FUTBOL/58591403ba4b40e39974ceb2153fc933.mp4,FUTBOL,,unknown,21,30.0,rec_2022-11-10
5c5645f13dcb4a15b56fce088b6cc2bd,data/raw/AzSLD_Words_100/FUTBOL/5c5645f13dcb4a15b56fce088b6cc2bd.mp4,FUTBOL,,unknown,19,30.0,rec_2022-07-21
60afa1ef03c946e8a2227954497cae53,data/raw/AzSLD_Words_100/FUTBOL/60afa1ef03c946e8a2227954497cae53.mp4,FUTBOL,,unknown,25,30.0,rec_2022-12-23
6c32e3d1e05d447ab0c2a98ecfd3df32,data/raw/AzSLD_Words_100/FUTBOL/6c32e3d1e05d447ab0c2a98ecfd3df32.mp4,FUTBOL,,unknown,33,30.0,rec_2022-11-02
719a90fd1e2442c3ac95d213fed462cf,data/raw/AzSLD_Words_100/FUTBOL/719a90fd1e2442c3ac95d213fed462cf.mp4,FUTBOL,,unknown,10,30.0,rec_2022-11-05
7598776b9f524f37bbe212452b3ce44c,data/raw/AzSLD_Words_100/FUTBOL/7598776b9f524f37bbe212452b3ce44c.mp4,FUTBOL,,unknown,29,30.0,rec_2022-12-20
787ef712326a4d0b80ec9dede66fedea,data/raw/AzSLD_Words_100/FUTBOL/787ef712326a4d0b80ec9dede66fedea.mp4,FUTBOL,,unknown,29,30.0,rec_2022-12-28
7df53c945ff9423fa19b3e76bc7c98ee,data/raw/AzSLD_Words_100/FUTBOL/7df53c945ff9423fa19b3e76bc7c98ee.mp4,FUTBOL,,unknown,31,30.0,rec_2022-11-02
850344ee248d4a6d873b19ca78b9d651,data/raw/AzSLD_Words_100/FUTBOL/850344ee248d4a6d873b19ca78b9d651.mp4,FUTBOL,,unknown,27,30.0,rec_2022-12-22
88857a5a2a0a4006b6587bc63c97ba34,data/raw/AzSLD_Words_100/FUTBOL/88857a5a2a0a4006b6587bc63c97ba34.mp4,FUTBOL,,unknown,21,30.0,rec_2022-12-23
89c80528b93b41fd925dc5aa3ff2c192,data/raw/AzSLD_Words_100/FUTBOL/89c80528b93b41fd925dc5aa3ff2c192.mp4,FUTBOL,,unknown,27,30.0,rec_2022-12-28
9d0dd6a58c124901b742140d457cb886,data/raw/AzSLD_Words_100/FUTBOL/9d0dd6a58c124901b742140d457cb886.mp4,FUTBOL,,unknown,30,30.0,rec_2022-12-24
9d192bd6ce904561bb441c7263d6185d,data/raw/AzSLD_Words_100/FUTBOL/9d192bd6ce904561bb441c7263d6185d.mp4,FUTBOL,,unknown,29,30.0,rec_2022-12-27
a76908b8eec5422c90c42501dae48271,data/raw/AzSLD_Words_100/FUTBOL/a76908b8eec5422c90c42501dae48271.mp4,FUTBOL,,unknown,28,30.0,rec_2022-11-17
a8c5849842de42b5bcbd00c89540932c,data/raw/AzSLD_Words_100/FUTBOL/a8c5849842de42b5bcbd00c89540932c.mp4,FUTBOL,,unknown,25,30.0,rec_2022-12-17
aaaf755b1b4b44158f0e4935121b6795,data/raw/AzSLD_Words_100/FUTBOL/aaaf755b1b4b44158f0e4935121b6795.mp4,FUTBOL,,unknown,25,30.0,rec_2022-12-15
aab37faead434b1d9dc1a140e0b264ff,data/raw/AzSLD_Words_100/FUTBOL/aab37faead434b1d9dc1a140e0b264ff.mp4,FUTBOL,,unknown,42,30.0,rec_2022-07-23
b399e193858a4ba18582eaf6fd0d3f45,data/raw/AzSLD_Words_100/FUTBOL/b399e193858a4ba18582eaf6fd0d3f45.mp4,FUTBOL,,unknown,29,30.0,rec_2022-12-20
bb272ad8f66945b2b7dbe2097ce70796,data/raw/AzSLD_Words_100/FUTBOL/bb272ad8f66945b2b7dbe2097ce70796.mp4,FUTBOL,,unknown,28,30.0,rec_2022-12-27
bb73c9ecee9a4581bd849a055b355a95,data/raw/AzSLD_Words_100/FUTBOL/bb73c9ecee9a4581bd849a055b355a95.mp4,FUTBOL,,unknown,11,30.0,rec_2022-08-02
c7722dced9cc4f17a80f6e1d600d4638,data/raw/AzSLD_Words_100/FUTBOL/c7722dced9cc4f17a80f6e1d600d4638.mp4,FUTBOL,,unknown,26,30.0,rec_2022-06-01
c7760666581546c98e2b90148eda46b2,data/raw/AzSLD_Words_100/FUTBOL/c7760666581546c98e2b90148eda46b2.mp4,FUTBOL,,unknown,34,30.0,rec_2022-12-27
d256c469a31b4b1a83806f4462c6b616,data/raw/AzSLD_Words_100/FUTBOL/d256c469a31b4b1a83806f4462c6b616.mp4,FUTBOL,,unknown,16,30.0,rec_2023-01-19
d5d77a87bf784dd2a57cb3c69af9a19c,data/raw/AzSLD_Words_100/FUTBOL/d5d77a87bf784dd2a57cb3c69af9a19c.mp4,FUTBOL,,unknown,18,30.0,rec_2022-08-02
dd3a648d5a654be7bfe6c57cadd91faa,data/raw/AzSLD_Words_100/FUTBOL/dd3a648d5a654be7bfe6c57cadd91faa.mp4,FUTBOL,,unknown,30,30.0,rec_2022-12-20
dda780ba76c44ebf9d9d1821881ccd57,data/raw/AzSLD_Words_100/FUTBOL/dda780ba76c44ebf9d9d1821881ccd57.mp4,FUTBOL,,unknown,17,30.0,rec_2022-11-05
e7e29a67393f4a608e97a2ad331ba1ae,data/raw/AzSLD_Words_100/FUTBOL/e7e29a67393f4a608e97a2ad331ba1ae.mp4,FUTBOL,,unknown,16,30.0,rec_2022-07-18
f1db0c6bfbfa4007a669c36ee5a43381,data/raw/AzSLD_Words_100/FUTBOL/f1db0c6bfbfa4007a669c36ee5a43381.mp4,FUTBOL,,unknown,24,30.0,rec_2022-12-24
f8cdf6659a184de3ac3d9f6120af08ab,data/raw/AzSLD_Words_100/FUTBOL/f8cdf6659a184de3ac3d9f6120af08ab.mp4,FUTBOL,,unknown,18,30.0,rec_2022-11-18
fe34df8a14eb49e5ad7c194af4a3353b,data/raw/AzSLD_Words_100/FUTBOL/fe34df8a14eb49e5ad7c194af4a3353b.mp4,FUTBOL,,unknown,30,30.0,rec_2022-11-18
02d81bfa1e4349abb612e86bc7ebea40,data/raw/AzSLD_Words_100/GECİKMƏK/02d81bfa1e4349abb612e86bc7ebea40.mp4,GECİKMƏK,,unknown,26,30.0,rec_2022-12-15
130cae0a3e5740b999aa93f2c2f7fcac,data/raw/AzSLD_Words_100/GECİKMƏK/130cae0a3e5740b999aa93f2c2f7fcac.mp4,GECİKMƏK,,unknown,27,30.0,rec_2022-11-18
15fd548ed4e8413ea57cc0f690c72e7d,data/raw/AzSLD_Words_100/GECİKMƏK/15fd548ed4e8413ea57cc0f690c72e7d.mp4,GECİKMƏK,,unknown,27,30.0,rec_2022-11-22
247b0bdceb2345caad0bf94a7d8b3362,data/raw/AzSLD_Words_100/GECİKMƏK/247b0bdceb2345caad0bf94a7d8b3362.mp4,GECİKMƏK,,unknown,32,30.0,rec_2022-12-24
3ad5932159be430ba4b9fd23dd267d9e,data/raw/AzSLD_Words_100/GECİKMƏK/3ad5932159be430ba4b9fd23dd267d9e.mp4,GECİKMƏK,,unknown,30,30.0,rec_2022-11-19
3ef8df0196a94e93af496ca66fac24a3,data/raw/AzSLD_Words_100/GECİKMƏK/3ef8df0196a94e93af496ca66fac24a3.mp4,GECİKMƏK,,unknown,20,30.0,rec_2022-11-05
4ae7cf2dce0d47ba973551e8b149f269,data/raw/AzSLD_Words_100/GECİKMƏK/4ae7cf2dce0d47ba973551e8b149f269.mp4,GECİKMƏK,,unknown,30,30.0,rec_2022-12-27
50cc9b62523a40bc8909536655ae9338,data/raw/AzSLD_Words_100/GECİKMƏK/50cc9b62523a40bc8909536655ae9338.mp4,GECİKMƏK,,unknown,27,30.0,rec_2022-12-22
5b9d83a959124d25981e69e9c7709d69,data/raw/AzSLD_Words_100/GECİKMƏK/5b9d83a959124d25981e69e9c7709d69.mp4,GECİKMƏK,,unknown,32,30.0,rec_2022-12-20
6f6263045f1f4049a66eee5fa007b63e,data/raw/AzSLD_Words_100/GECİKMƏK/6f6263045f1f4049a66eee5fa007b63e.mp4,GECİKMƏK,,unknown,24,30.0,rec_2023-01-18
7ff687c7e0e44b1c820062ee50700209,data/raw/AzSLD_Words_100/GECİKMƏK/7ff687c7e0e44b1c820062ee50700209.mp4,GECİKMƏK,,unknown,31,30.0,rec_2022-12-27
8340aab71f7345c0b16eca2b9e5361c4,data/raw/AzSLD_Words_100/GECİKMƏK/8340aab71f7345c0b16eca2b9e5361c4.mp4,GECİKMƏK,,unknown,26,30.0,rec_2022-12-28
865b433de2df4205b4abf573354c7901,data/raw/AzSLD_Words_100/GECİKMƏK/865b433de2df4205b4abf573354c7901.mp4,GECİKMƏK,,unknown,33,30.0,rec_2022-11-01
8d4a9ad8cace492990a20ef20f6f7680,data/raw/AzSLD_Words_100/GECİKMƏK/8d4a9ad8cace492990a20ef20f6f7680.mp4,GECİKMƏK,,unknown,27,30.0,rec_2022-12-23
94d1c061cc79482ca43a1bffe9b69cc0,data/raw/AzSLD_Words_100/GECİKMƏK/94d1c061cc79482ca43a1bffe9b69cc0.mp4,GECİKMƏK,,unknown,25,30.0,rec_2022-11-17
9bc7beb7a9b54bed9e8da5171b03d047,data/raw/AzSLD_Words_100/GECİKMƏK/9bc7beb7a9b54bed9e8da5171b03d047.mp4,GECİKMƏK,,unknown,22,30.0,rec_2022-12-23
ae5a077220cf4000b94a79ced79ea3c1,data/raw/AzSLD_Words_100/GECİKMƏK/ae5a077220cf4000b94a79ced79ea3c1.mp4,GECİKMƏK,,unknown,28,30.0,rec_2022-12-27
b8bdc17d39d7494b89788a0198962d97,data/raw/AzSLD_Words_100/GECİKMƏK/b8bdc17d39d7494b89788a0198962d97.mp4,GECİKMƏK,,unknown,25,30.0,rec_2022-12-22
c6872cbcb35c44e786a2f7be66933cee,data/raw/AzSLD_Words_100/GECİKMƏK/c6872cbcb35c44e786a2f7be66933cee.mp4,GECİKMƏK,,unknown,31,30.0,rec_2022-12-17
e0203b4e70b44f7ab4464f764e0614e5,data/raw/AzSLD_Words_100/GECİKMƏK/e0203b4e70b44f7ab4464f764e0614e5.mp4,GECİKMƏK,,unknown,29,30.0,rec_2022-12-20
ed2a8398bfe74761950085ce21cf74bb,data/raw/AzSLD_Words_100/GECİKMƏK/ed2a8398bfe74761950085ce21cf74bb.mp4,GECİKMƏK,,unknown,20,30.0,rec_2022-11-10
0b3059eab3b3418cbf9a6f0531a8197b,data/raw/AzSLD_Words_100/GETMƏK/0b3059eab3b3418cbf9a6f0531a8197b.mp4,GETMƏK,,unknown,13,30.0,rec_2022-07-25
0c0ded65b1964dbd93ec457ca9ba011e,data/raw/AzSLD_Words_100/GETMƏK/0c0ded65b1964dbd93ec457ca9ba011e.mp4,GETMƏK,,unknown,18,30.0,rec_2022-07-22
0e5d9f5df385436398e2b6342c6a10c3,data/raw/AzSLD_Words_100/GETMƏK/0e5d9f5df385436398e2b6342c6a10c3.mp4,GETMƏK,,unknown,23,30.0,rec_2022-07-20
12824ed17247432198d2f46f07bf7af2,data/raw/AzSLD_Words_100/GETMƏK/12824ed17247432198d2f46f07bf7af2.mp4,GETMƏK,,unknown,18,30.0,rec_2022-07-25
14e06d3a04a94fe3bb95a136bf0a36fd,data/raw/AzSLD_Words_100/GETMƏK/14e06d3a04a94fe3bb95a136bf0a36fd.mp4,GETMƏK,,unknown,12,30.0,rec_2022-07-18
1cd8c4a3d5df42ae8b0ea26b6c847d70,data/raw/AzSLD_Words_100/GETMƏK/1cd8c4a3d5df42ae8b0ea26b6c847d70.mp4,GETMƏK,,unknown,25,30.0,rec_2022-07-22
1f70010692524e4e8c3eee1ad4341ac8,data/raw/AzSLD_Words_100/GETMƏK/1f70010692524e4e8c3eee1ad4341ac8.mp4,GETMƏK,,unknown,21,30.0,rec_2022-08-02
354393b51f064218a4e0d89e0886c829,data/raw/AzSLD_Words_100/GETMƏK/354393b51f064218a4e0d89e0886c829.mp4,GETMƏK,,unknown,31,30.0,rec_2022-08-02
3bbb8c5cdabb45e9ade3f9a39c12bece,data/raw/AzSLD_Words_100/GETMƏK/3bbb8c5cdabb45e9ade3f9a39c12bece.mp4,GETMƏK,,unknown,17,30.0,rec_2022-07-01
48820146bbc6444e88e5127432f3b526,data/raw/AzSLD_Words_100/GETMƏK/48820146bbc6444e88e5127432f3b526.mp4,GETMƏK,,unknown,17,30.0,rec_2022-07-14
4afeaea85afd4e9fbf811c6c039d5004,data/raw/AzSLD_Words_100/GETMƏK/4afeaea85afd4e9fbf811c6c039d5004.mp4,GETMƏK,,unknown,14,30.0,rec_2022-07-19
4c608a551e5243b4b05f0719b75ec3ff,data/raw/AzSLD_Words_100/GETMƏK/4c608a551e5243b4b05f0719b75ec3ff.mp4,GETMƏK,,unknown,36,30.0,rec_2022-07-13
59c395be530e445c9f2675b2761c2235,data/raw/AzSLD_Words_100/GETMƏK/59c395be530e445c9f2675b2761c2235.mp4,GETMƏK,,unknown,11,30.0,rec_2022-07-20
5a8086bcc4904c1882503c6fb86baac2,data/raw/AzSLD_Words_100/GETMƏK/5a8086bcc4904c1882503c6fb86baac2.mp4,GETMƏK,,unknown,29,30.0,rec_2022-07-29
60722c78560b4939a62259e1d0174320,data/raw/AzSLD_Words_100/GETMƏK/60722c78560b4939a62259e1d0174320.mp4,GETMƏK,,unknown,25,30.0,rec_2022-07-18
61c5a68a0e104a9fb0ed1b5f6bda7831,data/raw/AzSLD_Words_100/GETMƏK/61c5a68a0e104a9fb0ed1b5f6bda7831.mp4,GETMƏK,,unknown,15,30.0,rec_2022-07-22
6227dc2ee9b541958ec9da48139f6145,data/raw/AzSLD_Words_100/GETMƏK/6227dc2ee9b541958ec9da48139f6145.mp4,GETMƏK,,unknown,15,30.0,rec_2022-07-20
72285cf572db4c019125e9bff393ad06,data/raw/AzSLD_Words_100/GETMƏK/72285cf572db4c019125e9bff393ad06.mp4,GETMƏK,,unknown,10,30.0,rec_2022-07-18
7dc1e8b68d9f4f45bd407518c5e9c7b3,data/raw/AzSLD_Words_100/GETMƏK/7dc1e8b68d9f4f45bd407518c5e9c7b3.mp4,GETMƏK,,unknown,9,30.0,rec_2022-07-21
81f936e98f554716bcc31495b3ff9c98,data/raw/AzSLD_Words_100/GETMƏK/81f936e98f554716bcc31495b3ff9c98.mp4,GETMƏK,,unknown,19,30.0,rec_2022-06-01
820cb0c6a9dc4463b33fa4724e1bfcc9,data/raw/AzSLD_Words_100/GETMƏK/820cb0c6a9dc4463b33fa4724e1bfcc9.mp4,GETMƏK,,unknown,25,30.0,rec_2022-07-18
86d2d46343ca4999a9d81bed996d1dcd,data/raw/AzSLD_Words_100/GETMƏK/86d2d46343ca4999a9d81bed996d1dcd.mp4,GETMƏK,,unknown,14,30.0,rec_2022-07-14
8a707b429ca743cb81f28750ec03683a,data/raw/AzSLD_Words_100/GETMƏK/8a707b429ca743cb81f28750ec03683a.mp4,GETMƏK,,unknown,24,30.0,rec_2022-06-13
8c58c19585b74ea58d39c708045208a6,data/raw/AzSLD_Words_100/GETMƏK/8c58c19585b74ea58d39c708045208a6.mp4,GETMƏK,,unknown,15,30.0,rec_2022-07-02
8e663425463044d79041752f7061d916,data/raw/AzSLD_Words_100/GETMƏK/8e663425463044d79041752f7061d916.mp4,GETMƏK,,unknown,22,30.0,rec_2022-07-18
8fdafc71f2064728abdc4b05e18650e8,data/raw/AzSLD_Words_100/GETMƏK/8fdafc71f2064728abdc4b05e18650e8.mp4,GETMƏK,,unknown,18,30.0,rec_2022-06-02
917e6199a6334908888af99f035c9a3a,data/raw/AzSLD_Words_100/GETMƏK/917e6199a6334908888af99f035c9a3a.mp4,GETMƏK,,unknown,22,30.0,rec_2022-07-23
93b1e24311584034bfb614c99b1c6619,data/raw/AzSLD_Words_100/GETMƏK/93b1e24311584034bfb614c99b1c6619.mp4,GETMƏK,,unknown,10,30.0,rec_2022-08-01
a01410718dd349f7b19e3e724a36a94d,data/raw/AzSLD_Words_100/GETMƏK/a01410718dd349f7b19e3e724a36a94d.mp4,GETMƏK,,unknown,12,30.0,rec_2022-07-14
a946a124d1e640b2b0e6a54d05b2a542,data/raw/AzSLD_Words_100/GETMƏK/a946a124d1e640b2b0e6a54d05b2a542.mp4,GETMƏK,,unknown,30,30.0,rec_2022-06-11
abe5e9bb01564c5d926d12564fb3a5b8,data/raw/AzSLD_Words_100/GETMƏK/abe5e9bb01564c5d926d12564fb3a5b8.mp4,GETMƏK,,unknown,17,30.0,rec_2022-07-23
b208a663c96e4e63862e8a249b2d944b,data/raw/AzSLD_Words_100/GETMƏK/b208a663c96e4e63862e8a249b2d944b.mp4,GETMƏK,,unknown,10,30.0,rec_2022-07-14
b2771a09bba34415a19763b3a9778157,data/raw/AzSLD_Words_100/GETMƏK/b2771a09bba34415a19763b3a9778157.mp4,GETMƏK,,unknown,9,30.0,rec_2022-06-09
b2af0d884e5a4b1ca2786fed1251a4f5,data/raw/AzSLD_Words_100/GETMƏK/b2af0d884e5a4b1ca2786fed1251a4f5.mp4,GETMƏK,,unknown,13,30.0,rec_2022-07-14
b704cb4787c64c8bb36896eebc4008c2,data/raw/AzSLD_Words_100/GETMƏK/b704cb4787c64c8bb36896eebc4008c2.mp4,GETMƏK,,unknown,25,30.0,rec_2022-07-23
be03f9767559422aa761c1375ee5ec78,data/raw/AzSLD_Words_100/GETMƏK/be03f9767559422aa761c1375ee5ec78.mp4,GETMƏK,,unknown,22,30.0,rec_2022-07-20
c4895eb690264d44b382d7c006e69143,data/raw/AzSLD_Words_100/GETMƏK/c4895eb690264d44b382d7c006e69143.mp4,GETMƏK,,unknown,32,30.0,rec_2022-06-01
c96ee1886b594793805eeb33a83109de,data/raw/AzSLD_Words_100/GETMƏK/c96ee1886b594793805eeb33a83109de.mp4,GETMƏK,,unknown,11,30.0,rec_2022-07-22
cfbcefae0bc244e784868a5ea96b9456,data/raw/AzSLD_Words_100/GETMƏK/cfbcefae0bc244e784868a5ea96b9456.mp4,GETMƏK,,unknown,17,30.0,rec_2022-07-21
d37fd83ce87e4b0a98586ea0f5193a72,data/raw/AzSLD_Words_100/GETMƏK/d37fd83ce87e4b0a98586ea0f5193a72.mp4,GETMƏK,,unknown,14,30.0,rec_2022-07-18
e49ac76049b043dbb8c0a738b2c620d4,data/raw/AzSLD_Words_100/GETMƏK/e49ac76049b043dbb8c0a738b2c620d4.mp4,GETMƏK,,unknown,41,30.0,rec_2022-07-25
e68e86aa8d8f4275899e60e793b0b7af,data/raw/AzSLD_Words_100/GETMƏK/e68e86aa8d8f4275899e60e793b0b7af.mp4,GETMƏK,,unknown,13,30.0,rec_2022-07-23
ea4b7e70a56e4b50a4c28c586d5e6ff4,data/raw/AzSLD_Words_100/GETMƏK/ea4b7e70a56e4b50a4c28c586d5e6ff4.mp4,GETMƏK,,unknown,30,30.0,rec_2022-06-11
ee833b792b1544e0b033a7e77c2edfc3,data/raw/AzSLD_Words_100/GETMƏK/ee833b792b1544e0b033a7e77c2edfc3.mp4,GETMƏK,,unknown,42,30.0,rec_2022-08-02
ef5774b73a714138926484abbfd594e2,data/raw/AzSLD_Words_100/GETMƏK/ef5774b73a714138926484abbfd594e2.mp4,GETMƏK,,unknown,25,30.0,rec_2022-08-02
f345eece6786409b8a6b6f54032847b2,data/raw/AzSLD_Words_100/GETMƏK/f345eece6786409b8a6b6f54032847b2.mp4,GETMƏK,,unknown,13,30.0,rec_2022-07-13
f845e51c86e84737a3f9fdcfde2fbb84,data/raw/AzSLD_Words_100/GETMƏK/f845e51c86e84737a3f9fdcfde2fbb84.mp4,GETMƏK,,unknown,12,30.0,rec_2022-07-13
fadcc07248664ccd8504547ca0752827,data/raw/AzSLD_Words_100/GETMƏK/fadcc07248664ccd8504547ca0752827.mp4,GETMƏK,,unknown,18,30.0,rec_2022-07-27
0606445030b247bdbcfbea904cb1ca9c,data/raw/AzSLD_Words_100/GÖRMƏK/0606445030b247bdbcfbea904cb1ca9c.mp4,GÖRMƏK,,unknown,23,30.0,rec_2022-07-18
0addaa2a9646420e9fe7367cb8dadd5f,data/raw/AzSLD_Words_100/GÖRMƏK/0addaa2a9646420e9fe7367cb8dadd5f.mp4,GÖRMƏK,,unknown,29,30.0,rec_2022-07-15
0bbd2a7954d74eb1a683af7ec4de7b62,data/raw/AzSLD_Words_100/GÖRMƏK/0bbd2a7954d74eb1a683af7ec4de7b62.mp4,GÖRMƏK,,unknown,28,30.0,rec_2022-07-13
2204f7dc7b054122af3363a8decaca43,data/raw/AzSLD_Words_100/GÖRMƏK/2204f7dc7b054122af3363a8decaca43.mp4,GÖRMƏK,,unknown,41,30.0,rec_2022-06-11
2cb864eb863844f582c629c9399723e7,data/raw/AzSLD_Words_100/GÖRMƏK/2cb864eb863844f582c629c9399723e7.mp4,GÖRMƏK,,unknown,25,30.0,rec_2022-07-25
3030cb0e93574576bc4a2ddd4c04b7c3,data/raw/AzSLD_Words_100/GÖRMƏK/3030cb0e93574576bc4a2ddd4c04b7c3.mp4,GÖRMƏK,,unknown,33,30.0,rec_2022-06-01
373a257758004f8fa65e568dda09276f,data/raw/AzSLD_Words_100/GÖRMƏK/373a257758004f8fa65e568dda09276f.mp4,GÖRMƏK,,unknown,32,30.0,rec_2022-07-01
5d9d5ddf80544a2597d835549bca5710,data/raw/AzSLD_Words_100/GÖRMƏK/5d9d5ddf80544a2597d835549bca5710.mp4,GÖRMƏK,,unknown,33,30.0,rec_2022-07-13
8700dcad79634821b8ab9fdca1f077e1,data/raw/AzSLD_Words_100/GÖRMƏK/8700dcad79634821b8ab9fdca1f077e1.mp4,GÖRMƏK,,unknown,33,30.0,rec_2022-07-02
8f4ce8957f5d43839791b3162ee777cf,data/raw/AzSLD_Words_100/GÖRMƏK/8f4ce8957f5d43839791b3162ee777cf.mp4,GÖRMƏK,,unknown,37,30.0,rec_2022-05-25
9a1c9c37790342b9b653769f6f264a9e,data/raw/AzSLD_Words_100/GÖRMƏK/9a1c9c37790342b9b653769f6f264a9e.mp4,GÖRMƏK,,unknown,25,30.0,rec_2022-07-22
a542e61eb97a474a9655eb4b478652ce,data/raw/AzSLD_Words_100/GÖRMƏK/a542e61eb97a474a9655eb4b478652ce.mp4,GÖRMƏK,,unknown,52,30.0,rec_2022-07-21
b92669a013754242bfb301d040c0bbd5,data/raw/AzSLD_Words_100/GÖRMƏK/b92669a013754242bfb301d040c0bbd5.mp4,GÖRMƏK,,unknown,28,30.0,rec_2022-06-11
c17cea62da604997b191393ff2ab2f06,data/raw/AzSLD_Words_100/GÖRMƏK/c17cea62da604997b191393ff2ab2f06.mp4,GÖRMƏK,,unknown,29,30.0,rec_2022-08-02
c428ad681b7642ffb433790de5d69225,data/raw/AzSLD_Words_100/GÖRMƏK/c428ad681b7642ffb433790de5d69225.mp4,GÖRMƏK,,unknown,27,30.0,rec_2022-08-01
ca1a1025b81d4dc481024a07c7674e77,data/raw/AzSLD_Words_100/GÖRMƏK/ca1a1025b81d4dc481024a07c7674e77.mp4,GÖRMƏK,,unknown,29,30.0,rec_2022-07-16
e6a2cd0dc0104dcdbe8191fbdd730367,data/raw/AzSLD_Words_100/GÖRMƏK/e6a2cd0dc0104dcdbe8191fbdd730367.mp4,GÖRMƏK,,unknown,12,30.0,rec_2022-12-20
ed24710e7da042818f606aac9a259390,data/raw/AzSLD_Words_100/GÖRMƏK/ed24710e7da042818f606aac9a259390.mp4,GÖRMƏK,,unknown,20,30.0,rec_2022-07-18
f6a50848c95c4938bd85ebf18487192b,data/raw/AzSLD_Words_100/GÖRMƏK/f6a50848c95c4938bd85ebf18487192b.mp4,GÖRMƏK,,unknown,40,30.0,rec_2022-06-01
03dfae806c9747568e2b09740847e0c9,data/raw/AzSLD_Words_100/GƏLMƏK/03dfae806c9747568e2b09740847e0c9.mp4,GƏLMƏK,,unknown,24,30.0,rec_2022-08-02
10db1335181647f1be65219d926248f2,data/raw/AzSLD_Words_100/GƏLMƏK/10db1335181647f1be65219d926248f2.mp4,GƏLMƏK,,unknown,19,30.0,rec_2022-12-23
16896f182d0b4f3fa0aef70cc76bffe4,data/raw/AzSLD_Words_100/GƏLMƏK/16896f182d0b4f3fa0aef70cc76bffe4.mp4,GƏLMƏK,,unknown,27,30.0,rec_2022-08-02
21eb0c4e33bb4b4495b2188b62336e05,data/raw/AzSLD_Words_100/GƏLMƏK/21eb0c4e33bb4b4495b2188b62336e05.mp4,GƏLMƏK,,unknown,21,30.0,rec_2022-12-24
24125984f83f42c0bcf03c5e2fb9fb4a,data/raw/AzSLD_Words_100/GƏLMƏK/24125984f83f42c0bcf03c5e2fb9fb4a.mp4,GƏLMƏK,,unknown,33,30.0,rec_2022-11-22
2d2a299785854c1c83f702fa11ef32ac,data/raw/AzSLD_Words_100/GƏLMƏK/2d2a299785854c1c83f702fa11ef32ac.mp4,GƏLMƏK,,unknown,24,30.0,rec_2022-06-01
32cba3ec337a456290b30a675e97dcbf,data/raw/AzSLD_Words_100/GƏLMƏK/32cba3ec337a456290b30a675e97dcbf.mp4,GƏLMƏK,,unknown,26,30.0,rec_2022-11-10
37dfe94220ca49f0a111463dbff1367b,data/raw/AzSLD_Words_100/GƏLMƏK/37dfe94220ca49f0a111463dbff1367b.mp4,GƏLMƏK,,unknown,22,30.0,rec_2022-12-27
3dca4e67d91f4925b641888be25582a8,data/raw/AzSLD_Words_100/GƏLMƏK/3dca4e67d91f4925b641888be25582a8.mp4,GƏLMƏK,,unknown,18,30.0,rec_2022-12-17
4c638f5f544b493b9270b58724b216ee,data/raw/AzSLD_Words_100/GƏLMƏK/4c638f5f544b493b9270b58724b216ee.mp4,GƏLMƏK,,unknown,20,30.0,rec_2022-07-22
4cd443538d5249d79c85bd123e1fbefe,data/raw/AzSLD_Words_100/GƏLMƏK/4cd443538d5249d79c85bd123e1fbefe.mp4,GƏLMƏK,,unknown,15,30.0,rec_2022-06-01
5cedd09e53d24ccaaa60578cac0d79d1,data/raw/AzSLD_Words_100/GƏLMƏK/5cedd09e53d24ccaaa60578cac0d79d1.mp4,GƏLMƏK,,unknown,22,30.0,rec_2022-12-22
61c7e75c6f694b52bcd152afb8ee5bb8,data/raw/AzSLD_Words_100/GƏLMƏK/61c7e75c6f694b52bcd152afb8ee5bb8.mp4,GƏLMƏK,,unknown,16,30.0,rec_2022-08-02
6dbc2886425241a68f135379a3f0463d,data/raw/AzSLD_Words_100/GƏLMƏK/6dbc2886425241a68f135379a3f0463d.mp4,GƏLMƏK,,unknown,25,30.0,rec_2022-12-15
7523cd8ec51d42e99263936fa3df1c03,data/raw/AzSLD_Words_100/GƏLMƏK/7523cd8ec51d42e99263936fa3df1c03.mp4,GƏLMƏK,,unknown,23,30.0,rec_2022-12-28
80a674d323404204b45b50a80fed571f,data/raw/AzSLD_Words_100/GƏLMƏK/80a674d323404204b45b50a80fed571f.mp4,GƏLMƏK,,unknown,16,30.0,rec_2022-07-02
8513eca31cfa4903a1c3c19ee141d520,data/raw/AzSLD_Words_100/GƏLMƏK/8513eca31cfa4903a1c3c19ee141d520.mp4,GƏLMƏK,,unknown,19,30.0,rec_2022-12-27
898ba4bbbde04026bf54251ad560ff2b,data/raw/AzSLD_Words_100/GƏLMƏK/898ba4bbbde04026bf54251ad560ff2b.mp4,GƏLMƏK,,unknown,28,30.0,rec_2022-07-22
8f3ae2699d6046e19e5ebcf721beb0da,data/raw/AzSLD_Words_100/GƏLMƏK/8f3ae2699d6046e19e5ebcf721beb0da.mp4,GƏLMƏK,,unknown,21,30.0,rec_2022-12-22
91cb4fd9f8c744ff9512c5bd9f0ea11c,data/raw/AzSLD_Words_100/GƏLMƏK/91cb4fd9f8c744ff9512c5bd9f0ea11c.mp4,GƏLMƏK,,unknown,27,30.0,rec_2022-11-01
92e2e335c2c247fcb51a7fafefeb189a,data/raw/AzSLD_Words_100/GƏLMƏK/92e2e335c2c247fcb51a7fafefeb189a.mp4,GƏLMƏK,,unknown,28,30.0,rec_2022-12-23
93094440378c45fea78688dc4373bd01,data/raw/AzSLD_Words_100/GƏLMƏK/93094440378c45fea78688dc4373bd01.mp4,GƏLMƏK,,unknown,26,30.0,rec_2022-11-17
9a05320b505e476f9835d7088e76631c,data/raw/AzSLD_Words_100/GƏLMƏK/9a05320b505e476f9835d7088e76631c.mp4,GƏLMƏK,,unknown,18,30.0,rec_2022-12-20
9e2a175ff70143ddac29c540a0e2972a,data/raw/AzSLD_Words_100/GƏLMƏK/9e2a175ff70143ddac29c540a0e2972a.mp4,GƏLMƏK,,unknown,19,30.0,rec_2022-06-02
a533161e40124c898fb9326f796733b5,data/raw/AzSLD_Words_100/GƏLMƏK/a533161e40124c898fb9326f796733b5.mp4,GƏLMƏK,,unknown,8,30.0,rec_2022-08-02
b301f84485dd42af9d5f00a65e125edf,data/raw/AzSLD_Words_100/GƏLMƏK/b301f84485dd42af9d5f00a65e125edf.mp4,GƏLMƏK,,unknown,12,30.0,rec_2022-11-05
b54fcd3a8b2347f8b456c63d23b81c1f,data/raw/AzSLD_Words_100/GƏLMƏK/b54fcd3a8b2347f8b456c63d23b81c1f.mp4,GƏLMƏK,,unknown,22,30.0,rec_2022-11-19
b759b3f7977d4a4788d5934983be9342,data/raw/AzSLD_Words_100/GƏLMƏK/b759b3f7977d4a4788d5934983be9342.mp4,GƏLMƏK,,unknown,16,30.0,rec_2023-01-18
b90be0355a1d4914be5220af66013ffb,data/raw/AzSLD_Words_100/GƏLMƏK/b90be0355a1d4914be5220af66013ffb.mp4,GƏLMƏK,,unknown,23,30.0,rec_2022-11-18
bcfee753e07b4a2aae5e3ee530c65b2e,data/raw/AzSLD_Words_100/GƏLMƏK/bcfee753e07b4a2aae5e3ee530c65b2e.mp4,GƏLMƏK,,unknown,27,30.0,rec_2022-11-01
bf069a2d13c4488a8f9bb5151d51fb2b,data/raw/AzSLD_Words_100/GƏLMƏK/bf069a2d13c4488a8f9bb5151d51fb2b.mp4,GƏLMƏK,,unknown,26,30.0,rec_2022-07-15
c10332aecce74e9fa606a46f305a7644,data/raw/AzSLD_Words_100/GƏLMƏK/c10332aecce74e9fa606a46f305a7644.mp4,GƏLMƏK,,unknown,26,30.0,rec_2022-12-20
c6c5de0821a24347a4f9022014109b31,data/raw/AzSLD_Words_100/GƏLMƏK/c6c5de0821a24347a4f9022014109b31.mp4,GƏLMƏK,,unknown,19,30.0,rec_2022-07-18
cd722b181c0d432aaaccb14541092d5c,data/raw/AzSLD_Words_100/GƏLMƏK/cd722b181c0d432aaaccb14541092d5c.mp4,GƏLMƏK,,unknown,21,30.0,rec_2022-07-20
002556c942154e7a9e5b57a66d0d96dd,data/raw/AzSLD_Words_100/HAMI/002556c942154e7a9e5b57a66d0d96dd.mp4,HAMI,,unknown,37,30.0,rec_2022-11-19
0af76a2790904a34bb1e633a1eb636b5,data/raw/AzSLD_Words_100/HAMI/0af76a2790904a34bb1e633a1eb636b5.mp4,HAMI,,unknown,36,30.0,rec_2022-12-28
1f391347f01c4c5fa581b5d5a9f6b6a9,data/raw/AzSLD_Words_100/HAMI/1f391347f01c4c5fa581b5d5a9f6b6a9.mp4,HAMI,,unknown,24,30.0,rec_2022-11-10
1f5c3828c7bd4772ae6e24ca4faddfbb,data/raw/AzSLD_Words_100/HAMI/1f5c3828c7bd4772ae6e24ca4faddfbb.mp4,HAMI,,unknown,29,30.0,rec_2022-12-17
25c7953ca50a4990ae78346b1808338b,data/raw/AzSLD_Words_100/HAMI/25c7953ca50a4990ae78346b1808338b.mp4,HAMI,,unknown,27,30.0,rec_2022-12-24
311a41d263b040049c3cebd776f18038,data/raw/AzSLD_Words_100/HAMI/311a41d263b040049c3cebd776f18038.mp4,HAMI,,unknown,20,30.0,rec_2022-07-23
396acb373eec445f84bae9a24d393f43,data/raw/AzSLD_Words_100/HAMI/396acb373eec445f84bae9a24d393f43.mp4,HAMI,,unknown,13,30.0,rec_2022-11-18
3b00e24c36804e919cbb5f07d0c436b3,data/raw/AzSLD_Words_100/HAMI/3b00e24c36804e919cbb5f07d0c436b3.mp4,HAMI,,unknown,35,30.0,rec_2022-07-18
5a39ecbe88ab4eb588475fd40ee691da,data/raw/AzSLD_Words_100/HAMI/5a39ecbe88ab4eb588475fd40ee691da.mp4,HAMI,,unknown,45,30.0,rec_2022-10-26
5cead1b587f24787b35b5ddd2b091658,data/raw/AzSLD_Words_100/HAMI/5cead1b587f24787b35b5ddd2b091658.mp4,HAMI,,unknown,33,30.0,rec_2022-07-20
61670358dbf84991802f4c552d6d06e5,data/raw/AzSLD_Words_100/HAMI/61670358dbf84991802f4c552d6d06e5.mp4,HAMI,,unknown,16,30.0,rec_2022-08-02
66b686e8ce174552a6801b6345ae2010,data/raw/AzSLD_Words_100/HAMI/66b686e8ce174552a6801b6345ae2010.mp4,HAMI,,unknown,27,30.0,rec_2022-07-23
72ab51bcea484636babe165a3f19c3fa,data/raw/AzSLD_Words_100/HAMI/72ab51bcea484636babe165a3f19c3fa.mp4,HAMI,,unknown,31,30.0,rec_2022-12-22
7bef1503df20475a9f71251563fc9319,data/raw/AzSLD_Words_100/HAMI/7bef1503df20475a9f71251563fc9319.mp4,HAMI,,unknown,35,30.0,rec_2022-12-20
82dd3357c8304bef884759fe89c0dc97,data/raw/AzSLD_Words_100/HAMI/82dd3357c8304bef884759fe89c0dc97.mp4,HAMI,,unknown,28,30.0,rec_2022-12-27
922b86a18bd04590a8d35a14ea76853e,data/raw/AzSLD_Words_100/HAMI/922b86a18bd04590a8d35a14ea76853e.mp4,HAMI,,unknown,15,30.0,rec_2022-10-28
93c5bbc7c5fb460aa375a1093be75fec,data/raw/AzSLD_Words_100/HAMI/93c5bbc7c5fb460aa375a1093be75fec.mp4,HAMI,,unknown,28,30.0,rec_2022-06-01
9f0a30e21b8a4cea925769cb6ce73983,data/raw/AzSLD_Words_100/HAMI/9f0a30e21b8a4cea925769cb6ce73983.mp4,HAMI,,unknown,37,30.0,rec_2022-11-04
a322d72e5bbc403da561ea2281cf6576,data/raw/AzSLD_Words_100/HAMI/a322d72e5bbc403da561ea2281cf6576.mp4,HAMI,,unknown,24,30.0,rec_2022-06-09
b1266b73a7e64cd897619c1c8dd1fa25,data/raw/AzSLD_Words_100/HAMI/b1266b73a7e64cd897619c1c8dd1fa25.mp4,HAMI,,unknown,30,30.0,rec_2022-12-23
bbe2c20aa1d94afab9cc12d586647eed,data/raw/AzSLD_Words_100/HAMI/bbe2c20aa1d94afab9cc12d586647eed.mp4,HAMI,,unknown,28,30.0,rec_2022-11-22
c549c2e6bfe94036baac721d98ca99b0,data/raw/AzSLD_Words_100/HAMI/c549c2e6bfe94036baac721d98ca99b0.mp4,HAMI,,unknown,31,30.0,rec_2022-11-17
c781df48ebff40678dadbe67c9dd0012,data/raw/AzSLD_Words_100/HAMI/c781df48ebff40678dadbe67c9dd0012.mp4,HAMI,,unknown,34,30.0,rec_2022-12-16
deacaef7292f4087b7695c740e8dc7cd,data/raw/AzSLD_Words_100/HAMI/deacaef7292f4087b7695c740e8dc7cd.mp4,HAMI,,unknown,24,30.0,rec_2022-07-18
ebfce8f1af6f40e7b23db405deccadbb,data/raw/AzSLD_Words_100/HAMI/ebfce8f1af6f40e7b23db405deccadbb.mp4,HAMI,,unknown,33,30.0,rec_2022-12-15
ee0fc468014e407dbc3f7953de371373,data/raw/AzSLD_Words_100/HAMI/ee0fc468014e407dbc3f7953de371373.mp4,HAMI,,unknown,26,30.0,rec_2022-06-01
f59ac4a0d6c1482bbd34cbaffc5e42f7,data/raw/AzSLD_Words_100/HAMI/f59ac4a0d6c1482bbd34cbaffc5e42f7.mp4,HAMI,,unknown,20,30.0,rec_2022-07-13
0ce04a0cdfa14c498e938dc8e10d3a7c,data/raw/AzSLD_Words_100/HANSI/0ce04a0cdfa14c498e938dc8e10d3a7c.mp4,HANSI,,unknown,22,30.0,rec_2022-12-20
10e3feafbed94722bcdf18d0f1f5a588,data/raw/AzSLD_Words_100/HANSI/10e3feafbed94722bcdf18d0f1f5a588.mp4,HANSI,,unknown,19,30.0,rec_2022-07-02
13a25455021f4e2c9c093cfa489e7fc0,data/raw/AzSLD_Words_100/HANSI/13a25455021f4e2c9c093cfa489e7fc0.mp4,HANSI,,unknown,25,30.0,rec_2022-12-27
20f0c76f379e46adb76b8422a413503a,data/raw/AzSLD_Words_100/HANSI/20f0c76f379e46adb76b8422a413503a.mp4,HANSI,,unknown,27,30.0,rec_2022-12-23
220be8c180ae48c7b57ee5ede9f4831b,data/raw/AzSLD_Words_100/HANSI/220be8c180ae48c7b57ee5ede9f4831b.mp4,HANSI,,unknown,19,30.0,rec_2022-08-01
238049c87bee45bcbee60e7e06d7ad00,data/raw/AzSLD_Words_100/HANSI/238049c87bee45bcbee60e7e06d7ad00.mp4,HANSI,,unknown,25,30.0,rec_2022-12-28
23d95ac4e61444a89b26b133c29d0260,data/raw/AzSLD_Words_100/HANSI/23d95ac4e61444a89b26b133c29d0260.mp4,HANSI,,unknown,18,30.0,rec_2022-05-26
25f81c19672e4e129e3df54f1c9550c7,data/raw/AzSLD_Words_100/HANSI/25f81c19672e4e129e3df54f1c9550c7.mp4,HANSI,,unknown,29,30.0,rec_2022-12-24
28840c126b834dd8a4730abed299ab0c,data/raw/AzSLD_Words_100/HANSI/28840c126b834dd8a4730abed299ab0c.mp4,HANSI,,unknown,30,30.0,rec_2022-12-20
2b6772b306d240319bb9ea825e6e455f,data/raw/AzSLD_Words_100/HANSI/2b6772b306d240319bb9ea825e6e455f.mp4,HANSI,,unknown,17,30.0,rec_2022-12-23
2b7ed418ea1f4fafa2c842cfbbd923dc,data/raw/AzSLD_Words_100/HANSI/2b7ed418ea1f4fafa2c842cfbbd923dc.mp4,HANSI,,unknown,31,30.0,rec_2022-06-11
30fd328be6634a3584752e84e1b62562,data/raw/AzSLD_Words_100/HANSI/30fd328be6634a3584752e84e1b62562.mp4,HANSI,,unknown,20,30.0,rec_2022-12-27
3344628c1fe04a19b275c4a26d947e90,data/raw/AzSLD_Words_100/HANSI/3344628c1fe04a19b275c4a26d947e90.mp4,HANSI,,unknown,16,30.0,rec_2022-07-19
3572887a50924d3cb5c7521383f3d8cb,data/raw/AzSLD_Words_100/HANSI/3572887a50924d3cb5c7521383f3d8cb.mp4,HANSI,,unknown,11,30.0,rec_2022-05-24
3604469f4c3e42b5ab33a9216fe8b022,data/raw/AzSLD_Words_100/HANSI/3604469f4c3e42b5ab33a9216fe8b022.mp4,HANSI,,unknown,7,30.0,rec_2022-07-01
36b69c4609774241aea3a54ca2e566c2,data/raw/AzSLD_Words_100/HANSI/36b69c4609774241aea3a54ca2e566c2.mp4,HANSI,,unknown,33,30.0,rec_2022-08-02
39468f5a20b94663903eb90124594130,data/raw/AzSLD_Words_100/HANSI/39468f5a20b94663903eb90124594130.mp4,HANSI,,unknown,26,30.0,rec_2022-11-01
3eb57e6204a6420ab8c7a3a8f53b5edf,data/raw/AzSLD_Words_100/HANSI/3eb57e6204a6420ab8c7a3a8f53b5edf.mp4,HANSI,,unknown,24,30.0,rec_2022-12-15
407f2fb14ec643e498627a061b6365f1,data/raw/AzSLD_Words_100/HANSI/407f2fb14ec643e498627a061b6365f1.mp4,HANSI,,unknown,14,30.0,rec_2022-07-13
4150a5f1aedb4a7a943c7dcc6e439e07,data/raw/AzSLD_Words_100/HANSI/4150a5f1aedb4a7a943c7dcc6e439e07.mp4,HANSI,,unknown,26,30.0,rec_2022-11-17
43c8b000794d44b69e0fec9c15b6f78f,data/raw/AzSLD_Words_100/HANSI/43c8b000794d44b69e0fec9c15b6f78f.mp4,HANSI,,unknown,19,30.0,rec_2022-07-29
47f975648df3459dbca8ad68f612c454,data/raw/AzSLD_Words_100/HANSI/47f975648df3459dbca8ad68f612c454.mp4,HANSI,,unknown,24,30.0,rec_2022-11-22
4a0880dd7c234c38bb764345715a269e,data/raw/AzSLD_Words_100/HANSI/4a0880dd7c234c38bb764345715a269e.mp4,HANSI,,unknown,24,30.0,rec_2022-12-28
4c9e5684e44b4f58a61491018aa096f5,data/raw/AzSLD_Words_100/HANSI/4c9e5684e44b4f58a61491018aa096f5.mp4,HANSI,,unknown,18,30.0,rec_2022-07-16
4d3f2b3c1f2245ee9dbc1e4d9438f7db,data/raw/AzSLD_Words_100/HANSI/4d3f2b3c1f2245ee9dbc1e4d9438f7db.mp4,HANSI,,unknown,26,30.0,rec_2022-11-02
5601f2ca473045388ea97f10f24c8a01,data/raw/AzSLD_Words_100/HANSI/5601f2ca473045388ea97f10f24c8a01.mp4,HANSI,,unknown,28,30.0,rec_2022-11-19
5742e17f5374497bbc22b82a6b19a572,data/raw/AzSLD_Words_100/HANSI/5742e17f5374497bbc22b82a6b19a572.mp4,HANSI,,unknown,16,30.0,rec_2022-06-01
58bace5e5ac24fffbd42989877fcbb02,data/raw/AzSLD_Words_100/HANSI/58bace5e5ac24fffbd42989877fcbb02.mp4,HANSI,,unknown,23,30.0,rec_2022-12-20
5c1a13a182544dcba3283e6e37c9bb6e,data/raw/AzSLD_Words_100/HANSI/5c1a13a182544dcba3283e6e37c9bb6e.mp4,HANSI,,unknown,17,30.0,rec_2022-06-02
5d7dd2529ffa4867bbe19f62bb3c2a2f,data/raw/AzSLD_Words_100/HANSI/5d7dd2529ffa4867bbe19f62bb3c2a2f.mp4,HANSI,,unknown,20,30.0,rec_2022-12-27
63af2cfc8edd4258987c28431aea18bc,data/raw/AzSLD_Words_100/HANSI/63af2cfc8edd4258987c28431aea18bc.mp4,HANSI,,unknown,26,30.0,rec_2022-12-24
65129940c8fa483eb5f004c1f60410d6,data/raw/AzSLD_Words_100/HANSI/65129940c8fa483eb5f004c1f60410d6.mp4,HANSI,,unknown,16,30.0,rec_2022-11-10
6618295a889045e792f4d0b4e8117ceb,data/raw/AzSLD_Words_100/HANSI/6618295a889045e792f4d0b4e8117ceb.mp4,HANSI,,unknown,16,30.0,rec_2022-12-23
66d7f7190db842eab7ea52ecb53aca90,data/raw/AzSLD_Words_100/HANSI/66d7f7190db842eab7ea52ecb53aca90.mp4,HANSI,,unknown,31,30.0,rec_2022-12-22
68fa81df5a834096a9eff02c6735f7c7,data/raw/AzSLD_Words_100/HANSI/68fa81df5a834096a9eff02c6735f7c7.mp4,HANSI,,unknown,17,30.0,rec_2022-06-18
7d735267c7484908827f103c4c65934e,data/raw/AzSLD_Words_100/HANSI/7d735267c7484908827f103c4c65934e.mp4,HANSI,,unknown,10,30.0,rec_2022-07-20
7ec5b6aa41b043d48d7cccb5782b9dc4,data/raw/AzSLD_Words_100/HANSI/7ec5b6aa41b043d48d7cccb5782b9dc4.mp4,HANSI,,unknown,22,30.0,rec_2022-12-20
84199741436a45e58c2e707a5d2a7e2f,data/raw/AzSLD_Words_100/HANSI/84199741436a45e58c2e707a5d2a7e2f.mp4,HANSI,,unknown,20,30.0,rec_2022-12-20
85d9052c02864eb491b395f28fc8a7c7,data/raw/AzSLD_Words_100/HANSI/85d9052c02864eb491b395f28fc8a7c7.mp4,HANSI,,unknown,24,30.0,rec_2022-07-13
8bfda116dabc4513bfcc0752a9854125,data/raw/AzSLD_Words_100/HANSI/8bfda116dabc4513bfcc0752a9854125.mp4,HANSI,,unknown,25,30.0,rec_2022-12-23
928fcc1206f94dccb18116122e605cef,data/raw/AzSLD_Words_100/HANSI/928fcc1206f94dccb18116122e605cef.mp4,HANSI,,unknown,21,30.0,rec_2022-12-20
9494d86730dd4d2bb15a466d54414440,data/raw/AzSLD_Words_100/HANSI/9494d86730dd4d2bb15a466d54414440.mp4,HANSI,,unknown,18,30.0,rec_2022-06-13
95b2939d47c8490ea6edac6c94c798f3,data/raw/AzSLD_Words_100/HANSI/95b2939d47c8490ea6edac6c94c798f3.mp4,HANSI,,unknown,28,30.0,rec_2022-11-19
981618c756cf487e84758b12c063c36e,data/raw/AzSLD_Words_100/HANSI/981618c756cf487e84758b12c063c36e.mp4,HANSI,,unknown,13,30.0,rec_2023-01-19
9ca50cb076ab47dda5b3894eb0f77601,data/raw/AzSLD_Words_100/HANSI/9ca50cb076ab47dda5b3894eb0f77601.mp4,HANSI,,unknown,26,30.0,rec_2022-12-22
a01c9629349c44ad8e0c739d272bc57a,data/raw/AzSLD_Words_100/HANSI/a01c9629349c44ad8e0c739d272bc57a.mp4,HANSI,,unknown,40,30.0,rec_2022-12-27
a7690d4b3b2249eaa05d3f2807e9103c,data/raw/AzSLD_Words_100/HANSI/a7690d4b3b2249eaa05d3f2807e9103c.mp4,HANSI,,unknown,27,30.0,rec_2022-12-15
aab56ee1f29640a3a7f82a43e98017dc,data/raw/AzSLD_Words_100/HANSI/aab56ee1f29640a3a7f82a43e98017dc.mp4,HANSI,,unknown,8,30.0,rec_2022-07-22
ac35d4f4a02a4caf8c65b1abc9b098a9,data/raw/AzSLD_Words_100/HANSI/ac35d4f4a02a4caf8c65b1abc9b098a9.mp4,HANSI,,unknown,28,30.0,rec_2022-11-18
b7602273c1fb44b9824286a40522d559,data/raw/AzSLD_Words_100/HANSI/b7602273c1fb44b9824286a40522d559.mp4,HANSI,,unknown,28,30.0,rec_2022-12-23
b7f5821714374d6e8187ab14d82b36f3,data/raw/AzSLD_Words_100/HANSI/b7f5821714374d6e8187ab14d82b36f3.mp4,HANSI,,unknown,30,30.0,rec_2022-12-20
c1f32335152c411488723424ad6b8923,data/raw/AzSLD_Words_100/HANSI/c1f32335152c411488723424ad6b8923.mp4,HANSI,,unknown,25,30.0,rec_2022-07-16
c4bbf05ab3a94acba0da0a429c6b6642,data/raw/AzSLD_Words_100/HANSI/c4bbf05ab3a94acba0da0a429c6b6642.mp4,HANSI,,unknown,16,30.0,rec_2022-06-16
c90ed3ce4f8b49a1adc4570cefa4213a,data/raw/AzSLD_Words_100/HANSI/c90ed3ce4f8b49a1adc4570cefa4213a.mp4,HANSI,,unknown,24,30.0,rec_2022-12-17
d0838e52755b4f9a88123d6e606ccddb,data/raw/AzSLD_Words_100/HANSI/d0838e52755b4f9a88123d6e606ccddb.mp4,HANSI,,unknown,18,30.0,rec_2022-07-22
d8da92da38c64a5e8c38725310e04d98,data/raw/AzSLD_Words_100/HANSI/d8da92da38c64a5e8c38725310e04d98.mp4,HANSI,,unknown,23,30.0,rec_2022-06-02
dc60526408e0450d947f302a7f588aea,data/raw/AzSLD_Words_100/HANSI/dc60526408e0450d947f302a7f588aea.mp4,HANSI,,unknown,1,30.0,rec_2022-12-22
e0f87a9c77644f6fb0890178c2273a07,data/raw/AzSLD_Words_100/HANSI/e0f87a9c77644f6fb0890178c2273a07.mp4,HANSI,,unknown,32,30.0,rec_2022-11-18
e394a7f512594562a69bd3fb28caaf05,data/raw/AzSLD_Words_100/HANSI/e394a7f512594562a69bd3fb28caaf05.mp4,HANSI,,unknown,30,30.0,rec_2022-12-22
e4e394503de14907af0b8223db192d90,data/raw/AzSLD_Words_100/HANSI/e4e394503de14907af0b8223db192d90.mp4,HANSI,,unknown,21,30.0,rec_2022-11-04
ecde5795e7ea447d9dae6b1730540ea4,data/raw/AzSLD_Words_100/HANSI/ecde5795e7ea447d9dae6b1730540ea4.mp4,HANSI,,unknown,21,30.0,rec_2023-01-18
efedac6339ea4cbfaada312413a11d3a,data/raw/AzSLD_Words_100/HANSI/efedac6339ea4cbfaada312413a11d3a.mp4,HANSI,,unknown,17,30.0,rec_2022-07-21
f1cc3a9cbc824ea4beba3c12f3175cf7,data/raw/AzSLD_Words_100/HANSI/f1cc3a9cbc824ea4beba3c12f3175cf7.mp4,HANSI,,unknown,23,30.0,rec_2022-07-02
f5aa3ed87dae437680e93792d0fe2231,data/raw/AzSLD_Words_100/HANSI/f5aa3ed87dae437680e93792d0fe2231.mp4,HANSI,,unknown,33,30.0,rec_2022-12-28
f60790f0f30943ec87798ad25042d63b,data/raw/AzSLD_Words_100/HANSI/f60790f0f30943ec87798ad25042d63b.mp4,HANSI,,unknown,16,30.0,rec_2022-11-05
f62373d779fc468b86eac3f2faf563a8,data/raw/AzSLD_Words_100/HANSI/f62373d779fc468b86eac3f2faf563a8.mp4,HANSI,,unknown,23,30.0,rec_2022-07-25
fa203aadd7ff41e1917e3d799428c95e,data/raw/AzSLD_Words_100/HANSI/fa203aadd7ff41e1917e3d799428c95e.mp4,HANSI,,unknown,19,30.0,rec_2022-11-01
ff7a6e3b88dc4348a13471dcb9b26d35,data/raw/AzSLD_Words_100/HANSI/ff7a6e3b88dc4348a13471dcb9b26d35.mp4,HANSI,,unknown,19,30.0,rec_2022-11-02
095e2ca257e3475c98425f3dffebd251,data/raw/AzSLD_Words_100/HARDA/095e2ca257e3475c98425f3dffebd251.mp4,HARDA,,unknown,25,30.0,rec_2022-07-25
1400d63075c049d9852bd89478770187,data/raw/AzSLD_Words_100/HARDA/1400d63075c049d9852bd89478770187.mp4,HARDA,,unknown,17,30.0,rec_2022-06-11
156270f5773c4fb68f48fcfbcb07185f,data/raw/AzSLD_Words_100/HARDA/156270f5773c4fb68f48fcfbcb07185f.mp4,HARDA,,unknown,28,30.0,rec_2022-05-31
1ae31e57fdf74218a70082b13901d2ee,data/raw/AzSLD_Words_100/HARDA/1ae31e57fdf74218a70082b13901d2ee.mp4,HARDA,,unknown,24,30.0,rec_2022-07-19
32f519da166c40a5912020c3df8c4b74,data/raw/AzSLD_Words_100/HARDA/32f519da166c40a5912020c3df8c4b74.mp4,HARDA,,unknown,15,30.0,rec_2022-07-22
398b0d8b07264882b281c1f1d315d59a,data/raw/AzSLD_Words_100/HARDA/398b0d8b07264882b281c1f1d315d59a.mp4,HARDA,,unknown,26,30.0,rec_2022-07-22
3cb2ee3941a646c1933b0e262aac897e,data/raw/AzSLD_Words_100/HARDA/3cb2ee3941a646c1933b0e262aac897e.mp4,HARDA,,unknown,25,30.0,rec_2022-08-01
46a5f513811f453f9bf631f938fa6f72,data/raw/AzSLD_Words_100/HARDA/46a5f513811f453f9bf631f938fa6f72.mp4,HARDA,,unknown,15,30.0,rec_2022-06-02
508a3f9024f040f494cbb85e79dd06ea,data/raw/AzSLD_Words_100/HARDA/508a3f9024f040f494cbb85e79dd06ea.mp4,HARDA,,unknown,47,30.0,rec_2022-05-26
572d2ec8d1bb4d09bf9a475bddaf3a96,data/raw/AzSLD_Words_100/HARDA/572d2ec8d1bb4d09bf9a475bddaf3a96.mp4,HARDA,,unknown,26,30.0,rec_2022-06-02
574938f0f2d0476db0a752d9436a13ad,data/raw/AzSLD_Words_100/HARDA/574938f0f2d0476db0a752d9436a13ad.mp4,HARDA,,unknown,25,30.0,rec_2022-08-02
5fb434613b82429db61b49fb0879b3ad,data/raw/AzSLD_Words_100/HARDA/5fb434613b82429db61b49fb0879b3ad.mp4,HARDA,,unknown,12,30.0,rec_2022-05-31
62d5b7de5ab544aabffbf0b80059c431,data/raw/AzSLD_Words_100/HARDA/62d5b7de5ab544aabffbf0b80059c431.mp4,HARDA,,unknown,21,30.0,rec_2022-07-16
6b2a89cf89af4d6b99b2e7460b141769,data/raw/AzSLD_Words_100/HARDA/6b2a89cf89af4d6b99b2e7460b141769.mp4,HARDA,,unknown,13,30.0,rec_2022-07-13
6f6fea48ebf049eaa6529530cb1a3910,data/raw/AzSLD_Words_100/HARDA/6f6fea48ebf049eaa6529530cb1a3910.mp4,HARDA,,unknown,17,30.0,rec_2022-06-02
8ab4d9d8171d40ccad2527d3455561fb,data/raw/AzSLD_Words_100/HARDA/8ab4d9d8171d40ccad2527d3455561fb.mp4,HARDA,,unknown,29,30.0,rec_2022-06-07
95563d1f26494b14aa03839e8b17c97b,data/raw/AzSLD_Words_100/HARDA/95563d1f26494b14aa03839e8b17c97b.mp4,HARDA,,unknown,14,30.0,rec_2022-05-21
9c1687a7a9254bacb7c7a25c7ed5c7d2,data/raw/AzSLD_Words_100/HARDA/9c1687a7a9254bacb7c7a25c7ed5c7d2.mp4,HARDA,,unknown,14,30.0,rec_2022-08-02
aa89a48c7bbf4aa6960badeb4ab7d05e,data/raw/AzSLD_Words_100/HARDA/aa89a48c7bbf4aa6960badeb4ab7d05e.mp4,HARDA,,unknown,36,30.0,rec_2022-07-18
b2f9244a51b24be39e7e66f7b887bade,data/raw/AzSLD_Words_100/HARDA/b2f9244a51b24be39e7e66f7b887bade.mp4,HARDA,,unknown,16,30.0,rec_2022-07-25
bebac751a66a4b18bdedc1c928194973,data/raw/AzSLD_Words_100/HARDA/bebac751a66a4b18bdedc1c928194973.mp4,HARDA,,unknown,23,30.0,rec_2022-11-02
c3b3e26a5aea4e1fab4195af019c5b2f,data/raw/AzSLD_Words_100/HARDA/c3b3e26a5aea4e1fab4195af019c5b2f.mp4,HARDA,,unknown,19,30.0,rec_2022-08-01
c407ebdb512d4042bd80e359a3fb5c36,data/raw/AzSLD_Words_100/HARDA/c407ebdb512d4042bd80e359a3fb5c36.mp4,HARDA,,unknown,23,30.0,rec_2022-07-16
c96dbfcadd634b9791f16934baab0a34,data/raw/AzSLD_Words_100/HARDA/c96dbfcadd634b9791f16934baab0a34.mp4,HARDA,,unknown,38,30.0,rec_2022-07-13
cb3836092abd4c3cbbcd039bb369edaf,data/raw/AzSLD_Words_100/HARDA/cb3836092abd4c3cbbcd039bb369edaf.mp4,HARDA,,unknown,30,30.0,rec_2022-07-15
cb52ad8d088f4d7db64311d83ef18654,data/raw/AzSLD_Words_100/HARDA/cb52ad8d088f4d7db64311d83ef18654.mp4,HARDA,,unknown,25,30.0,rec_2022-07-20
d408485201bd495aaa11b2727b8f2708,data/raw/AzSLD_Words_100/HARDA/d408485201bd495aaa11b2727b8f2708.mp4,HARDA,,unknown,18,30.0,rec_2022-07-20
db53a176752148a9a77f6f0099eee3dc,data/raw/AzSLD_Words_100/HARDA/db53a176752148a9a77f6f0099eee3dc.mp4,HARDA,,unknown,21,30.0,rec_2022-07-02
dbe9bc1a23e84b80a95b3734e9f97b8a,data/raw/AzSLD_Words_100/HARDA/dbe9bc1a23e84b80a95b3734e9f97b8a.mp4,HARDA,,unknown,26,30.0,rec_2022-06-13
dd04619f453e47ad90116d510162842b,data/raw/AzSLD_Words_100/HARDA/dd04619f453e47ad90116d510162842b.mp4,HARDA,,unknown,32,30.0,rec_2022-08-01
e3026c2f71604943a07ce78b81e339ea,data/raw/AzSLD_Words_100/HARDA/e3026c2f71604943a07ce78b81e339ea.mp4,HARDA,,unknown,23,30.0,rec_2022-12-22
eb689de83c4b4c1c8822cd5d7e57f51b,data/raw/AzSLD_Words_100/HARDA/eb689de83c4b4c1c8822cd5d7e57f51b.mp4,HARDA,,unknown,15,30.0,rec_2022-07-01
f25f92b2d95a4d81a98ed57c72777074,data/raw/AzSLD_Words_100/HARDA/f25f92b2d95a4d81a98ed57c72777074.mp4,HARDA,,unknown,30,30.0,rec_2022-07-15
fb06d63bd9034d098baf1639b59ffe05,data/raw/AzSLD_Words_100/HARDA/fb06d63bd9034d098baf1639b59ffe05.mp4,HARDA,,unknown,31,30.0,rec_2022-07-22
fb09d1a21789462a8f6509eb956231f2,data/raw/AzSLD_Words_100/HARDA/fb09d1a21789462a8f6509eb956231f2.mp4,HARDA,,unknown,32,30.0,rec_2022-07-22
fe0b34cb8dcd4356832ac2727d29c898,data/raw/AzSLD_Words_100/HARDA/fe0b34cb8dcd4356832ac2727d29c898.mp4,HARDA,,unknown,16,30.0,rec_2022-07-18
096ee8c978104e33b2aea1cdc0627d6a,data/raw/AzSLD_Words_100/HƏR GÜN/096ee8c978104e33b2aea1cdc0627d6a.mp4,HƏR GÜN,,unknown,34,30.0,rec_2022-08-02
1388c2a9944d47cbbc21bc10f919fdb1,data/raw/AzSLD_Words_100/HƏR GÜN/1388c2a9944d47cbbc21bc10f919fdb1.mp4,HƏR GÜN,,unknown,41,30.0,rec_2022-12-16
2642fa978d4d4d5982d2d28746f0b830,data/raw/AzSLD_Words_100/HƏR GÜN/2642fa978d4d4d5982d2d28746f0b830.mp4,HƏR GÜN,,unknown,37,30.0,rec_2022-12-28
494b20f918294fa6801b7d596fe5566b,data/raw/AzSLD_Words_100/HƏR GÜN/494b20f918294fa6801b7d596fe5566b.mp4,HƏR GÜN,,unknown,58,30.0,rec_2022-11-17
576d9e3f5fcd49559afc2b16ff94c064,data/raw/AzSLD_Words_100/HƏR GÜN/576d9e3f5fcd49559afc2b16ff94c064.mp4,HƏR GÜN,,unknown,40,30.0,rec_2022-10-28
75c4d0a6bdad4caaab9f49da9d210dc4,data/raw/AzSLD_Words_100/HƏR GÜN/75c4d0a6bdad4caaab9f49da9d210dc4.mp4,HƏR GÜN,,unknown,43,30.0,rec_2022-12-20
76e8066bd16f4f9aacd8a7dac1b661d5,data/raw/AzSLD_Words_100/HƏR GÜN/76e8066bd16f4f9aacd8a7dac1b661d5.mp4,HƏR GÜN,,unknown,41,30.0,rec_2022-12-22
7c734a9a36934cfbb7af3ed003b0a6b9,data/raw/AzSLD_Words_100/HƏR GÜN/7c734a9a36934cfbb7af3ed003b0a6b9.mp4,HƏR GÜN,,unknown,45,30.0,rec_2022-12-27
8151692363ed40c9bdef2c55c7c4d3bc,data/raw/AzSLD_Words_100/HƏR GÜN/8151692363ed40c9bdef2c55c7c4d3bc.mp4,HƏR GÜN,,unknown,49,30.0,rec_2022-11-18
83c64ea636af496ba509dfb5a933aa1e,data/raw/AzSLD_Words_100/HƏR GÜN/83c64ea636af496ba509dfb5a933aa1e.mp4,HƏR GÜN,,unknown,31,30.0,rec_2022-06-13
8670076ef3f944bcae28fa84304d8ae8,data/raw/AzSLD_Words_100/HƏR GÜN/8670076ef3f944bcae28fa84304d8ae8.mp4,HƏR GÜN,,unknown,23,30.0,rec_2022-07-15
99c9d95ada8244fa9691d68aab8f141a,data/raw/AzSLD_Words_100/HƏR GÜN/99c9d95ada8244fa9691d68aab8f141a.mp4,HƏR GÜN,,unknown,55,30.0,rec_2022-10-28
9f39a93ec8144911903190287d82d036,data/raw/AzSLD_Words_100/HƏR GÜN/9f39a93ec8144911903190287d82d036.mp4,HƏR GÜN,,unknown,37,30.0,rec_2022-12-17
ad3513f227494901bc894d3e3a7a9102,data/raw/AzSLD_Words_100/HƏR GÜN/ad3513f227494901bc894d3e3a7a9102.mp4,HƏR GÜN,,unknown,46,30.0,rec_2022-12-24
aecc2173d45c40ebae199995c5d459da,data/raw/AzSLD_Words_100/HƏR GÜN/aecc2173d45c40ebae199995c5d459da.mp4,HƏR GÜN,,unknown,37,30.0,rec_2022-11-10
b3ce376b93ef406d9779efb903a04da4,data/raw/AzSLD_Words_100/HƏR GÜN/b3ce376b93ef406d9779efb903a04da4.mp4,HƏR GÜN,,unknown,43,30.0,rec_2022-11-22
b9545048cffd4fe3be38c3dc144e296e,data/raw/AzSLD_Words_100/HƏR GÜN/b9545048cffd4fe3be38c3dc144e296e.mp4,HƏR GÜN,,unknown,51,30.0,rec_2022-12-15
c5a4989c2bfa4e05b8fb7598e1ff9be3,data/raw/AzSLD_Words_100/HƏR GÜN/c5a4989c2bfa4e05b8fb7598e1ff9be3.mp4,HƏR GÜN,,unknown,43,30.0,rec_2022-12-23
d1b159f0eef04c64b0c64b6ba9fc7786,data/raw/AzSLD_Words_100/HƏR GÜN/d1b159f0eef04c64b0c64b6ba9fc7786.mp4,HƏR GÜN,,unknown,42,30.0,rec_2022-07-18
e3ea88eb203145e3ba6532f1b46aff2d,data/raw/AzSLD_Words_100/HƏR GÜN/e3ea88eb203145e3ba6532f1b46aff2d.mp4,HƏR GÜN,,unknown,43,30.0,rec_2022-11-19
f644fa7a4fb443edb61f901d36a9b002,data/raw/AzSLD_Words_100/HƏR GÜN/f644fa7a4fb443edb61f901d36a9b002.mp4,HƏR GÜN,,unknown,45,30.0,rec_2022-11-04
f757efde38f044eaabab660c1452bdac,data/raw/AzSLD_Words_100/HƏR GÜN/f757efde38f044eaabab660c1452bdac.mp4,HƏR GÜN,,unknown,35,30.0,rec_2022-07-01
019543f197e7400aa9b40b4bafdf8e6f,data/raw/AzSLD_Words_100/İ/019543f197e7400aa9b40b4bafdf8e6f.mp4,İ,,unknown,6,30.0,rec_2022-07-02
0d42e3bc1ce6425e93a6ea33594fe96b,data/raw/AzSLD_Words_100/İ/0d42e3bc1ce6425e93a6ea33594fe96b.mp4,İ,,unknown,19,30.0,rec_2022-11-10
27cbf0ae3313452bad9c7663d83ebeb1,data/raw/AzSLD_Words_100/İ/27cbf0ae3313452bad9c7663d83ebeb1.mp4,İ,,unknown,8,30.0,rec_2022-06-10
36a21183d2674c3ea745c6c87ebf54b8,data/raw/AzSLD_Words_100/İ/36a21183d2674c3ea745c6c87ebf54b8.mp4,İ,,unknown,14,30.0,rec_2022-11-19
3e515b793f484513be9c0b70f4a75dcc,data/raw/AzSLD_Words_100/İ/3e515b793f484513be9c0b70f4a75dcc.mp4,İ,,unknown,24,30.0,rec_2022-10-28
47c3d3dc1b304f089d74f42191623cf7,data/raw/AzSLD_Words_100/İ/47c3d3dc1b304f089d74f42191623cf7.mp4,İ,,unknown,7,30.0,rec_2022-07-16
4cceb29fd74a4f0484e3728d41e0b4a4,data/raw/AzSLD_Words_100/İ/4cceb29fd74a4f0484e3728d41e0b4a4.mp4,İ,,unknown,6,30.0,rec_2022-08-02
4f78386eb5194604977f10260bcf1b0d,data/raw/AzSLD_Words_100/İ/4f78386eb5194604977f10260bcf1b0d.mp4,İ,,unknown,13,30.0,rec_2022-07-22
5163fc960cba4ef29ac27ab01632f604,data/raw/AzSLD_Words_100/İ/5163fc960cba4ef29ac27ab01632f604.mp4,İ,,unknown,10,30.0,rec_2022-12-20
62a4f576c0074068a88806ce4b4aeef0,data/raw/AzSLD_Words_100/İ/62a4f576c0074068a88806ce4b4aeef0.mp4,İ,,unknown,20,30.0,rec_2022-06-18
637ef56944794cb0a9717e6e7ff102f8,data/raw/AzSLD_Words_100/İ/637ef56944794cb0a9717e6e7ff102f8.mp4,İ,,unknown,13,30.0,rec_2022-06-18
660a5689e94f4ad6af5a9decd00928ee,data/raw/AzSLD_Words_100/İ/660a5689e94f4ad6af5a9decd00928ee.mp4,İ,,unknown,10,30.0,rec_2022-07-18
7a8fe5a486f5425e808c8fa173b5a9ba,data/raw/AzSLD_Words_100/İ/7a8fe5a486f5425e808c8fa173b5a9ba.mp4,İ,,unknown,10,30.0,rec_2022-12-22
7ca98681527544c585fd1a8c006614c3,data/raw/AzSLD_Words_100/İ/7ca98681527544c585fd1a8c006614c3.mp4,İ,,unknown,5,30.0,rec_2022-12-22
7ef029c234e844119bfa63ff4d70b2db,data/raw/AzSLD_Words_100/İ/7ef029c234e844119bfa63ff4d70b2db.mp4,İ,,unknown,19,30.0,rec_2023-01-19
8a69ceb9ec1f4dcfa0dc614d73430c2c,data/raw/AzSLD_Words_100/İ/8a69ceb9ec1f4dcfa0dc614d73430c2c.mp4,İ,,unknown,17,30.0,rec_2022-12-15
983cad8c0d114813bc0efac7ec6ebf9e,data/raw/AzSLD_Words_100/İ/983cad8c0d114813bc0efac7ec6ebf9e.mp4,İ,,unknown,17,30.0,rec_2022-11-17
9cb805fe6a164cda88e0ad04d6fad568,data/raw/AzSLD_Words_100/İ/9cb805fe6a164cda88e0ad04d6fad568.mp4,İ,,unknown,6,30.0,rec_2022-12-28
9f393ae2986542329e6dbc871e30397e,data/raw/AzSLD_Words_100/İ/9f393ae2986542329e6dbc871e30397e.mp4,İ,,unknown,6,30.0,rec_2022-08-01
a3c50f7088014796b5b2033969b455b6,data/raw/AzSLD_Words_100/İ/a3c50f7088014796b5b2033969b455b6.mp4,İ,,unknown,19,30.0,rec_2022-11-22
a66c02f0b5304bd3a39bbc1274c9cf12,data/raw/AzSLD_Words_100/İ/a66c02f0b5304bd3a39bbc1274c9cf12.mp4,İ,,unknown,19,30.0,rec_2022-12-22
b2ccf2a548c6457db79c955bf4291662,data/raw/AzSLD_Words_100/İ/b2ccf2a548c6457db79c955bf4291662.mp4,İ,,unknown,11,30.0,rec_2022-07-14
b66a139d6d93433e8155ece92f2ce68a,data/raw/AzSLD_Words_100/İ/b66a139d6d93433e8155ece92f2ce68a.mp4,İ,,unknown,5,30.0,rec_2022-07-02
b6959dcee31e4484b49f1c61e62ba3b4,data/raw/AzSLD_Words_100/İ/b6959dcee31e4484b49f1c61e62ba3b4.mp4,İ,,unknown,14,30.0,rec_2022-12-20
ba23b10b5b4b4f98bce730323fa562df,data/raw/AzSLD_Words_100/İ/ba23b10b5b4b4f98bce730323fa562df.mp4,İ,,unknown,4,30.0,rec_2022-07-22
be18f421e0d34233aacacba188fd3df1,data/raw/AzSLD_Words_100/İ/be18f421e0d34233aacacba188fd3df1.mp4,İ,,unknown,15,30.0,rec_2022-12-17
ddba8bdc1f1a43158b05b489436d5da5,data/raw/AzSLD_Words_100/İ/ddba8bdc1f1a43158b05b489436d5da5.mp4,İ,,unknown,8,30.0,rec_2022-07-14
dde8f2bb3161423da8097177b441103f,data/raw/AzSLD_Words_100/İ/dde8f2bb3161423da8097177b441103f.mp4,İ,,unknown,22,30.0,rec_2022-06-18
e134d19737fe4d5286d87bb2f94a4e65,data/raw/AzSLD_Words_100/İ/e134d19737fe4d5286d87bb2f94a4e65.mp4,İ,,unknown,7,30.0,rec_2022-07-21
e3be43ec4dc64a2b9c4e555529bac91a,data/raw/AzSLD_Words_100/İ/e3be43ec4dc64a2b9c4e555529bac91a.mp4,İ,,unknown,6,30.0,rec_2022-07-21
e78e398f607d4405b1e263ccc0cc9bc9,data/raw/AzSLD_Words_100/İ/e78e398f607d4405b1e263ccc0cc9bc9.mp4,İ,,unknown,4,30.0,rec_2022-07-23
ede565a7934d42f59cc142d45885f0ce,data/raw/AzSLD_Words_100/İ/ede565a7934d42f59cc142d45885f0ce.mp4,İ,,unknown,12,30.0,rec_2022-11-18
07ae16681e584454abde28fb294db9ac,data/raw/AzSLD_Words_100/İNDİ/07ae16681e584454abde28fb294db9ac.mp4,İNDİ,,unknown,16,30.0,rec_2022-12-17
08459f3806be4288af8cef7179251404,data/raw/AzSLD_Words_100/İNDİ/08459f3806be4288af8cef7179251404.mp4,İNDİ,,unknown,17,30.0,rec_2022-11-05
15f287ee84ea44f9be027daacc3388f0,data/raw/AzSLD_Words_100/İNDİ/15f287ee84ea44f9be027daacc3388f0.mp4,İNDİ,,unknown,16,30.0,rec_2022-12-22
35e5634bbfcf462386eae26311ab189f,data/raw/AzSLD_Words_100/İNDİ/35e5634bbfcf462386eae26311ab189f.mp4,İNDİ,,unknown,9,30.0,rec_2022-07-01
5860f9b1401344a2b10e448e5d43a04b,data/raw/AzSLD_Words_100/İNDİ/5860f9b1401344a2b10e448e5d43a04b.mp4,İNDİ,,unknown,12,30.0,rec_2022-05-24
6070807df38c46bcb8bea019c90c9805,data/raw/AzSLD_Words_100/İNDİ/6070807df38c46bcb8bea019c90c9805.mp4,İNDİ,,unknown,19,30.0,rec_2022-11-02
7a3bbb75d59046a4823dfedf1f5be1a2,data/raw/AzSLD_Words_100/İNDİ/7a3bbb75d59046a4823dfedf1f5be1a2.mp4,İNDİ,,unknown,24,30.0,rec_2022-07-25
7b982611704a431d99736bc38e897302,data/raw/AzSLD_Words_100/İNDİ/7b982611704a431d99736bc38e897302.mp4,İNDİ,,unknown,10,30.0,rec_2022-07-23
7dc66b6a5e4146a4b7abdf616240884b,data/raw/AzSLD_Words_100/İNDİ/7dc66b6a5e4146a4b7abdf616240884b.mp4,İNDİ,,unknown,17,30.0,rec_2022-07-16
8003aaa8711e494eaeee96bb1e45c771,data/raw/AzSLD_Words_100/İNDİ/8003aaa8711e494eaeee96bb1e45c771.mp4,İNDİ,,unknown,16,30.0,rec_2022-07-22
81cc5cb435634ce188dfc4d3da0d5a92,data/raw/AzSLD_Words_100/İNDİ/81cc5cb435634ce188dfc4d3da0d5a92.mp4,İNDİ,,unknown,21,30.0,rec_2022-11-04
89c5ee37ef0f4c9689077fcb53567e5f,data/raw/AzSLD_Words_100/İNDİ/89c5ee37ef0f4c9689077fcb53567e5f.mp4,İNDİ,,unknown,16,30.0,rec_2022-12-15
a115e26043d04c3c98d14ee23126c60c,data/raw/AzSLD_Words_100/İNDİ/a115e26043d04c3c98d14ee23126c60c.mp4,İNDİ,,unknown,12,30.0,rec_2022-07-02
a1c53c3960ae4b498f91d1fc4e040eef,data/raw/AzSLD_Words_100/İNDİ/a1c53c3960ae4b498f91d1fc4e040eef.mp4,İNDİ,,unknown,11,30.0,rec_2022-12-23
c09418af7ed44732a18a570f09354ae7,data/raw/AzSLD_Words_100/İNDİ/c09418af7ed44732a18a570f09354ae7.mp4,İNDİ,,unknown,15,30.0,rec_2022-07-21
cc42a0b889f74dee8c461703a0817675,data/raw/AzSLD_Words_100/İNDİ/cc42a0b889f74dee8c461703a0817675.mp4,İNDİ,,unknown,13,30.0,rec_2022-07-18
cde02ce829c742ecbb3db858daf561db,data/raw/AzSLD_Words_100/İNDİ/cde02ce829c742ecbb3db858daf561db.mp4,İNDİ,,unknown,13,30.0,rec_2022-06-13
d6a16ef62c504e13bd14a33b18472520,data/raw/AzSLD_Words_100/İNDİ/d6a16ef62c504e13bd14a33b18472520.mp4,İNDİ,,unknown,21,30.0,rec_2022-04-26
ea5c3625759645059a8e01965c926f4e,data/raw/AzSLD_Words_100/İNDİ/ea5c3625759645059a8e01965c926f4e.mp4,İNDİ,,unknown,16,30.0,rec_2022-06-18
f8d7770e86cf447ca2a38e827fdf6582,data/raw/AzSLD_Words_100/İNDİ/f8d7770e86cf447ca2a38e827fdf6582.mp4,İNDİ,,unknown,21,30.0,rec_2023-01-19
028e26099e50433bab352b1aa5390db0,data/raw/AzSLD_Words_100/İSTƏMƏK/028e26099e50433bab352b1aa5390db0.mp4,İSTƏMƏK,,unknown,28,30.0,rec_2022-07-18
05611dc1981742ad844cf9596d3dce89,data/raw/AzSLD_Words_100/İSTƏMƏK/05611dc1981742ad844cf9596d3dce89.mp4,İSTƏMƏK,,unknown,33,30.0,rec_2022-06-02
0a37a460725949609c7b8c62c1780262,data/raw/AzSLD_Words_100/İSTƏMƏK/0a37a460725949609c7b8c62c1780262.mp4,İSTƏMƏK,,unknown,22,30.0,rec_2022-08-02
1335637e3399433486d3164cd9c94110,data/raw/AzSLD_Words_100/İSTƏMƏK/1335637e3399433486d3164cd9c94110.mp4,İSTƏMƏK,,unknown,30,30.0,rec_2022-07-18
154072da8b8a41b19192014ca0e33cee,data/raw/AzSLD_Words_100/İSTƏMƏK/154072da8b8a41b19192014ca0e33cee.mp4,İSTƏMƏK,,unknown,23,30.0,rec_2022-07-13
18a8568cda23410f9e806b522912f082,data/raw/AzSLD_Words_100/İSTƏMƏK/18a8568cda23410f9e806b522912f082.mp4,İSTƏMƏK,,unknown,35,30.0,rec_2022-06-10
1f745d016f4c43e6ad32a21e8353a3b1,data/raw/AzSLD_Words_100/İSTƏMƏK/1f745d016f4c43e6ad32a21e8353a3b1.mp4,İSTƏMƏK,,unknown,32,30.0,rec_2022-08-02
1fc8b91b830a4f1ca347fcd3b9840ebd,data/raw/AzSLD_Words_100/İSTƏMƏK/1fc8b91b830a4f1ca347fcd3b9840ebd.mp4,İSTƏMƏK,,unknown,28,30.0,rec_2022-08-02
21324aba435f466d950bcd87ea4ad752,data/raw/AzSLD_Words_100/İSTƏMƏK/21324aba435f466d950bcd87ea4ad752.mp4,İSTƏMƏK,,unknown,29,30.0,rec_2022-08-02
24d33ab5e0574f0c968b4e7fefb004c0,data/raw/AzSLD_Words_100/İSTƏMƏK/24d33ab5e0574f0c968b4e7fefb004c0.mp4,İSTƏMƏK,,unknown,34,30.0,rec_2022-08-02
2ab9ae3e3eee49e48cb7a637ae69ba80,data/raw/AzSLD_Words_100/İSTƏMƏK/2ab9ae3e3eee49e48cb7a637ae69ba80.mp4,İSTƏMƏK,,unknown,40,30.0,rec_2022-06-09
2beb7c391f514e5cbc5beaab946e47a2,data/raw/AzSLD_Words_100/İSTƏMƏK/2beb7c391f514e5cbc5beaab946e47a2.mp4,İSTƏMƏK,,unknown,30,30.0,rec_2022-07-18
2ca1e97fd0064f81949eba8acd73ab15,data/raw/AzSLD_Words_100/İSTƏMƏK/2ca1e97fd0064f81949eba8acd73ab15.mp4,İSTƏMƏK,,unknown,20,30.0,rec_2022-06-11
2edd675f81794b519b7f7a4ade234626,data/raw/AzSLD_Words_100/İSTƏMƏK/2edd675f81794b519b7f7a4ade234626.mp4,İSTƏMƏK,,unknown,34,30.0,rec_2022-11-22
2fdf38dd84e14ccd850644a5486c66c7,data/raw/AzSLD_Words_100/İSTƏMƏK/2fdf38dd84e14ccd850644a5486c66c7.mp4,İSTƏMƏK,,unknown,30,30.0,rec_2022-07-01
301fd7deecc043c19e9f1625f914a2c6,data/raw/AzSLD_Words_100/İSTƏMƏK/301fd7deecc043c19e9f1625f914a2c6.mp4,İSTƏMƏK,,unknown,36,30.0,rec_2022-06-03
33da404d086146b3960e8d7c21b0d1ff,data/raw/AzSLD_Words_100/İSTƏMƏK/33da404d086146b3960e8d7c21b0d1ff.mp4,İSTƏMƏK,,unknown,29,30.0,rec_2022-07-23
36926634c465476487013a426e879905,data/raw/AzSLD_Words_100/İSTƏMƏK/36926634c465476487013a426e879905.mp4,İSTƏMƏK,,unknown,22,30.0,rec_2022-06-18
379721504f36408f879dfcfd5be379ad,data/raw/AzSLD_Words_100/İSTƏMƏK/379721504f36408f879dfcfd5be379ad.mp4,İSTƏMƏK,,unknown,32,30.0,rec_2022-06-02
393c2cfb05fc4c71b80a4cecb2f91e0e,data/raw/AzSLD_Words_100/İSTƏMƏK/393c2cfb05fc4c71b80a4cecb2f91e0e.mp4,İSTƏMƏK,,unknown,31,30.0,rec_2022-06-11
39f6c8d0df884d23a044acd74323987d,data/raw/AzSLD_Words_100/İSTƏMƏK/39f6c8d0df884d23a044acd74323987d.mp4,İSTƏMƏK,,unknown,26,30.0,rec_2022-06-18
3b927ebad1124341bece88e0bcd0d702,data/raw/AzSLD_Words_100/İSTƏMƏK/3b927ebad1124341bece88e0bcd0d702.mp4,İSTƏMƏK,,unknown,27,30.0,rec_2022-12-20
3bae9ed6bbee488b8c91a968586932e9,data/raw/AzSLD_Words_100/İSTƏMƏK/3bae9ed6bbee488b8c91a968586932e9.mp4,İSTƏMƏK,,unknown,30,30.0,rec_2022-06-13
3d78183e06ca4f6a95e6f02d69be509e,data/raw/AzSLD_Words_100/İSTƏMƏK/3d78183e06ca4f6a95e6f02d69be509e.mp4,İSTƏMƏK,,unknown,37,30.0,rec_2022-07-15
3f7aa38640884bb39119d4aae86b53cc,data/raw/AzSLD_Words_100/İSTƏMƏK/3f7aa38640884bb39119d4aae86b53cc.mp4,İSTƏMƏK,,unknown,32,30.0,rec_2022-07-21
427893e7524f48cfade51b90ec53b76e,data/raw/AzSLD_Words_100/İSTƏMƏK/427893e7524f48cfade51b90ec53b76e.mp4,İSTƏMƏK,,unknown,36,30.0,rec_2022-12-22
44b7c38b67ac43a19319279f1fcb5376,data/raw/AzSLD_Words_100/İSTƏMƏK/44b7c38b67ac43a19319279f1fcb5376.mp4,İSTƏMƏK,,unknown,23,30.0,rec_2022-07-25
4779645d0feb4940a42d0ba1f0b2ea56,data/raw/AzSLD_Words_100/İSTƏMƏK/4779645d0feb4940a42d0ba1f0b2ea56.mp4,İSTƏMƏK,,unknown,29,30.0,rec_2022-07-23
48161ae13c0b465696f9d8042d2141e8,data/raw/AzSLD_Words_100/İSTƏMƏK/48161ae13c0b465696f9d8042d2141e8.mp4,İSTƏMƏK,,unknown,28,30.0,rec_2022-07-25
4a771da5b08245b69e879824c9e28c74,data/raw/AzSLD_Words_100/İSTƏMƏK/4a771da5b08245b69e879824c9e28c74.mp4,İSTƏMƏK,,unknown,30,30.0,rec_2022-07-25
4ab3b7744eb0466ea23199ecea255c9a,data/raw/AzSLD_Words_100/İSTƏMƏK/4ab3b7744eb0466ea23199ecea255c9a.mp4,İSTƏMƏK,,unknown,33,30.0,rec_2022-06-02
523e4385dcfa4f488e316cda10410392,data/raw/AzSLD_Words_100/İSTƏMƏK/523e4385dcfa4f488e316cda10410392.mp4,İSTƏMƏK,,unknown,27,30.0,rec_2022-06-03
541cbe9a95be4ee3a9562a849d8531bd,data/raw/AzSLD_Words_100/İSTƏMƏK/541cbe9a95be4ee3a9562a849d8531bd.mp4,İSTƏMƏK,,unknown,32,30.0,rec_2022-06-09
549a8acf88774b8eb00aed5fab582f7f,data/raw/AzSLD_Words_100/İSTƏMƏK/549a8acf88774b8eb00aed5fab582f7f.mp4,İSTƏMƏK,,unknown,26,30.0,rec_2022-07-23
55e1317c11b6480ab703ada023413a34,data/raw/AzSLD_Words_100/İSTƏMƏK/55e1317c11b6480ab703ada023413a34.mp4,İSTƏMƏK,,unknown,26,30.0,rec_2022-07-25
55ecdd2294734446940899d519dc403c,data/raw/AzSLD_Words_100/İSTƏMƏK/55ecdd2294734446940899d519dc403c.mp4,İSTƏMƏK,,unknown,32,30.0,rec_2022-05-31
5a7c1c9e79c640379ca1ebe20e2d5f03,data/raw/AzSLD_Words_100/İSTƏMƏK/5a7c1c9e79c640379ca1ebe20e2d5f03.mp4,İSTƏMƏK,,unknown,33,30.0,rec_2022-11-22
605d964c1f204003ba6531213a54deb4,data/raw/AzSLD_Words_100/İSTƏMƏK/605d964c1f204003ba6531213a54deb4.mp4,İSTƏMƏK,,unknown,37,30.0,rec_2022-08-02
6466cfb4c09d4c63a5c09f38e5b69b47,data/raw/AzSLD_Words_100/İSTƏMƏK/6466cfb4c09d4c63a5c09f38e5b69b47.mp4,İSTƏMƏK,,unknown,17,30.0,rec_2022-07-22
647ba6b474c849ecaed872dec98d27b9,data/raw/AzSLD_Words_100/İSTƏMƏK/647ba6b474c849ecaed872dec98d27b9.mp4,İSTƏMƏK,,unknown,30,30.0,rec_2022-07-22
647bb411e0dc4726a64f4eeb60577148,data/raw/AzSLD_Words_100/İSTƏMƏK/647bb411e0dc4726a64f4eeb60577148.mp4,İSTƏMƏK,,unknown,22,30.0,rec_2022-08-02
650dc12c044b406db91da43055d2ba5a,data/raw/AzSLD_Words_100/İSTƏMƏK/650dc12c044b406db91da43055d2ba5a.mp4,İSTƏMƏK,,unknown,43,30.0,rec_2022-07-16
658349804bc74eeca29bfc2fcfbcf56b,data/raw/AzSLD_Words_100/İSTƏMƏK/658349804bc74eeca29bfc2fcfbcf56b.mp4,İSTƏMƏK,,unknown,26,30.0,rec_2022-06-11
658891009ca541ed92af10f144cbda31,data/raw/AzSLD_Words_100/İSTƏMƏK/658891009ca541ed92af10f144cbda31.mp4,İSTƏMƏK,,unknown,33,30.0,rec_2022-06-02
6a63259d05c74ca8866d2761fa4f3014,data/raw/AzSLD_Words_100/İSTƏMƏK/6a63259d05c74ca8866d2761fa4f3014.mp4,İSTƏMƏK,,unknown,43,30.0,rec_2022-07-21
6ceb8f06fef149b8abaa7612ab103e57,data/raw/AzSLD_Words_100/İSTƏMƏK/6ceb8f06fef149b8abaa7612ab103e57.mp4,İSTƏMƏK,,unknown,26,30.0,rec_2022-07-16
6d05a0804eb74259bffbd804ed66f073,data/raw/AzSLD_Words_100/İSTƏMƏK/6d05a0804eb74259bffbd804ed66f073.mp4,İSTƏMƏK,,unknown,41,30.0,rec_2022-06-03
6e2e05d4a7594684b627a8e5d9053738,data/raw/AzSLD_Words_100/İSTƏMƏK/6e2e05d4a7594684b627a8e5d9053738.mp4,İSTƏMƏK,,unknown,33,30.0,rec_2022-07-23
6f1c7ce0fe6149c588227914df844676,data/raw/AzSLD_Words_100/İSTƏMƏK/6f1c7ce0fe6149c588227914df844676.mp4,İSTƏMƏK,,unknown,33,30.0,rec_2022-07-18
737b1948b8b843dea735817233384366,data/raw/AzSLD_Words_100/İSTƏMƏK/737b1948b8b843dea735817233384366.mp4,İSTƏMƏK,,unknown,27,30.0,rec_2022-12-28
73defd303d8149ddae83e6037ddb32a7,data/raw/AzSLD_Words_100/İSTƏMƏK/73defd303d8149ddae83e6037ddb32a7.mp4,İSTƏMƏK,,unknown,28,30.0,rec_2022-07-18
76f9fa09e50546d799cc1436bca87ca3,data/raw/AzSLD_Words_100/İSTƏMƏK/76f9fa09e50546d799cc1436bca87ca3.mp4,İSTƏMƏK,,unknown,34,30.0,rec_2022-07-21
80cba828bd334830b1b787ed601dacfd,data/raw/AzSLD_Words_100/İSTƏMƏK/80cba828bd334830b1b787ed601dacfd.mp4,İSTƏMƏK,,unknown,38,30.0,rec_2022-06-02
80dc4d30f38a4c7aa963873160aec50d,data/raw/AzSLD_Words_100/İSTƏMƏK/80dc4d30f38a4c7aa963873160aec50d.mp4,İSTƏMƏK,,unknown,32,30.0,rec_2022-07-21
817d67376ae24d59bbfaeb7da871eeaa,data/raw/AzSLD_Words_100/İSTƏMƏK/817d67376ae24d59bbfaeb7da871eeaa.mp4,İSTƏMƏK,,unknown,31,30.0,rec_2022-07-21
82eda30377f34c17a521099403d48342,data/raw/AzSLD_Words_100/İSTƏMƏK/82eda30377f34c17a521099403d48342.mp4,İSTƏMƏK,,unknown,30,30.0,rec_2022-08-02
83ccf45d394d48aeac975941ca6ed8a5,data/raw/AzSLD_Words_100/İSTƏMƏK/83ccf45d394d48aeac975941ca6ed8a5.mp4,İSTƏMƏK,,unknown,36,30.0,rec_2022-07-25
84c719aa9e0f4203a15e6fb7393cda5b,data/raw/AzSLD_Words_100/İSTƏMƏK/84c719aa9e0f4203a15e6fb7393cda5b.mp4,İSTƏMƏK,,unknown,23,30.0,rec_2022-07-18
852d7627759f4482a50e4bae1c526f15,data/raw/AzSLD_Words_100/İSTƏMƏK/852d7627759f4482a50e4bae1c526f15.mp4,İSTƏMƏK,,unknown,26,30.0,rec_2022-08-02
8bb4ab5bd8684533803c08cf510fa160,data/raw/AzSLD_Words_100/İSTƏMƏK/8bb4ab5bd8684533803c08cf510fa160.mp4,İSTƏMƏK,,unknown,34,30.0,rec_2022-07-18
919f0534176c4b289d0d23ee20b59e6c,data/raw/AzSLD_Words_100/İSTƏMƏK/919f0534176c4b289d0d23ee20b59e6c.mp4,İSTƏMƏK,,unknown,23,30.0,rec_2022-07-13
92ac482621d44d11a996ee260dd237ee,data/raw/AzSLD_Words_100/İSTƏMƏK/92ac482621d44d11a996ee260dd237ee.mp4,İSTƏMƏK,,unknown,37,30.0,rec_2022-05-31
949d54e5df5048029da578b5c00ec99b,data/raw/AzSLD_Words_100/İSTƏMƏK/949d54e5df5048029da578b5c00ec99b.mp4,İSTƏMƏK,,unknown,20,30.0,rec_2022-07-22
962f0f261b59468089d0772cd87d67d0,data/raw/AzSLD_Words_100/İSTƏMƏK/962f0f261b59468089d0772cd87d67d0.mp4,İSTƏMƏK,,unknown,30,30.0,rec_2022-08-02
97568944636d4074b4808b06179845fa,data/raw/AzSLD_Words_100/İSTƏMƏK/97568944636d4074b4808b06179845fa.mp4,İSTƏMƏK,,unknown,31,30.0,rec_2022-07-19
9e64bc7bc2a3414cac12a70aa8137286,data/raw/AzSLD_Words_100/İSTƏMƏK/9e64bc7bc2a3414cac12a70aa8137286.mp4,İSTƏMƏK,,unknown,38,30.0,rec_2022-07-21
a1379c79c8704a2798c6e8c97494555a,data/raw/AzSLD_Words_100/İSTƏMƏK/a1379c79c8704a2798c6e8c97494555a.mp4,İSTƏMƏK,,unknown,20,30.0,rec_2022-07-21
aa271718638c4d7db7ef8980d6ed593f,data/raw/AzSLD_Words_100/İSTƏMƏK/aa271718638c4d7db7ef8980d6ed593f.mp4,İSTƏMƏK,,unknown,19,30.0,rec_2022-07-14
aa4fd5dd7e2b428680cacd84a09ff1e3,data/raw/AzSLD_Words_100/İSTƏMƏK/aa4fd5dd7e2b428680cacd84a09ff1e3.mp4,İSTƏMƏK,,unknown,17,30.0,rec_2022-07-13
aac160bfd5aa4cbb8e531377803e333d,data/raw/AzSLD_Words_100/İSTƏMƏK/aac160bfd5aa4cbb8e531377803e333d.mp4,İSTƏMƏK,,unknown,28,30.0,rec_2022-06-13
adfb1a41f3ad43758db0d1d87e3e50ce,data/raw/AzSLD_Words_100/İSTƏMƏK/adfb1a41f3ad43758db0d1d87e3e50ce.mp4,İSTƏMƏK,,unknown,25,30.0,rec_2022-07-13
b0bbb11365c345bc87aa79c06ea5ef52,data/raw/AzSLD_Words_100/İSTƏMƏK/b0bbb11365c345bc87aa79c06ea5ef52.mp4,İSTƏMƏK,,unknown,20,30.0,rec_2022-07-19
b2cce05b315a4e3c8befc4a36dc04e18,data/raw/AzSLD_Words_100/İSTƏMƏK/b2cce05b315a4e3c8befc4a36dc04e18.mp4,İSTƏMƏK,,unknown,23,30.0,rec_2022-07-22
b4e840c3216e403082ea4a5b44b628a7,data/raw/AzSLD_Words_100/İSTƏMƏK/b4e840c3216e403082ea4a5b44b628a7.mp4,İSTƏMƏK,,unknown,19,30.0,rec_2022-06-13
b5c186ea092d4a978d02f8036525bccd,data/raw/AzSLD_Words_100/İSTƏMƏK/b5c186ea092d4a978d02f8036525bccd.mp4,İSTƏMƏK,,unknown,24,30.0,rec_2022-07-15
ba612b0ff5554d20b1b08ef3069e06b2,data/raw/AzSLD_Words_100/İSTƏMƏK/ba612b0ff5554d20b1b08ef3069e06b2.mp4,İSTƏMƏK,,unknown,27,30.0,rec_2022-07-25
be9629bf343a486c9d3a207ea38989dc,data/raw/AzSLD_Words_100/İSTƏMƏK/be9629bf343a486c9d3a207ea38989dc.mp4,İSTƏMƏK,,unknown,39,30.0,rec_2022-06-02
bf0ac7352dfa439eb9bbb3c76e507201,data/raw/AzSLD_Words_100/İSTƏMƏK/bf0ac7352dfa439eb9bbb3c76e507201.mp4,İSTƏMƏK,,unknown,31,30.0,rec_2022-06-10
c21de13c749c4bee924f5112bb0bfee2,data/raw/AzSLD_Words_100/İSTƏMƏK/c21de13c749c4bee924f5112bb0bfee2.mp4,İSTƏMƏK,,unknown,29,30.0,rec_2022-06-03
c372c32d336f408aa985437b7b8c3778,data/raw/AzSLD_Words_100/İSTƏMƏK/c372c32d336f408aa985437b7b8c3778.mp4,İSTƏMƏK,,unknown,26,30.0,rec_2022-07-18
c41e444128a7461f93bfcc9d69bf416d,data/raw/AzSLD_Words_100/İSTƏMƏK/c41e444128a7461f93bfcc9d69bf416d.mp4,İSTƏMƏK,,unknown,31,30.0,rec_2022-08-02
cac165bc54be4482a8f3da538d2212f5,data/raw/AzSLD_Words_100/İSTƏMƏK/cac165bc54be4482a8f3da538d2212f5.mp4,İSTƏMƏK,,unknown,15,30.0,rec_2022-07-13
ce1ab38e69be47e5ad4cd5a644e2c52d,data/raw/AzSLD_Words_100/İSTƏMƏK/ce1ab38e69be47e5ad4cd5a644e2c52d.mp4,İSTƏMƏK,,unknown,31,30.0,rec_2022-08-02
cf2dc0999f084d0da677d15e1ae2aa5c,data/raw/AzSLD_Words_100/İSTƏMƏK/cf2dc0999f084d0da677d15e1ae2aa5c.mp4,İSTƏMƏK,,unknown,33,30.0,rec_2022-07-16
cfa90052294241b4b08851900e215f92,data/raw/AzSLD_Words_100/İSTƏMƏK/cfa90052294241b4b08851900e215f92.mp4,İSTƏMƏK,,unknown,23,30.0,rec_2022-07-19
d797e3a007bc47a195161306efa5fe72,data/raw/AzSLD_Words_100/İSTƏMƏK/d797e3a007bc47a195161306efa5fe72.mp4,İSTƏMƏK,,unknown,29,30.0,rec_2022-08-02
d7bb9ed47def48b0a0344636959f8646,data/raw/AzSLD_Words_100/İSTƏMƏK/d7bb9ed47def48b0a0344636959f8646.mp4,İSTƏMƏK,,unknown,31,30.0,rec_2022-07-13
dad6211caacd4b40ad6e6a3157742470,data/raw/AzSLD_Words_100/İSTƏMƏK/dad6211caacd4b40ad6e6a3157742470.mp4,İSTƏMƏK,,unknown,26,30.0,rec_2022-07-23
ddcc042908ef4fb4abb42c0b62b76296,data/raw/AzSLD_Words_100/İSTƏMƏK/ddcc042908ef4fb4abb42c0b62b76296.mp4,İSTƏMƏK,,unknown,32,30.0,rec_2022-11-17
e17c896f59b14cc0b5ca153c19155e87,data/raw/AzSLD_Words_100/İSTƏMƏK/e17c896f59b14cc0b5ca153c19155e87.mp4,İSTƏMƏK,,unknown,19,30.0,rec_2022-08-02
e2fb8a8256684c96b1568a03fdd86988,data/raw/AzSLD_Words_100/İSTƏMƏK/e2fb8a8256684c96b1568a03fdd86988.mp4,İSTƏMƏK,,unknown,23,30.0,rec_2022-07-25
e433419e8ac44f59b97fd6759f12ee65,data/raw/AzSLD_Words_100/İSTƏMƏK/e433419e8ac44f59b97fd6759f12ee65.mp4,İSTƏMƏK,,unknown,36,30.0,rec_2022-08-02
e74ecaa4ea2e4485bfa4e76dab4b78c9,data/raw/AzSLD_Words_100/İSTƏMƏK/e74ecaa4ea2e4485bfa4e76dab4b78c9.mp4,İSTƏMƏK,,unknown,26,30.0,rec_2022-07-23
e7dca96e827343b99adbb6673360773f,data/raw/AzSLD_Words_100/İSTƏMƏK/e7dca96e827343b99adbb6673360773f.mp4,İSTƏMƏK,,unknown,29,30.0,rec_2022-07-02
e826e17fc3c2491d922fd37c3dd381dc,data/raw/AzSLD_Words_100/İSTƏMƏK/e826e17fc3c2491d922fd37c3dd381dc.mp4,İSTƏMƏK,,unknown,49,30.0,rec_2022-07-21
e89fd40ca9fc441c83a3d2ba891476e5,data/raw/AzSLD_Words_100/İSTƏMƏK/e89fd40ca9fc441c83a3d2ba891476e5.mp4,İSTƏMƏK,,unknown,29,30.0,rec_2022-07-25
eba6906e2bf340d792b3a752e3740f61,data/raw/AzSLD_Words_100/İSTƏMƏK/eba6906e2bf340d792b3a752e3740f61.mp4,İSTƏMƏK,,unknown,43,30.0,rec_2022-05-31
eda8450483f346dc96f3d4a214eaf79f,data/raw/AzSLD_Words_100/İSTƏMƏK/eda8450483f346dc96f3d4a214eaf79f.mp4,İSTƏMƏK,,unknown,21,30.0,rec_2022-08-02
f0ba1126b2874192b69665eb3745ffe1,data/raw/AzSLD_Words_100/İSTƏMƏK/f0ba1126b2874192b69665eb3745ffe1.mp4,İSTƏMƏK,,unknown,23,30.0,rec_2022-07-22
f1bb4aa101274f83acdaab44f661f641,data/raw/AzSLD_Words_100/İSTƏMƏK/f1bb4aa101274f83acdaab44f661f641.mp4,İSTƏMƏK,,unknown,26,30.0,rec_2022-07-23
f233833107e34bb285352389b90e5bbb,data/raw/AzSLD_Words_100/İSTƏMƏK/f233833107e34bb285352389b90e5bbb.mp4,İSTƏMƏK,,unknown,24,30.0,rec_2022-07-18
f3f4400751b54a7da31aaa71a7e4ccd5,data/raw/AzSLD_Words_100/İSTƏMƏK/f3f4400751b54a7da31aaa71a7e4ccd5.mp4,İSTƏMƏK,,unknown,23,30.0,rec_2022-07-25
f9a2121c87f74ade931e7c327cc92279,data/raw/AzSLD_Words_100/İSTƏMƏK/f9a2121c87f74ade931e7c327cc92279.mp4,İSTƏMƏK,,unknown,29,30.0,rec_2022-07-23
fb4944df97a04caf8ec99ce3dde1fd09,data/raw/AzSLD_Words_100/İSTƏMƏK/fb4944df97a04caf8ec99ce3dde1fd09.mp4,İSTƏMƏK,,unknown,35,30.0,rec_2022-06-01
fd22f16041504b159a446e53a563342a,data/raw/AzSLD_Words_100/İSTƏMƏK/fd22f16041504b159a446e53a563342a.mp4,İSTƏMƏK,,unknown,16,30.0,rec_2022-07-22
0595e71196b04121a62e98cb0ba63c70,data/raw/AzSLD_Words_100/İSTƏYİRƏM/0595e71196b04121a62e98cb0ba63c70.mp4,İSTƏYİRƏM,,unknown,27,30.0,rec_2022-07-16
15e777278f5144c4bf14569902f88c69,data/raw/AzSLD_Words_100/İSTƏYİRƏM/15e777278f5144c4bf14569902f88c69.mp4,İSTƏYİRƏM,,unknown,23,30.0,rec_2022-07-02
1b7a599d41a14598b39de936576235eb,data/raw/AzSLD_Words_100/İSTƏYİRƏM/1b7a599d41a14598b39de936576235eb.mp4,İSTƏYİRƏM,,unknown,39,30.0,rec_2022-06-02
36ee653dafa540e5b9e368632be4f435,data/raw/AzSLD_Words_100/İSTƏYİRƏM/36ee653dafa540e5b9e368632be4f435.mp4,İSTƏYİRƏM,,unknown,27,30.0,rec_2022-05-31
37d63ca0332a4dd6a8286cb4b182baea,data/raw/AzSLD_Words_100/İSTƏYİRƏM/37d63ca0332a4dd6a8286cb4b182baea.mp4,İSTƏYİRƏM,,unknown,21,30.0,rec_2022-07-28
3c6dcd7a17834c9a949b3d23d4f7dd34,data/raw/AzSLD_Words_100/İSTƏYİRƏM/3c6dcd7a17834c9a949b3d23d4f7dd34.mp4,İSTƏYİRƏM,,unknown,28,30.0,rec_2022-07-23
43d101cb29e84b48b7aae55390f5399b,data/raw/AzSLD_Words_100/İSTƏYİRƏM/43d101cb29e84b48b7aae55390f5399b.mp4,İSTƏYİRƏM,,unknown,35,30.0,rec_2022-06-01
49c84402b18344859eea57f165f9e6dc,data/raw/AzSLD_Words_100/İSTƏYİRƏM/49c84402b18344859eea57f165f9e6dc.mp4,İSTƏYİRƏM,,unknown,23,30.0,rec_2022-07-18
4b0176a9caa049f0912698c0e5da73ee,data/raw/AzSLD_Words_100/İSTƏYİRƏM/4b0176a9caa049f0912698c0e5da73ee.mp4,İSTƏYİRƏM,,unknown,48,30.0,rec_2022-05-31
4fa3cb2ede5848d4856aa32a8329c4bf,data/raw/AzSLD_Words_100/İSTƏYİRƏM/4fa3cb2ede5848d4856aa32a8329c4bf.mp4,İSTƏYİRƏM,,unknown,21,30.0,rec_2022-12-28
5480922b4bb44be19e290b2eddfcbc54,data/raw/AzSLD_Words_100/İSTƏYİRƏM/5480922b4bb44be19e290b2eddfcbc54.mp4,İSTƏYİRƏM,,unknown,19,30.0,rec_2022-07-22
5ebcfd76a1a647eab1256bfc7d9f05ac,data/raw/AzSLD_Words_100/İSTƏYİRƏM/5ebcfd76a1a647eab1256bfc7d9f05ac.mp4,İSTƏYİRƏM,,unknown,30,30.0,rec_2022-07-02
63ffed2e2c7049daae862c6790fd34f9,data/raw/AzSLD_Words_100/İSTƏYİRƏM/63ffed2e2c7049daae862c6790fd34f9.mp4,İSTƏYİRƏM,,unknown,37,30.0,rec_2022-08-02
6ea7770111d8445ca87495fb879b695f,data/raw/AzSLD_Words_100/İSTƏYİRƏM/6ea7770111d8445ca87495fb879b695f.mp4,İSTƏYİRƏM,,unknown,34,30.0,rec_2022-08-02
7761a1b8bdd4464fbb6c1d173a863129,data/raw/AzSLD_Words_100/İSTƏYİRƏM/7761a1b8bdd4464fbb6c1d173a863129.mp4,İSTƏYİRƏM,,unknown,27,30.0,rec_2022-07-18
7843d94f69fe4ea4ad6de496cf493945,data/raw/AzSLD_Words_100/İSTƏYİRƏM/7843d94f69fe4ea4ad6de496cf493945.mp4,İSTƏYİRƏM,,unknown,39,30.0,rec_2022-06-02
7d6e9e1959874b609d024ea0940b328c,data/raw/AzSLD_Words_100/İSTƏYİRƏM/7d6e9e1959874b609d024ea0940b328c.mp4,İSTƏYİRƏM,,unknown,33,30.0,rec_2022-07-01
7ea9e77024434ab4aa69544eb1bc3729,data/raw/AzSLD_Words_100/İSTƏYİRƏM/7ea9e77024434ab4aa69544eb1bc3729.mp4,İSTƏYİRƏM,,unknown,29,30.0,rec_2022-07-22
856d3ffaa60b4d11b1185321f16ae305,data/raw/AzSLD_Words_100/İSTƏYİRƏM/856d3ffaa60b4d11b1185321f16ae305.mp4,İSTƏYİRƏM,,unknown,38,30.0,rec_2022-07-15
8aff09f5ca4d4bd7827b0e15a5f22d6c,data/raw/AzSLD_Words_100/İSTƏYİRƏM/8aff09f5ca4d4bd7827b0e15a5f22d6c.mp4,İSTƏYİRƏM,,unknown,19,30.0,rec_2022-07-02
8d2c42cabbe54b6a90b4728c948b34f1,data/raw/AzSLD_Words_100/İSTƏYİRƏM/8d2c42cabbe54b6a90b4728c948b34f1.mp4,İSTƏYİRƏM,,unknown,33,30.0,rec_2022-08-02
941f4d1d74a2445ca0667bf95fb2418e,data/raw/AzSLD_Words_100/İSTƏYİRƏM/941f4d1d74a2445ca0667bf95fb2418e.mp4,İSTƏYİRƏM,,unknown,27,30.0,rec_2022-07-15
99499d9c0bdc48f3a5641c1c2fe7b5d5,data/raw/AzSLD_Words_100/İSTƏYİRƏM/99499d9c0bdc48f3a5641c1c2fe7b5d5.mp4,İSTƏYİRƏM,,unknown,32,30.0,rec_2022-07-18
9ce2f680aca140cb85216f3e72941ee2,data/raw/AzSLD_Words_100/İSTƏYİRƏM/9ce2f680aca140cb85216f3e72941ee2.mp4,İSTƏYİRƏM,,unknown,17,30.0,rec_2022-07-16
a15f2549a8c84eb1aa86773e9dcb8927,data/raw/AzSLD_Words_100/İSTƏYİRƏM/a15f2549a8c84eb1aa86773e9dcb8927.mp4,İSTƏYİRƏM,,unknown,28,30.0,rec_2022-06-11
a6d4d36ca60248c2b4bfd445c6d95bb5,data/raw/AzSLD_Words_100/İSTƏYİRƏM/a6d4d36ca60248c2b4bfd445c6d95bb5.mp4,İSTƏYİRƏM,,unknown,39,30.0,rec_2022-06-11
b4596d188fae4183a935aa95c7fda43c,data/raw/AzSLD_Words_100/İSTƏYİRƏM/b4596d188fae4183a935aa95c7fda43c.mp4,İSTƏYİRƏM,,unknown,22,30.0,rec_2022-07-02
be3c3c0d5c554e80b1eb4b7e74003ab8,data/raw/AzSLD_Words_100/İSTƏYİRƏM/be3c3c0d5c554e80b1eb4b7e74003ab8.mp4,İSTƏYİRƏM,,unknown,39,30.0,rec_2022-06-10
c2dcba6e680948b9b0c51651bd9f3171,data/raw/AzSLD_Words_100/İSTƏYİRƏM/c2dcba6e680948b9b0c51651bd9f3171.mp4,İSTƏYİRƏM,,unknown,25,30.0,rec_2022-08-02
d8ea60354ce643e1987d1b8ed6420db5,data/raw/AzSLD_Words_100/İSTƏYİRƏM/d8ea60354ce643e1987d1b8ed6420db5.mp4,İSTƏYİRƏM,,unknown,28,30.0,rec_2022-07-22
e675a18ea00d4018be31fa6fd99945d3,data/raw/AzSLD_Words_100/İSTƏYİRƏM/e675a18ea00d4018be31fa6fd99945d3.mp4,İSTƏYİRƏM,,unknown,35,30.0,rec_2022-07-18
e80ee0a600184095af7f7b5fd905bb32,data/raw/AzSLD_Words_100/İSTƏYİRƏM/e80ee0a600184095af7f7b5fd905bb32.mp4,İSTƏYİRƏM,,unknown,24,30.0,rec_2022-07-23
eeb7ecbe2275479495e7d9092c570793,data/raw/AzSLD_Words_100/İSTƏYİRƏM/eeb7ecbe2275479495e7d9092c570793.mp4,İSTƏYİRƏM,,unknown,38,30.0,rec_2022-07-18
f28a9cec268b4afb89493a946f0bd6de,data/raw/AzSLD_Words_100/İSTƏYİRƏM/f28a9cec268b4afb89493a946f0bd6de.mp4,İSTƏYİRƏM,,unknown,31,30.0,rec_2022-07-18
0620cb65d8e740fc8ad2614d4a0588d8,data/raw/AzSLD_Words_100/İŞ/0620cb65d8e740fc8ad2614d4a0588d8.mp4,İŞ,,unknown,24,30.0,rec_2022-06-18
09c18dafb7414df8a06d731d3bdab6bc,data/raw/AzSLD_Words_100/İŞ/09c18dafb7414df8a06d731d3bdab6bc.mp4,İŞ,,unknown,27,30.0,rec_2022-07-16
0a6124c7bd264fe895ad352347a375bd,data/raw/AzSLD_Words_100/İŞ/0a6124c7bd264fe895ad352347a375bd.mp4,İŞ,,unknown,9,30.0,rec_2022-07-13
0a95ecfa1a8f4eeab2ea54ea02fe6ebc,data/raw/AzSLD_Words_100/İŞ/0a95ecfa1a8f4eeab2ea54ea02fe6ebc.mp4,İŞ,,unknown,23,30.0,rec_2022-11-18
18c1033f51cf41d2bb9fb4dd311022d7,data/raw/AzSLD_Words_100/İŞ/18c1033f51cf41d2bb9fb4dd311022d7.mp4,İŞ,,unknown,14,30.0,rec_2023-01-18
1a920552c9d44df9b1b6326ca9ec9e98,data/raw/AzSLD_Words_100/İŞ/1a920552c9d44df9b1b6326ca9ec9e98.mp4,İŞ,,unknown,11,30.0,rec_2022-07-20
1eb5379bc3c943538bc5965254870ef7,data/raw/AzSLD_Words_100/İŞ/1eb5379bc3c943538bc5965254870ef7.mp4,İŞ,,unknown,18,30.0,rec_2022-12-23
23a4a9b64be644eb9a102daed85f1616,data/raw/AzSLD_Words_100/İŞ/23a4a9b64be644eb9a102daed85f1616.mp4,İŞ,,unknown,17,30.0,rec_2022-12-20
24942f06f6874fdabd9bdf4cf8b2cb51,data/raw/AzSLD_Words_100/İŞ/24942f06f6874fdabd9bdf4cf8b2cb51.mp4,İŞ,,unknown,20,30.0,rec_2022-07-02
43dff714f2474cd3851870297b5081b8,data/raw/AzSLD_Words_100/İŞ/43dff714f2474cd3851870297b5081b8.mp4,İŞ,,unknown,24,30.0,rec_2022-06-02
46532c2d9a1249e6aa67b7ce0ee8b0d9,data/raw/AzSLD_Words_100/İŞ/46532c2d9a1249e6aa67b7ce0ee8b0d9.mp4,İŞ,,unknown,19,30.0,rec_2022-12-24
49893f79c9ae4a29b17aa4a40c00941f,data/raw/AzSLD_Words_100/İŞ/49893f79c9ae4a29b17aa4a40c00941f.mp4,İŞ,,unknown,15,30.0,rec_2022-07-21
4a1f4a3bfab74184a9e6512389d09138,data/raw/AzSLD_Words_100/İŞ/4a1f4a3bfab74184a9e6512389d09138.mp4,İŞ,,unknown,20,30.0,rec_2022-07-14
4cc7b82aeff24bbda2b0645286f8f9e8,data/raw/AzSLD_Words_100/İŞ/4cc7b82aeff24bbda2b0645286f8f9e8.mp4,İŞ,,unknown,13,30.0,rec_2022-11-19
4f31ef5b1532460a9e2bae9da14a7e62,data/raw/AzSLD_Words_100/İŞ/4f31ef5b1532460a9e2bae9da14a7e62.mp4,İŞ,,unknown,1,30.0,rec_2022-05-25
5c32db093b4b463f839d72bddd4f085b,data/raw/AzSLD_Words_100/İŞ/5c32db093b4b463f839d72bddd4f085b.mp4,İŞ,,unknown,17,30.0,rec_2022-12-22
5f1ab9ad9e2b412cb4e60adf9bce02e4,data/raw/AzSLD_Words_100/İŞ/5f1ab9ad9e2b412cb4e60adf9bce02e4.mp4,İŞ,,unknown,37,30.0,rec_2022-12-28
6356c792e6a343ceb40617f646c26389,data/raw/AzSLD_Words_100/İŞ/6356c792e6a343ceb40617f646c26389.mp4,İŞ,,unknown,20,30.0,rec_2022-11-17
6a38503dd382402d8faceed6d25af669,data/raw/AzSLD_Words_100/İŞ/6a38503dd382402d8faceed6d25af669.mp4,İŞ,,unknown,12,30.0,rec_2022-07-18
740335b35531475a978bbede901e32cf,data/raw/AzSLD_Words_100/İŞ/740335b35531475a978bbede901e32cf.mp4,İŞ,,unknown,21,30.0,rec_2022-12-15
7f1bd48d4aa240d3b9f512850301a9f7,data/raw/AzSLD_Words_100/İŞ/7f1bd48d4aa240d3b9f512850301a9f7.mp4,İŞ,,unknown,41,30.0,rec_2022-06-02
802ff9ae096a4720a4da9804d464766b,data/raw/AzSLD_Words_100/İŞ/802ff9ae096a4720a4da9804d464766b.mp4,İŞ,,unknown,19,30.0,rec_2022-07-22
8e867473380b4e0c8cd6d77d92cadc7b,data/raw/AzSLD_Words_100/İŞ/8e867473380b4e0c8cd6d77d92cadc7b.mp4,İŞ,,unknown,19,30.0,rec_2022-12-20
93291c592e8e4e9f9d6eec98ef1bd976,data/raw/AzSLD_Words_100/İŞ/93291c592e8e4e9f9d6eec98ef1bd976.mp4,İŞ,,unknown,9,30.0,rec_2022-07-14
9a0108d9876d498cb662a6593c73d138,data/raw/AzSLD_Words_100/İŞ/9a0108d9876d498cb662a6593c73d138.mp4,İŞ,,unknown,22,30.0,rec_2022-07-25
ad9785befd2540a4979a1581b5173eb9,data/raw/AzSLD_Words_100/İŞ/ad9785befd2540a4979a1581b5173eb9.mp4,İŞ,,unknown,21,30.0,rec_2022-12-17
b1621038f338433f8277ca65c1f9bcee,data/raw/AzSLD_Words_100/İŞ/b1621038f338433f8277ca65c1f9bcee.mp4,İŞ,,unknown,12,30.0,rec_2022-07-20
bd16f1cba07a45aaaaf4112355ff500e,data/raw/AzSLD_Words_100/İŞ/bd16f1cba07a45aaaaf4112355ff500e.mp4,İŞ,,unknown,16,30.0,rec_2022-06-10
cdd083bf906b4e989a19ccbf1b9dbb7a,data/raw/AzSLD_Words_100/İŞ/cdd083bf906b4e989a19ccbf1b9dbb7a.mp4,İŞ,,unknown,17,30.0,rec_2022-06-02
ceb714d880ad49dd86ef7fec01584ad6,data/raw/AzSLD_Words_100/İŞ/ceb714d880ad49dd86ef7fec01584ad6.mp4,İŞ,,unknown,16,30.0,rec_2022-12-23
d0b3d3538a08494bbeaccb8550602e60,data/raw/AzSLD_Words_100/İŞ/d0b3d3538a08494bbeaccb8550602e60.mp4,İŞ,,unknown,22,30.0,rec_2022-07-20
d96b13a30331412ca23ad448067c7453,data/raw/AzSLD_Words_100/İŞ/d96b13a30331412ca23ad448067c7453.mp4,İŞ,,unknown,18,30.0,rec_2022-07-25
db1c8a2e714d4ad1b6cfd3666e6fbe9c,data/raw/AzSLD_Words_100/İŞ/db1c8a2e714d4ad1b6cfd3666e6fbe9c.mp4,İŞ,,unknown,21,30.0,rec_2022-11-02
deeda6549e5e4290abba1469be0ece56,data/raw/AzSLD_Words_100/İŞ/deeda6549e5e4290abba1469be0ece56.mp4,İŞ,,unknown,19,30.0,rec_2022-06-02
e4e627740d9e4bd3aa5e8c7d5adcae7d,data/raw/AzSLD_Words_100/İŞ/e4e627740d9e4bd3aa5e8c7d5adcae7d.mp4,İŞ,,unknown,19,30.0,rec_2022-12-20
e51b6c2f3f59427da1f604f0ac483947,data/raw/AzSLD_Words_100/İŞ/e51b6c2f3f59427da1f604f0ac483947.mp4,İŞ,,unknown,15,30.0,rec_2022-12-22
e8782d17fddc4768b78d4a44da1feec6,data/raw/AzSLD_Words_100/İŞ/e8782d17fddc4768b78d4a44da1feec6.mp4,İŞ,,unknown,17,30.0,rec_2022-10-28
f4a962847a0842a88d82a5a6868b5907,data/raw/AzSLD_Words_100/İŞ/f4a962847a0842a88d82a5a6868b5907.mp4,İŞ,,unknown,30,30.0,rec_2022-06-02
f8fb288b4edf44948ef32ad84a63abe5,data/raw/AzSLD_Words_100/İŞ/f8fb288b4edf44948ef32ad84a63abe5.mp4,İŞ,,unknown,35,30.0,rec_2022-12-24
1a25e61ff226482a99b4ab9e4749a789,data/raw/AzSLD_Words_100/İŞARƏ/1a25e61ff226482a99b4ab9e4749a789.mp4,İŞARƏ,,unknown,34,30.0,rec_2022-12-24
25c790926bb542d78be2787d5371d086,data/raw/AzSLD_Words_100/İŞARƏ/25c790926bb542d78be2787d5371d086.mp4,İŞARƏ,,unknown,39,30.0,rec_2022-12-22
30f9b037c6914bf987cff57fec1074a9,data/raw/AzSLD_Words_100/İŞARƏ/30f9b037c6914bf987cff57fec1074a9.mp4,İŞARƏ,,unknown,39,30.0,rec_2022-11-18
3132456ec4c54237ac4aa6c131e1b925,data/raw/AzSLD_Words_100/İŞARƏ/3132456ec4c54237ac4aa6c131e1b925.mp4,İŞARƏ,,unknown,17,30.0,rec_2022-11-22
3452a44669a74adc82f1fe282890cc48,data/raw/AzSLD_Words_100/İŞARƏ/3452a44669a74adc82f1fe282890cc48.mp4,İŞARƏ,,unknown,35,30.0,rec_2022-12-15
3c33838f08a44eaeb1fbba0b396b9d18,data/raw/AzSLD_Words_100/İŞARƏ/3c33838f08a44eaeb1fbba0b396b9d18.mp4,İŞARƏ,,unknown,28,30.0,rec_2022-11-19
454049a9d9f34755b02b9c7281b9a588,data/raw/AzSLD_Words_100/İŞARƏ/454049a9d9f34755b02b9c7281b9a588.mp4,İŞARƏ,,unknown,33,30.0,rec_2022-12-20
6cb5078cb30b4f4da5dbe3493a30eb65,data/raw/AzSLD_Words_100/İŞARƏ/6cb5078cb30b4f4da5dbe3493a30eb65.mp4,İŞARƏ,,unknown,37,30.0,rec_2022-11-01
75edd5aaf2134406a725b998802d33ba,data/raw/AzSLD_Words_100/İŞARƏ/75edd5aaf2134406a725b998802d33ba.mp4,İŞARƏ,,unknown,31,30.0,rec_2022-12-23
7a70e257485d4f3e9df6f812a34d5222,data/raw/AzSLD_Words_100/İŞARƏ/7a70e257485d4f3e9df6f812a34d5222.mp4,İŞARƏ,,unknown,33,30.0,rec_2022-12-27
88139a4ee0a643848e2c7d971017d7c7,data/raw/AzSLD_Words_100/İŞARƏ/88139a4ee0a643848e2c7d971017d7c7.mp4,İŞARƏ,,unknown,25,30.0,rec_2022-12-20
9b33d5c9369a457ba1e0145fb7d801c8,data/raw/AzSLD_Words_100/İŞARƏ/9b33d5c9369a457ba1e0145fb7d801c8.mp4,İŞARƏ,,unknown,34,30.0,rec_2022-12-17
9bc606c32d984d31b5087417a64660ef,data/raw/AzSLD_Words_100/İŞARƏ/9bc606c32d984d31b5087417a64660ef.mp4,İŞARƏ,,unknown,32,30.0,rec_2022-12-22
a37ccfb2ab8d4f9bb9071dcf292634ea,data/raw/AzSLD_Words_100/İŞARƏ/a37ccfb2ab8d4f9bb9071dcf292634ea.mp4,İŞARƏ,,unknown,17,30.0,rec_2022-11-10
a5648feec4aa4c148e92fb0a71751626,data/raw/AzSLD_Words_100/İŞARƏ/a5648feec4aa4c148e92fb0a71751626.mp4,İŞARƏ,,unknown,30,30.0,rec_2022-12-27
b25b478051934aba8d5284438f578fca,data/raw/AzSLD_Words_100/İŞARƏ/b25b478051934aba8d5284438f578fca.mp4,İŞARƏ,,unknown,36,30.0,rec_2022-11-01
bab16c9e5cc04d559e3d03889cfb08db,data/raw/AzSLD_Words_100/İŞARƏ/bab16c9e5cc04d559e3d03889cfb08db.mp4,İŞARƏ,,unknown,33,30.0,rec_2022-11-17
e7d87c189b8c4431860d8a8bfecd4bee,data/raw/AzSLD_Words_100/İŞARƏ/e7d87c189b8c4431860d8a8bfecd4bee.mp4,İŞARƏ,,unknown,38,30.0,rec_2022-12-28
f2b3b8270bbb42cdadf12d9343d56e07,data/raw/AzSLD_Words_100/İŞARƏ/f2b3b8270bbb42cdadf12d9343d56e07.mp4,İŞARƏ,,unknown,29,30.0,rec_2023-01-18
fe3c6f90ed704bc1a801cccf9d0113ad,data/raw/AzSLD_Words_100/İŞARƏ/fe3c6f90ed704bc1a801cccf9d0113ad.mp4,İŞARƏ,,unknown,30,30.0,rec_2022-11-05
0a2e0eb0420e4766828e6876dba77774,data/raw/AzSLD_Words_100/İŞLƏMƏK/0a2e0eb0420e4766828e6876dba77774.mp4,İŞLƏMƏK,,unknown,26,30.0,rec_2022-08-02
1672ca9acda24e9ca4ae87d8e47351be,data/raw/AzSLD_Words_100/İŞLƏMƏK/1672ca9acda24e9ca4ae87d8e47351be.mp4,İŞLƏMƏK,,unknown,20,30.0,rec_2022-06-01
2de08eb04ca14111bf7142796fe9f833,data/raw/AzSLD_Words_100/İŞLƏMƏK/2de08eb04ca14111bf7142796fe9f833.mp4,İŞLƏMƏK,,unknown,27,30.0,rec_2022-12-17
364f47c156364192acbb1d473e29b863,data/raw/AzSLD_Words_100/İŞLƏMƏK/364f47c156364192acbb1d473e29b863.mp4,İŞLƏMƏK,,unknown,26,30.0,rec_2022-07-22
3dbbba38d8334b3ba6f47636055865d4,data/raw/AzSLD_Words_100/İŞLƏMƏK/3dbbba38d8334b3ba6f47636055865d4.mp4,İŞLƏMƏK,,unknown,18,30.0,rec_2022-12-22
5446d61b73454605a15fc6585fd10648,data/raw/AzSLD_Words_100/İŞLƏMƏK/5446d61b73454605a15fc6585fd10648.mp4,İŞLƏMƏK,,unknown,24,30.0,rec_2022-11-19
60bfbebd365543558f833ff9e4654cfb,data/raw/AzSLD_Words_100/İŞLƏMƏK/60bfbebd365543558f833ff9e4654cfb.mp4,İŞLƏMƏK,,unknown,21,30.0,rec_2022-12-23
66335421dcc6417d9699e5399f427d66,data/raw/AzSLD_Words_100/İŞLƏMƏK/66335421dcc6417d9699e5399f427d66.mp4,İŞLƏMƏK,,unknown,18,30.0,rec_2022-12-17
79f9c8b34d744595bc1a37c293d25c7f,data/raw/AzSLD_Words_100/İŞLƏMƏK/79f9c8b34d744595bc1a37c293d25c7f.mp4,İŞLƏMƏK,,unknown,18,30.0,rec_2022-12-28
823f463459fc4d93aa337da361bd204f,data/raw/AzSLD_Words_100/İŞLƏMƏK/823f463459fc4d93aa337da361bd204f.mp4,İŞLƏMƏK,,unknown,20,30.0,rec_2022-12-23
82f0c894d6fd4be7b3020923ce8207a2,data/raw/AzSLD_Words_100/İŞLƏMƏK/82f0c894d6fd4be7b3020923ce8207a2.mp4,İŞLƏMƏK,,unknown,18,30.0,rec_2022-06-11
91ff0ed8a4cb483dbbd0cd80b21fd6ee,data/raw/AzSLD_Words_100/İŞLƏMƏK/91ff0ed8a4cb483dbbd0cd80b21fd6ee.mp4,İŞLƏMƏK,,unknown,18,30.0,rec_2022-12-16
9b3a8c936f9848b08215e376dca1ecf3,data/raw/AzSLD_Words_100/İŞLƏMƏK/9b3a8c936f9848b08215e376dca1ecf3.mp4,İŞLƏMƏK,,unknown,21,30.0,rec_2022-12-20
9c8584b37c724139ab899094cf60ad79,data/raw/AzSLD_Words_100/İŞLƏMƏK/9c8584b37c724139ab899094cf60ad79.mp4,İŞLƏMƏK,,unknown,19,30.0,rec_2022-11-10
9daebba48f8c421eb5e5f84fe83c4416,data/raw/AzSLD_Words_100/İŞLƏMƏK/9daebba48f8c421eb5e5f84fe83c4416.mp4,İŞLƏMƏK,,unknown,17,30.0,rec_2022-12-20
9ec243805b4649359efec0c0a596084b,data/raw/AzSLD_Words_100/İŞLƏMƏK/9ec243805b4649359efec0c0a596084b.mp4,İŞLƏMƏK,,unknown,27,30.0,rec_2022-12-15
a07b048653794485b63f52d3e6f94799,data/raw/AzSLD_Words_100/İŞLƏMƏK/a07b048653794485b63f52d3e6f94799.mp4,İŞLƏMƏK,,unknown,19,30.0,rec_2022-12-22
a0d65a8abcf44987b16c63fd1f3ec5df,data/raw/AzSLD_Words_100/İŞLƏMƏK/a0d65a8abcf44987b16c63fd1f3ec5df.mp4,İŞLƏMƏK,,unknown,20,30.0,rec_2022-12-24
af3daa14a66d4bedb5788a9c664c30ec,data/raw/AzSLD_Words_100/İŞLƏMƏK/af3daa14a66d4bedb5788a9c664c30ec.mp4,İŞLƏMƏK,,unknown,18,30.0,rec_2022-12-27
b83d58535968434ab19d32b39c29bba2,data/raw/AzSLD_Words_100/İŞLƏMƏK/b83d58535968434ab19d32b39c29bba2.mp4,İŞLƏMƏK,,unknown,15,30.0,rec_2022-07-18
c08d2165595f42ba8f346a84dd5f28b0,data/raw/AzSLD_Words_100/İŞLƏMƏK/c08d2165595f42ba8f346a84dd5f28b0.mp4,İŞLƏMƏK,,unknown,15,30.0,rec_2022-07-20
c752fee26c15421eb65a458e0a1fac55,data/raw/AzSLD_Words_100/İŞLƏMƏK/c752fee26c15421eb65a458e0a1fac55.mp4,İŞLƏMƏK,,unknown,40,30.0,rec_2022-06-02
c825b2303c4049d18be856cf182c221f,data/raw/AzSLD_Words_100/İŞLƏMƏK/c825b2303c4049d18be856cf182c221f.mp4,İŞLƏMƏK,,unknown,18,30.0,rec_2022-11-04
d62eadd95cbb442c8bcb79ab7522d4cb,data/raw/AzSLD_Words_100/İŞLƏMƏK/d62eadd95cbb442c8bcb79ab7522d4cb.mp4,İŞLƏMƏK,,unknown,30,30.0,rec_2022-07-20
0c374e8f600e407d9810da9ccd01b707,data/raw/AzSLD_Words_100/LAZIM/0c374e8f600e407d9810da9ccd01b707.mp4,LAZIM,,unknown,5,30.0,rec_2022-07-18
10bc13f3ba7e4d41a36187a2b8126e5d,data/raw/AzSLD_Words_100/LAZIM/10bc13f3ba7e4d41a36187a2b8126e5d.mp4,LAZIM,,unknown,15,30.0,rec_2022-12-22
142a59da0ea242189f52babc63b62da7,data/raw/AzSLD_Words_100/LAZIM/142a59da0ea242189f52babc63b62da7.mp4,LAZIM,,unknown,20,30.0,rec_2022-08-02
2cd4e97486fd4bada43aee12929981e4,data/raw/AzSLD_Words_100/LAZIM/2cd4e97486fd4bada43aee12929981e4.mp4,LAZIM,,unknown,16,30.0,rec_2022-08-02
2e6ebffd7abd4aee8938dd4ee223a22b,data/raw/AzSLD_Words_100/LAZIM/2e6ebffd7abd4aee8938dd4ee223a22b.mp4,LAZIM,,unknown,16,30.0,rec_2022-07-21
386403dee6aa4c31addfd81664d339a1,data/raw/AzSLD_Words_100/LAZIM/386403dee6aa4c31addfd81664d339a1.mp4,LAZIM,,unknown,36,30.0,rec_2022-07-21
3ad696a3548c490f8ef187b4ae47f29a,data/raw/AzSLD_Words_100/LAZIM/3ad696a3548c490f8ef187b4ae47f29a.mp4,LAZIM,,unknown,40,30.0,rec_2022-07-21
429b6df89acd4f7c9409620519b717d8,data/raw/AzSLD_Words_100/LAZIM/429b6df89acd4f7c9409620519b717d8.mp4,LAZIM,,unknown,27,30.0,rec_2022-11-19
5fcabfdf5808448ab6c6a35f5e7648a8,data/raw/AzSLD_Words_100/LAZIM/5fcabfdf5808448ab6c6a35f5e7648a8.mp4,LAZIM,,unknown,23,30.0,rec_2022-07-19
6cfca7724d5d49718ffd409462b50a86,data/raw/AzSLD_Words_100/LAZIM/6cfca7724d5d49718ffd409462b50a86.mp4,LAZIM,,unknown,26,30.0,rec_2022-07-02
772728038789400e96d365b41dd87b51,data/raw/AzSLD_Words_100/LAZIM/772728038789400e96d365b41dd87b51.mp4,LAZIM,,unknown,29,30.0,rec_2022-08-02
77925a4464c14aa1bcdad92fae7e1df1,data/raw/AzSLD_Words_100/LAZIM/77925a4464c14aa1bcdad92fae7e1df1.mp4,LAZIM,,unknown,32,30.0,rec_2022-06-02
8604b48f71a64034ae2f6a2a08567916,data/raw/AzSLD_Words_100/LAZIM/8604b48f71a64034ae2f6a2a08567916.mp4,LAZIM,,unknown,14,30.0,rec_2022-08-02
8da302560f3749ae9a13a92e3ea5c770,data/raw/AzSLD_Words_100/LAZIM/8da302560f3749ae9a13a92e3ea5c770.mp4,LAZIM,,unknown,42,30.0,rec_2022-06-11
9abe92521f17485eac6df4f78127b6ef,data/raw/AzSLD_Words_100/LAZIM/9abe92521f17485eac6df4f78127b6ef.mp4,LAZIM,,unknown,19,30.0,rec_2023-01-18
a67d8efa808a445aa7ea33a17a7c2719,data/raw/AzSLD_Words_100/LAZIM/a67d8efa808a445aa7ea33a17a7c2719.mp4,LAZIM,,unknown,27,30.0,rec_2022-06-03
a81bb286c99846fabad9b1028bf9f2b6,data/raw/AzSLD_Words_100/LAZIM/a81bb286c99846fabad9b1028bf9f2b6.mp4,LAZIM,,unknown,29,30.0,rec_2022-07-23
b3405d1bd97a4302a33273919fff7e73,data/raw/AzSLD_Words_100/LAZIM/b3405d1bd97a4302a33273919fff7e73.mp4,LAZIM,,unknown,17,30.0,rec_2022-07-13
b54cd9da9c484104be06f4658323fa6a,data/raw/AzSLD_Words_100/LAZIM/b54cd9da9c484104be06f4658323fa6a.mp4,LAZIM,,unknown,38,30.0,rec_2022-07-23
c62753dcb1a740bdadab458fe333920b,data/raw/AzSLD_Words_100/LAZIM/c62753dcb1a740bdadab458fe333920b.mp4,LAZIM,,unknown,24,30.0,rec_2022-07-22
c6968c7f21824141a6aec48b24a31a37,data/raw/AzSLD_Words_100/LAZIM/c6968c7f21824141a6aec48b24a31a37.mp4,LAZIM,,unknown,32,30.0,rec_2022-06-10
cb9fb105332a4a0db22051b8de7bd129,data/raw/AzSLD_Words_100/LAZIM/cb9fb105332a4a0db22051b8de7bd129.mp4,LAZIM,,unknown,21,30.0,rec_2022-12-20
d4c0cfe75a08413abebddb1895beadf2,data/raw/AzSLD_Words_100/LAZIM/d4c0cfe75a08413abebddb1895beadf2.mp4,LAZIM,,unknown,23,30.0,rec_2022-07-18
e202c2c3496049e9832174f2b4372697,data/raw/AzSLD_Words_100/LAZIM/e202c2c3496049e9832174f2b4372697.mp4,LAZIM,,unknown,34,30.0,rec_2022-07-25
e68e3c9991ae43ccafdd4117d864229a,data/raw/AzSLD_Words_100/LAZIM/e68e3c9991ae43ccafdd4117d864229a.mp4,LAZIM,,unknown,25,30.0,rec_2022-05-31
e7fd222e2f804bc081ebe090cb2d40e6,data/raw/AzSLD_Words_100/LAZIM/e7fd222e2f804bc081ebe090cb2d40e6.mp4,LAZIM,,unknown,23,30.0,rec_2022-07-22
f1372bb0574f48aa815c2be059b05847,data/raw/AzSLD_Words_100/LAZIM/f1372bb0574f48aa815c2be059b05847.mp4,LAZIM,,unknown,19,30.0,rec_2022-12-27
f75b7c3973a64669b0e78120d576a49a,data/raw/AzSLD_Words_100/LAZIM/f75b7c3973a64669b0e78120d576a49a.mp4,LAZIM,,unknown,30,30.0,rec_2022-06-02
0371a674f98d4aa5b32e09bb84277a43,data/raw/AzSLD_Words_100/MÜRACİƏT/0371a674f98d4aa5b32e09bb84277a43.mp4,MÜRACİƏT,,unknown,25,30.0,rec_2022-11-01
171513c7b10047b4858f341bfcfb5bf6,data/raw/AzSLD_Words_100/MÜRACİƏT/171513c7b10047b4858f341bfcfb5bf6.mp4,MÜRACİƏT,,unknown,29,30.0,rec_2022-12-23
28226622fc234f48bbbb57157326ff0a,data/raw/AzSLD_Words_100/MÜRACİƏT/28226622fc234f48bbbb57157326ff0a.mp4,MÜRACİƏT,,unknown,42,30.0,rec_2022-07-25
29207be85a474c04b9d2d70ba4e5958a,data/raw/AzSLD_Words_100/MÜRACİƏT/29207be85a474c04b9d2d70ba4e5958a.mp4,MÜRACİƏT,,unknown,25,30.0,rec_2022-12-20
2a8fea8100f54840a8dee453389b3009,data/raw/AzSLD_Words_100/MÜRACİƏT/2a8fea8100f54840a8dee453389b3009.mp4,MÜRACİƏT,,unknown,22,30.0,rec_2022-11-10
2afe7bce8c24417d8ec9e71e13a9f997,data/raw/AzSLD_Words_100/MÜRACİƏT/2afe7bce8c24417d8ec9e71e13a9f997.mp4,MÜRACİƏT,,unknown,40,30.0,rec_2022-08-02
2aff040c99aa4daca4390c4d428b3c2f,data/raw/AzSLD_Words_100/MÜRACİƏT/2aff040c99aa4daca4390c4d428b3c2f.mp4,MÜRACİƏT,,unknown,29,30.0,rec_2022-07-25
2b1fb2599ad74d0c9c094a8df18164ee,data/raw/AzSLD_Words_100/MÜRACİƏT/2b1fb2599ad74d0c9c094a8df18164ee.mp4,MÜRACİƏT,,unknown,14,30.0,rec_2022-07-13
3122c4e2ed584a72b71c8d65a163fe78,data/raw/AzSLD_Words_100/MÜRACİƏT/3122c4e2ed584a72b71c8d65a163fe78.mp4,MÜRACİƏT,,unknown,25,30.0,rec_2022-12-23
36551d8fe14e4e07a795f3827d9e93a4,data/raw/AzSLD_Words_100/MÜRACİƏT/36551d8fe14e4e07a795f3827d9e93a4.mp4,MÜRACİƏT,,unknown,29,30.0,rec_2022-12-17
3786bdf2747a45a59af137c42c468c92,data/raw/AzSLD_Words_100/MÜRACİƏT/3786bdf2747a45a59af137c42c468c92.mp4,MÜRACİƏT,,unknown,33,30.0,rec_2022-11-01
3c33033195c84400a4d57d797fae9377,data/raw/AzSLD_Words_100/MÜRACİƏT/3c33033195c84400a4d57d797fae9377.mp4,MÜRACİƏT,,unknown,21,30.0,rec_2022-12-27
3ebdc1b0e3b24709a28e7ba775e09a9e,data/raw/AzSLD_Words_100/MÜRACİƏT/3ebdc1b0e3b24709a28e7ba775e09a9e.mp4,MÜRACİƏT,,unknown,16,30.0,rec_2022-07-20
45ca5ce9a76b4b559cbecdda9293227a,data/raw/AzSLD_Words_100/MÜRACİƏT/45ca5ce9a76b4b559cbecdda9293227a.mp4,MÜRACİƏT,,unknown,26,30.0,rec_2022-06-11
4e10c6d95a704c93b4b5ff3a298e6552,data/raw/AzSLD_Words_100/MÜRACİƏT/4e10c6d95a704c93b4b5ff3a298e6552.mp4,MÜRACİƏT,,unknown,28,30.0,rec_2022-11-19
64e25ced9993434a9cf550c8fda26fa3,data/raw/AzSLD_Words_100/MÜRACİƏT/64e25ced9993434a9cf550c8fda26fa3.mp4,MÜRACİƏT,,unknown,27,30.0,rec_2022-11-22
71dce8674e78459c93fb45cf479a4bb8,data/raw/AzSLD_Words_100/MÜRACİƏT/71dce8674e78459c93fb45cf479a4bb8.mp4,MÜRACİƏT,,unknown,25,30.0,rec_2022-12-20
723a3f4256c4418cb17394bcffbda7cc,data/raw/AzSLD_Words_100/MÜRACİƏT/723a3f4256c4418cb17394bcffbda7cc.mp4,MÜRACİƏT,,unknown,25,30.0,rec_2022-11-17
74207b2f59374fbaa83274d3a3007cad,data/raw/AzSLD_Words_100/MÜRACİƏT/74207b2f59374fbaa83274d3a3007cad.mp4,MÜRACİƏT,,unknown,28,30.0,rec_2022-12-15
802496a06fa14ed8b66dda3e84685957,data/raw/AzSLD_Words_100/MÜRACİƏT/802496a06fa14ed8b66dda3e84685957.mp4,MÜRACİƏT,,unknown,27,30.0,rec_2023-01-19
84fcdede343c488f8c82c9aa490dc352,data/raw/AzSLD_Words_100/MÜRACİƏT/84fcdede343c488f8c82c9aa490dc352.mp4,MÜRACİƏT,,unknown,28,30.0,rec_2022-12-23
86033f64d13a4d998df55df895c95c43,data/raw/AzSLD_Words_100/MÜRACİƏT/86033f64d13a4d998df55df895c95c43.mp4,MÜRACİƏT,,unknown,25,30.0,rec_2022-12-27
8ae92d4941da44f9949a938d17b80e4b,data/raw/AzSLD_Words_100/MÜRACİƏT/8ae92d4941da44f9949a938d17b80e4b.mp4,MÜRACİƏT,,unknown,16,30.0,rec_2022-11-05
95de49dceac0474882138a0edd1fcef0,data/raw/AzSLD_Words_100/MÜRACİƏT/95de49dceac0474882138a0edd1fcef0.mp4,MÜRACİƏT,,unknown,29,30.0,rec_2022-11-17
a8ab79d7afbe4ce9acfbdd201b0f379e,data/raw/AzSLD_Words_100/MÜRACİƏT/a8ab79d7afbe4ce9acfbdd201b0f379e.mp4,MÜRACİƏT,,unknown,26,30.0,rec_2022-12-24
b9103eda0397477889e4e2d1c2c91142,data/raw/AzSLD_Words_100/MÜRACİƏT/b9103eda0397477889e4e2d1c2c91142.mp4,MÜRACİƏT,,unknown,17,30.0,rec_2022-07-18
c71cdae08b854813afb79a9def162d44,data/raw/AzSLD_Words_100/MÜRACİƏT/c71cdae08b854813afb79a9def162d44.mp4,MÜRACİƏT,,unknown,24,30.0,rec_2022-12-27
d3e15d0ee9de4e248051fa124da9bda3,data/raw/AzSLD_Words_100/MÜRACİƏT/d3e15d0ee9de4e248051fa124da9bda3.mp4,MÜRACİƏT,,unknown,33,30.0,rec_2022-12-28
e3636a18431d43bb83ddad42b206116f,data/raw/AzSLD_Words_100/MÜRACİƏT/e3636a18431d43bb83ddad42b206116f.mp4,MÜRACİƏT,,unknown,27,30.0,rec_2023-01-18
e63c952ac7c14dbfa3066a3a72b71ba7,data/raw/AzSLD_Words_100/MÜRACİƏT/e63c952ac7c14dbfa3066a3a72b71ba7.mp4,MÜRACİƏT,,unknown,26,30.0,rec_2022-11-18
ee7d08371ee44756873a12b623cb8054,data/raw/AzSLD_Words_100/MÜRACİƏT/ee7d08371ee44756873a12b623cb8054.mp4,MÜRACİƏT,,unknown,30,30.0,rec_2022-12-22
f16cbd166b35471da6ae10250347c70d,data/raw/AzSLD_Words_100/MÜRACİƏT/f16cbd166b35471da6ae10250347c70d.mp4,MÜRACİƏT,,unknown,23,30.0,rec_2022-12-22
fe2357616520475da15dec49fb242c5c,data/raw/AzSLD_Words_100/MÜRACİƏT/fe2357616520475da15dec49fb242c5c.mp4,MÜRACİƏT,,unknown,29,30.0,rec_2022-12-20
07f6fa8e7b1645b1a06cc38dddd544d1,data/raw/AzSLD_Words_100/MƏKTƏB/07f6fa8e7b1645b1a06cc38dddd544d1.mp4,MƏKTƏB,,unknown,33,30.0,rec_2022-11-22
15058bded04845d6b6bc611eab50a8f3,data/raw/AzSLD_Words_100/MƏKTƏB/15058bded04845d6b6bc611eab50a8f3.mp4,MƏKTƏB,,unknown,20,30.0,rec_2022-12-20
1bba3729d39c475282a58daedca44cb0,data/raw/AzSLD_Words_100/MƏKTƏB/1bba3729d39c475282a58daedca44cb0.mp4,MƏKTƏB,,unknown,18,30.0,rec_2022-07-16
1dcc3b90cece4ec8999639dbf0fa4e7a,data/raw/AzSLD_Words_100/MƏKTƏB/1dcc3b90cece4ec8999639dbf0fa4e7a.mp4,MƏKTƏB,,unknown,28,30.0,rec_2022-12-15
208a890570954770bcee8738b0376b1e,data/raw/AzSLD_Words_100/MƏKTƏB/208a890570954770bcee8738b0376b1e.mp4,MƏKTƏB,,unknown,25,30.0,rec_2022-08-02
26fa379a54a14a7d9acac52277be112f,data/raw/AzSLD_Words_100/MƏKTƏB/26fa379a54a14a7d9acac52277be112f.mp4,MƏKTƏB,,unknown,23,30.0,rec_2022-12-16
28fe80a6d7b64f358dd7fc003ce94282,data/raw/AzSLD_Words_100/MƏKTƏB/28fe80a6d7b64f358dd7fc003ce94282.mp4,MƏKTƏB,,unknown,19,30.0,rec_2022-12-23
35a12329beae4e44a530009f2fe97c22,data/raw/AzSLD_Words_100/MƏKTƏB/35a12329beae4e44a530009f2fe97c22.mp4,MƏKTƏB,,unknown,31,30.0,rec_2022-11-04
397fb022f1db4bf9b10fb27393625198,data/raw/AzSLD_Words_100/MƏKTƏB/397fb022f1db4bf9b10fb27393625198.mp4,MƏKTƏB,,unknown,29,30.0,rec_2022-11-19
518672dddb004f879f2ab2669906c9b1,data/raw/AzSLD_Words_100/MƏKTƏB/518672dddb004f879f2ab2669906c9b1.mp4,MƏKTƏB,,unknown,33,30.0,rec_2022-10-28
7928b28c1dc9462193ac2d34ca1a9a9e,data/raw/AzSLD_Words_100/MƏKTƏB/7928b28c1dc9462193ac2d34ca1a9a9e.mp4,MƏKTƏB,,unknown,11,30.0,rec_2022-07-13
845ddea33af8410488b9651ebd1ff3f6,data/raw/AzSLD_Words_100/MƏKTƏB/845ddea33af8410488b9651ebd1ff3f6.mp4,MƏKTƏB,,unknown,17,30.0,rec_2022-12-27
8b3240e4eb3040618854fe72bb276d90,data/raw/AzSLD_Words_100/MƏKTƏB/8b3240e4eb3040618854fe72bb276d90.mp4,MƏKTƏB,,unknown,35,30.0,rec_2022-10-28
a8167397eb5446e7ba7181a2660661c0,data/raw/AzSLD_Words_100/MƏKTƏB/a8167397eb5446e7ba7181a2660661c0.mp4,MƏKTƏB,,unknown,15,30.0,rec_2022-11-10
aa3870e2eee1441d8fe4390239d784a1,data/raw/AzSLD_Words_100/MƏKTƏB/aa3870e2eee1441d8fe4390239d784a1.mp4,MƏKTƏB,,unknown,19,30.0,rec_2022-12-22
adc6d96237c5400f900633a1ec598afe,data/raw/AzSLD_Words_100/MƏKTƏB/adc6d96237c5400f900633a1ec598afe.mp4,MƏKTƏB,,unknown,16,30.0,rec_2022-12-20
ae54ebf30c1b4d8e96748940da986145,data/raw/AzSLD_Words_100/MƏKTƏB/ae54ebf30c1b4d8e96748940da986145.mp4,MƏKTƏB,,unknown,26,30.0,rec_2022-07-18
b2f5c349243b43b7af8108408540560a,data/raw/AzSLD_Words_100/MƏKTƏB/b2f5c349243b43b7af8108408540560a.mp4,MƏKTƏB,,unknown,16,30.0,rec_2022-12-23
b441321b37004fd1a4e3ae8086bf0044,data/raw/AzSLD_Words_100/MƏKTƏB/b441321b37004fd1a4e3ae8086bf0044.mp4,MƏKTƏB,,unknown,18,30.0,rec_2022-12-28
b9c5f1f130ad4c159058bc6052d7f3c7,data/raw/AzSLD_Words_100/MƏKTƏB/b9c5f1f130ad4c159058bc6052d7f3c7.mp4,MƏKTƏB,,unknown,21,30.0,rec_2022-12-22
bf879d3c9a7545eaa580498d0046998f,data/raw/AzSLD_Words_100/MƏKTƏB/bf879d3c9a7545eaa580498d0046998f.mp4,MƏKTƏB,,unknown,17,30.0,rec_2022-12-24
c2ddea3423674c2dae2579033507f402,data/raw/AzSLD_Words_100/MƏKTƏB/c2ddea3423674c2dae2579033507f402.mp4,MƏKTƏB,,unknown,18,30.0,rec_2022-05-31
ed35b8c26f084ef1a7755876ab3fbf6f,data/raw/AzSLD_Words_100/MƏKTƏB/ed35b8c26f084ef1a7755876ab3fbf6f.mp4,MƏKTƏB,,unknown,18,30.0,rec_2022-12-17
eeb4cdad4a764530aa749bd1577ac5ff,data/raw/AzSLD_Words_100/MƏKTƏB/eeb4cdad4a764530aa749bd1577ac5ff.mp4,MƏKTƏB,,unknown,26,30.0,rec_2022-11-18
f125506b00994b8fb60b9fee580b6c93,data/raw/AzSLD_Words_100/MƏKTƏB/f125506b00994b8fb60b9fee580b6c93.mp4,MƏKTƏB,,unknown,39,30.0,rec_2022-11-17
000b9de8a0c14bba8c8cf3280173c937,data/raw/AzSLD_Words_100/MƏN/000b9de8a0c14bba8c8cf3280173c937.mp4,MƏN,,unknown,13,30.0,rec_2022-07-21
003f8d79f7fb4ba0a74e13b54fb37852,data/raw/AzSLD_Words_100/MƏN/003f8d79f7fb4ba0a74e13b54fb37852.mp4,MƏN,,unknown,12,30.0,rec_2022-12-22
006aca2f4f4e4041a2ba2ec8ee51a1cf,data/raw/AzSLD_Words_100/MƏN/006aca2f4f4e4041a2ba2ec8ee51a1cf.mp4,MƏN,,unknown,14,30.0,rec_2022-07-22
0081bb5e44f44235b501a0623b18d486,data/raw/AzSLD_Words_100/MƏN/0081bb5e44f44235b501a0623b18d486.mp4,MƏN,,unknown,15,30.0,rec_2022-12-23
0088e3d068824ad2bff06c1dede34db7,data/raw/AzSLD_Words_100/MƏN/0088e3d068824ad2bff06c1dede34db7.mp4,MƏN,,unknown,17,30.0,rec_2022-07-18
009692bd6bfa4b55bd2e2a840bd0a24a,data/raw/AzSLD_Words_100/MƏN/009692bd6bfa4b55bd2e2a840bd0a24a.mp4,MƏN,,unknown,14,30.0,rec_2022-11-10
00b02084ba83469b84d588050c4e508e,data/raw/AzSLD_Words_100/MƏN/00b02084ba83469b84d588050c4e508e.mp4,MƏN,,unknown,23,30.0,rec_2022-10-28
00b22f6c066f4a7d8b0e44911bffae9a,data/raw/AzSLD_Words_100/MƏN/00b22f6c066f4a7d8b0e44911bffae9a.mp4,MƏN,,unknown,13,30.0,rec_2023-01-17
00b54fb2ea6a43ebb4ddaef51214b9c9,data/raw/AzSLD_Words_100/MƏN/00b54fb2ea6a43ebb4ddaef51214b9c9.mp4,MƏN,,unknown,15,30.0,rec_2022-07-13
00e0b170b35c40bbba57927382642b3a,data/raw/AzSLD_Words_100/MƏN/00e0b170b35c40bbba57927382642b3a.mp4,MƏN,,unknown,19,30.0,rec_2022-11-18
00f1e12781154e27a98f59c20ae11bad,data/raw/AzSLD_Words_100/MƏN/00f1e12781154e27a98f59c20ae11bad.mp4,MƏN,,unknown,16,30.0,rec_2022-07-23
01144a547cd84d83ad58fd04fb7bbb96,data/raw/AzSLD_Words_100/MƏN/01144a547cd84d83ad58fd04fb7bbb96.mp4,MƏN,,unknown,11,30.0,rec_2022-12-17
01191d49798d4bd2b11fa0b67faad8cf,data/raw/AzSLD_Words_100/MƏN/01191d49798d4bd2b11fa0b67faad8cf.mp4,MƏN,,unknown,18,30.0,rec_2022-07-25
0156df76eccc4f4f968b5284f4d0a14e,data/raw/AzSLD_Words_100/MƏN/0156df76eccc4f4f968b5284f4d0a14e.mp4,MƏN,,unknown,11,30.0,rec_2022-07-01
016a3f2d13014c5b8d863a6c4750ec81,data/raw/AzSLD_Words_100/MƏN/016a3f2d13014c5b8d863a6c4750ec81.mp4,MƏN,,unknown,12,30.0,rec_2022-07-23
01b55c66748243f7bc4e98aa60d781e9,data/raw/AzSLD_Words_100/MƏN/01b55c66748243f7bc4e98aa60d781e9.mp4,MƏN,,unknown,18,30.0,rec_2022-12-20
01f59caedf234c32b0cfeb148cbbab7f,data/raw/AzSLD_Words_100/MƏN/01f59caedf234c32b0cfeb148cbbab7f.mp4,MƏN,,unknown,22,30.0,rec_2022-07-21
01fa378ac9d94990bd47a100112d91e6,data/raw/AzSLD_Words_100/MƏN/01fa378ac9d94990bd47a100112d91e6.mp4,MƏN,,unknown,19,30.0,rec_2022-07-23
0235ad5e0e964a91a7b87f42e1417de6,data/raw/AzSLD_Words_100/MƏN/0235ad5e0e964a91a7b87f42e1417de6.mp4,MƏN,,unknown,18,30.0,rec_2022-12-20
02801b1a8f554b17bbbff6b56faf9fb3,data/raw/AzSLD_Words_100/MƏN/02801b1a8f554b17bbbff6b56faf9fb3.mp4,MƏN,,unknown,12,30.0,rec_2022-07-22
02922b3c6ac04b4581844604a77929b1,data/raw/AzSLD_Words_100/MƏN/02922b3c6ac04b4581844604a77929b1.mp4,MƏN,,unknown,15,30.0,rec_2022-12-28
02948f4efb454139984365655a4bb0d9,data/raw/AzSLD_Words_100/MƏN/02948f4efb454139984365655a4bb0d9.mp4,MƏN,,unknown,17,30.0,rec_2022-07-13
0295fe2e69be41698acb3d6d65c9225a,data/raw/AzSLD_Words_100/MƏN/0295fe2e69be41698acb3d6d65c9225a.mp4,MƏN,,unknown,18,30.0,
029a8b274ceb4e459667e45df6544001,data/raw/AzSLD_Words_100/MƏN/029a8b274ceb4e459667e45df6544001.mp4,MƏN,,unknown,20,30.0,rec_2022-06-11
02bfef8c059441e2afa96fef95e28e3b,data/raw/AzSLD_Words_100/MƏN/02bfef8c059441e2afa96fef95e28e3b.mp4,MƏN,,unknown,17,30.0,rec_2022-08-01
02f6756392794fd5b225add2e49f6a31,data/raw/AzSLD_Words_100/MƏN/02f6756392794fd5b225add2e49f6a31.mp4,MƏN,,unknown,16,30.0,rec_2022-07-13
02f8d472d6f34a2ea099c62ad52989b0,data/raw/AzSLD_Words_100/MƏN/02f8d472d6f34a2ea099c62ad52989b0.mp4,MƏN,,unknown,10,30.0,rec_2022-12-22
02f957e833f043599a80437449593467,data/raw/AzSLD_Words_100/MƏN/02f957e833f043599a80437449593467.mp4,MƏN,,unknown,11,30.0,rec_2022-07-22
02fbf2fcf10d4fb0840d0f9066a8d33d,data/raw/AzSLD_Words_100/MƏN/02fbf2fcf10d4fb0840d0f9066a8d33d.mp4,MƏN,,unknown,16,30.0,rec_2022-07-02
02feba78d98d4f1bb8c47b19108ca442,data/raw/AzSLD_Words_100/MƏN/02feba78d98d4f1bb8c47b19108ca442.mp4,MƏN,,unknown,8,30.0,rec_2022-12-16
03362cf2e8734170b79979da02e3b83a,data/raw/AzSLD_Words_100/MƏN/03362cf2e8734170b79979da02e3b83a.mp4,MƏN,,unknown,18,30.0,rec_2022-11-17
0342ce96866348f6948d46679994e5e5,data/raw/AzSLD_Words_100/MƏN/0342ce96866348f6948d46679994e5e5.mp4,MƏN,,unknown,15,30.0,rec_2022-12-22
0352af4b6b344ff490af25cb198ddc0b,data/raw/AzSLD_Words_100/MƏN/0352af4b6b344ff490af25cb198ddc0b.mp4,MƏN,,unknown,25,30.0,rec_2022-08-02
036e537415324126bffc28b9b8be6cc1,data/raw/AzSLD_Words_100/MƏN/036e537415324126bffc28b9b8be6cc1.mp4,MƏN,,unknown,16,30.0,rec_2022-07-23
03826fe31fc54d34a553a91962f47426,data/raw/AzSLD_Words_100/MƏN/03826fe31fc54d34a553a91962f47426.mp4,MƏN,,unknown,24,30.0,rec_2022-06-01
039ac9eea3df41d3a7b96745b34d6964,data/raw/AzSLD_Words_100/MƏN/039ac9eea3df41d3a7b96745b34d6964.mp4,MƏN,,unknown,13,30.0,rec_2022-07-13
03afebdc2df94bf4be0bbca4c246c499,data/raw/AzSLD_Words_100/MƏN/03afebdc2df94bf4be0bbca4c246c499.mp4,MƏN,,unknown,20,30.0,rec_2022-07-29
03c4b4ef7051419188a4a621600ac484,data/raw/AzSLD_Words_100/MƏN/03c4b4ef7051419188a4a621600ac484.mp4,MƏN,,unknown,29,30.0,rec_2022-06-10
03c5947e806941a7b19e18ee279bce31,data/raw/AzSLD_Words_100/MƏN/03c5947e806941a7b19e18ee279bce31.mp4,MƏN,,unknown,14,30.0,rec_2022-12-17
03ce639eeb2846349583ec9a86e02abd,data/raw/AzSLD_Words_100/MƏN/03ce639eeb2846349583ec9a86e02abd.mp4,MƏN,,unknown,16,30.0,rec_2022-12-24
03fa72dabb8348ef91a0b8b97784d65b,data/raw/AzSLD_Words_100/MƏN/03fa72dabb8348ef91a0b8b97784d65b.mp4,MƏN,,unknown,13,30.0,rec_2022-07-14
03fa85fe71244a718021e14a368b04b1,data/raw/AzSLD_Words_100/MƏN/03fa85fe71244a718021e14a368b04b1.mp4,MƏN,,unknown,17,30.0,rec_2022-12-20
03fe6379a7e447e892dc3b18e4d56591,data/raw/AzSLD_Words_100/MƏN/03fe6379a7e447e892dc3b18e4d56591.mp4,MƏN,,unknown,25,30.0,rec_2022-12-17
0407b338510b441291bbe5be5d018fbc,data/raw/AzSLD_Words_100/MƏN/0407b338510b441291bbe5be5d018fbc.mp4,MƏN,,unknown,10,30.0,rec_2022-07-18
042731809a5441a4a6394cce53ff3e2d,data/raw/AzSLD_Words_100/MƏN/042731809a5441a4a6394cce53ff3e2d.mp4,MƏN,,unknown,14,30.0,rec_2022-12-23
045523129b1a4d84ac0e6d989e4628fc,data/raw/AzSLD_Words_100/MƏN/045523129b1a4d84ac0e6d989e4628fc.mp4,MƏN,,unknown,16,30.0,rec_2022-12-27
045b9fc351d8481282d38695e96185f3,data/raw/AzSLD_Words_100/MƏN/045b9fc351d8481282d38695e96185f3.mp4,MƏN,,unknown,17,30.0,rec_2022-07-13
049899e9c1954939a7494743a5f627a1,data/raw/AzSLD_Words_100/MƏN/049899e9c1954939a7494743a5f627a1.mp4,MƏN,,unknown,23,30.0,rec_2022-07-15
04b1fdc562c74eb5888d64b5e71db7f5,data/raw/AzSLD_Words_100/MƏN/04b1fdc562c74eb5888d64b5e71db7f5.mp4,MƏN,,unknown,8,30.0,rec_2022-07-21
04dfda7f85534de2826a7ffecdba0f0c,data/raw/AzSLD_Words_100/MƏN/04dfda7f85534de2826a7ffecdba0f0c.mp4,MƏN,,unknown,25,30.0,rec_2022-11-17
051b311795ee4240afc8ecbf790cac30,data/raw/AzSLD_Words_100/MƏN/051b311795ee4240afc8ecbf790cac30.mp4,MƏN,,unknown,16,30.0,rec_2022-07-23
0596a0b67d044174939bf902c7f9fa06,data/raw/AzSLD_Words_100/MƏN/0596a0b67d044174939bf902c7f9fa06.mp4,MƏN,,unknown,16,30.0,rec_2022-11-17
05c50f7ca0e14437829ad0d7df3cf7e7,data/raw/AzSLD_Words_100/MƏN/05c50f7ca0e14437829ad0d7df3cf7e7.mp4,MƏN,,unknown,26,30.0,rec_2022-10-28
05e4a14ee7c34f3793178437460cd542,data/raw/AzSLD_Words_100/MƏN/05e4a14ee7c34f3793178437460cd542.mp4,MƏN,,unknown,28,30.0,rec_2022-07-23
0607cb2a3ab04374b6d3d3e7a9f3c2b0,data/raw/AzSLD_Words_100/MƏN/0607cb2a3ab04374b6d3d3e7a9f3c2b0.mp4,MƏN,,unknown,21,30.0,rec_2022-08-02
0645a6d1db71446bb5f6e033d20784e1,data/raw/AzSLD_Words_100/MƏN/0645a6d1db71446bb5f6e033d20784e1.mp4,MƏN,,unknown,21,30.0,rec_2022-07-25
065d70e7e46a4a23b5303160ffc2bf47,data/raw/AzSLD_Words_100/MƏN/065d70e7e46a4a23b5303160ffc2bf47.mp4,MƏN,,unknown,20,30.0,rec_2022-11-17
065df3c0a5e94b9887951ac562cbf21b,data/raw/AzSLD_Words_100/MƏN/065df3c0a5e94b9887951ac562cbf21b.mp4,MƏN,,unknown,13,30.0,rec_2022-06-02
06be4eaffa0f47c5bcdc0eb2e70397dd,data/raw/AzSLD_Words_100/MƏN/06be4eaffa0f47c5bcdc0eb2e70397dd.mp4,MƏN,,unknown,13,30.0,rec_2022-11-22
06f1926fa00b48469d6018be9affb446,data/raw/AzSLD_Words_100/MƏN/06f1926fa00b48469d6018be9affb446.mp4,MƏN,,unknown,18,30.0,rec_2022-07-21
070e625e63f44c37b6df732dddfd9b2c,data/raw/AzSLD_Words_100/MƏN/070e625e63f44c37b6df732dddfd9b2c.mp4,MƏN,,unknown,10,30.0,rec_2022-12-23
07400a5df4014fd48813d7b9dfdb20a7,data/raw/AzSLD_Words_100/MƏN/07400a5df4014fd48813d7b9dfdb20a7.mp4,MƏN,,unknown,23,30.0,rec_2022-07-29
07727bfdc4b6498f9759952d988f2162,data/raw/AzSLD_Words_100/MƏN/07727bfdc4b6498f9759952d988f2162.mp4,MƏN,,unknown,15,30.0,rec_2022-07-20
07a46645f3154756ae8db7b0a3ceffab,data/raw/AzSLD_Words_100/MƏN/07a46645f3154756ae8db7b0a3ceffab.mp4,MƏN,,unknown,14,30.0,rec_2022-07-13
07a9f804aa664fabab66725f9817ce2a,data/raw/AzSLD_Words_100/MƏN/07a9f804aa664fabab66725f9817ce2a.mp4,MƏN,,unknown,13,30.0,rec_2022-06-13
07afa3b4ebfa49af862379a24f71e0eb,data/raw/AzSLD_Words_100/MƏN/07afa3b4ebfa49af862379a24f71e0eb.mp4,MƏN,,unknown,13,30.0,rec_2022-10-28
07b1f3a482ce476181a4120c0ff16619,data/raw/AzSLD_Words_100/MƏN/07b1f3a482ce476181a4120c0ff16619.mp4,MƏN,,unknown,8,30.0,rec_2022-06-18
07caf3b7cf3040aa8cd9f71be8953703,data/raw/AzSLD_Words_100/MƏN/07caf3b7cf3040aa8cd9f71be8953703.mp4,MƏN,,unknown,12,30.0,rec_2022-07-14
08037da2d4514a989c19edf6e085f642,data/raw/AzSLD_Words_100/MƏN/08037da2d4514a989c19edf6e085f642.mp4,MƏN,,unknown,31,30.0,rec_2022-08-02
08084e9cb0d740b5bb5c65aa76235f66,data/raw/AzSLD_Words_100/MƏN/08084e9cb0d740b5bb5c65aa76235f66.mp4,MƏN,,unknown,21,30.0,rec_2022-06-11
081d7557348c4c9f93598963809a596b,data/raw/AzSLD_Words_100/MƏN/081d7557348c4c9f93598963809a596b.mp4,MƏN,,unknown,19,30.0,rec_2022-12-23
0837afc374ce4fa888f2e191ccd94529,data/raw/AzSLD_Words_100/MƏN/0837afc374ce4fa888f2e191ccd94529.mp4,MƏN,,unknown,15,30.0,rec_2022-06-18
0864d80c1344462fa3ef86ff4a7d0ef0,data/raw/AzSLD_Words_100/MƏN/0864d80c1344462fa3ef86ff4a7d0ef0.mp4,MƏN,,unknown,18,30.0,rec_2022-11-02
088dc9839f6145df8964a6eb99fdfb57,data/raw/AzSLD_Words_100/MƏN/088dc9839f6145df8964a6eb99fdfb57.mp4,MƏN,,unknown,16,30.0,rec_2022-07-23
08e5b35619ed4a83a0d093e2940de601,data/raw/AzSLD_Words_100/MƏN/08e5b35619ed4a83a0d093e2940de601.mp4,MƏN,,unknown,17,30.0,rec_2022-12-15
091a23950a0a437a93f140aa634da822,data/raw/AzSLD_Words_100/MƏN/091a23950a0a437a93f140aa634da822.mp4,MƏN,,unknown,20,30.0,rec_2022-12-22
09370e796a65467e8afc091b4d6db14c,data/raw/AzSLD_Words_100/MƏN/09370e796a65467e8afc091b4d6db14c.mp4,MƏN,,unknown,18,30.0,rec_2022-05-21
0990f6d52fc24b6abe9139d5afa21c44,data/raw/AzSLD_Words_100/MƏN/0990f6d52fc24b6abe9139d5afa21c44.mp4,MƏN,,unknown,20,30.0,rec_2022-12-22
0993ea12ab964c348771b666b193e80a,data/raw/AzSLD_Words_100/MƏN/0993ea12ab964c348771b666b193e80a.mp4,MƏN,,unknown,29,30.0,rec_2022-12-15
099e1b46f78e4308b6f6f4fab55c5432,data/raw/AzSLD_Words_100/MƏN/099e1b46f78e4308b6f6f4fab55c5432.mp4,MƏN,,unknown,10,30.0,rec_2022-06-01
09b4a5f0d5b747e8b17874f801a07c81,data/raw/AzSLD_Words_100/MƏN/09b4a5f0d5b747e8b17874f801a07c81.mp4,MƏN,,unknown,20,30.0,rec_2022-11-19
09ce466396774b508bb0b8e40fc3b4bb,data/raw/AzSLD_Words_100/MƏN/09ce466396774b508bb0b8e40fc3b4bb.mp4,MƏN,,unknown,13,30.0,rec_2022-11-17
09f3c4ed912346b9923d95a604c59fcb,data/raw/AzSLD_Words_100/MƏN/09f3c4ed912346b9923d95a604c59fcb.mp4,MƏN,,unknown,18,30.0,rec_2022-12-28
0a5420a3dd074a4b8c00ac594e1e12c9,data/raw/AzSLD_Words_100/MƏN/0a5420a3dd074a4b8c00ac594e1e12c9.mp4,MƏN,,unknown,11,30.0,rec_2022-08-01
0a789973af954e9e82dbddcbb812e070,data/raw/AzSLD_Words_100/MƏN/0a789973af954e9e82dbddcbb812e070.mp4,MƏN,,unknown,19,30.0,
0a809e83c3fe41b9a098d461d891a561,data/raw/AzSLD_Words_100/MƏN/0a809e83c3fe41b9a098d461d891a561.mp4,MƏN,,unknown,19,30.0,rec_2022-12-22
0ac721370c8649e7a01262b6bba27b1e,data/raw/AzSLD_Words_100/MƏN/0ac721370c8649e7a01262b6bba27b1e.mp4,MƏN,,unknown,14,30.0,rec_2022-07-02
0ad388b003d04155a07d66921b1c5cf2,data/raw/AzSLD_Words_100/MƏN/0ad388b003d04155a07d66921b1c5cf2.mp4,MƏN,,unknown,15,30.0,rec_2022-12-17
0af824039d544105943abc59f497564a,data/raw/AzSLD_Words_100/MƏN/0af824039d544105943abc59f497564a.mp4,MƏN,,unknown,1,30.0,rec_2022-10-28
0af95bce58b44a8eb4073db0d10e7470,data/raw/AzSLD_Words_100/MƏN/0af95bce58b44a8eb4073db0d10e7470.mp4,MƏN,,unknown,12,30.0,rec_2022-12-23
0b363111a01d4aad9a3cfba213c43cc9,data/raw/AzSLD_Words_100/MƏN/0b363111a01d4aad9a3cfba213c43cc9.mp4,MƏN,,unknown,12,30.0,rec_2022-07-25
0b58da771e804050ac0d1421f6c2bbe1,data/raw/AzSLD_Words_100/MƏN/0b58da771e804050ac0d1421f6c2bbe1.mp4,MƏN,,unknown,14,30.0,rec_2022-07-16
0b63fecbaac547d8ad395699141a34d7,data/raw/AzSLD_Words_100/MƏN/0b63fecbaac547d8ad395699141a34d7.mp4,MƏN,,unknown,22,30.0,rec_2022-06-10
0b8c470beb38445eb7832646cd50d013,data/raw/AzSLD_Words_100/MƏN/0b8c470beb38445eb7832646cd50d013.mp4,MƏN,,unknown,24,30.0,rec_2022-08-02
0bbc3056970b40bfb30ab08af9634b70,data/raw/AzSLD_Words_100/MƏN/0bbc3056970b40bfb30ab08af9634b70.mp4,MƏN,,unknown,17,30.0,rec_2022-07-21
0bd4f7d3dd41428685d635c1f107bf58,data/raw/AzSLD_Words_100/MƏN/0bd4f7d3dd41428685d635c1f107bf58.mp4,MƏN,,unknown,12,30.0,rec_2022-11-04
0be441d2061b44c7aa69227a11f165a0,data/raw/AzSLD_Words_100/MƏN/0be441d2061b44c7aa69227a11f165a0.mp4,MƏN,,unknown,15,30.0,rec_2022-07-21
0bf08cac260943e698e89b07de22449a,data/raw/AzSLD_Words_100/MƏN/0bf08cac260943e698e89b07de22449a.mp4,MƏN,,unknown,17,30.0,rec_2022-12-23
0c0d93993c1e42e18411ca531df996dd,data/raw/AzSLD_Words_100/MƏN/0c0d93993c1e42e18411ca531df996dd.mp4,MƏN,,unknown,13,30.0,rec_2022-12-23
0c0de33ccd3b4a729d73ff9caf373891,data/raw/AzSLD_Words_100/MƏN/0c0de33ccd3b4a729d73ff9caf373891.mp4,MƏN,,unknown,23,30.0,rec_2022-12-28
0c225e08165b40659d00022ae18ef85d,data/raw/AzSLD_Words_100/MƏN/0c225e08165b40659d00022ae18ef85d.mp4,MƏN,,unknown,15,30.0,rec_2022-07-19
0c3a416700a648759731ebbbde76a099,data/raw/AzSLD_Words_100/MƏN/0c3a416700a648759731ebbbde76a099.mp4,MƏN,,unknown,21,30.0,rec_2022-12-22
0c605f27abea45e7a9419c004304637a,data/raw/AzSLD_Words_100/MƏN/0c605f27abea45e7a9419c004304637a.mp4,MƏN,,unknown,13,30.0,rec_2022-11-10
0c7264aea96c4ba1b2c03d64dabdcd80,data/raw/AzSLD_Words_100/MƏN/0c7264aea96c4ba1b2c03d64dabdcd80.mp4,MƏN,,unknown,19,30.0,rec_2022-07-15
0c8538bdb00348afa3078c0798a8d250,data/raw/AzSLD_Words_100/MƏN/0c8538bdb00348afa3078c0798a8d250.mp4,MƏN,,unknown,15,30.0,
0c8d2aed6010401285fbab98f0886ecc,data/raw/AzSLD_Words_100/MƏN/0c8d2aed6010401285fbab98f0886ecc.mp4,MƏN,,unknown,14,30.0,rec_2022-12-15
0ca2db8e323d4808b5c99eadc2ee8588,data/raw/AzSLD_Words_100/MƏN/0ca2db8e323d4808b5c99eadc2ee8588.mp4,MƏN,,unknown,17,30.0,rec_2022-07-18
0cc511a7b93a46659d2bcbbe610514a2,data/raw/AzSLD_Words_100/MƏN/0cc511a7b93a46659d2bcbbe610514a2.mp4,MƏN,,unknown,16,30.0,rec_2022-07-23
0d038b03c20a4d83bd4ec669f80ae09d,data/raw/AzSLD_Words_100/MƏN/0d038b03c20a4d83bd4ec669f80ae09d.mp4,MƏN,,unknown,9,30.0,rec_2022-12-20
0d151612cc474366acf021aece1c71af,data/raw/AzSLD_Words_100/MƏN/0d151612cc474366acf021aece1c71af.mp4,MƏN,,unknown,20,30.0,rec_2023-01-18
0d245d5c24a543da92b967111c5c31f6,data/raw/AzSLD_Words_100/MƏN/0d245d5c24a543da92b967111c5c31f6.mp4,MƏN,,unknown,21,30.0,rec_2022-07-18
0d5317ffbcdf4e4c8c5c3852ceffd7ac,data/raw/AzSLD_Words_100/MƏN/0d5317ffbcdf4e4c8c5c3852ceffd7ac.mp4,MƏN,,unknown,18,30.0,rec_2022-12-20
0d7a3ae0f3414e4f993f26d13a9da0ae,data/raw/AzSLD_Words_100/MƏN/0d7a3ae0f3414e4f993f26d13a9da0ae.mp4,MƏN,,unknown,17,30.0,rec_2022-11-02
0d963b0da91f4af4be19e269b729ac36,data/raw/AzSLD_Words_100/MƏN/0d963b0da91f4af4be19e269b729ac36.mp4,MƏN,,unknown,13,30.0,rec_2023-01-17
0db49730da784da9a00896b0564ec708,data/raw/AzSLD_Words_100/MƏN/0db49730da784da9a00896b0564ec708.mp4,MƏN,,unknown,13,30.0,rec_2022-07-01
0dd6409fdd7a404d8a29888dfadc4572,data/raw/AzSLD_Words_100/MƏN/0dd6409fdd7a404d8a29888dfadc4572.mp4,MƏN,,unknown,27,30.0,rec_2022-05-25
0dea1b7437964e53bbf498edb99b9681,data/raw/AzSLD_Words_100/MƏN/0dea1b7437964e53bbf498edb99b9681.mp4,MƏN,,unknown,21,30.0,rec_2022-07-02
0df3f1bfc19745c58e0468815dde1fb4,data/raw/AzSLD_Words_100/MƏN/0df3f1bfc19745c58e0468815dde1fb4.mp4,MƏN,,unknown,14,30.0,rec_2022-12-20
0dff1835671946109005a208df2c91a2,data/raw/AzSLD_Words_100/MƏN/0dff1835671946109005a208df2c91a2.mp4,MƏN,,unknown,44,30.0,rec_2022-05-25
0e08fff4849e489d8f3f2db22f054b64,data/raw/AzSLD_Words_100/MƏN/0e08fff4849e489d8f3f2db22f054b64.mp4,MƏN,,unknown,16,30.0,rec_2022-12-17
0e39462d272344b0840579cfef876d71,data/raw/AzSLD_Words_100/MƏN/0e39462d272344b0840579cfef876d71.mp4,MƏN,,unknown,15,30.0,rec_2022-12-20
0e4fcf7559f6468cae275aa0211fd6f9,data/raw/AzSLD_Words_100/MƏN/0e4fcf7559f6468cae275aa0211fd6f9.mp4,MƏN,,unknown,12,30.0,rec_2022-11-18
0e75d83abc274c2f8af6b8bc3b38f2d3,data/raw/AzSLD_Words_100/MƏN/0e75d83abc274c2f8af6b8bc3b38f2d3.mp4,MƏN,,unknown,10,30.0,rec_2022-07-13
0e7849195c3b46839fb6cf1c522c930d,data/raw/AzSLD_Words_100/MƏN/0e7849195c3b46839fb6cf1c522c930d.mp4,MƏN,,unknown,24,30.0,rec_2022-11-22
0e7f67a9c8fb49d99e8eaeae2e3d5224,data/raw/AzSLD_Words_100/MƏN/0e7f67a9c8fb49d99e8eaeae2e3d5224.mp4,MƏN,,unknown,14,30.0,rec_2022-11-05
0e88d18a0da0441f98f6cac7a33db570,data/raw/AzSLD_Words_100/MƏN/0e88d18a0da0441f98f6cac7a33db570.mp4,MƏN,,unknown,21,30.0,rec_2022-12-24
0e9db3d3388d408c9f5bfb248ce0b009,data/raw/AzSLD_Words_100/MƏN/0e9db3d3388d408c9f5bfb248ce0b009.mp4,MƏN,,unknown,29,30.0,rec_2022-06-10
0ed8a057bd134189a71760774666c6f1,data/raw/AzSLD_Words_100/MƏN/0ed8a057bd134189a71760774666c6f1.mp4,MƏN,,unknown,14,30.0,rec_2022-07-23
0edb691cc8af4e9d8d84bc28e4e6ce2e,data/raw/AzSLD_Words_100/MƏN/0edb691cc8af4e9d8d84bc28e4e6ce2e.mp4,MƏN,,unknown,17,30.0,rec_2022-07-01
0eff1b21f11a4b34aa47827f197a1916,data/raw/AzSLD_Words_100/MƏN/0eff1b21f11a4b34aa47827f197a1916.mp4,MƏN,,unknown,22,30.0,rec_2022-06-02
0f1701c600ea499e83d5c0b48f54de32,data/raw/AzSLD_Words_100/MƏN/0f1701c600ea499e83d5c0b48f54de32.mp4,MƏN,,unknown,20,30.0,rec_2022-11-10
0f253b1c985f4386a9f62030f4014220,data/raw/AzSLD_Words_100/MƏN/0f253b1c985f4386a9f62030f4014220.mp4,MƏN,,unknown,12,30.0,rec_2022-11-22
0f3d7bfe99ba45fda2824ca3eacb7461,data/raw/AzSLD_Words_100/MƏN/0f3d7bfe99ba45fda2824ca3eacb7461.mp4,MƏN,,unknown,15,30.0,rec_2022-06-13
0f446a2087eb47969f40e09cb3a89da4,data/raw/AzSLD_Words_100/MƏN/0f446a2087eb47969f40e09cb3a89da4.mp4,MƏN,,unknown,18,30.0,rec_2022-05-25
0f454c9741db4c8eb49850dfbe27942e,data/raw/AzSLD_Words_100/MƏN/0f454c9741db4c8eb49850dfbe27942e.mp4,MƏN,,unknown,14,30.0,rec_2022-12-22
0f59aa12ea434bdda933faa196109185,data/raw/AzSLD_Words_100/MƏN/0f59aa12ea434bdda933faa196109185.mp4,MƏN,,unknown,11,30.0,rec_2022-07-01
0fa5b15df8c34fe592a4d873bb23cef0,data/raw/AzSLD_Words_100/MƏN/0fa5b15df8c34fe592a4d873bb23cef0.mp4,MƏN,,unknown,21,30.0,rec_2022-11-18
0fc8c7053bb04afc9924107d9818a21e,data/raw/AzSLD_Words_100/MƏN/0fc8c7053bb04afc9924107d9818a21e.mp4,MƏN,,unknown,24,30.0,rec_2022-12-24
0fcd2a9abc474b92ab1ce7d8127a41fa,data/raw/AzSLD_Words_100/MƏN/0fcd2a9abc474b92ab1ce7d8127a41fa.mp4,MƏN,,unknown,22,30.0,rec_2022-12-23
0fe5ae3cc41843adb4a8a1659d1162e3,data/raw/AzSLD_Words_100/MƏN/0fe5ae3cc41843adb4a8a1659d1162e3.mp4,MƏN,,unknown,16,30.0,rec_2022-07-22
101648a77d6b44d48bd630993d7a97c5,data/raw/AzSLD_Words_100/MƏN/101648a77d6b44d48bd630993d7a97c5.mp4,MƏN,,unknown,42,30.0,rec_2022-06-02
105949217c924bc98d335ce4bd30a8dd,data/raw/AzSLD_Words_100/MƏN/105949217c924bc98d335ce4bd30a8dd.mp4,MƏN,,unknown,16,30.0,rec_2023-01-18
1068a342703f4cd1be5fd4c9c918dbc0,data/raw/AzSLD_Words_100/MƏN/1068a342703f4cd1be5fd4c9c918dbc0.mp4,MƏN,,unknown,19,30.0,rec_2022-12-23
106b2f350bd141c4be63127598537387,data/raw/AzSLD_Words_100/MƏN/106b2f350bd141c4be63127598537387.mp4,MƏN,,unknown,18,30.0,rec_2022-11-19
106e3cc77f2b4c6ea1a40e9ffaf60a25,data/raw/AzSLD_Words_100/MƏN/106e3cc77f2b4c6ea1a40e9ffaf60a25.mp4,MƏN,,unknown,8,30.0,rec_2022-07-23
107962999dd948ac87eaaf987ba4174d,data/raw/AzSLD_Words_100/MƏN/107962999dd948ac87eaaf987ba4174d.mp4,MƏN,,unknown,20,30.0,rec_2022-12-24
10aa50c70ddb44c5920e230ff4240719,data/raw/AzSLD_Words_100/MƏN/10aa50c70ddb44c5920e230ff4240719.mp4,MƏN,,unknown,22,30.0,rec_2022-12-22
10b34eada56349ecaf61476c2a7804f0,data/raw/AzSLD_Words_100/MƏN/10b34eada56349ecaf61476c2a7804f0.mp4,MƏN,,unknown,18,30.0,rec_2022-11-02
10d2e09869094d27b1e1cdc2111fe421,data/raw/AzSLD_Words_100/MƏN/10d2e09869094d27b1e1cdc2111fe421.mp4,MƏN,,unknown,10,30.0,rec_2022-12-27
10e273119d8d443c941ca81204e1ae4d,data/raw/AzSLD_Words_100/MƏN/10e273119d8d443c941ca81204e1ae4d.mp4,MƏN,,unknown,14,30.0,rec_2022-07-23
110f8282c781475fbe0fdfbb6857174b,data/raw/AzSLD_Words_100/MƏN/110f8282c781475fbe0fdfbb6857174b.mp4,MƏN,,unknown,14,30.0,rec_2022-11-04
113e41e6d8d0404b9cf9b3df7c539c74,data/raw/AzSLD_Words_100/MƏN/113e41e6d8d0404b9cf9b3df7c539c74.mp4,MƏN,,unknown,19,30.0,rec_2022-12-23
1140054ccf674a81b62c774acbf09ba6,data/raw/AzSLD_Words_100/MƏN/1140054ccf674a81b62c774acbf09ba6.mp4,MƏN,,unknown,18,30.0,rec_2022-12-15
114b1fa4d1ca4a14a2ec106134018814,data/raw/AzSLD_Words_100/MƏN/114b1fa4d1ca4a14a2ec106134018814.mp4,MƏN,,unknown,18,30.0,rec_2023-01-18
1150f9a339754512a4736b366e25471d,data/raw/AzSLD_Words_100/MƏN/1150f9a339754512a4736b366e25471d.mp4,MƏN,,unknown,15,30.0,rec_2022-08-01
115777ead5414536bcb89031454f318f,data/raw/AzSLD_Words_100/MƏN/115777ead5414536bcb89031454f318f.mp4,MƏN,,unknown,20,30.0,rec_2022-07-01
115e2f6080684b68b1e791d7dd537064,data/raw/AzSLD_Words_100/MƏN/115e2f6080684b68b1e791d7dd537064.mp4,MƏN,,unknown,17,30.0,rec_2022-07-21
1169d60b32484aa39909a0becdb68452,data/raw/AzSLD_Words_100/MƏN/1169d60b32484aa39909a0becdb68452.mp4,MƏN,,unknown,14,30.0,rec_2022-12-20
118804dd81dc4ca48194e481fa0ef1d9,data/raw/AzSLD_Words_100/MƏN/118804dd81dc4ca48194e481fa0ef1d9.mp4,MƏN,,unknown,16,30.0,rec_2022-10-28
118aadb92d8d43e6ba635d2352c422ff,data/raw/AzSLD_Words_100/MƏN/118aadb92d8d43e6ba635d2352c422ff.mp4,MƏN,,unknown,21,30.0,rec_2022-06-09
11b72cdbba7b496f904b5fe3b4d0265b,data/raw/AzSLD_Words_100/MƏN/11b72cdbba7b496f904b5fe3b4d0265b.mp4,MƏN,,unknown,24,30.0,rec_2022-12-28
11e8cfdf1a724e6285f436c4398f8a4b,data/raw/AzSLD_Words_100/MƏN/11e8cfdf1a724e6285f436c4398f8a4b.mp4,MƏN,,unknown,19,30.0,rec_2022-08-02
11ed0b1fb7264e638d93aa33a4ce3031,data/raw/AzSLD_Words_100/MƏN/11ed0b1fb7264e638d93aa33a4ce3031.mp4,MƏN,,unknown,14,30.0,rec_2022-06-02
11f22d4718a64bec816287f197204a28,data/raw/AzSLD_Words_100/MƏN/11f22d4718a64bec816287f197204a28.mp4,MƏN,,unknown,20,30.0,rec_2022-11-17
124ba62f67b74d4386b5293f7c4668d4,data/raw/AzSLD_Words_100/MƏN/124ba62f67b74d4386b5293f7c4668d4.mp4,MƏN,,unknown,15,30.0,rec_2022-06-18
12603e87914e45fca2e12afb7ea2d693,data/raw/AzSLD_Words_100/MƏN/12603e87914e45fca2e12afb7ea2d693.mp4,MƏN,,unknown,16,30.0,rec_2022-12-23
126b20eafcdb41c08f3cc1eb53c847e0,data/raw/AzSLD_Words_100/MƏN/126b20eafcdb41c08f3cc1eb53c847e0.mp4,MƏN,,unknown,22,30.0,rec_2022-05-25
128a47159d7240279e9c2587417786db,data/raw/AzSLD_Words_100/MƏN/128a47159d7240279e9c2587417786db.mp4,MƏN,,unknown,28,30.0,rec_2022-12-22
12a7564cc92e46ffbd3cbde0bd4f8d2c,data/raw/AzSLD_Words_100/MƏN/12a7564cc92e46ffbd3cbde0bd4f8d2c.mp4,MƏN,,unknown,14,30.0,rec_2022-07-14
12aa454a6de14c2baec225c6db6b2081,data/raw/AzSLD_Words_100/MƏN/12aa454a6de14c2baec225c6db6b2081.mp4,MƏN,,unknown,15,30.0,rec_2023-01-18
12c185d7469f424286d3e047dc6a726c,data/raw/AzSLD_Words_100/MƏN/12c185d7469f424286d3e047dc6a726c.mp4,MƏN,,unknown,29,30.0,rec_2022-08-02
12c8a1c870ba4222a34760a06f9b1064,data/raw/AzSLD_Words_100/MƏN/12c8a1c870ba4222a34760a06f9b1064.mp4,MƏN,,unknown,8,30.0,rec_2022-06-16
131439a3f679451b8ec655d6a0aaeceb,data/raw/AzSLD_Words_100/MƏN/131439a3f679451b8ec655d6a0aaeceb.mp4,MƏN,,unknown,27,30.0,rec_2022-07-25
132b42c0d5204b71ac5538274b3a93c4,data/raw/AzSLD_Words_100/MƏN/132b42c0d5204b71ac5538274b3a93c4.mp4,MƏN,,unknown,23,30.0,rec_2022-11-19
1355c4a88ccc44e5a015734e977142dd,data/raw/AzSLD_Words_100/MƏN/1355c4a88ccc44e5a015734e977142dd.mp4,MƏN,,unknown,16,30.0,rec_2022-12-15
13655471432b4906b4fe58ce178364ad,data/raw/AzSLD_Words_100/MƏN/13655471432b4906b4fe58ce178364ad.mp4,MƏN,,unknown,28,30.0,rec_2022-06-10
1368ce4b10bb48fe84f65f7b94458751,data/raw/AzSLD_Words_100/MƏN/1368ce4b10bb48fe84f65f7b94458751.mp4,MƏN,,unknown,19,30.0,rec_2022-12-16
1384d1e478194f21b4696343191d1717,data/raw/AzSLD_Words_100/MƏN/1384d1e478194f21b4696343191d1717.mp4,MƏN,,unknown,15,30.0,rec_2022-07-15
13a16b3bca9543b8aeb820ba2f211338,data/raw/AzSLD_Words_100/MƏN/13a16b3bca9543b8aeb820ba2f211338.mp4,MƏN,,unknown,23,30.0,rec_2022-12-28
13e6c43e4e1b4ab0ad6f1d3d12a44314,data/raw/AzSLD_Words_100/MƏN/13e6c43e4e1b4ab0ad6f1d3d12a44314.mp4,MƏN,,unknown,25,30.0,rec_2022-05-25
140496d0df134c9390c946a253876755,data/raw/AzSLD_Words_100/MƏN/140496d0df134c9390c946a253876755.mp4,MƏN,,unknown,14,30.0,rec_2022-08-01
14183e721b2f4544852ce1a1801610f3,data/raw/AzSLD_Words_100/MƏN/14183e721b2f4544852ce1a1801610f3.mp4,MƏN,,unknown,17,30.0,rec_2022-08-02
1434fe0cb1f4473ca13d4753b29ad3b5,data/raw/AzSLD_Words_100/MƏN/1434fe0cb1f4473ca13d4753b29ad3b5.mp4,MƏN,,unknown,24,30.0,rec_2022-11-19
144320bc70374ff6b4611b497b2013e9,data/raw/AzSLD_Words_100/MƏN/144320bc70374ff6b4611b497b2013e9.mp4,MƏN,,unknown,23,30.0,rec_2022-06-11
1444e80d50224017becea9b74dc8082e,data/raw/AzSLD_Words_100/MƏN/1444e80d50224017becea9b74dc8082e.mp4,MƏN,,unknown,23,30.0,rec_2022-11-19
1446f978a081480ea1bcb2298b9a0649,data/raw/AzSLD_Words_100/MƏN/1446f978a081480ea1bcb2298b9a0649.mp4,MƏN,,unknown,15,30.0,rec_2022-12-23
1457b06e847047e8a0ffdda8e5d1332f,data/raw/AzSLD_Words_100/MƏN/1457b06e847047e8a0ffdda8e5d1332f.mp4,MƏN,,unknown,17,30.0,rec_2022-07-22
1470716db58b4818bd316fd938cfb4cf,data/raw/AzSLD_Words_100/MƏN/1470716db58b4818bd316fd938cfb4cf.mp4,MƏN,,unknown,12,30.0,rec_2022-07-19
148e4baec8f84904987996c566730951,data/raw/AzSLD_Words_100/MƏN/148e4baec8f84904987996c566730951.mp4,MƏN,,unknown,20,30.0,rec_2022-06-03
14a408d460d34ab1b857e761772cc287,data/raw/AzSLD_Words_100/MƏN/14a408d460d34ab1b857e761772cc287.mp4,MƏN,,unknown,14,30.0,rec_2022-12-23
14bc65af818448c889abc5237d5df203,data/raw/AzSLD_Words_100/MƏN/14bc65af818448c889abc5237d5df203.mp4,MƏN,,unknown,19,30.0,rec_2022-07-27
14f51bb9f51e488ea6fde2076aa56506,data/raw/AzSLD_Words_100/MƏN/14f51bb9f51e488ea6fde2076aa56506.mp4,MƏN,,unknown,11,30.0,rec_2022-12-27
151fc4156868411da4b514912a731f15,data/raw/AzSLD_Words_100/MƏN/151fc4156868411da4b514912a731f15.mp4,MƏN,,unknown,18,30.0,rec_2022-05-25
1537f5687acb436188cb284530daaa23,data/raw/AzSLD_Words_100/MƏN/1537f5687acb436188cb284530daaa23.mp4,MƏN,,unknown,17,30.0,rec_2022-12-28
1545beb0515e479caa7513174afe2959,data/raw/AzSLD_Words_100/MƏN/1545beb0515e479caa7513174afe2959.mp4,MƏN,,unknown,17,30.0,rec_2022-12-22
155c89a428ef455e94800e4896d66c7f,data/raw/AzSLD_Words_100/MƏN/155c89a428ef455e94800e4896d66c7f.mp4,MƏN,,unknown,12,30.0,rec_2022-07-19
15759bdbe883426baccc4012d9d1bc14,data/raw/AzSLD_Words_100/MƏN/15759bdbe883426baccc4012d9d1bc14.mp4,MƏN,,unknown,12,30.0,rec_2022-07-21
157d1b15d8cd458cb2c3119669a53db3,data/raw/AzSLD_Words_100/MƏN/157d1b15d8cd458cb2c3119669a53db3.mp4,MƏN,,unknown,10,30.0,rec_2022-12-16
158526cc9fda44f1b521b97085475282,data/raw/AzSLD_Words_100/MƏN/158526cc9fda44f1b521b97085475282.mp4,MƏN,,unknown,20,30.0,rec_2022-12-28
1590652f4d1947a7b9c3c09bfcf7b4a5,data/raw/AzSLD_Words_100/MƏN/1590652f4d1947a7b9c3c09bfcf7b4a5.mp4,MƏN,,unknown,32,30.0,rec_2022-07-22
15c294ce007e4759adae9319736aee6e,data/raw/AzSLD_Words_100/MƏN/15c294ce007e4759adae9319736aee6e.mp4,MƏN,,unknown,13,30.0,rec_2022-05-31
15ddc84ca09b44a28961f0bf87c8a925,data/raw/AzSLD_Words_100/MƏN/15ddc84ca09b44a28961f0bf87c8a925.mp4,MƏN,,unknown,26,30.0,rec_2022-11-04
15e5279def2f434a821cb0c5e151693b,data/raw/AzSLD_Words_100/MƏN/15e5279def2f434a821cb0c5e151693b.mp4,MƏN,,unknown,21,30.0,rec_2022-11-22
163021e282b94dc89bd5d89c710328d0,data/raw/AzSLD_Words_100/MƏN/163021e282b94dc89bd5d89c710328d0.mp4,MƏN,,unknown,14,30.0,rec_2022-12-23
1678d88bcfb64088b092cdd471855f82,data/raw/AzSLD_Words_100/MƏN/1678d88bcfb64088b092cdd471855f82.mp4,MƏN,,unknown,14,30.0,rec_2022-12-22
16c8beaa55714fbc8add355a521d3e35,data/raw/AzSLD_Words_100/MƏN/16c8beaa55714fbc8add355a521d3e35.mp4,MƏN,,unknown,23,30.0,rec_2022-12-20
16d68c4b7e6340f7bd1064c7ee58e676,data/raw/AzSLD_Words_100/MƏN/16d68c4b7e6340f7bd1064c7ee58e676.mp4,MƏN,,unknown,13,30.0,rec_2022-12-22
16de3bf550c84608bb0e8dcd71a564bb,data/raw/AzSLD_Words_100/MƏN/16de3bf550c84608bb0e8dcd71a564bb.mp4,MƏN,,unknown,27,30.0,rec_2022-05-31
170feaf766ff4fe2ad3c61cdc2ac5112,data/raw/AzSLD_Words_100/MƏN/170feaf766ff4fe2ad3c61cdc2ac5112.mp4,MƏN,,unknown,14,30.0,rec_2022-11-22
173267d39bbe4699865136a8b4cb64ff,data/raw/AzSLD_Words_100/MƏN/173267d39bbe4699865136a8b4cb64ff.mp4,MƏN,,unknown,22,30.0,rec_2022-12-20
1735d626235b43f2b72ea9cea8c15cc6,data/raw/AzSLD_Words_100/MƏN/1735d626235b43f2b72ea9cea8c15cc6.mp4,MƏN,,unknown,11,30.0,rec_2022-12-28
1759da68f27540bcaa1ea40a15649bf2,data/raw/AzSLD_Words_100/MƏN/1759da68f27540bcaa1ea40a15649bf2.mp4,MƏN,,unknown,24,30.0,rec_2022-06-02
175c5aa06d9342d0bb5eb9244dbeac4c,data/raw/AzSLD_Words_100/MƏN/175c5aa06d9342d0bb5eb9244dbeac4c.mp4,MƏN,,unknown,14,30.0,rec_2022-05-26
175cb2d0ffcf48e4be7b78e5da167801,data/raw/AzSLD_Words_100/MƏN/175cb2d0ffcf48e4be7b78e5da167801.mp4,MƏN,,unknown,12,30.0,rec_2022-05-25
17605b6f99c949699aaff27310c7d932,data/raw/AzSLD_Words_100/MƏN/17605b6f99c949699aaff27310c7d932.mp4,MƏN,,unknown,19,30.0,rec_2022-07-23
179c9e8dc04142a483610ed1a067d182,data/raw/AzSLD_Words_100/MƏN/179c9e8dc04142a483610ed1a067d182.mp4,MƏN,,unknown,17,30.0,rec_2022-12-23
179d0640df9e4cdb852d732943cbc612,data/raw/AzSLD_Words_100/MƏN/179d0640df9e4cdb852d732943cbc612.mp4,MƏN,,unknown,16,30.0,rec_2022-12-16
179d994b66d347628b145b9aa4403591,data/raw/AzSLD_Words_100/MƏN/179d994b66d347628b145b9aa4403591.mp4,MƏN,,unknown,16,30.0,rec_2022-08-02
17a01a4c8a054d60883219070c259cfe,data/raw/AzSLD_Words_100/MƏN/17a01a4c8a054d60883219070c259cfe.mp4,MƏN,,unknown,24,30.0,rec_2022-11-22
17a8b48cdfb040f6837548dcd40be88a,data/raw/AzSLD_Words_100/MƏN/17a8b48cdfb040f6837548dcd40be88a.mp4,MƏN,,unknown,21,30.0,rec_2022-10-28
17b06dbd575a45e4999ca6bfdacdbda1,data/raw/AzSLD_Words_100/MƏN/17b06dbd575a45e4999ca6bfdacdbda1.mp4,MƏN,,unknown,20,30.0,rec_2022-12-15
17b9402df4f2472b9d69d21a2e832b07,data/raw/AzSLD_Words_100/MƏN/17b9402df4f2472b9d69d21a2e832b07.mp4,MƏN,,unknown,19,30.0,rec_2022-11-17
17c3a16b6a3c41528b7762046f424abb,data/raw/AzSLD_Words_100/MƏN/17c3a16b6a3c41528b7762046f424abb.mp4,MƏN,,unknown,17,30.0,rec_2022-06-02
17c583f5845340aaa37f81733fcb21c5,data/raw/AzSLD_Words_100/MƏN/17c583f5845340aaa37f81733fcb21c5.mp4,MƏN,,unknown,25,30.0,rec_2022-12-22
17d93d5534084064925005558b601fbe,data/raw/AzSLD_Words_100/MƏN/17d93d5534084064925005558b601fbe.mp4,MƏN,,unknown,11,30.0,rec_2022-11-10
184955afaf834eb8b0d631451ed85cde,data/raw/AzSLD_Words_100/MƏN/184955afaf834eb8b0d631451ed85cde.mp4,MƏN,,unknown,18,30.0,rec_2022-08-02
1852b3feb18142a4964684441dc555fb,data/raw/AzSLD_Words_100/MƏN/1852b3feb18142a4964684441dc555fb.mp4,MƏN,,unknown,22,30.0,rec_2022-12-27
189addb4bc51404487f7766319e1b6e7,data/raw/AzSLD_Words_100/MƏN/189addb4bc51404487f7766319e1b6e7.mp4,MƏN,,unknown,22,30.0,rec_2022-11-22
18ac0c545ec849c2a29afbdb50b3542a,data/raw/AzSLD_Words_100/MƏN/18ac0c545ec849c2a29afbdb50b3542a.mp4,MƏN,,unknown,20,30.0,rec_2023-01-19
18dfd338bcab457e8287b6a391a6c246,data/raw/AzSLD_Words_100/MƏN/18dfd338bcab457e8287b6a391a6c246.mp4,MƏN,,unknown,14,30.0,rec_2022-11-10
18dff83f0d8042f382b974be71108089,data/raw/AzSLD_Words_100/MƏN/18dff83f0d8042f382b974be71108089.mp4,MƏN,,unknown,17,30.0,rec_2022-12-15
18f111854c40404fbc7170d147f9df6a,data/raw/AzSLD_Words_100/MƏN/18f111854c40404fbc7170d147f9df6a.mp4,MƏN,,unknown,21,30.0,rec_2022-07-16
18f4ac311f104438b69cf348568a742b,data/raw/AzSLD_Words_100/MƏN/18f4ac311f104438b69cf348568a742b.mp4,MƏN,,unknown,17,30.0,rec_2022-12-20
18fea412f6f94f43927ea22fd0f45fbc,data/raw/AzSLD_Words_100/MƏN/18fea412f6f94f43927ea22fd0f45fbc.mp4,MƏN,,unknown,13,30.0,rec_2022-07-23
19236bc337a04e1fb3c98a4213af689a,data/raw/AzSLD_Words_100/MƏN/19236bc337a04e1fb3c98a4213af689a.mp4,MƏN,,unknown,40,30.0,rec_2022-05-25
1950b1bd4ca748d3bf42cf3756feaa29,data/raw/AzSLD_Words_100/MƏN/1950b1bd4ca748d3bf42cf3756feaa29.mp4,MƏN,,unknown,17,30.0,rec_2022-10-26
196e66f95e2c43798f9d6108f0cfc4b7,data/raw/AzSLD_Words_100/MƏN/196e66f95e2c43798f9d6108f0cfc4b7.mp4,MƏN,,unknown,15,30.0,rec_2022-12-13
1993b2eeecf84bac943bcb155bd2c4ea,data/raw/AzSLD_Words_100/MƏN/1993b2eeecf84bac943bcb155bd2c4ea.mp4,MƏN,,unknown,13,30.0,rec_2022-11-04
19a8a3cd9dc64c8fbbb98e64b294cced,data/raw/AzSLD_Words_100/MƏN/19a8a3cd9dc64c8fbbb98e64b294cced.mp4,MƏN,,unknown,14,30.0,rec_2022-11-17
19a9bf05cc3b48f48bd6eb7236eab6f2,data/raw/AzSLD_Words_100/MƏN/19a9bf05cc3b48f48bd6eb7236eab6f2.mp4,MƏN,,unknown,27,30.0,rec_2022-07-16
1a1034d2c70e4844ad7646d12b3df0dc,data/raw/AzSLD_Words_100/MƏN/1a1034d2c70e4844ad7646d12b3df0dc.mp4,MƏN,,unknown,19,30.0,rec_2022-11-17
1a466332331d4157a07ef8c67b35ce5c,data/raw/AzSLD_Words_100/MƏN/1a466332331d4157a07ef8c67b35ce5c.mp4,MƏN,,unknown,26,30.0,rec_2022-07-22
1a4926bc4eac4d43b12e414febdbefab,data/raw/AzSLD_Words_100/MƏN/1a4926bc4eac4d43b12e414febdbefab.mp4,MƏN,,unknown,21,30.0,rec_2022-05-31
1a6986bea3804b6a869ae0f3770ee760,data/raw/AzSLD_Words_100/MƏN/1a6986bea3804b6a869ae0f3770ee760.mp4,MƏN,,unknown,18,30.0,rec_2022-12-28
1a6eea7b99f14eef9b1cbecab66e374f,data/raw/AzSLD_Words_100/MƏN/1a6eea7b99f14eef9b1cbecab66e374f.mp4,MƏN,,unknown,15,30.0,rec_2022-07-21
1a74e97012e94a4a9f85b0057592a88d,data/raw/AzSLD_Words_100/MƏN/1a74e97012e94a4a9f85b0057592a88d.mp4,MƏN,,unknown,15,30.0,rec_2022-12-20
1a76419ee47a45caa2257ba1c0acf589,data/raw/AzSLD_Words_100/MƏN/1a76419ee47a45caa2257ba1c0acf589.mp4,MƏN,,unknown,14,30.0,rec_2022-07-16
1a9218ee01c94a8e85df7b2eb2add3ee,data/raw/AzSLD_Words_100/MƏN/1a9218ee01c94a8e85df7b2eb2add3ee.mp4,MƏN,,unknown,21,30.0,rec_2022-07-13
1ae744a96bd24a898bb5c192adb1b5f6,data/raw/AzSLD_Words_100/MƏN/1ae744a96bd24a898bb5c192adb1b5f6.mp4,MƏN,,unknown,22,30.0,rec_2022-07-19
1af17fafda6c45d7990ecaac1cb05c82,data/raw/AzSLD_Words_100/MƏN/1af17fafda6c45d7990ecaac1cb05c82.mp4,MƏN,,unknown,19,30.0,rec_2022-07-18
1b02046de04f459eaacb958b4bed1a46,data/raw/AzSLD_Words_100/MƏN/1b02046de04f459eaacb958b4bed1a46.mp4,MƏN,,unknown,13,30.0,rec_2022-12-23
1b076d195f90434287f482c34e1d3957,data/raw/AzSLD_Words_100/MƏN/1b076d195f90434287f482c34e1d3957.mp4,MƏN,,unknown,15,30.0,rec_2022-12-24
1b5f536698aa4f94815997c1de06234e,data/raw/AzSLD_Words_100/MƏN/1b5f536698aa4f94815997c1de06234e.mp4,MƏN,,unknown,31,30.0,rec_2022-06-07
1b65be24016249f485a082eb56c79002,data/raw/AzSLD_Words_100/MƏN/1b65be24016249f485a082eb56c79002.mp4,MƏN,,unknown,15,30.0,rec_2023-01-18
1b67e408016448b5934201501493daea,data/raw/AzSLD_Words_100/MƏN/1b67e408016448b5934201501493daea.mp4,MƏN,,unknown,11,30.0,rec_2022-12-17
1b6aaf90e9fb4040a9599dec12b53743,data/raw/AzSLD_Words_100/MƏN/1b6aaf90e9fb4040a9599dec12b53743.mp4,MƏN,,unknown,18,30.0,rec_2022-11-18
1bc7dc0b48c041acbbb59b872b91d013,data/raw/AzSLD_Words_100/MƏN/1bc7dc0b48c041acbbb59b872b91d013.mp4,MƏN,,unknown,21,30.0,rec_2022-07-20
1bcc3441482e42758e5df1812befcb8a,data/raw/AzSLD_Words_100/MƏN/1bcc3441482e42758e5df1812befcb8a.mp4,MƏN,,unknown,12,30.0,rec_2022-11-10
1be2fb6cbbd04a819ff19f34afd3807e,data/raw/AzSLD_Words_100/MƏN/1be2fb6cbbd04a819ff19f34afd3807e.mp4,MƏN,,unknown,18,30.0,rec_2022-12-27
1c01eda82e794c4ba496125d03760feb,data/raw/AzSLD_Words_100/MƏN/1c01eda82e794c4ba496125d03760feb.mp4,MƏN,,unknown,13,30.0,rec_2022-06-18
1c0ab6665c634b64bef58aaae0f1a562,data/raw/AzSLD_Words_100/MƏN/1c0ab6665c634b64bef58aaae0f1a562.mp4,MƏN,,unknown,21,30.0,rec_2022-06-18
1c18aae47d344061a1ac87112cabde86,data/raw/AzSLD_Words_100/MƏN/1c18aae47d344061a1ac87112cabde86.mp4,MƏN,,unknown,13,30.0,rec_2022-12-28
1c18f08fdb9a469490fa12e72f776baf,data/raw/AzSLD_Words_100/MƏN/1c18f08fdb9a469490fa12e72f776baf.mp4,MƏN,,unknown,15,30.0,rec_2022-06-03
1c9ff52ff2124592bc88d1cb612e1c8d,data/raw/AzSLD_Words_100/MƏN/1c9ff52ff2124592bc88d1cb612e1c8d.mp4,MƏN,,unknown,8,30.0,rec_2022-07-18
1ca4097d5da041849c816014781edd33,data/raw/AzSLD_Words_100/MƏN/1ca4097d5da041849c816014781edd33.mp4,MƏN,,unknown,14,30.0,rec_2022-11-10
1caf21a8e20e429789a2dad703ed6b82,data/raw/AzSLD_Words_100/MƏN/1caf21a8e20e429789a2dad703ed6b82.mp4,MƏN,,unknown,32,30.0,rec_2022-05-25
1cc42cc1c1014b4799fdb7408a6e1f71,data/raw/AzSLD_Words_100/MƏN/1cc42cc1c1014b4799fdb7408a6e1f71.mp4,MƏN,,unknown,19,30.0,rec_2022-05-31
1ceb3d3aa43643b79d607e62fa0831f0,data/raw/AzSLD_Words_100/MƏN/1ceb3d3aa43643b79d607e62fa0831f0.mp4,MƏN,,unknown,13,30.0,rec_2022-06-03
1d0ea552ae2c448e899a27e3b70f795d,data/raw/AzSLD_Words_100/MƏN/1d0ea552ae2c448e899a27e3b70f795d.mp4,MƏN,,unknown,26,30.0,rec_2022-12-28
1d434022c6954d96822be1ddc1887f8f,data/raw/AzSLD_Words_100/MƏN/1d434022c6954d96822be1ddc1887f8f.mp4,MƏN,,unknown,19,30.0,rec_2022-06-10
1d9f87cc525e4e669083d7267c5008ce,data/raw/AzSLD_Words_100/MƏN/1d9f87cc525e4e669083d7267c5008ce.mp4,MƏN,,unknown,13,30.0,rec_2022-12-24
1dbd9643bb3640e58089f707c60f489f,data/raw/AzSLD_Words_100/MƏN/1dbd9643bb3640e58089f707c60f489f.mp4,MƏN,,unknown,19,30.0,rec_2022-07-16
1ddb85b4d7aa48f49afc72d3acf9f143,data/raw/AzSLD_Words_100/MƏN/1ddb85b4d7aa48f49afc72d3acf9f143.mp4,MƏN,,unknown,17,30.0,rec_2022-07-21
1e2283dcc8a4468fa1225c56edb40a77,data/raw/AzSLD_Words_100/MƏN/1e2283dcc8a4468fa1225c56edb40a77.mp4,MƏN,,unknown,17,30.0,rec_2022-12-23
1e42bdbe7b674161b459f66ea7b6db1f,data/raw/AzSLD_Words_100/MƏN/1e42bdbe7b674161b459f66ea7b6db1f.mp4,MƏN,,unknown,21,30.0,rec_2022-11-18
1e52e0a2f97d49c29fbdb70165c5c58d,data/raw/AzSLD_Words_100/MƏN/1e52e0a2f97d49c29fbdb70165c5c58d.mp4,MƏN,,unknown,12,30.0,rec_2022-07-18
1e60b11a7eba4d1480b38b2e39627695,data/raw/AzSLD_Words_100/MƏN/1e60b11a7eba4d1480b38b2e39627695.mp4,MƏN,,unknown,20,30.0,rec_2022-05-25
1e658c7350b342dd80ec57dade50f017,data/raw/AzSLD_Words_100/MƏN/1e658c7350b342dd80ec57dade50f017.mp4,MƏN,,unknown,15,30.0,rec_2022-07-16
1e7aaa1566ef458b8a3667c0683d61da,data/raw/AzSLD_Words_100/MƏN/1e7aaa1566ef458b8a3667c0683d61da.mp4,MƏN,,unknown,11,30.0,rec_2022-07-16
1e914908ff674c39a092d98f03934e37,data/raw/AzSLD_Words_100/MƏN/1e914908ff674c39a092d98f03934e37.mp4,MƏN,,unknown,22,30.0,rec_2022-11-19
1e9b3d3dd1114cfb9edcd264515a3ca7,data/raw/AzSLD_Words_100/MƏN/1e9b3d3dd1114cfb9edcd264515a3ca7.mp4,MƏN,,unknown,27,30.0,rec_2022-12-22
1ec8e6606631452496d13ff09df0ca82,data/raw/AzSLD_Words_100/MƏN/1ec8e6606631452496d13ff09df0ca82.mp4,MƏN,,unknown,6,30.0,rec_2022-07-18
1edac269ed9641c29f1d0a102d630f7c,data/raw/AzSLD_Words_100/MƏN/1edac269ed9641c29f1d0a102d630f7c.mp4,MƏN,,unknown,11,30.0,rec_2022-07-22
1eed2d5987c24f5598ed629427e70d0b,data/raw/AzSLD_Words_100/MƏN/1eed2d5987c24f5598ed629427e70d0b.mp4,MƏN,,unknown,19,30.0,rec_2022-06-13
1f1e1d11d9f4438ab121a1a340dae183,data/raw/AzSLD_Words_100/MƏN/1f1e1d11d9f4438ab121a1a340dae183.mp4,MƏN,,unknown,21,30.0,rec_2022-12-23
1f1e35c7258e4afdae96bd539426b092,data/raw/AzSLD_Words_100/MƏN/1f1e35c7258e4afdae96bd539426b092.mp4,MƏN,,unknown,13,30.0,rec_2022-11-10
1f5399ace31a4cd4a0ee633f1edb4b60,data/raw/AzSLD_Words_100/MƏN/1f5399ace31a4cd4a0ee633f1edb4b60.mp4,MƏN,,unknown,49,30.0,rec_2022-10-26
1f576188a3d44981ae49a6c8a0129bef,data/raw/AzSLD_Words_100/MƏN/1f576188a3d44981ae49a6c8a0129bef.mp4,MƏN,,unknown,18,30.0,rec_2022-12-22
1f5b031944ac4259b202d4af06f0f935,data/raw/AzSLD_Words_100/MƏN/1f5b031944ac4259b202d4af06f0f935.mp4,MƏN,,unknown,25,30.0,rec_2022-05-25
1f6101eeefac40a6a06c146dd1df2fc0,data/raw/AzSLD_Words_100/MƏN/1f6101eeefac40a6a06c146dd1df2fc0.mp4,MƏN,,unknown,8,30.0,rec_2022-07-13
1f654f93d32b4d9f884b33da14bdca5e,data/raw/AzSLD_Words_100/MƏN/1f654f93d32b4d9f884b33da14bdca5e.mp4,MƏN,,unknown,35,30.0,rec_2022-05-25
1f673fb442464eb2bf5e745aee1513cc,data/raw/AzSLD_Words_100/MƏN/1f673fb442464eb2bf5e745aee1513cc.mp4,MƏN,,unknown,17,30.0,rec_2022-07-15
1f8752bb3162424a85cef95d990b53cc,data/raw/AzSLD_Words_100/MƏN/1f8752bb3162424a85cef95d990b53cc.mp4,MƏN,,unknown,15,30.0,rec_2022-06-09
1fa1e3c790bc4f0a9779158d2bed8811,data/raw/AzSLD_Words_100/MƏN/1fa1e3c790bc4f0a9779158d2bed8811.mp4,MƏN,,unknown,15,30.0,rec_2022-12-16
1fab6bed5a8c4ce2b670107ee0ac66e9,data/raw/AzSLD_Words_100/MƏN/1fab6bed5a8c4ce2b670107ee0ac66e9.mp4,MƏN,,unknown,27,30.0,rec_2022-12-24
1fabfc94cc524f7eb6e32bd12cf9f03a,data/raw/AzSLD_Words_100/MƏN/1fabfc94cc524f7eb6e32bd12cf9f03a.mp4,MƏN,,unknown,14,30.0,rec_2022-07-14
1fb34a0615a6453c85e8c414119abc99,data/raw/AzSLD_Words_100/MƏN/1fb34a0615a6453c85e8c414119abc99.mp4,MƏN,,unknown,18,30.0,rec_2022-12-27
1fb9aa98cdfc415abd8109d13ab8803e,data/raw/AzSLD_Words_100/MƏN/1fb9aa98cdfc415abd8109d13ab8803e.mp4,MƏN,,unknown,10,30.0,rec_2022-11-05
1fc0b047ec9e40bfaf9b017a813772cb,data/raw/AzSLD_Words_100/MƏN/1fc0b047ec9e40bfaf9b017a813772cb.mp4,MƏN,,unknown,13,30.0,rec_2022-11-04
1fde078ef2d84876b82947dfa979c7dd,data/raw/AzSLD_Words_100/MƏN/1fde078ef2d84876b82947dfa979c7dd.mp4,MƏN,,unknown,18,30.0,rec_2022-06-11
200131f2c1744870a12b4d6a245e9466,data/raw/AzSLD_Words_100/MƏN/200131f2c1744870a12b4d6a245e9466.mp4,MƏN,,unknown,15,30.0,rec_2022-10-26
20129cbd6444477ca141d8f8806b4464,data/raw/AzSLD_Words_100/MƏN/20129cbd6444477ca141d8f8806b4464.mp4,MƏN,,unknown,17,30.0,rec_2022-11-19
20152bd9c82046b9ab695c4266f5f4c9,data/raw/AzSLD_Words_100/MƏN/20152bd9c82046b9ab695c4266f5f4c9.mp4,MƏN,,unknown,15,30.0,rec_2022-07-13
2017ff814be249e39f7a4ea364afa727,data/raw/AzSLD_Words_100/MƏN/2017ff814be249e39f7a4ea364afa727.mp4,MƏN,,unknown,10,30.0,rec_2022-12-27
201b70401261478cb4b7bef382d0f65d,data/raw/AzSLD_Words_100/MƏN/201b70401261478cb4b7bef382d0f65d.mp4,MƏN,,unknown,13,30.0,rec_2022-07-19
203a70e2910d4f21869cd95569555825,data/raw/AzSLD_Words_100/MƏN/203a70e2910d4f21869cd95569555825.mp4,MƏN,,unknown,11,30.0,rec_2022-11-02
206cfcdb39594b1a9b54305b62d829af,data/raw/AzSLD_Words_100/MƏN/206cfcdb39594b1a9b54305b62d829af.mp4,MƏN,,unknown,20,30.0,rec_2022-12-27
20723e0527c444388935f0a596802cdb,data/raw/AzSLD_Words_100/MƏN/20723e0527c444388935f0a596802cdb.mp4,MƏN,,unknown,8,30.0,rec_2022-07-18
209877853ebc4999857dee54a86712a7,data/raw/AzSLD_Words_100/MƏN/209877853ebc4999857dee54a86712a7.mp4,MƏN,,unknown,24,30.0,rec_2022-12-28
20a12a06294b48899567d9da8f1b6bc2,data/raw/AzSLD_Words_100/MƏN/20a12a06294b48899567d9da8f1b6bc2.mp4,MƏN,,unknown,18,30.0,rec_2022-12-28
20b390343dbe44e390e0153ee3389ab6,data/raw/AzSLD_Words_100/MƏN/20b390343dbe44e390e0153ee3389ab6.mp4,MƏN,,unknown,16,30.0,rec_2022-12-20
20e76137f6a94e60b1bcd5fa7c5f66f4,data/raw/AzSLD_Words_100/MƏN/20e76137f6a94e60b1bcd5fa7c5f66f4.mp4,MƏN,,unknown,15,30.0,rec_2023-01-18
20fd586584394373a9e656070777a79e,data/raw/AzSLD_Words_100/MƏN/20fd586584394373a9e656070777a79e.mp4,MƏN,,unknown,16,30.0,rec_2022-07-16
211c8b7deee849718551b86717d651f3,data/raw/AzSLD_Words_100/MƏN/211c8b7deee849718551b86717d651f3.mp4,MƏN,,unknown,16,30.0,rec_2022-12-22
212861c96ba54036bdee52d161f91883,data/raw/AzSLD_Words_100/MƏN/212861c96ba54036bdee52d161f91883.mp4,MƏN,,unknown,16,30.0,rec_2022-12-27
2132a863f7f64040a35b403ec3e7651b,data/raw/AzSLD_Words_100/MƏN/2132a863f7f64040a35b403ec3e7651b.mp4,MƏN,,unknown,15,30.0,rec_2022-12-23
2154d7740a0642769e8eabd6e8290917,data/raw/AzSLD_Words_100/MƏN/2154d7740a0642769e8eabd6e8290917.mp4,MƏN,,unknown,24,30.0,rec_2022-12-24
21b2703423884a4ca4faad16f54df70a,data/raw/AzSLD_Words_100/MƏN/21b2703423884a4ca4faad16f54df70a.mp4,MƏN,,unknown,10,30.0,rec_2022-11-17
21cbc256b2474afd92be2fe3c1ed7921,data/raw/AzSLD_Words_100/MƏN/21cbc256b2474afd92be2fe3c1ed7921.mp4,MƏN,,unknown,18,30.0,rec_2022-12-23
21d6cb4c1ed34b4889153e6971dd26ba,data/raw/AzSLD_Words_100/MƏN/21d6cb4c1ed34b4889153e6971dd26ba.mp4,MƏN,,unknown,15,30.0,rec_2022-11-01
223593d0efec43c69a8d188256cedce2,data/raw/AzSLD_Words_100/MƏN/223593d0efec43c69a8d188256cedce2.mp4,MƏN,,unknown,17,30.0,rec_2022-08-02
223e4c1d5e2a44689363939187fe1327,data/raw/AzSLD_Words_100/MƏN/223e4c1d5e2a44689363939187fe1327.mp4,MƏN,,unknown,12,30.0,rec_2022-07-21
223e4c78402747a09b17004f0f2051aa,data/raw/AzSLD_Words_100/MƏN/223e4c78402747a09b17004f0f2051aa.mp4,MƏN,,unknown,21,30.0,rec_2022-11-19
2251df49f4d04863a4ef13071cce4483,data/raw/AzSLD_Words_100/MƏN/2251df49f4d04863a4ef13071cce4483.mp4,MƏN,,unknown,15,30.0,rec_2022-11-22
227b2a825ebb48dca0ec1030a22b6883,data/raw/AzSLD_Words_100/MƏN/227b2a825ebb48dca0ec1030a22b6883.mp4,MƏN,,unknown,9,30.0,rec_2022-07-22
2287718012e94d079c2c912ffbcdcaab,data/raw/AzSLD_Words_100/MƏN/2287718012e94d079c2c912ffbcdcaab.mp4,MƏN,,unknown,8,30.0,rec_2022-07-22
22a0c747a303469db32ba93e9fe6c80a,data/raw/AzSLD_Words_100/MƏN/22a0c747a303469db32ba93e9fe6c80a.mp4,MƏN,,unknown,21,30.0,rec_2022-08-02
22c341fa703e4e138b21b732e1ed5682,data/raw/AzSLD_Words_100/MƏN/22c341fa703e4e138b21b732e1ed5682.mp4,MƏN,,unknown,14,30.0,rec_2022-11-18
22ce7b8a187b489c8f63d087fc358723,data/raw/AzSLD_Words_100/MƏN/22ce7b8a187b489c8f63d087fc358723.mp4,MƏN,,unknown,20,30.0,rec_2022-12-20
22f0375711554a249dbc84d2bd5c6a65,data/raw/AzSLD_Words_100/MƏN/22f0375711554a249dbc84d2bd5c6a65.mp4,MƏN,,unknown,9,30.0,rec_2022-07-22
22f9aa6a587049c09056bdcd5c6ef75f,data/raw/AzSLD_Words_100/MƏN/22f9aa6a587049c09056bdcd5c6ef75f.mp4,MƏN,,unknown,20,30.0,rec_2022-12-24
2316ce4c3ea34d9788cdcab3fa2057cc,data/raw/AzSLD_Words_100/MƏN/2316ce4c3ea34d9788cdcab3fa2057cc.mp4,MƏN,,unknown,7,30.0,rec_2022-07-22
232e1e991948413ca862f46912c8f9eb,data/raw/AzSLD_Words_100/MƏN/232e1e991948413ca862f46912c8f9eb.mp4,MƏN,,unknown,24,30.0,rec_2022-06-10
233e09b3982344a8a7322e04a3b92d0b,data/raw/AzSLD_Words_100/MƏN/233e09b3982344a8a7322e04a3b92d0b.mp4,MƏN,,unknown,13,30.0,rec_2022-12-22
23550d5a191c4329bf4db96c8029bf3b,data/raw/AzSLD_Words_100/MƏN/23550d5a191c4329bf4db96c8029bf3b.mp4,MƏN,,unknown,23,30.0,rec_2022-11-04
23879aaf48b441dbbe806e3d5423fe35,data/raw/AzSLD_Words_100/MƏN/23879aaf48b441dbbe806e3d5423fe35.mp4,MƏN,,unknown,13,30.0,rec_2022-12-22
239b8ddd64854e8b87e5dce4dd26a173,data/raw/AzSLD_Words_100/MƏN/239b8ddd64854e8b87e5dce4dd26a173.mp4,MƏN,,unknown,21,30.0,rec_2022-10-26
23c134803ec84284aa93c0234fde73b6,data/raw/AzSLD_Words_100/MƏN/23c134803ec84284aa93c0234fde73b6.mp4,MƏN,,unknown,20,30.0,rec_2022-11-19
23c6011dea654422bb5ab9d8565abcf9,data/raw/AzSLD_Words_100/MƏN/23c6011dea654422bb5ab9d8565abcf9.mp4,MƏN,,unknown,20,30.0,rec_2022-12-27
23cf63f0405f43358db43c503aacbf1c,data/raw/AzSLD_Words_100/MƏN/23cf63f0405f43358db43c503aacbf1c.mp4,MƏN,,unknown,20,30.0,rec_2022-07-19
23d270f8120946718ea572d90170f9b5,data/raw/AzSLD_Words_100/MƏN/23d270f8120946718ea572d90170f9b5.mp4,MƏN,,unknown,23,30.0,rec_2022-12-24
23f4a82b357041c8994a56cffcfc7738,data/raw/AzSLD_Words_100/MƏN/23f4a82b357041c8994a56cffcfc7738.mp4,MƏN,,unknown,14,30.0,rec_2022-11-17
23f5de5d3b4e4e7abae4ff2b00c09c66,data/raw/AzSLD_Words_100/MƏN/23f5de5d3b4e4e7abae4ff2b00c09c66.mp4,MƏN,,unknown,18,30.0,rec_2022-12-20
23f9e68c8b74451a9f40744d95693dbe,data/raw/AzSLD_Words_100/MƏN/23f9e68c8b74451a9f40744d95693dbe.mp4,MƏN,,unknown,17,30.0,rec_2022-12-22
2420494b44604662b446d829adf359ee,data/raw/AzSLD_Words_100/MƏN/2420494b44604662b446d829adf359ee.mp4,MƏN,,unknown,16,30.0,rec_2022-12-20
243dc21208944f45967339dbbfbb32a5,data/raw/AzSLD_Words_100/MƏN/243dc21208944f45967339dbbfbb32a5.mp4,MƏN,,unknown,20,30.0,rec_2022-12-22
246138293217408ba7218f60d45a55d5,data/raw/AzSLD_Words_100/MƏN/246138293217408ba7218f60d45a55d5.mp4,MƏN,,unknown,15,30.0,rec_2022-07-25
246af0cab8d645b9b3373815527f649a,data/raw/AzSLD_Words_100/MƏN/246af0cab8d645b9b3373815527f649a.mp4,MƏN,,unknown,18,30.0,rec_2022-12-23
247d3f9f70c84883a80787fee8804912,data/raw/AzSLD_Words_100/MƏN/247d3f9f70c84883a80787fee8804912.mp4,MƏN,,unknown,14,30.0,rec_2022-11-19
249e029874f94e0ca730ddd21f3b48db,data/raw/AzSLD_Words_100/MƏN/249e029874f94e0ca730ddd21f3b48db.mp4,MƏN,,unknown,11,30.0,rec_2022-12-16
24bf7f50122f4c8d8e732a46301411a1,data/raw/AzSLD_Words_100/MƏN/24bf7f50122f4c8d8e732a46301411a1.mp4,MƏN,,unknown,16,30.0,rec_2022-12-27
24d70be9912249568c9f86df3f95e573,data/raw/AzSLD_Words_100/MƏN/24d70be9912249568c9f86df3f95e573.mp4,MƏN,,unknown,18,30.0,rec_2022-12-23
24e66feaf4e44526b4b61a774fb222d8,data/raw/AzSLD_Words_100/MƏN/24e66feaf4e44526b4b61a774fb222d8.mp4,MƏN,,unknown,12,30.0,rec_2022-11-17
25129c9b6d254fad8050db9b1c0ade10,data/raw/AzSLD_Words_100/MƏN/25129c9b6d254fad8050db9b1c0ade10.mp4,MƏN,,unknown,10,30.0,rec_2022-12-20
2524f95a5b35497e9c73047d9c2b4c8c,data/raw/AzSLD_Words_100/MƏN/2524f95a5b35497e9c73047d9c2b4c8c.mp4,MƏN,,unknown,19,30.0,rec_2022-11-19
25434dc9aca94b779c0480455f13dbd6,data/raw/AzSLD_Words_100/MƏN/25434dc9aca94b779c0480455f13dbd6.mp4,MƏN,,unknown,31,30.0,rec_2022-06-02
257dcc78845a4ac7989eab0794207688,data/raw/AzSLD_Words_100/MƏN/257dcc78845a4ac7989eab0794207688.mp4,MƏN,,unknown,13,30.0,rec_2022-12-20
2581ac690c2c427cba27abb183acf98a,data/raw/AzSLD_Words_100/MƏN/2581ac690c2c427cba27abb183acf98a.mp4,MƏN,,unknown,17,30.0,rec_2022-11-17
2585960b47ce41818cc513d54a326341,data/raw/AzSLD_Words_100/MƏN/2585960b47ce41818cc513d54a326341.mp4,MƏN,,unknown,20,30.0,rec_2022-06-18
258d0323252649dfad0153195e48d6cb,data/raw/AzSLD_Words_100/MƏN/258d0323252649dfad0153195e48d6cb.mp4,MƏN,,unknown,10,30.0,rec_2022-11-10
25a683a5984d4504a361696efc7a2cee,data/raw/AzSLD_Words_100/MƏN/25a683a5984d4504a361696efc7a2cee.mp4,MƏN,,unknown,17,30.0,rec_2022-11-18
25c1ac59d3c245ad821656b1b9b4091f,data/raw/AzSLD_Words_100/MƏN/25c1ac59d3c245ad821656b1b9b4091f.mp4,MƏN,,unknown,18,30.0,rec_2022-11-17
25d85a3317c6415da18c7bb9ab2a7022,data/raw/AzSLD_Words_100/MƏN/25d85a3317c6415da18c7bb9ab2a7022.mp4,MƏN,,unknown,16,30.0,rec_2022-07-25
25f27e04d5e74798b32b5ab5cbd26a5e,data/raw/AzSLD_Words_100/MƏN/25f27e04d5e74798b32b5ab5cbd26a5e.mp4,MƏN,,unknown,13,30.0,rec_2022-12-20
2651d4210da34bb6bc765f42ad819c2e,data/raw/AzSLD_Words_100/MƏN/2651d4210da34bb6bc765f42ad819c2e.mp4,MƏN,,unknown,10,30.0,rec_2022-10-28
265d0d98627a48bbb0ac16fe6471cb30,data/raw/AzSLD_Words_100/MƏN/265d0d98627a48bbb0ac16fe6471cb30.mp4,MƏN,,unknown,22,30.0,rec_2022-07-22
26695fbd167c4b4ea13416f10445b7e0,data/raw/AzSLD_Words_100/MƏN/26695fbd167c4b4ea13416f10445b7e0.mp4,MƏN,,unknown,22,30.0,rec_2022-08-02
26a53ab20a5b443599558b617d29f880,data/raw/AzSLD_Words_100/MƏN/26a53ab20a5b443599558b617d29f880.mp4,MƏN,,unknown,17,30.0,rec_2022-12-27
26b4139a65db4cfcb3aef7392b28d1fd,data/raw/AzSLD_Words_100/MƏN/26b4139a65db4cfcb3aef7392b28d1fd.mp4,MƏN,,unknown,21,30.0,rec_2022-05-26
26b7615c72324f168dff70290c44704d,data/raw/AzSLD_Words_100/MƏN/26b7615c72324f168dff70290c44704d.mp4,MƏN,,unknown,17,30.0,rec_2022-12-20
26e10e5a7974448daa89c6e828c750b2,data/raw/AzSLD_Words_100/MƏN/26e10e5a7974448daa89c6e828c750b2.mp4,MƏN,,unknown,8,30.0,rec_2022-12-28
270fe6afaeff401d90a74e2405f4f76d,data/raw/AzSLD_Words_100/MƏN/270fe6afaeff401d90a74e2405f4f76d.mp4,MƏN,,unknown,11,30.0,rec_2022-07-18
27109bba41154f9ca64c8710e6287f3e,data/raw/AzSLD_Words_100/MƏN/27109bba41154f9ca64c8710e6287f3e.mp4,MƏN,,unknown,23,30.0,rec_2022-12-22
2713b92188f54d0fa036730791db8579,data/raw/AzSLD_Words_100/MƏN/2713b92188f54d0fa036730791db8579.mp4,MƏN,,unknown,20,30.0,rec_2022-07-15
271a1d8c7f37448485b85921cf0ad1e5,data/raw/AzSLD_Words_100/MƏN/271a1d8c7f37448485b85921cf0ad1e5.mp4,MƏN,,unknown,17,30.0,rec_2022-12-23
276bc98449994df4b6550e4d71430963,data/raw/AzSLD_Words_100/MƏN/276bc98449994df4b6550e4d71430963.mp4,MƏN,,unknown,12,30.0,rec_2022-06-01
278ba3b7388c4ed6b8e3affb2afec6e4,data/raw/AzSLD_Words_100/MƏN/278ba3b7388c4ed6b8e3affb2afec6e4.mp4,MƏN,,unknown,24,30.0,rec_2022-12-20
27a9d4e299564af0b9cb9894eb79dec1,data/raw/AzSLD_Words_100/MƏN/27a9d4e299564af0b9cb9894eb79dec1.mp4,MƏN,,unknown,6,30.0,rec_2022-12-17
27b49fbd1b594f0b9eac8c464f3b3b5d,data/raw/AzSLD_Words_100/MƏN/27b49fbd1b594f0b9eac8c464f3b3b5d.mp4,MƏN,,unknown,13,30.0,rec_2022-11-04
27d700541ef8496888c289e823d50875,data/raw/AzSLD_Words_100/MƏN/27d700541ef8496888c289e823d50875.mp4,MƏN,,unknown,13,30.0,rec_2022-12-20
280812c3f6ab495baadcb810bc7e9f31,data/raw/AzSLD_Words_100/MƏN/280812c3f6ab495baadcb810bc7e9f31.mp4,MƏN,,unknown,17,30.0,rec_2022-07-18
28236255dc424df2b335df945bac723f,data/raw/AzSLD_Words_100/MƏN/28236255dc424df2b335df945bac723f.mp4,MƏN,,unknown,20,30.0,rec_2022-12-20
28241e1300994a70a676c98642420770,data/raw/AzSLD_Words_100/MƏN/28241e1300994a70a676c98642420770.mp4,MƏN,,unknown,19,30.0,rec_2022-11-19
2845cafacb5748fc9a2a902bbc00103a,data/raw/AzSLD_Words_100/MƏN/2845cafacb5748fc9a2a902bbc00103a.mp4,MƏN,,unknown,13,30.0,rec_2022-12-16
28462b1a7ff842d0a8c4de3e2328febe,data/raw/AzSLD_Words_100/MƏN/28462b1a7ff842d0a8c4de3e2328febe.mp4,MƏN,,unknown,16,30.0,rec_2022-07-18
28a15680b4b04a5fa46474bed532b571,data/raw/AzSLD_Words_100/MƏN/28a15680b4b04a5fa46474bed532b571.mp4,MƏN,,unknown,34,30.0,rec_2022-07-01
28a9c25364ad4d568aa77ad101aae15f,data/raw/AzSLD_Words_100/MƏN/28a9c25364ad4d568aa77ad101aae15f.mp4,MƏN,,unknown,20,30.0,rec_2022-11-01
28b05d06381c481ea9e6488c8d3ab523,data/raw/AzSLD_Words_100/MƏN/28b05d06381c481ea9e6488c8d3ab523.mp4,MƏN,,unknown,18,30.0,rec_2022-11-22
28b4a324b9414dc788d4a8d28ab1c6ad,data/raw/AzSLD_Words_100/MƏN/28b4a324b9414dc788d4a8d28ab1c6ad.mp4,MƏN,,unknown,13,30.0,rec_2022-07-18
28e68bd30f6a49e2bbb4067afdc828fe,data/raw/AzSLD_Words_100/MƏN/28e68bd30f6a49e2bbb4067afdc828fe.mp4,MƏN,,unknown,10,30.0,rec_2022-12-22
29314c1399884dc9ad66c26dd292a2c6,data/raw/AzSLD_Words_100/MƏN/29314c1399884dc9ad66c26dd292a2c6.mp4,MƏN,,unknown,24,30.0,rec_2022-11-17
29392d9e2eb84287987e8e65f9769e3b,data/raw/AzSLD_Words_100/MƏN/29392d9e2eb84287987e8e65f9769e3b.mp4,MƏN,,unknown,17,30.0,rec_2022-12-23
295f0952e074477fa27c3e9446f8bf31,data/raw/AzSLD_Words_100/MƏN/295f0952e074477fa27c3e9446f8bf31.mp4,MƏN,,unknown,15,30.0,rec_2022-08-02
298a5a0e69d04ac08174cfaecdc46fe2,data/raw/AzSLD_Words_100/MƏN/298a5a0e69d04ac08174cfaecdc46fe2.mp4,MƏN,,unknown,13,30.0,rec_2022-06-02
29d1ade0c885408893130803e1db7b05,data/raw/AzSLD_Words_100/MƏN/29d1ade0c885408893130803e1db7b05.mp4,MƏN,,unknown,13,30.0,rec_2022-12-23
2a137959ce4044eea5f27dec402b746a,data/raw/AzSLD_Words_100/MƏN/2a137959ce4044eea5f27dec402b746a.mp4,MƏN,,unknown,17,30.0,rec_2022-12-24
2a1ad43a8cf54f25bedd3636e2a52abd,data/raw/AzSLD_Words_100/MƏN/2a1ad43a8cf54f25bedd3636e2a52abd.mp4,MƏN,,unknown,19,30.0,rec_2022-11-17
2a2c9d4062854117bd205d4cdc9ce0ed,data/raw/AzSLD_Words_100/MƏN/2a2c9d4062854117bd205d4cdc9ce0ed.mp4,MƏN,,unknown,16,30.0,rec_2022-12-17
2a5a980899ae4c539c13bafc45a41fa6,data/raw/AzSLD_Words_100/MƏN/2a5a980899ae4c539c13bafc45a41fa6.mp4,MƏN,,unknown,20,30.0,rec_2022-07-21
2a6efd98f20e4e3eaa9482ad38a43ded,data/raw/AzSLD_Words_100/MƏN/2a6efd98f20e4e3eaa9482ad38a43ded.mp4,MƏN,,unknown,17,30.0,rec_2022-12-27
2a73380950164e4aa9cd0da6013c7b67,data/raw/AzSLD_Words_100/MƏN/2a73380950164e4aa9cd0da6013c7b67.mp4,MƏN,,unknown,16,30.0,rec_2022-06-10
2a74fad1a1e44d4580c5915ba97972c9,data/raw/AzSLD_Words_100/MƏN/2a74fad1a1e44d4580c5915ba97972c9.mp4,MƏN,,unknown,20,30.0,rec_2022-12-27
2a903d883f03457581ac04da3004e3d9,data/raw/AzSLD_Words_100/MƏN/2a903d883f03457581ac04da3004e3d9.mp4,MƏN,,unknown,10,30.0,rec_2022-12-24
2abf6e418360489f892968054cd216db,data/raw/AzSLD_Words_100/MƏN/2abf6e418360489f892968054cd216db.mp4,MƏN,,unknown,15,30.0,rec_2022-12-22
2ad5d81675d24abd8a35cdb27fb05c68,data/raw/AzSLD_Words_100/MƏN/2ad5d81675d24abd8a35cdb27fb05c68.mp4,MƏN,,unknown,20,30.0,rec_2022-12-22
2ad7ce5b8fda43af834b8188eced1097,data/raw/AzSLD_Words_100/MƏN/2ad7ce5b8fda43af834b8188eced1097.mp4,MƏN,,unknown,11,30.0,rec_2022-11-10
2afffb78ae2d4d3188f6f41ba494c821,data/raw/AzSLD_Words_100/MƏN/2afffb78ae2d4d3188f6f41ba494c821.mp4,MƏN,,unknown,12,30.0,rec_2022-07-23
2b0eff497f4f46d58f320f6c20cbfb21,data/raw/AzSLD_Words_100/MƏN/2b0eff497f4f46d58f320f6c20cbfb21.mp4,MƏN,,unknown,15,30.0,rec_2022-10-26
2b1e9d5af1764e57b13596a2765c763d,data/raw/AzSLD_Words_100/MƏN/2b1e9d5af1764e57b13596a2765c763d.mp4,MƏN,,unknown,18,30.0,rec_2022-07-16
2b474edacb9941b9b798d253997ed0d1,data/raw/AzSLD_Words_100/MƏN/2b474edacb9941b9b798d253997ed0d1.mp4,MƏN,,unknown,15,30.0,rec_2022-12-20
2b4b3bb338a64574b53f3e61b632692d,data/raw/AzSLD_Words_100/MƏN/2b4b3bb338a64574b53f3e61b632692d.mp4,MƏN,,unknown,19,30.0,rec_2022-11-10
2b5198cf945c4d638b2609dd963e1df1,data/raw/AzSLD_Words_100/MƏN/2b5198cf945c4d638b2609dd963e1df1.mp4,MƏN,,unknown,21,30.0,rec_2022-06-02
2b53e82c4db244339c736cf106fa8661,data/raw/AzSLD_Words_100/MƏN/2b53e82c4db244339c736cf106fa8661.mp4,MƏN,,unknown,19,30.0,rec_2022-12-27
2b600a86e7204352a386f00b20a5efd3,data/raw/AzSLD_Words_100/MƏN/2b600a86e7204352a386f00b20a5efd3.mp4,MƏN,,unknown,21,30.0,rec_2022-06-11
2b774a7a40fb47728894614858af9e5b,data/raw/AzSLD_Words_100/MƏN/2b774a7a40fb47728894614858af9e5b.mp4,MƏN,,unknown,10,30.0,rec_2022-12-17
2b977bff0e69435aa2f40051a50b2dea,data/raw/AzSLD_Words_100/MƏN/2b977bff0e69435aa2f40051a50b2dea.mp4,MƏN,,unknown,17,30.0,rec_2022-07-27
2ba7cf02244c421397cd4930f5a18849,data/raw/AzSLD_Words_100/MƏN/2ba7cf02244c421397cd4930f5a18849.mp4,MƏN,,unknown,17,30.0,rec_2022-11-22
2be372983f9a4ca89459a9c79b08eea7,data/raw/AzSLD_Words_100/MƏN/2be372983f9a4ca89459a9c79b08eea7.mp4,MƏN,,unknown,12,30.0,rec_2022-12-20
2bf7988c36e744ec9ad4147c381ef575,data/raw/AzSLD_Words_100/MƏN/2bf7988c36e744ec9ad4147c381ef575.mp4,MƏN,,unknown,20,30.0,rec_2022-07-20
2c08597336604626b71ac0f2822b24af,data/raw/AzSLD_Words_100/MƏN/2c08597336604626b71ac0f2822b24af.mp4,MƏN,,unknown,28,30.0,rec_2022-05-26
2c306ad38f5e40a790b1abec1fe41a39,data/raw/AzSLD_Words_100/MƏN/2c306ad38f5e40a790b1abec1fe41a39.mp4,MƏN,,unknown,14,30.0,rec_2022-07-01
2c32ba12e39f44878f08898639e03120,data/raw/AzSLD_Words_100/MƏN/2c32ba12e39f44878f08898639e03120.mp4,MƏN,,unknown,21,30.0,rec_2022-12-20
2c35abb0acf3489ba380e10b0a6a73d5,data/raw/AzSLD_Words_100/MƏN/2c35abb0acf3489ba380e10b0a6a73d5.mp4,MƏN,,unknown,13,30.0,rec_2022-12-27
2c520e41066145679eb82a3180a9194c,data/raw/AzSLD_Words_100/MƏN/2c520e41066145679eb82a3180a9194c.mp4,MƏN,,unknown,9,30.0,rec_2022-07-18
2c63a34e126b4d09865f31f8b6933311,data/raw/AzSLD_Words_100/MƏN/2c63a34e126b4d09865f31f8b6933311.mp4,MƏN,,unknown,24,30.0,rec_2022-08-01
2c642d97eadf42b192819a66d9fa1cac,data/raw/AzSLD_Words_100/MƏN/2c642d97eadf42b192819a66d9fa1cac.mp4,MƏN,,unknown,24,30.0,rec_2022-12-20
2c8262c6e47e4250a8925cb3fcf30abe,data/raw/AzSLD_Words_100/MƏN/2c8262c6e47e4250a8925cb3fcf30abe.mp4,MƏN,,unknown,1,30.0,rec_2022-07-02
2c95f682c1a44175ae951b649b9c1b91,data/raw/AzSLD_Words_100/MƏN/2c95f682c1a44175ae951b649b9c1b91.mp4,MƏN,,unknown,12,30.0,rec_2022-12-23
2cc0324f9218451bb03140fec1f1f708,data/raw/AzSLD_Words_100/MƏN/2cc0324f9218451bb03140fec1f1f708.mp4,MƏN,,unknown,23,30.0,rec_2022-12-24
2ce940d9ec124ef68314124584fd0859,data/raw/AzSLD_Words_100/MƏN/2ce940d9ec124ef68314124584fd0859.mp4,MƏN,,unknown,19,30.0,rec_2022-11-17
2d1b04272e894fde90da4a4520262232,data/raw/AzSLD_Words_100/MƏN/2d1b04272e894fde90da4a4520262232.mp4,MƏN,,unknown,16,30.0,rec_2022-07-21
2da1dd64f30544719fbb49073104e193,data/raw/AzSLD_Words_100/MƏN/2da1dd64f30544719fbb49073104e193.mp4,MƏN,,unknown,22,30.0,rec_2022-11-10
2df0754e59e4414faf72fa059cc9b816,data/raw/AzSLD_Words_100/MƏN/2df0754e59e4414faf72fa059cc9b816.mp4,MƏN,,unknown,14,30.0,rec_2022-07-18
2df2e28eb0dd4d02be0728418f76ccc7,data/raw/AzSLD_Words_100/MƏN/2df2e28eb0dd4d02be0728418f76ccc7.mp4,MƏN,,unknown,20,30.0,rec_2022-12-24
2e0398db7c4a4b139d7dea487e15de52,data/raw/AzSLD_Words_100/MƏN/2e0398db7c4a4b139d7dea487e15de52.mp4,MƏN,,unknown,15,30.0,rec_2022-12-15
2e09ce12ad654730a771cff07dfb573d,data/raw/AzSLD_Words_100/MƏN/2e09ce12ad654730a771cff07dfb573d.mp4,MƏN,,unknown,14,30.0,rec_2022-07-13
2e0e65a32c1a4368919072cb559dd0ce,data/raw/AzSLD_Words_100/MƏN/2e0e65a32c1a4368919072cb559dd0ce.mp4,MƏN,,unknown,9,30.0,rec_2022-12-27
2e1100b53f5f4c079831577c87f5fe28,data/raw/AzSLD_Words_100/MƏN/2e1100b53f5f4c079831577c87f5fe28.mp4,MƏN,,unknown,15,30.0,rec_2022-12-27
2e89484d1224415c9b06222f783978c4,data/raw/AzSLD_Words_100/MƏN/2e89484d1224415c9b06222f783978c4.mp4,MƏN,,unknown,17,30.0,rec_2022-06-01
2ea67ad85d29456b9c197d52f8fcc926,data/raw/AzSLD_Words_100/MƏN/2ea67ad85d29456b9c197d52f8fcc926.mp4,MƏN,,unknown,13,30.0,rec_2022-11-10
2ea7244be0d442ebaa4fa136da21a7e4,data/raw/AzSLD_Words_100/MƏN/2ea7244be0d442ebaa4fa136da21a7e4.mp4,MƏN,,unknown,20,30.0,rec_2022-11-19
2eb65e2d923244e0a12f3b2cd76356d0,data/raw/AzSLD_Words_100/MƏN/2eb65e2d923244e0a12f3b2cd76356d0.mp4,MƏN,,unknown,17,30.0,rec_2022-12-27
2ebce0f9ab444fe6ac2abe10cc5cf11b,data/raw/AzSLD_Words_100/MƏN/2ebce0f9ab444fe6ac2abe10cc5cf11b.mp4,MƏN,,unknown,15,30.0,rec_2022-07-23
2ee8644fa0474c758c89e67eff62b229,data/raw/AzSLD_Words_100/MƏN/2ee8644fa0474c758c89e67eff62b229.mp4,MƏN,,unknown,29,30.0,rec_2022-12-28
2f19f998a0d049ceb5d93b9b2d836719,data/raw/AzSLD_Words_100/MƏN/2f19f998a0d049ceb5d93b9b2d836719.mp4,MƏN,,unknown,20,30.0,rec_2022-12-23
2f3365eb5f32406cbdba2562aa507e5c,data/raw/AzSLD_Words_100/MƏN/2f3365eb5f32406cbdba2562aa507e5c.mp4,MƏN,,unknown,19,30.0,rec_2022-08-02
2f3afee94328421cb30fb8a8cbae7fcb,data/raw/AzSLD_Words_100/MƏN/2f3afee94328421cb30fb8a8cbae7fcb.mp4,MƏN,,unknown,12,30.0,rec_2022-12-22
2f3c466cb083426f9e718d555b7f8389,data/raw/AzSLD_Words_100/MƏN/2f3c466cb083426f9e718d555b7f8389.mp4,MƏN,,unknown,19,30.0,rec_2022-07-25
2f4b64c9cbbe47b083f58202e3499898,data/raw/AzSLD_Words_100/MƏN/2f4b64c9cbbe47b083f58202e3499898.mp4,MƏN,,unknown,16,30.0,rec_2022-12-22
2f93ada9c2884006a1ef8cf587fb2a29,data/raw/AzSLD_Words_100/MƏN/2f93ada9c2884006a1ef8cf587fb2a29.mp4,MƏN,,unknown,19,30.0,rec_2022-12-20
2fb5fcd1b4ec412aa34e5042e14031fb,data/raw/AzSLD_Words_100/MƏN/2fb5fcd1b4ec412aa34e5042e14031fb.mp4,MƏN,,unknown,25,30.0,rec_2022-12-27
2fd2c335874545f6a7151e4f62d038bc,data/raw/AzSLD_Words_100/MƏN/2fd2c335874545f6a7151e4f62d038bc.mp4,MƏN,,unknown,16,30.0,rec_2022-12-23
2fea42de97e3484d98488b9762b7f037,data/raw/AzSLD_Words_100/MƏN/2fea42de97e3484d98488b9762b7f037.mp4,MƏN,,unknown,16,30.0,rec_2022-11-18
2fed9c7c26de4563b45943fab9776a67,data/raw/AzSLD_Words_100/MƏN/2fed9c7c26de4563b45943fab9776a67.mp4,MƏN,,unknown,14,30.0,rec_2022-12-20
3008c1b6b67248ddac176a14c761dee0,data/raw/AzSLD_Words_100/MƏN/3008c1b6b67248ddac176a14c761dee0.mp4,MƏN,,unknown,19,30.0,rec_2022-08-02
3029c8aa643c4f769fb04d4a9e4d3b84,data/raw/AzSLD_Words_100/MƏN/3029c8aa643c4f769fb04d4a9e4d3b84.mp4,MƏN,,unknown,12,30.0,rec_2022-07-22
303f12db998d445ab70324dd2e9d7b64,data/raw/AzSLD_Words_100/MƏN/303f12db998d445ab70324dd2e9d7b64.mp4,MƏN,,unknown,17,30.0,rec_2022-12-15
3041dc3c12134749b01f5da7c9558538,data/raw/AzSLD_Words_100/MƏN/3041dc3c12134749b01f5da7c9558538.mp4,MƏN,,unknown,20,30.0,rec_2022-12-20
305ca29a3f48402ca68e3717fd62a810,data/raw/AzSLD_Words_100/MƏN/305ca29a3f48402ca68e3717fd62a810.mp4,MƏN,,unknown,18,30.0,rec_2022-07-13
305d7e88584444579f3ff46b73fac65c,data/raw/AzSLD_Words_100/MƏN/305d7e88584444579f3ff46b73fac65c.mp4,MƏN,,unknown,17,30.0,rec_2022-12-20
308ed89b6c334f8b8a30b2d42f90f855,data/raw/AzSLD_Words_100/MƏN/308ed89b6c334f8b8a30b2d42f90f855.mp4,MƏN,,unknown,24,30.0,rec_2022-12-27
30aa5fb818164dc2a131517adacd2558,data/raw/AzSLD_Words_100/MƏN/30aa5fb818164dc2a131517adacd2558.mp4,MƏN,,unknown,14,30.0,rec_2022-12-23
30dda71c50bf4fc198250bfa957d9258,data/raw/AzSLD_Words_100/MƏN/30dda71c50bf4fc198250bfa957d9258.mp4,MƏN,,unknown,22,30.0,rec_2022-12-28
30fa529c470f43089f39088235ca8f59,data/raw/AzSLD_Words_100/MƏN/30fa529c470f43089f39088235ca8f59.mp4,MƏN,,unknown,15,30.0,rec_2022-07-18
3110aeb0f80f4b55978c2e62a88082fe,data/raw/AzSLD_Words_100/MƏN/3110aeb0f80f4b55978c2e62a88082fe.mp4,MƏN,,unknown,18,30.0,rec_2022-12-27
311111f093fe45a59392f14cd8efac63,data/raw/AzSLD_Words_100/MƏN/311111f093fe45a59392f14cd8efac63.mp4,MƏN,,unknown,17,30.0,rec_2023-01-17
31140d535d5f4f41a369df600a01afa8,data/raw/AzSLD_Words_100/MƏN/31140d535d5f4f41a369df600a01afa8.mp4,MƏN,,unknown,13,30.0,rec_2022-11-17
3120883393b34adfbcd9681b143f91f5,data/raw/AzSLD_Words_100/MƏN/3120883393b34adfbcd9681b143f91f5.mp4,MƏN,,unknown,11,30.0,rec_2022-07-16
3143edde3e294164bb5e02829a42f309,data/raw/AzSLD_Words_100/MƏN/3143edde3e294164bb5e02829a42f309.mp4,MƏN,,unknown,18,30.0,rec_2022-11-22
3144f109b125449ba61177cacc708d7a,data/raw/AzSLD_Words_100/MƏN/3144f109b125449ba61177cacc708d7a.mp4,MƏN,,unknown,19,30.0,rec_2022-07-29
314cf8b86f284194aa55fbb3354cb586,data/raw/AzSLD_Words_100/MƏN/314cf8b86f284194aa55fbb3354cb586.mp4,MƏN,,unknown,13,30.0,rec_2022-12-23
317189b921a94b61a81ad0c9990ec51c,data/raw/AzSLD_Words_100/MƏN/317189b921a94b61a81ad0c9990ec51c.mp4,MƏN,,unknown,20,30.0,rec_2022-06-02
3199d3ee90c049a6bb3edeee047b468c,data/raw/AzSLD_Words_100/MƏN/3199d3ee90c049a6bb3edeee047b468c.mp4,MƏN,,unknown,17,30.0,rec_2022-12-27
31d50580432a46a3a4f77aa11f3fe51b,data/raw/AzSLD_Words_100/MƏN/31d50580432a46a3a4f77aa11f3fe51b.mp4,MƏN,,unknown,10,30.0,rec_2022-07-01
31ebc1c14b9545fc9880dec43cfcac97,data/raw/AzSLD_Words_100/MƏN/31ebc1c14b9545fc9880dec43cfcac97.mp4,MƏN,,unknown,9,30.0,rec_2022-12-16
320a927de0cf4e0980ac9b339c5eda0a,data/raw/AzSLD_Words_100/MƏN/320a927de0cf4e0980ac9b339c5eda0a.mp4,MƏN,,unknown,16,30.0,rec_2022-07-13
326bf9d9d1514654a47be1f7d2346856,data/raw/AzSLD_Words_100/MƏN/326bf9d9d1514654a47be1f7d2346856.mp4,MƏN,,unknown,14,30.0,rec_2022-07-13
326de34f691848769cc45122e395aeb0,data/raw/AzSLD_Words_100/MƏN/326de34f691848769cc45122e395aeb0.mp4,MƏN,,unknown,20,30.0,rec_2022-12-22
3274af66c10e49ffa5c5778656ad2d0d,data/raw/AzSLD_Words_100/MƏN/3274af66c10e49ffa5c5778656ad2d0d.mp4,MƏN,,unknown,18,30.0,rec_2022-07-13
3288dda807954c52a3edc512cd1e5da4,data/raw/AzSLD_Words_100/MƏN/3288dda807954c52a3edc512cd1e5da4.mp4,MƏN,,unknown,21,30.0,rec_2022-07-19
328a289a4d5f403683742474b6a07af5,data/raw/AzSLD_Words_100/MƏN/328a289a4d5f403683742474b6a07af5.mp4,MƏN,,unknown,18,30.0,rec_2022-12-23
329652ac4273441887c33d19659eab87,data/raw/AzSLD_Words_100/MƏN/329652ac4273441887c33d19659eab87.mp4,MƏN,,unknown,11,30.0,rec_2022-06-18
32c55150aeb045b1b2237256a7aef426,data/raw/AzSLD_Words_100/MƏN/32c55150aeb045b1b2237256a7aef426.mp4,MƏN,,unknown,21,30.0,rec_2022-06-02
32cca51ec3464a51b5786a66943a5b41,data/raw/AzSLD_Words_100/MƏN/32cca51ec3464a51b5786a66943a5b41.mp4,MƏN,,unknown,18,30.0,rec_2022-11-19
32f099a6d7da46d0aa10dcfedc24e233,data/raw/AzSLD_Words_100/MƏN/32f099a6d7da46d0aa10dcfedc24e233.mp4,MƏN,,unknown,15,30.0,rec_2022-10-28
32ff324d5a38407e8374cb529664e032,data/raw/AzSLD_Words_100/MƏN/32ff324d5a38407e8374cb529664e032.mp4,MƏN,,unknown,10,30.0,rec_2022-07-18
3307fb47ca0f40218438627c8652fd13,data/raw/AzSLD_Words_100/MƏN/3307fb47ca0f40218438627c8652fd13.mp4,MƏN,,unknown,11,30.0,rec_2022-12-24
33199cd2183f4f0a80720ee22da6c4dd,data/raw/AzSLD_Words_100/MƏN/33199cd2183f4f0a80720ee22da6c4dd.mp4,MƏN,,unknown,11,30.0,rec_2022-11-18
33290dff2e364025ae2adfbc29a33bba,data/raw/AzSLD_Words_100/MƏN/33290dff2e364025ae2adfbc29a33bba.mp4,MƏN,,unknown,26,30.0,rec_2022-12-20
33315e07b1ce4b34b6014239305a8bce,data/raw/AzSLD_Words_100/MƏN/33315e07b1ce4b34b6014239305a8bce.mp4,MƏN,,unknown,9,30.0,rec_2022-12-17
3337a365cc2c4ac08a03191bfecc8812,data/raw/AzSLD_Words_100/MƏN/3337a365cc2c4ac08a03191bfecc8812.mp4,MƏN,,unknown,16,30.0,rec_2022-06-18
335f3849a3d541d6a10d6e02d2272bb8,data/raw/AzSLD_Words_100/MƏN/335f3849a3d541d6a10d6e02d2272bb8.mp4,MƏN,,unknown,7,30.0,rec_2022-07-18
3362771115a24ea2bb6050bd8132fded,data/raw/AzSLD_Words_100/MƏN/3362771115a24ea2bb6050bd8132fded.mp4,MƏN,,unknown,13,30.0,rec_2022-06-13
338d5ed23eb74da7a3bfdb7dfebd7650,data/raw/AzSLD_Words_100/MƏN/338d5ed23eb74da7a3bfdb7dfebd7650.mp4,MƏN,,unknown,17,30.0,rec_2022-12-27
3390c62eaf2f4818a3d851196c5bd2f2,data/raw/AzSLD_Words_100/MƏN/3390c62eaf2f4818a3d851196c5bd2f2.mp4,MƏN,,unknown,22,30.0,rec_2022-08-02
33a8c74f3543488b93c79ce05200bdd3,data/raw/AzSLD_Words_100/MƏN/33a8c74f3543488b93c79ce05200bdd3.mp4,MƏN,,unknown,33,30.0,rec_2022-05-25
33b71500e1fc48caa9632495dde7c71b,data/raw/AzSLD_Words_100/MƏN/33b71500e1fc48caa9632495dde7c71b.mp4,MƏN,,unknown,20,30.0,rec_2022-12-22
33b975fd47654ca98b4ccef2afb6b600,data/raw/AzSLD_Words_100/MƏN/33b975fd47654ca98b4ccef2afb6b600.mp4,MƏN,,unknown,19,30.0,rec_2022-11-18
33c66bdfeee94eb5856832fd58b24f8d,data/raw/AzSLD_Words_100/MƏN/33c66bdfeee94eb5856832fd58b24f8d.mp4,MƏN,,unknown,17,30.0,rec_2022-07-21
33c7354b25d0464798fe23681b1f6721,data/raw/AzSLD_Words_100/MƏN/33c7354b25d0464798fe23681b1f6721.mp4,MƏN,,unknown,17,30.0,rec_2022-11-19
33d2c64e597c4b0b8294532eb611870a,data/raw/AzSLD_Words_100/MƏN/33d2c64e597c4b0b8294532eb611870a.mp4,MƏN,,unknown,11,30.0,rec_2022-11-04
33e123be3d4649ec89d4ced17ecc0cb2,data/raw/AzSLD_Words_100/MƏN/33e123be3d4649ec89d4ced17ecc0cb2.mp4,MƏN,,unknown,18,30.0,rec_2022-07-22
33fa98bb824349028c13272437fa7776,data/raw/AzSLD_Words_100/MƏN/33fa98bb824349028c13272437fa7776.mp4,MƏN,,unknown,26,30.0,rec_2022-12-24
34138baa5e814b9aabcdd6964545fb6a,data/raw/AzSLD_Words_100/MƏN/34138baa5e814b9aabcdd6964545fb6a.mp4,MƏN,,unknown,13,30.0,rec_2022-07-16
34210465a5bb4b03ad9389936c7a0a92,data/raw/AzSLD_Words_100/MƏN/34210465a5bb4b03ad9389936c7a0a92.mp4,MƏN,,unknown,25,30.0,rec_2022-11-18
34343fe551044ce6ac601e5707db45ca,data/raw/AzSLD_Words_100/MƏN/34343fe551044ce6ac601e5707db45ca.mp4,MƏN,,unknown,19,30.0,rec_2022-07-16
344b151992b04b1bb27b8993973ced5b,data/raw/AzSLD_Words_100/MƏN/344b151992b04b1bb27b8993973ced5b.mp4,MƏN,,unknown,22,30.0,rec_2022-07-25
344b915cf86a4c2b80b7266fa91fcf7f,data/raw/AzSLD_Words_100/MƏN/344b915cf86a4c2b80b7266fa91fcf7f.mp4,MƏN,,unknown,14,30.0,rec_2022-07-22
3476676a559b4342b6583588dbcaca2c,data/raw/AzSLD_Words_100/MƏN/3476676a559b4342b6583588dbcaca2c.mp4,MƏN,,unknown,14,30.0,rec_2022-07-23
349619e4e8ef47ebaf4c03120582a689,data/raw/AzSLD_Words_100/MƏN/349619e4e8ef47ebaf4c03120582a689.mp4,MƏN,,unknown,20,30.0,rec_2022-11-19
34b1d3de334d4d3e9c775240b70d413d,data/raw/AzSLD_Words_100/MƏN/34b1d3de334d4d3e9c775240b70d413d.mp4,MƏN,,unknown,15,30.0,rec_2022-11-19
34c954a7b71f4e638b0cbec7e3cafea7,data/raw/AzSLD_Words_100/MƏN/34c954a7b71f4e638b0cbec7e3cafea7.mp4,MƏN,,unknown,19,30.0,rec_2022-12-22
34f7b363f5174e2b9ddb755ddf4d8872,data/raw/AzSLD_Words_100/MƏN/34f7b363f5174e2b9ddb755ddf4d8872.mp4,MƏN,,unknown,24,30.0,rec_2022-12-23
34fc1982ccfb448da8ce8cfe2683aa2e,data/raw/AzSLD_Words_100/MƏN/34fc1982ccfb448da8ce8cfe2683aa2e.mp4,MƏN,,unknown,17,30.0,rec_2022-06-02
350f6646268944c389fa74eb47bc5a79,data/raw/AzSLD_Words_100/MƏN/350f6646268944c389fa74eb47bc5a79.mp4,MƏN,,unknown,19,30.0,rec_2022-12-27
351966605b05422dbbd857175c07e131,data/raw/AzSLD_Words_100/MƏN/351966605b05422dbbd857175c07e131.mp4,MƏN,,unknown,10,30.0,rec_2022-07-19
3525aa4b7e934d20ac38303ffe2fe18a,data/raw/AzSLD_Words_100/MƏN/3525aa4b7e934d20ac38303ffe2fe18a.mp4,MƏN,,unknown,17,30.0,rec_2022-12-22
35260c139da94bf3b41563a96016ccb7,data/raw/AzSLD_Words_100/MƏN/35260c139da94bf3b41563a96016ccb7.mp4,MƏN,,unknown,36,30.0,rec_2022-10-28
3561669373084bdb88acc69f7c007387,data/raw/AzSLD_Words_100/MƏN/3561669373084bdb88acc69f7c007387.mp4,MƏN,,unknown,12,30.0,rec_2022-07-23
356828ca44724262ab7746eade97a009,data/raw/AzSLD_Words_100/MƏN/356828ca44724262ab7746eade97a009.mp4,MƏN,,unknown,15,30.0,rec_2023-01-18
356c56024a3e410e84552c09cab32375,data/raw/AzSLD_Words_100/MƏN/356c56024a3e410e84552c09cab32375.mp4,MƏN,,unknown,13,30.0,rec_2022-11-19
356dfc1c74294e0b811292489687fb97,data/raw/AzSLD_Words_100/MƏN/356dfc1c74294e0b811292489687fb97.mp4,MƏN,,unknown,16,30.0,rec_2022-12-15
358bdf12d9ef4cab9f831e54f4006a08,data/raw/AzSLD_Words_100/MƏN/358bdf12d9ef4cab9f831e54f4006a08.mp4,MƏN,,unknown,34,30.0,rec_2022-04-26
359752f37e16473b9c52d340cb7ef27c,data/raw/AzSLD_Words_100/MƏN/359752f37e16473b9c52d340cb7ef27c.mp4,MƏN,,unknown,25,30.0,rec_2022-07-13
35a080ff282e40c89ed83e3fc9aa01d1,data/raw/AzSLD_Words_100/MƏN/35a080ff282e40c89ed83e3fc9aa01d1.mp4,MƏN,,unknown,11,30.0,rec_2022-12-27
35b71253e441421a851ea201f6d00293,data/raw/AzSLD_Words_100/MƏN/35b71253e441421a851ea201f6d00293.mp4,MƏN,,unknown,16,30.0,rec_2022-12-15
35bb74eae4a949c5ba5939746ecc6a6f,data/raw/AzSLD_Words_100/MƏN/35bb74eae4a949c5ba5939746ecc6a6f.mp4,MƏN,,unknown,17,30.0,rec_2022-11-22
35cc4585c47a4923aa5506802e8e4f0e,data/raw/AzSLD_Words_100/MƏN/35cc4585c47a4923aa5506802e8e4f0e.mp4,MƏN,,unknown,16,30.0,rec_2022-11-19
3636c2011cd349d6ae3d6622a39f5138,data/raw/AzSLD_Words_100/MƏN/3636c2011cd349d6ae3d6622a39f5138.mp4,MƏN,,unknown,43,30.0,rec_2022-11-19
3640cdf508a340c6b9cc4384bb6ac6a8,data/raw/AzSLD_Words_100/MƏN/3640cdf508a340c6b9cc4384bb6ac6a8.mp4,MƏN,,unknown,19,30.0,rec_2022-07-13
36484eccfb494f66a74dc826bc8a7346,data/raw/AzSLD_Words_100/MƏN/36484eccfb494f66a74dc826bc8a7346.mp4,MƏN,,unknown,12,30.0,rec_2022-07-14
365e95cd10464157a87e1d5cfca00e9e,data/raw/AzSLD_Words_100/MƏN/365e95cd10464157a87e1d5cfca00e9e.mp4,MƏN,,unknown,11,30.0,rec_2022-12-27
366291b349264a48979b6eae2162750a,data/raw/AzSLD_Words_100/MƏN/366291b349264a48979b6eae2162750a.mp4,MƏN,,unknown,26,30.0,rec_2022-07-21
366b9af1f66b4701ba99fee711556413,data/raw/AzSLD_Words_100/MƏN/366b9af1f66b4701ba99fee711556413.mp4,MƏN,,unknown,18,30.0,rec_2022-10-28
3672ef90275a4321b027f56ecdb3585a,data/raw/AzSLD_Words_100/MƏN/3672ef90275a4321b027f56ecdb3585a.mp4,MƏN,,unknown,21,30.0,rec_2022-12-20
367fdb6a96094de385f902af75ad1194,data/raw/AzSLD_Words_100/MƏN/367fdb6a96094de385f902af75ad1194.mp4,MƏN,,unknown,20,30.0,rec_2022-06-01
368d42e9779542daa20444c0f174173b,data/raw/AzSLD_Words_100/MƏN/368d42e9779542daa20444c0f174173b.mp4,MƏN,,unknown,15,30.0,rec_2022-12-15
368dab07ce534625909dcf3f40389d75,data/raw/AzSLD_Words_100/MƏN/368dab07ce534625909dcf3f40389d75.mp4,MƏN,,unknown,15,30.0,rec_2022-07-02
36a10f7c378e4dfaa36f1bc8d8d57c94,data/raw/AzSLD_Words_100/MƏN/36a10f7c378e4dfaa36f1bc8d8d57c94.mp4,MƏN,,unknown,14,30.0,rec_2022-11-19
36af7df59c0c4b38b0251efc05eef60d,data/raw/AzSLD_Words_100/MƏN/36af7df59c0c4b38b0251efc05eef60d.mp4,MƏN,,unknown,15,30.0,rec_2022-07-02
36c68c7acf884d058b5679f95ec4303d,data/raw/AzSLD_Words_100/MƏN/36c68c7acf884d058b5679f95ec4303d.mp4,MƏN,,unknown,8,30.0,rec_2022-07-23
36db23069b6143e4a2a169c6dfc857bf,data/raw/AzSLD_Words_100/MƏN/36db23069b6143e4a2a169c6dfc857bf.mp4,MƏN,,unknown,15,30.0,rec_2022-11-17
36ea610f6a3642d0a2ebe7a696b1f7c6,data/raw/AzSLD_Words_100/MƏN/36ea610f6a3642d0a2ebe7a696b1f7c6.mp4,MƏN,,unknown,20,30.0,rec_2022-11-19
36eb50d74f8b41afa3de99a7df05c122,data/raw/AzSLD_Words_100/MƏN/36eb50d74f8b41afa3de99a7df05c122.mp4,MƏN,,unknown,24,30.0,rec_2022-06-03
36ec49ea60f047e89d99c2191bba5c8b,data/raw/AzSLD_Words_100/MƏN/36ec49ea60f047e89d99c2191bba5c8b.mp4,MƏN,,unknown,11,30.0,rec_2022-07-28
3708f9b3a3e749e9a363252031df96e4,data/raw/AzSLD_Words_100/MƏN/3708f9b3a3e749e9a363252031df96e4.mp4,MƏN,,unknown,29,30.0,rec_2022-11-22
370920f0cfea4ea79caccd391dfa1bca,data/raw/AzSLD_Words_100/MƏN/370920f0cfea4ea79caccd391dfa1bca.mp4,MƏN,,unknown,22,30.0,rec_2022-11-17
371f0f128fc24782a292b1b6d4fd35d2,data/raw/AzSLD_Words_100/MƏN/371f0f128fc24782a292b1b6d4fd35d2.mp4,MƏN,,unknown,30,30.0,rec_2022-12-24
3738996437374ce489066562d761d47a,data/raw/AzSLD_Words_100/MƏN/3738996437374ce489066562d761d47a.mp4,MƏN,,unknown,25,30.0,rec_2022-10-28
37468c1039fe4a518e8cb432da011e45,data/raw/AzSLD_Words_100/MƏN/37468c1039fe4a518e8cb432da011e45.mp4,MƏN,,unknown,16,30.0,rec_2022-06-02
374a36e0ab9d406f9f7a1b5e08e9bfab,data/raw/AzSLD_Words_100/MƏN/374a36e0ab9d406f9f7a1b5e08e9bfab.mp4,MƏN,,unknown,14,30.0,rec_2022-12-20
3758d468ad2b4f559bf89c270b60795b,data/raw/AzSLD_Words_100/MƏN/3758d468ad2b4f559bf89c270b60795b.mp4,MƏN,,unknown,9,30.0,rec_2022-12-23
3796468a7cdb4ef98b4a0d2629f70fef,data/raw/AzSLD_Words_100/MƏN/3796468a7cdb4ef98b4a0d2629f70fef.mp4,MƏN,,unknown,25,30.0,rec_2022-06-02
37a08bd206d042b98b4aa85baa65a9ed,data/raw/AzSLD_Words_100/MƏN/37a08bd206d042b98b4aa85baa65a9ed.mp4,MƏN,,unknown,21,30.0,rec_2022-12-20
37af144b13ed4c6abdfb95142df909d2,data/raw/AzSLD_Words_100/MƏN/37af144b13ed4c6abdfb95142df909d2.mp4,MƏN,,unknown,17,30.0,rec_2022-11-10
37deae68fa7a4fa1a08bcd998dcbb5f2,data/raw/AzSLD_Words_100/MƏN/37deae68fa7a4fa1a08bcd998dcbb5f2.mp4,MƏN,,unknown,18,30.0,rec_2022-12-23
37e73bafeef64e06beec6d100029bf6f,data/raw/AzSLD_Words_100/MƏN/37e73bafeef64e06beec6d100029bf6f.mp4,MƏN,,unknown,20,30.0,rec_2022-08-01
37f7d6ae278a44fbb6086b4c6d72effb,data/raw/AzSLD_Words_100/MƏN/37f7d6ae278a44fbb6086b4c6d72effb.mp4,MƏN,,unknown,15,30.0,rec_2022-07-15
38036b9c2a07492a9d85105fd6f716ea,data/raw/AzSLD_Words_100/MƏN/38036b9c2a07492a9d85105fd6f716ea.mp4,MƏN,,unknown,17,30.0,rec_2023-01-19
3807b605921f42fa8cea889a5aa1fcb8,data/raw/AzSLD_Words_100/MƏN/3807b605921f42fa8cea889a5aa1fcb8.mp4,MƏN,,unknown,10,30.0,rec_2022-11-04
38193706d2cf4cdc9415d1ba883afd0a,data/raw/AzSLD_Words_100/MƏN/38193706d2cf4cdc9415d1ba883afd0a.mp4,MƏN,,unknown,8,30.0,rec_2022-07-22
38383f5c74d94a30b1033ee862f6c2c4,data/raw/AzSLD_Words_100/MƏN/38383f5c74d94a30b1033ee862f6c2c4.mp4,MƏN,,unknown,9,30.0,rec_2022-12-27
385b23847daa45379797eb9bc925e555,data/raw/AzSLD_Words_100/MƏN/385b23847daa45379797eb9bc925e555.mp4,MƏN,,unknown,19,30.0,rec_2022-12-27
386261f01869407ba959d871bd4c261c,data/raw/AzSLD_Words_100/MƏN/386261f01869407ba959d871bd4c261c.mp4,MƏN,,unknown,9,30.0,rec_2022-06-01
3892a52d3b3d41f58959c5e7ca12d183,data/raw/AzSLD_Words_100/MƏN/3892a52d3b3d41f58959c5e7ca12d183.mp4,MƏN,,unknown,27,30.0,rec_2022-07-02
38bd1a0cd2ed444f8d7fa2eeeeae4a74,data/raw/AzSLD_Words_100/MƏN/38bd1a0cd2ed444f8d7fa2eeeeae4a74.mp4,MƏN,,unknown,22,30.0,rec_2022-06-02
38c39405a5e340a1921195da8ab34081,data/raw/AzSLD_Words_100/MƏN/38c39405a5e340a1921195da8ab34081.mp4,MƏN,,unknown,20,30.0,rec_2022-12-27
38d8956a08e34e54b9473426d7901faa,data/raw/AzSLD_Words_100/MƏN/38d8956a08e34e54b9473426d7901faa.mp4,MƏN,,unknown,19,30.0,rec_2022-07-18
38f9601c55b44416b2bce6d7217c6f0f,data/raw/AzSLD_Words_100/MƏN/38f9601c55b44416b2bce6d7217c6f0f.mp4,MƏN,,unknown,23,30.0,rec_2022-07-25
390184ae461a462d87aabbff476a16bf,data/raw/AzSLD_Words_100/MƏN/390184ae461a462d87aabbff476a16bf.mp4,MƏN,,unknown,16,30.0,rec_2023-01-17
390297d3aa234fec80fe71443dad1626,data/raw/AzSLD_Words_100/MƏN/390297d3aa234fec80fe71443dad1626.mp4,MƏN,,unknown,14,30.0,rec_2022-10-28
393e9f84cc04439db165c4ffbff04e34,data/raw/AzSLD_Words_100/MƏN/393e9f84cc04439db165c4ffbff04e34.mp4,MƏN,,unknown,19,30.0,rec_2022-12-22
3984c277589f495b8015fa1ad52a0cad,data/raw/AzSLD_Words_100/MƏN/3984c277589f495b8015fa1ad52a0cad.mp4,MƏN,,unknown,19,30.0,rec_2022-06-02
39879ed1765c48588bf4999df1f3afa9,data/raw/AzSLD_Words_100/MƏN/39879ed1765c48588bf4999df1f3afa9.mp4,MƏN,,unknown,14,30.0,rec_2022-11-04
399941736bfb45c293340ebd1518445c,data/raw/AzSLD_Words_100/MƏN/399941736bfb45c293340ebd1518445c.mp4,MƏN,,unknown,17,30.0,rec_2022-12-24
39bc86f82b254bcd82a930a173a6770b,data/raw/AzSLD_Words_100/MƏN/39bc86f82b254bcd82a930a173a6770b.mp4,MƏN,,unknown,11,30.0,rec_2022-11-10
39e2447dbcf747408acd0da7614a1d90,data/raw/AzSLD_Words_100/MƏN/39e2447dbcf747408acd0da7614a1d90.mp4,MƏN,,unknown,18,30.0,rec_2022-12-24
39e3f3b88e1547b98078a8599bc82409,data/raw/AzSLD_Words_100/MƏN/39e3f3b88e1547b98078a8599bc82409.mp4,MƏN,,unknown,19,30.0,rec_2022-12-22
39ed738206f14900a259ddce1344ba9d,data/raw/AzSLD_Words_100/MƏN/39ed738206f14900a259ddce1344ba9d.mp4,MƏN,,unknown,26,30.0,rec_2022-05-31
3a072f858ff047d58df97ad0a6f599e4,data/raw/AzSLD_Words_100/MƏN/3a072f858ff047d58df97ad0a6f599e4.mp4,MƏN,,unknown,24,30.0,rec_2022-11-17
3a30a1c860ed47f9a44c90063ed73e94,data/raw/AzSLD_Words_100/MƏN/3a30a1c860ed47f9a44c90063ed73e94.mp4,MƏN,,unknown,36,30.0,rec_2022-06-01
3aa4cb873a3347448e1e5d727ab63817,data/raw/AzSLD_Words_100/MƏN/3aa4cb873a3347448e1e5d727ab63817.mp4,MƏN,,unknown,11,30.0,rec_2022-07-21
3abd9b80ec4541e6ba792dbaf5b7dc6d,data/raw/AzSLD_Words_100/MƏN/3abd9b80ec4541e6ba792dbaf5b7dc6d.mp4,MƏN,,unknown,22,30.0,rec_2022-07-23
3ac982f9694b4fcd8a74dd3c47c32c87,data/raw/AzSLD_Words_100/MƏN/3ac982f9694b4fcd8a74dd3c47c32c87.mp4,MƏN,,unknown,16,30.0,rec_2022-07-23
3acf6aeb4d744297b6b90cd7e9fafc41,data/raw/AzSLD_Words_100/MƏN/3acf6aeb4d744297b6b90cd7e9fafc41.mp4,MƏN,,unknown,12,30.0,rec_2022-07-18
3ae99244c6d542a7bcebc24c9bacd36d,data/raw/AzSLD_Words_100/MƏN/3ae99244c6d542a7bcebc24c9bacd36d.mp4,MƏN,,unknown,12,30.0,rec_2022-12-27
3afdfb69a8744c35a5781d37668ad22e,data/raw/AzSLD_Words_100/MƏN/3afdfb69a8744c35a5781d37668ad22e.mp4,MƏN,,unknown,16,30.0,rec_2022-07-18
3b545b141dcd460295220bc80003bc21,data/raw/AzSLD_Words_100/MƏN/3b545b141dcd460295220bc80003bc21.mp4,MƏN,,unknown,33,30.0,rec_2022-05-31
3b63918e98834292a29ca26194908f89,data/raw/AzSLD_Words_100/MƏN/3b63918e98834292a29ca26194908f89.mp4,MƏN,,unknown,21,30.0,rec_2022-12-24
3b6a8d42d75a4967893c6b5bee5cfa42,data/raw/AzSLD_Words_100/MƏN/3b6a8d42d75a4967893c6b5bee5cfa42.mp4,MƏN,,unknown,11,30.0,rec_2022-12-22
3b6adb0047e4433c9a95449bb967ecd4,data/raw/AzSLD_Words_100/MƏN/3b6adb0047e4433c9a95449bb967ecd4.mp4,MƏN,,unknown,15,30.0,rec_2022-06-01
3b73d10e269141d8b3987b42b627a485,data/raw/AzSLD_Words_100/MƏN/3b73d10e269141d8b3987b42b627a485.mp4,MƏN,,unknown,14,30.0,
3b8723d096c24065a2032ee84c3d83e0,data/raw/AzSLD_Words_100/MƏN/3b8723d096c24065a2032ee84c3d83e0.mp4,MƏN,,unknown,11,30.0,rec_2022-12-27
3b8dc0a928764eeeb217847dc20919b2,data/raw/AzSLD_Words_100/MƏN/3b8dc0a928764eeeb217847dc20919b2.mp4,MƏN,,unknown,12,30.0,rec_2022-07-23
3b937c55468e49cfbdea1feaf6812ce5,data/raw/AzSLD_Words_100/MƏN/3b937c55468e49cfbdea1feaf6812ce5.mp4,MƏN,,unknown,1,30.0,rec_2022-11-01
3bb1638ee75b493aa8bb0562cb2ca6fa,data/raw/AzSLD_Words_100/MƏN/3bb1638ee75b493aa8bb0562cb2ca6fa.mp4,MƏN,,unknown,42,30.0,rec_2022-05-26
3bcc2e27b656423a82f14d0caa3e4369,data/raw/AzSLD_Words_100/MƏN/3bcc2e27b656423a82f14d0caa3e4369.mp4,MƏN,,unknown,12,30.0,rec_2022-07-21
3be5bfd869c64c64a8f25ede6d5f9808,data/raw/AzSLD_Words_100/MƏN/3be5bfd869c64c64a8f25ede6d5f9808.mp4,MƏN,,unknown,17,30.0,rec_2022-12-15
3c22fff34d8b41458d3c4828f7e12a47,data/raw/AzSLD_Words_100/MƏN/3c22fff34d8b41458d3c4828f7e12a47.mp4,MƏN,,unknown,17,30.0,rec_2022-12-24
3c400cfdc5e7479b8a47eef94988435c,data/raw/AzSLD_Words_100/MƏN/3c400cfdc5e7479b8a47eef94988435c.mp4,MƏN,,unknown,16,30.0,rec_2022-08-02
3c802ab96f1e42dabfee685269fd6494,data/raw/AzSLD_Words_100/MƏN/3c802ab96f1e42dabfee685269fd6494.mp4,MƏN,,unknown,26,30.0,rec_2022-06-11
3c8cd51d26ea426794890e2a21571190,data/raw/AzSLD_Words_100/MƏN/3c8cd51d26ea426794890e2a21571190.mp4,MƏN,,unknown,14,30.0,rec_2022-08-02
3c91a0f1b6db4ff4b17fd89d3eebbeaa,data/raw/AzSLD_Words_100/MƏN/3c91a0f1b6db4ff4b17fd89d3eebbeaa.mp4,MƏN,,unknown,24,30.0,rec_2022-06-11
3cbfeab40071451ba2b533089bb8a6d5,data/raw/AzSLD_Words_100/MƏN/3cbfeab40071451ba2b533089bb8a6d5.mp4,MƏN,,unknown,21,30.0,rec_2022-11-19
3cc7242444c4476293748948f1bd960d,data/raw/AzSLD_Words_100/MƏN/3cc7242444c4476293748948f1bd960d.mp4,MƏN,,unknown,13,30.0,rec_2022-12-23
3cc9bd59d76340619b37fd75e1a7d8a6,data/raw/AzSLD_Words_100/MƏN/3cc9bd59d76340619b37fd75e1a7d8a6.mp4,MƏN,,unknown,15,30.0,rec_2022-12-20
3cf97b9ceceb48aebdf54737f9133cd6,data/raw/AzSLD_Words_100/MƏN/3cf97b9ceceb48aebdf54737f9133cd6.mp4,MƏN,,unknown,13,30.0,rec_2022-08-02
3d1771f777464055ad1b0e0b9313b841,data/raw/AzSLD_Words_100/MƏN/3d1771f777464055ad1b0e0b9313b841.mp4,MƏN,,unknown,27,30.0,rec_2022-04-26
3d253d95bd8e4ecdbd62ffaf3920fd1d,data/raw/AzSLD_Words_100/MƏN/3d253d95bd8e4ecdbd62ffaf3920fd1d.mp4,MƏN,,unknown,16,30.0,rec_2022-12-24
3d5535cc5a0e49ef97b2db9c470afcd0,data/raw/AzSLD_Words_100/MƏN/3d5535cc5a0e49ef97b2db9c470afcd0.mp4,MƏN,,unknown,24,30.0,rec_2022-12-22
3d57c0e4c37648bebbbf1aa47d18d6e5,data/raw/AzSLD_Words_100/MƏN/3d57c0e4c37648bebbbf1aa47d18d6e5.mp4,MƏN,,unknown,26,30.0,rec_2022-12-17
3dbc5264bcec4a848e587cc46fea10ef,data/raw/AzSLD_Words_100/MƏN/3dbc5264bcec4a848e587cc46fea10ef.mp4,MƏN,,unknown,18,30.0,rec_2022-12-28
3dffe859b0604a81b1e6a9e3cfa99c53,data/raw/AzSLD_Words_100/MƏN/3dffe859b0604a81b1e6a9e3cfa99c53.mp4,MƏN,,unknown,15,30.0,rec_2022-07-18
3e06ce6d1b434158a7127fbeb32d2c96,data/raw/AzSLD_Words_100/MƏN/3e06ce6d1b434158a7127fbeb32d2c96.mp4,MƏN,,unknown,13,30.0,rec_2022-07-22
3e260caedfe4430894ac9afc7e779ae4,data/raw/AzSLD_Words_100/MƏN/3e260caedfe4430894ac9afc7e779ae4.mp4,MƏN,,unknown,21,30.0,rec_2022-12-15
3e2e1b755d0449f2a80f61602151ec1c,data/raw/AzSLD_Words_100/MƏN/3e2e1b755d0449f2a80f61602151ec1c.mp4,MƏN,,unknown,16,30.0,rec_2022-12-27
3e645e59d973487eb94e80bbbfa9e122,data/raw/AzSLD_Words_100/MƏN/3e645e59d973487eb94e80bbbfa9e122.mp4,MƏN,,unknown,14,30.0,rec_2022-12-17
3e7d87bfbbd94f7a8fcd89df2235ba3f,data/raw/AzSLD_Words_100/MƏN/3e7d87bfbbd94f7a8fcd89df2235ba3f.mp4,MƏN,,unknown,11,30.0,rec_2022-12-17
3e8e7851398c4f2fb9f5385022a75ee0,data/raw/AzSLD_Words_100/MƏN/3e8e7851398c4f2fb9f5385022a75ee0.mp4,MƏN,,unknown,9,30.0,rec_2022-12-23
3eaf9c05a8a94ec58cd864a72014dea7,data/raw/AzSLD_Words_100/MƏN/3eaf9c05a8a94ec58cd864a72014dea7.mp4,MƏN,,unknown,24,30.0,rec_2022-12-27
3ec179899d554c4e81475651bdc46b42,data/raw/AzSLD_Words_100/MƏN/3ec179899d554c4e81475651bdc46b42.mp4,MƏN,,unknown,17,30.0,rec_2022-07-15
3ed469da81b9484a8b406428ac604cae,data/raw/AzSLD_Words_100/MƏN/3ed469da81b9484a8b406428ac604cae.mp4,MƏN,,unknown,16,30.0,rec_2022-10-28
3ee3ec1d1b8543429b7bbb0b72ba10dd,data/raw/AzSLD_Words_100/MƏN/3ee3ec1d1b8543429b7bbb0b72ba10dd.mp4,MƏN,,unknown,22,30.0,rec_2022-11-04
3f171713327f4a6c9ccc57556ffd6c36,data/raw/AzSLD_Words_100/MƏN/3f171713327f4a6c9ccc57556ffd6c36.mp4,MƏN,,unknown,24,30.0,rec_2022-06-11
3f1c41d5a1754935af24c0b7aca39234,data/raw/AzSLD_Words_100/MƏN/3f1c41d5a1754935af24c0b7aca39234.mp4,MƏN,,unknown,17,30.0,rec_2022-12-24
3f57b6686b1744028703f0ed47989410,data/raw/AzSLD_Words_100/MƏN/3f57b6686b1744028703f0ed47989410.mp4,MƏN,,unknown,16,30.0,rec_2022-12-22
3f969dffaee845a9abf6afcab2bcd62f,data/raw/AzSLD_Words_100/MƏN/3f969dffaee845a9abf6afcab2bcd62f.mp4,MƏN,,unknown,10,30.0,rec_2022-07-22
3f972a8ce90c4ec9a5bd538cc35eac22,data/raw/AzSLD_Words_100/MƏN/3f972a8ce90c4ec9a5bd538cc35eac22.mp4,MƏN,,unknown,11,30.0,rec_2022-07-22
3fbcd143141b42a5a14d306f9036b32c,data/raw/AzSLD_Words_100/MƏN/3fbcd143141b42a5a14d306f9036b32c.mp4,MƏN,,unknown,18,30.0,rec_2022-07-02
3fbe00b117ea4af492afb885ffe4eb11,data/raw/AzSLD_Words_100/MƏN/3fbe00b117ea4af492afb885ffe4eb11.mp4,MƏN,,unknown,16,30.0,rec_2022-07-20
3fca7654cb2d4eff8d360e869a80bbc5,data/raw/AzSLD_Words_100/MƏN/3fca7654cb2d4eff8d360e869a80bbc5.mp4,MƏN,,unknown,18,30.0,rec_2022-06-18
3fd17107d0c64449a4f9fdf8ce0137e5,data/raw/AzSLD_Words_100/MƏN/3fd17107d0c64449a4f9fdf8ce0137e5.mp4,MƏN,,unknown,12,30.0,rec_2022-07-25
3fd1fadee7ea47a29d417c8776a41029,data/raw/AzSLD_Words_100/MƏN/3fd1fadee7ea47a29d417c8776a41029.mp4,MƏN,,unknown,10,30.0,rec_2022-11-04
3ff2dcea0f534283b0b30a5cc3e99562,data/raw/AzSLD_Words_100/MƏN/3ff2dcea0f534283b0b30a5cc3e99562.mp4,MƏN,,unknown,17,30.0,rec_2022-06-13
40047de5d89e4de1a39f5ef25b3870a0,data/raw/AzSLD_Words_100/MƏN/40047de5d89e4de1a39f5ef25b3870a0.mp4,MƏN,,unknown,19,30.0,rec_2022-07-02
402342ffd2c64a78a79a4adf73aba762,data/raw/AzSLD_Words_100/MƏN/402342ffd2c64a78a79a4adf73aba762.mp4,MƏN,,unknown,18,30.0,rec_2022-12-27
40250a25674f4cd2af4effca5fbe900d,data/raw/AzSLD_Words_100/MƏN/40250a25674f4cd2af4effca5fbe900d.mp4,MƏN,,unknown,12,30.0,rec_2022-07-18
40282d0efd214b75a8620ca700270b7f,data/raw/AzSLD_Words_100/MƏN/40282d0efd214b75a8620ca700270b7f.mp4,MƏN,,unknown,17,30.0,rec_2022-06-02
40a609f6352b4f649c8f18ef942037f6,data/raw/AzSLD_Words_100/MƏN/40a609f6352b4f649c8f18ef942037f6.mp4,MƏN,,unknown,17,30.0,rec_2022-11-02
40b7d51751cf49e9a839a80bc0e4d1c1,data/raw/AzSLD_Words_100/MƏN/40b7d51751cf49e9a839a80bc0e4d1c1.mp4,MƏN,,unknown,7,30.0,rec_2022-12-17
40c44bea0bfa4784bf5c4668839247e1,data/raw/AzSLD_Words_100/MƏN/40c44bea0bfa4784bf5c4668839247e1.mp4,MƏN,,unknown,16,30.0,rec_2022-12-27
40d196190d3d438a95f39aae62f97036,data/raw/AzSLD_Words_100/MƏN/40d196190d3d438a95f39aae62f97036.mp4,MƏN,,unknown,20,30.0,rec_2022-12-27
40dc03cd098c422ba214e3ac1c682b98,data/raw/AzSLD_Words_100/MƏN/40dc03cd098c422ba214e3ac1c682b98.mp4,MƏN,,unknown,7,30.0,rec_2022-07-13
410089984d7f4f60ab3516f177b96486,data/raw/AzSLD_Words_100/MƏN/410089984d7f4f60ab3516f177b96486.mp4,MƏN,,unknown,22,30.0,rec_2022-12-22
4131aaff8e2f4d218bec75132760a7a8,data/raw/AzSLD_Words_100/MƏN/4131aaff8e2f4d218bec75132760a7a8.mp4,MƏN,,unknown,12,30.0,rec_2022-12-17
414e4801f28047889000ac1252b57d99,data/raw/AzSLD_Words_100/MƏN/414e4801f28047889000ac1252b57d99.mp4,MƏN,,unknown,22,30.0,rec_2022-12-22
41656a1c00e84950a3470cf5a4a0c390,data/raw/AzSLD_Words_100/MƏN/41656a1c00e84950a3470cf5a4a0c390.mp4,MƏN,,unknown,16,30.0,rec_2022-12-23
4195b36adeea460c9db2d200cbe6faeb,data/raw/AzSLD_Words_100/MƏN/4195b36adeea460c9db2d200cbe6faeb.mp4,MƏN,,unknown,14,30.0,rec_2022-07-21
41a446fd1ae0440eb807cf3579c027b0,data/raw/AzSLD_Words_100/MƏN/41a446fd1ae0440eb807cf3579c027b0.mp4,MƏN,,unknown,21,30.0,rec_2022-11-01
41aa2ca9bb7d48acb67860e11694e9f9,data/raw/AzSLD_Words_100/MƏN/41aa2ca9bb7d48acb67860e11694e9f9.mp4,MƏN,,unknown,16,30.0,rec_2022-12-15
41c1bcabbcd74c038fc5dba803f7e75c,data/raw/AzSLD_Words_100/MƏN/41c1bcabbcd74c038fc5dba803f7e75c.mp4,MƏN,,unknown,19,30.0,rec_2022-10-28
41d27c833d4441849562d8622faea63e,data/raw/AzSLD_Words_100/MƏN/41d27c833d4441849562d8622faea63e.mp4,MƏN,,unknown,9,30.0,rec_2022-07-23
41e36736686d4b21968ced4a97ef05bd,data/raw/AzSLD_Words_100/MƏN/41e36736686d4b21968ced4a97ef05bd.mp4,MƏN,,unknown,24,30.0,rec_2022-12-17
41f2513b20804e8894425413e76f1e7b,data/raw/AzSLD_Words_100/MƏN/41f2513b20804e8894425413e76f1e7b.mp4,MƏN,,unknown,21,30.0,rec_2022-11-17
41fb9267e46f432294eef1535d0eea7d,data/raw/AzSLD_Words_100/MƏN/41fb9267e46f432294eef1535d0eea7d.mp4,MƏN,,unknown,14,30.0,rec_2023-01-18
41ffebf8ec9c437e982157858b3c9a7d,data/raw/AzSLD_Words_100/MƏN/41ffebf8ec9c437e982157858b3c9a7d.mp4,MƏN,,unknown,8,30.0,rec_2022-07-18
42069810a3b94079a3af55e67d9cb7a8,data/raw/AzSLD_Words_100/MƏN/42069810a3b94079a3af55e67d9cb7a8.mp4,MƏN,,unknown,14,30.0,rec_2022-06-18
42117f71e274499a9a1b0178ef723b79,data/raw/AzSLD_Words_100/MƏN/42117f71e274499a9a1b0178ef723b79.mp4,MƏN,,unknown,18,30.0,rec_2022-06-02
421c8a0cd6304ad8a3e74199c3af1ecf,data/raw/AzSLD_Words_100/MƏN/421c8a0cd6304ad8a3e74199c3af1ecf.mp4,MƏN,,unknown,15,30.0,rec_2022-12-16
4232ae3101234f378b1f19602d496e4f,data/raw/AzSLD_Words_100/MƏN/4232ae3101234f378b1f19602d496e4f.mp4,MƏN,,unknown,26,30.0,rec_2022-12-17
4243e21ee3f04ce986bfd3b905cef40b,data/raw/AzSLD_Words_100/MƏN/4243e21ee3f04ce986bfd3b905cef40b.mp4,MƏN,,unknown,20,30.0,rec_2022-12-24
42625b1205d44dc390253147ba842d9a,data/raw/AzSLD_Words_100/MƏN/42625b1205d44dc390253147ba842d9a.mp4,MƏN,,unknown,16,30.0,rec_2022-06-13
42cd97559d924427a672b0b0526637c8,data/raw/AzSLD_Words_100/MƏN/42cd97559d924427a672b0b0526637c8.mp4,MƏN,,unknown,29,30.0,rec_2022-11-18
42d18fff302f4e048fa06c1d9b31f3d4,data/raw/AzSLD_Words_100/MƏN/42d18fff302f4e048fa06c1d9b31f3d4.mp4,MƏN,,unknown,9,30.0,rec_2022-07-18
42f62fc8bdeb452986f10478cff9c02d,data/raw/AzSLD_Words_100/MƏN/42f62fc8bdeb452986f10478cff9c02d.mp4,MƏN,,unknown,10,30.0,
430ccdf77df5497688e3e18239ae0162,data/raw/AzSLD_Words_100/MƏN/430ccdf77df5497688e3e18239ae0162.mp4,MƏN,,unknown,16,30.0,rec_2022-11-01
4332debfbeee48db9e827ec254636a99,data/raw/AzSLD_Words_100/MƏN/4332debfbeee48db9e827ec254636a99.mp4,MƏN,,unknown,22,30.0,rec_2022-12-17
43338b45e30c4b31965777e3d0e6cd6b,data/raw/AzSLD_Words_100/MƏN/43338b45e30c4b31965777e3d0e6cd6b.mp4,MƏN,,unknown,17,30.0,rec_2022-11-02
4353f369a18743c1b2eaa0f2f4a7d719,data/raw/AzSLD_Words_100/MƏN/4353f369a18743c1b2eaa0f2f4a7d719.mp4,MƏN,,unknown,25,30.0,rec_2022-11-02
4362b048aa5f401cbea55fe5872ce6c1,data/raw/AzSLD_Words_100/MƏN/4362b048aa5f401cbea55fe5872ce6c1.mp4,MƏN,,unknown,16,30.0,rec_2022-12-23
436e76118442498fb1dfc845f873b172,data/raw/AzSLD_Words_100/MƏN/436e76118442498fb1dfc845f873b172.mp4,MƏN,,unknown,20,30.0,rec_2022-06-10
4380afa05d874fd4aaa693587c119aa7,data/raw/AzSLD_Words_100/MƏN/4380afa05d874fd4aaa693587c119aa7.mp4,MƏN,,unknown,13,30.0,rec_2022-07-18
43bf0c9fec664eeb9df5a1958c21f2eb,data/raw/AzSLD_Words_100/MƏN/43bf0c9fec664eeb9df5a1958c21f2eb.mp4,MƏN,,unknown,9,30.0,rec_2022-12-28
44025426ee7644c2892c85f1756ddae2,data/raw/AzSLD_Words_100/MƏN/44025426ee7644c2892c85f1756ddae2.mp4,MƏN,,unknown,27,30.0,rec_2022-12-27
440d9469c2774d4d94508d13c72299ce,data/raw/AzSLD_Words_100/MƏN/440d9469c2774d4d94508d13c72299ce.mp4,MƏN,,unknown,12,30.0,rec_2022-11-04
4432c1f36b1749f98d5c2191af65324f,data/raw/AzSLD_Words_100/MƏN/4432c1f36b1749f98d5c2191af65324f.mp4,MƏN,,unknown,19,30.0,rec_2022-12-22
443b3b0bc1b54b04b4b5d5f962a0eb51,data/raw/AzSLD_Words_100/MƏN/443b3b0bc1b54b04b4b5d5f962a0eb51.mp4,MƏN,,unknown,15,30.0,rec_2022-12-22
445343f6378d4388a625dc61ef144c45,data/raw/AzSLD_Words_100/MƏN/445343f6378d4388a625dc61ef144c45.mp4,MƏN,,unknown,23,30.0,rec_2022-05-31
44542c277afb4869a36fb4ad80d1a6e3,data/raw/AzSLD_Words_100/MƏN/44542c277afb4869a36fb4ad80d1a6e3.mp4,MƏN,,unknown,16,30.0,rec_2022-07-20
445df497cb3c42adb3aa9400232db306,data/raw/AzSLD_Words_100/MƏN/445df497cb3c42adb3aa9400232db306.mp4,MƏN,,unknown,13,30.0,rec_2022-12-20
4470b619d7104ccfb5e7191276543a3f,data/raw/AzSLD_Words_100/MƏN/4470b619d7104ccfb5e7191276543a3f.mp4,MƏN,,unknown,20,30.0,rec_2022-12-27
44b8915a8509459588d2e5df3b1214af,data/raw/AzSLD_Words_100/MƏN/44b8915a8509459588d2e5df3b1214af.mp4,MƏN,,unknown,22,30.0,rec_2022-10-26
44c1c43a35b04ccda89c551ac41d3744,data/raw/AzSLD_Words_100/MƏN/44c1c43a35b04ccda89c551ac41d3744.mp4,MƏN,,unknown,16,30.0,rec_2022-05-24
44dd44f4672e4e0c8de7d75280c55716,data/raw/AzSLD_Words_100/MƏN/44dd44f4672e4e0c8de7d75280c55716.mp4,MƏN,,unknown,15,30.0,rec_2022-06-18
44f41040352a4d689e725bd304ffbe8e,data/raw/AzSLD_Words_100/MƏN/44f41040352a4d689e725bd304ffbe8e.mp4,MƏN,,unknown,21,30.0,rec_2022-06-11
452e50b1291e46ec80773c28fe6e24aa,data/raw/AzSLD_Words_100/MƏN/452e50b1291e46ec80773c28fe6e24aa.mp4,MƏN,,unknown,13,30.0,rec_2022-06-16
454d4a9da5174f85a646cf06e41be154,data/raw/AzSLD_Words_100/MƏN/454d4a9da5174f85a646cf06e41be154.mp4,MƏN,,unknown,24,30.0,rec_2022-12-17
455a238dd95c42399cebeb76da5404f8,data/raw/AzSLD_Words_100/MƏN/455a238dd95c42399cebeb76da5404f8.mp4,MƏN,,unknown,15,30.0,rec_2022-11-19
456168dbb37845fdb7f60704953ccd7f,data/raw/AzSLD_Words_100/MƏN/456168dbb37845fdb7f60704953ccd7f.mp4,MƏN,,unknown,16,30.0,rec_2022-10-28
4569969de36b4ad39f9eae935ec07965,data/raw/AzSLD_Words_100/MƏN/4569969de36b4ad39f9eae935ec07965.mp4,MƏN,,unknown,21,30.0,rec_2022-12-23
456a3bf9307542b4b53c160186dbc1dc,data/raw/AzSLD_Words_100/MƏN/456a3bf9307542b4b53c160186dbc1dc.mp4,MƏN,,unknown,27,30.0,rec_2022-10-28
45a0019312314984aaf41e6820246400,data/raw/AzSLD_Words_100/MƏN/45a0019312314984aaf41e6820246400.mp4,MƏN,,unknown,17,30.0,rec_2022-12-22
45a34218411d4eb7ad1ed390592b308c,data/raw/AzSLD_Words_100/MƏN/45a34218411d4eb7ad1ed390592b308c.mp4,MƏN,,unknown,22,30.0,rec_2023-01-17
45aff6688232415f85c6b91372893825,data/raw/AzSLD_Words_100/MƏN/45aff6688232415f85c6b91372893825.mp4,MƏN,,unknown,14,30.0,rec_2022-11-04
45c9f16411004fdca45554ea1e30a0d5,data/raw/AzSLD_Words_100/MƏN/45c9f16411004fdca45554ea1e30a0d5.mp4,MƏN,,unknown,17,30.0,rec_2022-07-18
45d5962cb3d54203ad79d530ea9a6d2f,data/raw/AzSLD_Words_100/MƏN/45d5962cb3d54203ad79d530ea9a6d2f.mp4,MƏN,,unknown,15,30.0,rec_2022-12-23
45d7391cc7a94599908c7bc8191cf255,data/raw/AzSLD_Words_100/MƏN/45d7391cc7a94599908c7bc8191cf255.mp4,MƏN,,unknown,21,30.0,rec_2022-12-15
45e3191e590c48508a30ee80c053fe09,data/raw/AzSLD_Words_100/MƏN/45e3191e590c48508a30ee80c053fe09.mp4,MƏN,,unknown,16,30.0,rec_2022-12-17
45e321b4b04844a68bf12ee5b4f1110f,data/raw/AzSLD_Words_100/MƏN/45e321b4b04844a68bf12ee5b4f1110f.mp4,MƏN,,unknown,11,30.0,rec_2022-12-20
45e9b707f5d04af6bc1851bdb65dd3c8,data/raw/AzSLD_Words_100/MƏN/45e9b707f5d04af6bc1851bdb65dd3c8.mp4,MƏN,,unknown,11,30.0,rec_2022-07-20
46313f8ffbbe498e9c8861aa3d5ea5d5,data/raw/AzSLD_Words_100/MƏN/46313f8ffbbe498e9c8861aa3d5ea5d5.mp4,MƏN,,unknown,15,30.0,rec_2023-01-18
463333588c294991aedde17df5086b09,data/raw/AzSLD_Words_100/MƏN/463333588c294991aedde17df5086b09.mp4,MƏN,,unknown,12,30.0,rec_2022-11-10
465c5d67a57444ac870c508ba1d2045b,data/raw/AzSLD_Words_100/MƏN/465c5d67a57444ac870c508ba1d2045b.mp4,MƏN,,unknown,15,30.0,rec_2022-05-24
465f8e9126b0422eb91124f9ebdd7cc7,data/raw/AzSLD_Words_100/MƏN/465f8e9126b0422eb91124f9ebdd7cc7.mp4,MƏN,,unknown,10,30.0,rec_2022-07-22
466c2fb8d85e4d6bbc3d93c5ce9c4b7f,data/raw/AzSLD_Words_100/MƏN/466c2fb8d85e4d6bbc3d93c5ce9c4b7f.mp4,MƏN,,unknown,23,30.0,rec_2022-11-19
46888059eeb74b54922e9e026d0ad076,data/raw/AzSLD_Words_100/MƏN/46888059eeb74b54922e9e026d0ad076.mp4,MƏN,,unknown,13,30.0,rec_2022-07-23
46b650093fb543958eb52a1f264a40f4,data/raw/AzSLD_Words_100/MƏN/46b650093fb543958eb52a1f264a40f4.mp4,MƏN,,unknown,31,30.0,rec_2022-05-25
46d206f99bf3437d80dfd55e7804282e,data/raw/AzSLD_Words_100/MƏN/46d206f99bf3437d80dfd55e7804282e.mp4,MƏN,,unknown,13,30.0,rec_2022-07-23
470610c416ed432f90894dc52eb8ad62,data/raw/AzSLD_Words_100/MƏN/470610c416ed432f90894dc52eb8ad62.mp4,MƏN,,unknown,25,30.0,rec_2022-12-23
47092e2d0b0f49bebb16b86928797dd8,data/raw/AzSLD_Words_100/MƏN/47092e2d0b0f49bebb16b86928797dd8.mp4,MƏN,,unknown,15,30.0,rec_2022-07-18
470f912127bc4158a09d177ae3fbf19b,data/raw/AzSLD_Words_100/MƏN/470f912127bc4158a09d177ae3fbf19b.mp4,MƏN,,unknown,23,30.0,rec_2023-01-19
4725671b8ed842fc974ed77d26c6ca1f,data/raw/AzSLD_Words_100/MƏN/4725671b8ed842fc974ed77d26c6ca1f.mp4,MƏN,,unknown,18,30.0,rec_2022-12-22
472b507b782042eb9286de816d50cd97,data/raw/AzSLD_Words_100/MƏN/472b507b782042eb9286de816d50cd97.mp4,MƏN,,unknown,24,30.0,rec_2022-08-02
472ebd263bd74f94b5b38d0a447c8c8e,data/raw/AzSLD_Words_100/MƏN/472ebd263bd74f94b5b38d0a447c8c8e.mp4,MƏN,,unknown,15,30.0,rec_2022-07-01
4739c2a6524846f784efd3769aa9c0d9,data/raw/AzSLD_Words_100/MƏN/4739c2a6524846f784efd3769aa9c0d9.mp4,MƏN,,unknown,11,30.0,rec_2022-12-20
473fb17575104eab82f7adfc7affa4c4,data/raw/AzSLD_Words_100/MƏN/473fb17575104eab82f7adfc7affa4c4.mp4,MƏN,,unknown,14,30.0,rec_2022-11-10
474c6d644e254e1a9f9bcaeb57d219f9,data/raw/AzSLD_Words_100/MƏN/474c6d644e254e1a9f9bcaeb57d219f9.mp4,MƏN,,unknown,21,30.0,rec_2022-06-11
4779db20a4cd47bd9bb6ca7e68631927,data/raw/AzSLD_Words_100/MƏN/4779db20a4cd47bd9bb6ca7e68631927.mp4,MƏN,,unknown,13,30.0,rec_2022-06-10
47a43f6661d44e1e9a7700c4a676d8d2,data/raw/AzSLD_Words_100/MƏN/47a43f6661d44e1e9a7700c4a676d8d2.mp4,MƏN,,unknown,19,30.0,rec_2022-06-02
47b2eaa72bd544dc8d2154d461a8d054,data/raw/AzSLD_Words_100/MƏN/47b2eaa72bd544dc8d2154d461a8d054.mp4,MƏN,,unknown,11,30.0,rec_2022-07-22
47b44d2c49be4c2298bec37e9687c0be,data/raw/AzSLD_Words_100/MƏN/47b44d2c49be4c2298bec37e9687c0be.mp4,MƏN,,unknown,14,30.0,rec_2022-07-25
47ba5e23d3ad44a4aa5d841a9db7d0b1,data/raw/AzSLD_Words_100/MƏN/47ba5e23d3ad44a4aa5d841a9db7d0b1.mp4,MƏN,,unknown,15,30.0,rec_2022-07-21
47cfae375d7d43a4ab94e7ce04ebd561,data/raw/AzSLD_Words_100/MƏN/47cfae375d7d43a4ab94e7ce04ebd561.mp4,MƏN,,unknown,11,30.0,rec_2022-12-23
47d5ca072d7f46a0b1dc57ebe0104f67,data/raw/AzSLD_Words_100/MƏN/47d5ca072d7f46a0b1dc57ebe0104f67.mp4,MƏN,,unknown,15,30.0,rec_2022-11-10
47dee37164f64bd897873781ad6f404a,data/raw/AzSLD_Words_100/MƏN/47dee37164f64bd897873781ad6f404a.mp4,MƏN,,unknown,27,30.0,rec_2022-11-22
47fb475809284d05bfc52704cb4bc30c,data/raw/AzSLD_Words_100/MƏN/47fb475809284d05bfc52704cb4bc30c.mp4,MƏN,,unknown,19,30.0,rec_2022-07-28
482263e1344a40cfa66b4bce8e42490e,data/raw/AzSLD_Words_100/MƏN/482263e1344a40cfa66b4bce8e42490e.mp4,MƏN,,unknown,12,30.0,rec_2022-07-18
4836aadde1b042d8983f88a62694ff5b,data/raw/AzSLD_Words_100/MƏN/4836aadde1b042d8983f88a62694ff5b.mp4,MƏN,,unknown,27,30.0,rec_2022-12-20
4841443fbe7445699fe23c422fde3db6,data/raw/AzSLD_Words_100/MƏN/4841443fbe7445699fe23c422fde3db6.mp4,MƏN,,unknown,19,30.0,rec_2022-12-15
48531c1656c440d5a8418d7b127d8c22,data/raw/AzSLD_Words_100/MƏN/48531c1656c440d5a8418d7b127d8c22.mp4,MƏN,,unknown,20,30.0,rec_2022-10-26
48534b2b2597487da5874b6c8598e207,data/raw/AzSLD_Words_100/MƏN/48534b2b2597487da5874b6c8598e207.mp4,MƏN,,unknown,17,30.0,rec_2022-07-20
485f771114b8480290877a5dc07984d4,data/raw/AzSLD_Words_100/MƏN/485f771114b8480290877a5dc07984d4.mp4,MƏN,,unknown,10,30.0,rec_2022-07-13
48649ffbe6134e0b8517cfa7f185e72d,data/raw/AzSLD_Words_100/MƏN/48649ffbe6134e0b8517cfa7f185e72d.mp4,MƏN,,unknown,22,30.0,rec_2022-06-11
4865c76d3dc744e5bd9d39a9ea8bffa3,data/raw/AzSLD_Words_100/MƏN/4865c76d3dc744e5bd9d39a9ea8bffa3.mp4,MƏN,,unknown,18,30.0,rec_2022-07-21
487a470b2d9a49b7a5160257fde38428,data/raw/AzSLD_Words_100/MƏN/487a470b2d9a49b7a5160257fde38428.mp4,MƏN,,unknown,12,30.0,rec_2022-07-16
4880a156943046dba8b195e8055e9055,data/raw/AzSLD_Words_100/MƏN/4880a156943046dba8b195e8055e9055.mp4,MƏN,,unknown,17,30.0,rec_2022-12-20
488d60946e224b7991e65ab7f8d9f351,data/raw/AzSLD_Words_100/MƏN/488d60946e224b7991e65ab7f8d9f351.mp4,MƏN,,unknown,10,30.0,rec_2022-11-18
489dff67c2664dbeac7daf55893ffbb9,data/raw/AzSLD_Words_100/MƏN/489dff67c2664dbeac7daf55893ffbb9.mp4,MƏN,,unknown,20,30.0,rec_2022-12-23
48bb1bf3a7224b139d900184db7b88d9,data/raw/AzSLD_Words_100/MƏN/48bb1bf3a7224b139d900184db7b88d9.mp4,MƏN,,unknown,24,30.0,rec_2022-05-26
48c63570547e439e97d25285fe208a0c,data/raw/AzSLD_Words_100/MƏN/48c63570547e439e97d25285fe208a0c.mp4,MƏN,,unknown,11,30.0,rec_2022-11-17
48edbbb49607405a99691ed0f41aa565,data/raw/AzSLD_Words_100/MƏN/48edbbb49607405a99691ed0f41aa565.mp4,MƏN,,unknown,17,30.0,rec_2022-07-23
48fd1ac5c67b4a74a92cac0a5ebb9a56,data/raw/AzSLD_Words_100/MƏN/48fd1ac5c67b4a74a92cac0a5ebb9a56.mp4,MƏN,,unknown,13,30.0,rec_2022-12-17
4924651f61e04bc5af0db986492cfa46,data/raw/AzSLD_Words_100/MƏN/4924651f61e04bc5af0db986492cfa46.mp4,MƏN,,unknown,31,30.0,rec_2022-06-10
495c4ef71540409c81756f7ac473de3f,data/raw/AzSLD_Words_100/MƏN/495c4ef71540409c81756f7ac473de3f.mp4,MƏN,,unknown,27,30.0,rec_2022-08-01
49816183b5e643939547d7315048cf5c,data/raw/AzSLD_Words_100/MƏN/49816183b5e643939547d7315048cf5c.mp4,MƏN,,unknown,10,30.0,rec_2022-05-31
49944659958e4a329f44c3b89d776263,data/raw/AzSLD_Words_100/MƏN/49944659958e4a329f44c3b89d776263.mp4,MƏN,,unknown,19,30.0,rec_2022-06-13
49c213c0bac246479483124c10bac59d,data/raw/AzSLD_Words_100/MƏN/49c213c0bac246479483124c10bac59d.mp4,MƏN,,unknown,23,30.0,rec_2022-07-18
49cf7cbbaa0d4feda645f19b2c8275ce,data/raw/AzSLD_Words_100/MƏN/49cf7cbbaa0d4feda645f19b2c8275ce.mp4,MƏN,,unknown,18,30.0,rec_2022-12-15
49e459ea1bd7422f80178f123061d8a7,data/raw/AzSLD_Words_100/MƏN/49e459ea1bd7422f80178f123061d8a7.mp4,MƏN,,unknown,24,30.0,rec_2022-11-22
49e6ac359c3e4612b63b219cb94d310d,data/raw/AzSLD_Words_100/MƏN/49e6ac359c3e4612b63b219cb94d310d.mp4,MƏN,,unknown,18,30.0,rec_2022-10-28
4a300b161f1641af9acb1e85151e5a2f,data/raw/AzSLD_Words_100/MƏN/4a300b161f1641af9acb1e85151e5a2f.mp4,MƏN,,unknown,28,30.0,rec_2022-07-22
4a560f92353f4276a3e716f0a1170f12,data/raw/AzSLD_Words_100/MƏN/4a560f92353f4276a3e716f0a1170f12.mp4,MƏN,,unknown,26,30.0,rec_2022-08-02
4a5c10b93a664861ac3ad599a7f27e40,data/raw/AzSLD_Words_100/MƏN/4a5c10b93a664861ac3ad599a7f27e40.mp4,MƏN,,unknown,19,30.0,rec_2022-12-27
4a6af00ac0114ffc8842706a71965d31,data/raw/AzSLD_Words_100/MƏN/4a6af00ac0114ffc8842706a71965d31.mp4,MƏN,,unknown,19,30.0,rec_2022-12-22
4a91f3fe7b64419aaae53c2938a28fd0,data/raw/AzSLD_Words_100/MƏN/4a91f3fe7b64419aaae53c2938a28fd0.mp4,MƏN,,unknown,13,30.0,rec_2022-07-22
4abc7fa9485e4d87a190592507bc5719,data/raw/AzSLD_Words_100/MƏN/4abc7fa9485e4d87a190592507bc5719.mp4,MƏN,,unknown,20,30.0,rec_2022-12-23
4acafafc2216447e86ee1471b2aa4fe7,data/raw/AzSLD_Words_100/MƏN/4acafafc2216447e86ee1471b2aa4fe7.mp4,MƏN,,unknown,13,30.0,rec_2022-07-20
4acc3a72f10f48eb88c8046c1ee9b64f,data/raw/AzSLD_Words_100/MƏN/4acc3a72f10f48eb88c8046c1ee9b64f.mp4,MƏN,,unknown,17,30.0,rec_2022-12-27
4b097ca72879457c88500693ac7e1351,data/raw/AzSLD_Words_100/MƏN/4b097ca72879457c88500693ac7e1351.mp4,MƏN,,unknown,25,30.0,rec_2022-07-21
4b1689e71d834ede97e14ce3e147d549,data/raw/AzSLD_Words_100/MƏN/4b1689e71d834ede97e14ce3e147d549.mp4,MƏN,,unknown,15,30.0,rec_2022-05-31
4b373c7067a04211b2b49fcdaa21238e,data/raw/AzSLD_Words_100/MƏN/4b373c7067a04211b2b49fcdaa21238e.mp4,MƏN,,unknown,14,30.0,rec_2022-07-13
4bae50a1043e42c490b8745b60207461,data/raw/AzSLD_Words_100/MƏN/4bae50a1043e42c490b8745b60207461.mp4,MƏN,,unknown,18,30.0,rec_2022-08-02
4bbda38748354f1b9c6e84bbfe023a41,data/raw/AzSLD_Words_100/MƏN/4bbda38748354f1b9c6e84bbfe023a41.mp4,MƏN,,unknown,12,30.0,rec_2022-07-18
4bd26290d8384b0dac7b026c213346d3,data/raw/AzSLD_Words_100/MƏN/4bd26290d8384b0dac7b026c213346d3.mp4,MƏN,,unknown,26,30.0,rec_2022-12-27
4bd4eac855504fa994dc70956c6caa9a,data/raw/AzSLD_Words_100/MƏN/4bd4eac855504fa994dc70956c6caa9a.mp4,MƏN,,unknown,16,30.0,rec_2022-11-10
4bded525a0504123be98695b28935c38,data/raw/AzSLD_Words_100/MƏN/4bded525a0504123be98695b28935c38.mp4,MƏN,,unknown,12,30.0,rec_2022-12-15
4c1b8b935c3148ee93d9f6bcb7cf19dd,data/raw/AzSLD_Words_100/MƏN/4c1b8b935c3148ee93d9f6bcb7cf19dd.mp4,MƏN,,unknown,21,30.0,rec_2022-11-19
4c6a84323bfa435598f85267917f8a4d,data/raw/AzSLD_Words_100/MƏN/4c6a84323bfa435598f85267917f8a4d.mp4,MƏN,,unknown,11,30.0,rec_2022-12-15
4c8acfa723b74aa19cf668fb663f94ea,data/raw/AzSLD_Words_100/MƏN/4c8acfa723b74aa19cf668fb663f94ea.mp4,MƏN,,unknown,18,30.0,rec_2022-11-22
4cd8767cb6b74d6d90a71a35bffc8616,data/raw/AzSLD_Words_100/MƏN/4cd8767cb6b74d6d90a71a35bffc8616.mp4,MƏN,,unknown,7,30.0,rec_2022-07-18
4cdaf7fd177b43c198740b93f44099f3,data/raw/AzSLD_Words_100/MƏN/4cdaf7fd177b43c198740b93f44099f3.mp4,MƏN,,unknown,23,30.0,rec_2022-12-20
4cdf6ac6ac2b4544a5992bec2aecaf90,data/raw/AzSLD_Words_100/MƏN/4cdf6ac6ac2b4544a5992bec2aecaf90.mp4,MƏN,,unknown,14,30.0,rec_2022-08-02
4ce047f90fe0429ca13b8dce320e68b0,data/raw/AzSLD_Words_100/MƏN/4ce047f90fe0429ca13b8dce320e68b0.mp4,MƏN,,unknown,17,30.0,rec_2022-12-15
4ce182eddd284c28bd9ff8b23c19d9a9,data/raw/AzSLD_Words_100/MƏN/4ce182eddd284c28bd9ff8b23c19d9a9.mp4,MƏN,,unknown,22,30.0,rec_2022-12-15
4cf6c29cfdcd4c42a308c7f4bad2fbb3,data/raw/AzSLD_Words_100/MƏN/4cf6c29cfdcd4c42a308c7f4bad2fbb3.mp4,MƏN,,unknown,17,30.0,rec_2022-07-23
4d004d0a84f24532a0111ddf50d1429b,data/raw/AzSLD_Words_100/MƏN/4d004d0a84f24532a0111ddf50d1429b.mp4,MƏN,,unknown,12,30.0,rec_2022-07-13
4d02cc4be65a451eb818ea6231397973,data/raw/AzSLD_Words_100/MƏN/4d02cc4be65a451eb818ea6231397973.mp4,MƏN,,unknown,22,30.0,rec_2022-11-22
4d08284c34744f38abf276a710eccb98,data/raw/AzSLD_Words_100/MƏN/4d08284c34744f38abf276a710eccb98.mp4,MƏN,,unknown,14,30.0,rec_2022-07-29
4d0e293933fd4a68af0ffb65fc8a6fed,data/raw/AzSLD_Words_100/MƏN/4d0e293933fd4a68af0ffb65fc8a6fed.mp4,MƏN,,unknown,16,30.0,rec_2022-07-15
4d0e34bf157a46f4ba027c3718532161,data/raw/AzSLD_Words_100/MƏN/4d0e34bf157a46f4ba027c3718532161.mp4,MƏN,,unknown,17,30.0,rec_2022-12-23
4d0e69dd60e34b3290dbdbe4c96f0ae8,data/raw/AzSLD_Words_100/MƏN/4d0e69dd60e34b3290dbdbe4c96f0ae8.mp4,MƏN,,unknown,14,30.0,rec_2022-12-23
4d0f58f95ab445aabe4a5097bec59c42,data/raw/AzSLD_Words_100/MƏN/4d0f58f95ab445aabe4a5097bec59c42.mp4,MƏN,,unknown,17,30.0,rec_2022-12-15
4d18c30a8d69487e8f146dca23d59673,data/raw/AzSLD_Words_100/MƏN/4d18c30a8d69487e8f146dca23d59673.mp4,MƏN,,unknown,16,30.0,rec_2022-12-22
4d2ac5b5d6654e91bef98bb36be23160,data/raw/AzSLD_Words_100/MƏN/4d2ac5b5d6654e91bef98bb36be23160.mp4,MƏN,,unknown,24,30.0,rec_2022-06-11
4d2c193d9ad74024b6605d35b05730e3,data/raw/AzSLD_Words_100/MƏN/4d2c193d9ad74024b6605d35b05730e3.mp4,MƏN,,unknown,15,30.0,rec_2022-07-13
4d42c8500533447d82ea8180f66655ee,data/raw/AzSLD_Words_100/MƏN/4d42c8500533447d82ea8180f66655ee.mp4,MƏN,,unknown,19,30.0,rec_2022-06-02
4d462ab79f06494eb20e8ea28e548422,data/raw/AzSLD_Words_100/MƏN/4d462ab79f06494eb20e8ea28e548422.mp4,MƏN,,unknown,20,30.0,rec_2022-07-16
4d5fae36973541b29e50c0f998d52562,data/raw/AzSLD_Words_100/MƏN/4d5fae36973541b29e50c0f998d52562.mp4,MƏN,,unknown,21,30.0,rec_2022-07-13
4d88ece69b6c46fba6e7a31681580070,data/raw/AzSLD_Words_100/MƏN/4d88ece69b6c46fba6e7a31681580070.mp4,MƏN,,unknown,24,30.0,rec_2022-07-18
4d89ce7999bf475c87cb030cf1184c69,data/raw/AzSLD_Words_100/MƏN/4d89ce7999bf475c87cb030cf1184c69.mp4,MƏN,,unknown,12,30.0,rec_2022-12-20
4d8d405b18a84f50af80dae61b00a69a,data/raw/AzSLD_Words_100/MƏN/4d8d405b18a84f50af80dae61b00a69a.mp4,MƏN,,unknown,15,30.0,rec_2022-11-17
4d959e592a624ac9a133e9d92f960f9a,data/raw/AzSLD_Words_100/MƏN/4d959e592a624ac9a133e9d92f960f9a.mp4,MƏN,,unknown,15,30.0,rec_2022-11-04
4dbdfcc048f44f0f8e29adb9f45d1991,data/raw/AzSLD_Words_100/MƏN/4dbdfcc048f44f0f8e29adb9f45d1991.mp4,MƏN,,unknown,9,30.0,rec_2022-07-13
4e0b4fa323714791bc913ae0d0838785,data/raw/AzSLD_Words_100/MƏN/4e0b4fa323714791bc913ae0d0838785.mp4,MƏN,,unknown,34,30.0,rec_2022-07-29
4e2146f8014d4741b07edf247e8d4604,data/raw/AzSLD_Words_100/MƏN/4e2146f8014d4741b07edf247e8d4604.mp4,MƏN,,unknown,22,30.0,rec_2022-06-09
4e5ce482362d49f8a9222eea2679c100,data/raw/AzSLD_Words_100/MƏN/4e5ce482362d49f8a9222eea2679c100.mp4,MƏN,,unknown,15,30.0,
4e675d6c1c174252b7fc810c529da1e9,data/raw/AzSLD_Words_100/MƏN/4e675d6c1c174252b7fc810c529da1e9.mp4,MƏN,,unknown,14,30.0,rec_2022-06-10
4e6c1dac233d42208037188faae82dad,data/raw/AzSLD_Words_100/MƏN/4e6c1dac233d42208037188faae82dad.mp4,MƏN,,unknown,18,30.0,rec_2022-12-24
4e871e721f5c42a8aeb57da46ee283bd,data/raw/AzSLD_Words_100/MƏN/4e871e721f5c42a8aeb57da46ee283bd.mp4,MƏN,,unknown,16,30.0,rec_2022-12-20
4eec1d6dce7747e1aced1eb3130f4416,data/raw/AzSLD_Words_100/MƏN/4eec1d6dce7747e1aced1eb3130f4416.mp4,MƏN,,unknown,17,30.0,rec_2022-12-17
4eeff958aac1444c8ce413f3025dbcbb,data/raw/AzSLD_Words_100/MƏN/4eeff958aac1444c8ce413f3025dbcbb.mp4,MƏN,,unknown,17,30.0,rec_2022-07-21
4ef61d565ca040feb43619b682f40676,data/raw/AzSLD_Words_100/MƏN/4ef61d565ca040feb43619b682f40676.mp4,MƏN,,unknown,24,30.0,rec_2022-07-19
4f2ecda6f277418ca10fe4af55cfc09e,data/raw/AzSLD_Words_100/MƏN/4f2ecda6f277418ca10fe4af55cfc09e.mp4,MƏN,,unknown,14,30.0,rec_2022-12-22
4f62887dbd274f9581a5f337ce8b9fb1,data/raw/AzSLD_Words_100/MƏN/4f62887dbd274f9581a5f337ce8b9fb1.mp4,MƏN,,unknown,12,30.0,rec_2022-10-28
4f82b2a80ceb42fcb42e2a0fadda3a50,data/raw/AzSLD_Words_100/MƏN/4f82b2a80ceb42fcb42e2a0fadda3a50.mp4,MƏN,,unknown,20,30.0,rec_2022-11-17
4fa0bb7b9fe34419b721d70de0a450d0,data/raw/AzSLD_Words_100/MƏN/4fa0bb7b9fe34419b721d70de0a450d0.mp4,MƏN,,unknown,15,30.0,rec_2022-07-20
4fa515c5f15448d49ad7e63313c70ab9,data/raw/AzSLD_Words_100/MƏN/4fa515c5f15448d49ad7e63313c70ab9.mp4,MƏN,,unknown,16,30.0,rec_2022-12-28
4fc4584ea75e49a0879dbea73d24397b,data/raw/AzSLD_Words_100/MƏN/4fc4584ea75e49a0879dbea73d24397b.mp4,MƏN,,unknown,13,30.0,rec_2022-07-13
4ff287864618425cb6e432184d03fcb4,data/raw/AzSLD_Words_100/MƏN/4ff287864618425cb6e432184d03fcb4.mp4,MƏN,,unknown,21,30.0,rec_2022-05-31
50308f9f341249a4b374979914e5a683,data/raw/AzSLD_Words_100/MƏN/50308f9f341249a4b374979914e5a683.mp4,MƏN,,unknown,9,30.0,rec_2022-07-13
50883057f7f74a80a61723ef4232ff3b,data/raw/AzSLD_Words_100/MƏN/50883057f7f74a80a61723ef4232ff3b.mp4,MƏN,,unknown,16,30.0,rec_2022-10-28
50d485f47f9e4c739678b1c8275724d4,data/raw/AzSLD_Words_100/MƏN/50d485f47f9e4c739678b1c8275724d4.mp4,MƏN,,unknown,19,30.0,rec_2022-12-22
51005df43b3c4c8b9c16c6516a907b9b,data/raw/AzSLD_Words_100/MƏN/51005df43b3c4c8b9c16c6516a907b9b.mp4,MƏN,,unknown,27,30.0,rec_2022-12-23
5129fe97c51345438cbeec2adff7409b,data/raw/AzSLD_Words_100/MƏN/5129fe97c51345438cbeec2adff7409b.mp4,MƏN,,unknown,26,30.0,rec_2022-12-24
5134ec792abb4dcea1799389ff1529af,data/raw/AzSLD_Words_100/MƏN/5134ec792abb4dcea1799389ff1529af.mp4,MƏN,,unknown,14,30.0,rec_2022-07-28
513b9ea0d43f4a95a400382c3f184b9c,data/raw/AzSLD_Words_100/MƏN/513b9ea0d43f4a95a400382c3f184b9c.mp4,MƏN,,unknown,35,30.0,rec_2022-06-02
516c944ecd684b7bab74ddf3b6e31ccd,data/raw/AzSLD_Words_100/MƏN/516c944ecd684b7bab74ddf3b6e31ccd.mp4,MƏN,,unknown,11,30.0,rec_2022-12-23
517989fc1a354b779868ccbc285dcaec,data/raw/AzSLD_Words_100/MƏN/517989fc1a354b779868ccbc285dcaec.mp4,MƏN,,unknown,15,30.0,rec_2022-12-20
517e20b10db7487b872626402254f0b1,data/raw/AzSLD_Words_100/MƏN/517e20b10db7487b872626402254f0b1.mp4,MƏN,,unknown,15,30.0,rec_2022-12-22
5183fff870dc46119d616e6c3befe1e7,data/raw/AzSLD_Words_100/MƏN/5183fff870dc46119d616e6c3befe1e7.mp4,MƏN,,unknown,24,30.0,rec_2022-12-27
518ac0c8f1184f3aa32faca1e387823d,data/raw/AzSLD_Words_100/MƏN/518ac0c8f1184f3aa32faca1e387823d.mp4,MƏN,,unknown,17,30.0,rec_2022-04-26
51b783cfb12d49b88ab4605cdc67a18a,data/raw/AzSLD_Words_100/MƏN/51b783cfb12d49b88ab4605cdc67a18a.mp4,MƏN,,unknown,13,30.0,rec_2022-11-18
51ec281c5f394fa8acf3d5321fd76748,data/raw/AzSLD_Words_100/MƏN/51ec281c5f394fa8acf3d5321fd76748.mp4,MƏN,,unknown,14,30.0,rec_2022-07-16
51fd207948e4445d82975211c2d69084,data/raw/AzSLD_Words_100/MƏN/51fd207948e4445d82975211c2d69084.mp4,MƏN,,unknown,21,30.0,rec_2022-05-31
51fe50b4c51048cc98fdca4a5e1207b2,data/raw/AzSLD_Words_100/MƏN/51fe50b4c51048cc98fdca4a5e1207b2.mp4,MƏN,,unknown,21,30.0,rec_2022-07-13
5247874363074082a6ae500869a76a7f,data/raw/AzSLD_Words_100/MƏN/5247874363074082a6ae500869a76a7f.mp4,MƏN,,unknown,20,30.0,rec_2022-12-20
52481d353297400887e9d1e6a63a39b8,data/raw/AzSLD_Words_100/MƏN/52481d353297400887e9d1e6a63a39b8.mp4,MƏN,,unknown,13,30.0,rec_2022-11-04
527ce12256c24fc6a1d8949368dd7232,data/raw/AzSLD_Words_100/MƏN/527ce12256c24fc6a1d8949368dd7232.mp4,MƏN,,unknown,18,30.0,rec_2022-07-22
528943eea53e44118c357d175825e02c,data/raw/AzSLD_Words_100/MƏN/528943eea53e44118c357d175825e02c.mp4,MƏN,,unknown,15,30.0,rec_2022-12-27
529a6effe4ca4e8b87e05c48e2e1c79c,data/raw/AzSLD_Words_100/MƏN/529a6effe4ca4e8b87e05c48e2e1c79c.mp4,MƏN,,unknown,15,30.0,rec_2022-07-22
52e7bca144794bd9a6e08e87d791b5d6,data/raw/AzSLD_Words_100/MƏN/52e7bca144794bd9a6e08e87d791b5d6.mp4,MƏN,,unknown,27,30.0,rec_2022-05-25
5331b8cc2e3f43c68762af321ec3e37b,data/raw/AzSLD_Words_100/MƏN/5331b8cc2e3f43c68762af321ec3e37b.mp4,MƏN,,unknown,15,30.0,rec_2022-06-18
5333591938034f7f9571c4978a3153a7,data/raw/AzSLD_Words_100/MƏN/5333591938034f7f9571c4978a3153a7.mp4,MƏN,,unknown,24,30.0,rec_2022-11-18
534bab4ab9d246089b6dbcd6cc632e2f,data/raw/AzSLD_Words_100/MƏN/534bab4ab9d246089b6dbcd6cc632e2f.mp4,MƏN,,unknown,25,30.0,rec_2022-11-04
5355436f2d244292ad1e1e120ba8a6e6,data/raw/AzSLD_Words_100/MƏN/5355436f2d244292ad1e1e120ba8a6e6.mp4,MƏN,,unknown,7,30.0,rec_2022-07-18
537396b087604c59b491b6c4a931a55f,data/raw/AzSLD_Words_100/MƏN/537396b087604c59b491b6c4a931a55f.mp4,MƏN,,unknown,16,30.0,rec_2022-11-19
537825d3572a4b52ac358fca03184cc0,data/raw/AzSLD_Words_100/MƏN/537825d3572a4b52ac358fca03184cc0.mp4,MƏN,,unknown,17,30.0,rec_2022-07-25
53889f23b2bc4e72a41436e794f25b7d,data/raw/AzSLD_Words_100/MƏN/53889f23b2bc4e72a41436e794f25b7d.mp4,MƏN,,unknown,23,30.0,rec_2022-08-01
538b418d53344f9cb0686c618d3fafb1,data/raw/AzSLD_Words_100/MƏN/538b418d53344f9cb0686c618d3fafb1.mp4,MƏN,,unknown,16,30.0,rec_2022-08-02
53c111811ea2473bb99750413a75a367,data/raw/AzSLD_Words_100/MƏN/53c111811ea2473bb99750413a75a367.mp4,MƏN,,unknown,11,30.0,rec_2022-08-02
53c7b03b3a0c4815b1c526ff078904e4,data/raw/AzSLD_Words_100/MƏN/53c7b03b3a0c4815b1c526ff078904e4.mp4,MƏN,,unknown,21,30.0,rec_2022-12-27
54160735e4f54cb0941d065c2ac603ae,data/raw/AzSLD_Words_100/MƏN/54160735e4f54cb0941d065c2ac603ae.mp4,MƏN,,unknown,19,30.0,rec_2022-12-23
54400ef64e894204a835224fb1d22b4d,data/raw/AzSLD_Words_100/MƏN/54400ef64e894204a835224fb1d22b4d.mp4,MƏN,,unknown,13,30.0,rec_2022-07-25
544125888530420f8db67f2c9ecb8574,data/raw/AzSLD_Words_100/MƏN/544125888530420f8db67f2c9ecb8574.mp4,MƏN,,unknown,14,30.0,rec_2022-12-23
545adb9735134bb6a9925d5293a6f4ba,data/raw/AzSLD_Words_100/MƏN/545adb9735134bb6a9925d5293a6f4ba.mp4,MƏN,,unknown,18,30.0,rec_2022-12-22
548f49ca9c1e4525865f4b6c0e92878c,data/raw/AzSLD_Words_100/MƏN/548f49ca9c1e4525865f4b6c0e92878c.mp4,MƏN,,unknown,12,30.0,rec_2022-12-20
549d4275b054466ba839452b804d4f0d,data/raw/AzSLD_Words_100/MƏN/549d4275b054466ba839452b804d4f0d.mp4,MƏN,,unknown,17,30.0,rec_2022-12-15
54ca2395668446f0b4417593aee25321,data/raw/AzSLD_Words_100/MƏN/54ca2395668446f0b4417593aee25321.mp4,MƏN,,unknown,19,30.0,rec_2022-12-28
54f02baa32cc4bd786caadab6a72e519,data/raw/AzSLD_Words_100/MƏN/54f02baa32cc4bd786caadab6a72e519.mp4,MƏN,,unknown,9,30.0,rec_2022-12-22
55056bb988ee49c296213181fb1777e3,data/raw/AzSLD_Words_100/MƏN/55056bb988ee49c296213181fb1777e3.mp4,MƏN,,unknown,18,30.0,rec_2022-11-17
5514bf81eed545b1b6efadfaa598e909,data/raw/AzSLD_Words_100/MƏN/5514bf81eed545b1b6efadfaa598e909.mp4,MƏN,,unknown,36,30.0,rec_2022-06-02
555c196e0e0045738bb84cbd431e2264,data/raw/AzSLD_Words_100/MƏN/555c196e0e0045738bb84cbd431e2264.mp4,MƏN,,unknown,17,30.0,rec_2022-12-22
555c25d63682414787904cc9ad1065b1,data/raw/AzSLD_Words_100/MƏN/555c25d63682414787904cc9ad1065b1.mp4,MƏN,,unknown,18,30.0,rec_2022-12-24
555dc921a2eb4706aed97f1f99f751d1,data/raw/AzSLD_Words_100/MƏN/555dc921a2eb4706aed97f1f99f751d1.mp4,MƏN,,unknown,17,30.0,rec_2022-05-25
55b337cb83584d58bc449ed87c940e61,data/raw/AzSLD_Words_100/MƏN/55b337cb83584d58bc449ed87c940e61.mp4,MƏN,,unknown,11,30.0,rec_2022-11-05
55d4ef95525b4749a95538d5e711a998,data/raw/AzSLD_Words_100/MƏN/55d4ef95525b4749a95538d5e711a998.mp4,MƏN,,unknown,12,30.0,rec_2022-11-19
55ff2a600ff043468fdf2f1452f8e332,data/raw/AzSLD_Words_100/MƏN/55ff2a600ff043468fdf2f1452f8e332.mp4,MƏN,,unknown,22,30.0,rec_2022-07-25
560d46cf6b204a339e47e77724c0cd9a,data/raw/AzSLD_Words_100/MƏN/560d46cf6b204a339e47e77724c0cd9a.mp4,MƏN,,unknown,11,30.0,rec_2022-05-31
5670676ef5ca4e8396ad56d86f6ab514,data/raw/AzSLD_Words_100/MƏN/5670676ef5ca4e8396ad56d86f6ab514.mp4,MƏN,,unknown,13,30.0,rec_2022-12-28
56837275a56c455aac42962edb69bf6e,data/raw/AzSLD_Words_100/MƏN/56837275a56c455aac42962edb69bf6e.mp4,MƏN,,unknown,28,30.0,rec_2022-06-10
56897a0ba4e34d60bfe93897eee52a9f,data/raw/AzSLD_Words_100/MƏN/56897a0ba4e34d60bfe93897eee52a9f.mp4,MƏN,,unknown,12,30.0,rec_2022-12-16
5698874b8ba94c09b3ac6493fe92cc5b,data/raw/AzSLD_Words_100/MƏN/5698874b8ba94c09b3ac6493fe92cc5b.mp4,MƏN,,unknown,14,30.0,rec_2022-07-28
56a429c56eeb4d0e870f559e807e3420,data/raw/AzSLD_Words_100/MƏN/56a429c56eeb4d0e870f559e807e3420.mp4,MƏN,,unknown,19,30.0,rec_2022-12-24
56f8710f185f432598937057acf78143,data/raw/AzSLD_Words_100/MƏN/56f8710f185f432598937057acf78143.mp4,MƏN,,unknown,9,30.0,rec_2022-07-13
57454a6326f1484281797361ea93bd72,data/raw/AzSLD_Words_100/MƏN/57454a6326f1484281797361ea93bd72.mp4,MƏN,,unknown,14,30.0,rec_2022-11-17
578536ae132e4cac91a5012f587ee185,data/raw/AzSLD_Words_100/MƏN/578536ae132e4cac91a5012f587ee185.mp4,MƏN,,unknown,19,30.0,rec_2022-06-13
57929e5a92224218b514fab24819491d,data/raw/AzSLD_Words_100/MƏN/57929e5a92224218b514fab24819491d.mp4,MƏN,,unknown,15,30.0,rec_2022-11-17
579d9829d16f459aae6032c36077b559,data/raw/AzSLD_Words_100/MƏN/579d9829d16f459aae6032c36077b559.mp4,MƏN,,unknown,21,30.0,rec_2022-12-23
579dc7db1be54deaa862296887291323,data/raw/AzSLD_Words_100/MƏN/579dc7db1be54deaa862296887291323.mp4,MƏN,,unknown,21,30.0,rec_2022-11-02
57a2aa91de7c494c9ddd6c895ffe3021,data/raw/AzSLD_Words_100/MƏN/57a2aa91de7c494c9ddd6c895ffe3021.mp4,MƏN,,unknown,9,30.0,rec_2022-07-22
57a50e28a9744e839fe6e7f7028f177e,data/raw/AzSLD_Words_100/MƏN/57a50e28a9744e839fe6e7f7028f177e.mp4,MƏN,,unknown,18,30.0,rec_2022-12-23
57a55ab3b69340688bd439ab007e9562,data/raw/AzSLD_Words_100/MƏN/57a55ab3b69340688bd439ab007e9562.mp4,MƏN,,unknown,25,30.0,rec_2022-12-22
57bacb112e714611aaf119816e9f7122,data/raw/AzSLD_Words_100/MƏN/57bacb112e714611aaf119816e9f7122.mp4,MƏN,,unknown,9,30.0,rec_2022-07-22
57eb68fee1f144799e8748aa14701b6d,data/raw/AzSLD_Words_100/MƏN/57eb68fee1f144799e8748aa14701b6d.mp4,MƏN,,unknown,19,30.0,rec_2022-07-15
57edbc25680b4a468764595319cc7cef,data/raw/AzSLD_Words_100/MƏN/57edbc25680b4a468764595319cc7cef.mp4,MƏN,,unknown,8,30.0,rec_2022-07-18
5811dae6439349a28ad7ed89ab689ce4,data/raw/AzSLD_Words_100/MƏN/5811dae6439349a28ad7ed89ab689ce4.mp4,MƏN,,unknown,12,30.0,rec_2022-07-23
58297336dab94fea977d8f0fbc72d5eb,data/raw/AzSLD_Words_100/MƏN/58297336dab94fea977d8f0fbc72d5eb.mp4,MƏN,,unknown,11,30.0,rec_2022-07-23
583a00f8560941a387d8f8350c795a11,data/raw/AzSLD_Words_100/MƏN/583a00f8560941a387d8f8350c795a11.mp4,MƏN,,unknown,14,30.0,rec_2022-07-21
5892d42c60084c13b5b4cbc66c74fcf4,data/raw/AzSLD_Words_100/MƏN/5892d42c60084c13b5b4cbc66c74fcf4.mp4,MƏN,,unknown,19,30.0,rec_2022-12-17
589699c256c44e758a035f2aae2e118a,data/raw/AzSLD_Words_100/MƏN/589699c256c44e758a035f2aae2e118a.mp4,MƏN,,unknown,18,30.0,rec_2022-11-18
589e84d7e6264912849cef1cff74e42a,data/raw/AzSLD_Words_100/MƏN/589e84d7e6264912849cef1cff74e42a.mp4,MƏN,,unknown,9,30.0,rec_2022-07-16
58a59f29e12a405abde0be7ea2c16e85,data/raw/AzSLD_Words_100/MƏN/58a59f29e12a405abde0be7ea2c16e85.mp4,MƏN,,unknown,33,30.0,rec_2022-06-02
58b092f4dec240b5a9e7d1b1da7a19da,data/raw/AzSLD_Words_100/MƏN/58b092f4dec240b5a9e7d1b1da7a19da.mp4,MƏN,,unknown,15,30.0,rec_2022-07-13
58cdbfa0646c42439f8989f51c9f79fb,data/raw/AzSLD_Words_100/MƏN/58cdbfa0646c42439f8989f51c9f79fb.mp4,MƏN,,unknown,13,30.0,rec_2022-07-25
58f2e3fc562d4cf08ae4b934a4d82554,data/raw/AzSLD_Words_100/MƏN/58f2e3fc562d4cf08ae4b934a4d82554.mp4,MƏN,,unknown,23,30.0,rec_2022-12-15
5905881d5fe4475586aa0074e3967c10,data/raw/AzSLD_Words_100/MƏN/5905881d5fe4475586aa0074e3967c10.mp4,MƏN,,unknown,19,30.0,rec_2022-12-24
59140ab1cf6c415c8e0d1e9806db8061,data/raw/AzSLD_Words_100/MƏN/59140ab1cf6c415c8e0d1e9806db8061.mp4,MƏN,,unknown,9,30.0,rec_2022-11-10
5921b4201c53421d8409622ff18fe1f9,data/raw/AzSLD_Words_100/MƏN/5921b4201c53421d8409622ff18fe1f9.mp4,MƏN,,unknown,13,30.0,rec_2022-07-18
59361cb1ef3d4da7bfc51c64a320ab27,data/raw/AzSLD_Words_100/MƏN/59361cb1ef3d4da7bfc51c64a320ab27.mp4,MƏN,,unknown,13,30.0,rec_2022-12-20
5941f360bb4744fab1666565ada3ce89,data/raw/AzSLD_Words_100/MƏN/5941f360bb4744fab1666565ada3ce89.mp4,MƏN,,unknown,30,30.0,rec_2022-06-11
594d7320b0d142cd928fc3f9f5a27e5b,data/raw/AzSLD_Words_100/MƏN/594d7320b0d142cd928fc3f9f5a27e5b.mp4,MƏN,,unknown,19,30.0,rec_2022-07-22
598aa2d4feec47d0ba649404ab72ee7f,data/raw/AzSLD_Words_100/MƏN/598aa2d4feec47d0ba649404ab72ee7f.mp4,MƏN,,unknown,17,30.0,rec_2023-01-18
59aa2aafc05149e08255efa07b104ce8,data/raw/AzSLD_Words_100/MƏN/59aa2aafc05149e08255efa07b104ce8.mp4,MƏN,,unknown,19,30.0,rec_2022-10-26
59aff6c11db844719f8f84fdec4da70d,data/raw/AzSLD_Words_100/MƏN/59aff6c11db844719f8f84fdec4da70d.mp4,MƏN,,unknown,23,30.0,rec_2022-07-19
59c4451bcd0647a7b05c9a9986849b97,data/raw/AzSLD_Words_100/MƏN/59c4451bcd0647a7b05c9a9986849b97.mp4,MƏN,,unknown,23,30.0,rec_2022-08-02
59e9299516bc4afdac2b7828cd3d3bd6,data/raw/AzSLD_Words_100/MƏN/59e9299516bc4afdac2b7828cd3d3bd6.mp4,MƏN,,unknown,9,30.0,rec_2022-07-18
59fda2d2a4e043488dc860112ef6ff38,data/raw/AzSLD_Words_100/MƏN/59fda2d2a4e043488dc860112ef6ff38.mp4,MƏN,,unknown,22,30.0,rec_2022-11-22
5a2057c3795840ab96fae2decbf81e9e,data/raw/AzSLD_Words_100/MƏN/5a2057c3795840ab96fae2decbf81e9e.mp4,MƏN,,unknown,14,30.0,rec_2022-12-22
5a22281a11b14336b9d29eb7685035d3,data/raw/AzSLD_Words_100/MƏN/5a22281a11b14336b9d29eb7685035d3.mp4,MƏN,,unknown,28,30.0,rec_2022-05-21
5a47b219078e474bb0e7137062a2ac29,data/raw/AzSLD_Words_100/MƏN/5a47b219078e474bb0e7137062a2ac29.mp4,MƏN,,unknown,10,30.0,rec_2022-12-17
5a49fb8042ec45e688f30a31fe8087c4,data/raw/AzSLD_Words_100/MƏN/5a49fb8042ec45e688f30a31fe8087c4.mp4,MƏN,,unknown,18,30.0,rec_2022-12-20
5a52350850684fc59281af0711b581a0,data/raw/AzSLD_Words_100/MƏN/5a52350850684fc59281af0711b581a0.mp4,MƏN,,unknown,13,30.0,rec_2022-07-02
5a56af7a2e53466aad7159ba6040288b,data/raw/AzSLD_Words_100/MƏN/5a56af7a2e53466aad7159ba6040288b.mp4,MƏN,,unknown,16,30.0,rec_2022-10-28
5abfbb5509a4435caa800f7a75fca776,data/raw/AzSLD_Words_100/MƏN/5abfbb5509a4435caa800f7a75fca776.mp4,MƏN,,unknown,18,30.0,rec_2022-05-31
5ac68339decb459e850f1c571e38d4b8,data/raw/AzSLD_Words_100/MƏN/5ac68339decb459e850f1c571e38d4b8.mp4,MƏN,,unknown,20,30.0,rec_2022-12-20
5acd230fc9e548609d60c3bb9a04468e,data/raw/AzSLD_Words_100/MƏN/5acd230fc9e548609d60c3bb9a04468e.mp4,MƏN,,unknown,19,30.0,rec_2022-08-02
5ad47c15563945d4bc1fc48f23a69931,data/raw/AzSLD_Words_100/MƏN/5ad47c15563945d4bc1fc48f23a69931.mp4,MƏN,,unknown,29,30.0,rec_2022-12-20
5adedba464f0440a91b4f88af77e6803,data/raw/AzSLD_Words_100/MƏN/5adedba464f0440a91b4f88af77e6803.mp4,MƏN,,unknown,18,30.0,rec_2022-11-22
5af949a866c3455daa2186f942e94e53,data/raw/AzSLD_Words_100/MƏN/5af949a866c3455daa2186f942e94e53.mp4,MƏN,,unknown,15,30.0,rec_2022-07-15
5af9926333374697b6a5f3496a90c999,data/raw/AzSLD_Words_100/MƏN/5af9926333374697b6a5f3496a90c999.mp4,MƏN,,unknown,12,30.0,rec_2022-12-17
5b0ada7835a3486b9f9f160a87d11a83,data/raw/AzSLD_Words_100/MƏN/5b0ada7835a3486b9f9f160a87d11a83.mp4,MƏN,,unknown,16,30.0,rec_2022-07-23
5b15a11621a0418883825ed8a5865ba2,data/raw/AzSLD_Words_100/MƏN/5b15a11621a0418883825ed8a5865ba2.mp4,MƏN,,unknown,18,30.0,rec_2022-07-15
5b17f6c7bc5d4ee982e11d2eb2f3cac8,data/raw/AzSLD_Words_100/MƏN/5b17f6c7bc5d4ee982e11d2eb2f3cac8.mp4,MƏN,,unknown,7,30.0,rec_2022-06-16
5b1eea254fa549aa865e2ef8955cd9e3,data/raw/AzSLD_Words_100/MƏN/5b1eea254fa549aa865e2ef8955cd9e3.mp4,MƏN,,unknown,13,30.0,rec_2022-12-20
5b31f40d694e48e084014d1bc2db37bf,data/raw/AzSLD_Words_100/MƏN/5b31f40d694e48e084014d1bc2db37bf.mp4,MƏN,,unknown,18,30.0,rec_2022-12-20
5b39f36a51c74237998a72f3bc4f6c6d,data/raw/AzSLD_Words_100/MƏN/5b39f36a51c74237998a72f3bc4f6c6d.mp4,MƏN,,unknown,19,30.0,rec_2022-11-18
5b3a8ef70fb9408f91381028f965ec5d,data/raw/AzSLD_Words_100/MƏN/5b3a8ef70fb9408f91381028f965ec5d.mp4,MƏN,,unknown,6,30.0,rec_2022-11-10
5b845aba735447d8ab338fcd9fa10812,data/raw/AzSLD_Words_100/MƏN/5b845aba735447d8ab338fcd9fa10812.mp4,MƏN,,unknown,13,30.0,rec_2022-12-23
5b97ada7bccc4427a1d6dc9431ca20ef,data/raw/AzSLD_Words_100/MƏN/5b97ada7bccc4427a1d6dc9431ca20ef.mp4,MƏN,,unknown,14,30.0,rec_2022-07-21
5b9c460268094bb78ed03c57ea3fe9b4,data/raw/AzSLD_Words_100/MƏN/5b9c460268094bb78ed03c57ea3fe9b4.mp4,MƏN,,unknown,12,30.0,rec_2022-07-02
5b9ec1136e8d4b9caed3923459e7117a,data/raw/AzSLD_Words_100/MƏN/5b9ec1136e8d4b9caed3923459e7117a.mp4,MƏN,,unknown,20,30.0,rec_2022-12-20
5ba3a50c273f463ab8b2b6dcc6346c44,data/raw/AzSLD_Words_100/MƏN/5ba3a50c273f463ab8b2b6dcc6346c44.mp4,MƏN,,unknown,17,30.0,rec_2022-11-18
5baf182f1437406697232a845919deeb,data/raw/AzSLD_Words_100/MƏN/5baf182f1437406697232a845919deeb.mp4,MƏN,,unknown,16,30.0,rec_2022-12-22
5bb25b8ab2ba4bd9961491a167369a08,data/raw/AzSLD_Words_100/MƏN/5bb25b8ab2ba4bd9961491a167369a08.mp4,MƏN,,unknown,13,30.0,rec_2022-11-22
5bb333a1b4564cacb70bcf4ab8c632c7,data/raw/AzSLD_Words_100/MƏN/5bb333a1b4564cacb70bcf4ab8c632c7.mp4,MƏN,,unknown,15,30.0,rec_2022-12-27
5bc2022c4f054ae693dc047b38e48e36,data/raw/AzSLD_Words_100/MƏN/5bc2022c4f054ae693dc047b38e48e36.mp4,MƏN,,unknown,18,30.0,rec_2022-12-17
5bda57ee54fe4639855149d2fb4c8933,data/raw/AzSLD_Words_100/MƏN/5bda57ee54fe4639855149d2fb4c8933.mp4,MƏN,,unknown,13,30.0,rec_2022-07-23
5c016e3f253a44ffb59003a339871e89,data/raw/AzSLD_Words_100/MƏN/5c016e3f253a44ffb59003a339871e89.mp4,MƏN,,unknown,21,30.0,rec_2022-12-15
5c3a44cd6103445c83c0da99e9de2c6a,data/raw/AzSLD_Words_100/MƏN/5c3a44cd6103445c83c0da99e9de2c6a.mp4,MƏN,,unknown,18,30.0,rec_2022-07-22
5c412fc6746f41f2923fa30b8ff16a2f,data/raw/AzSLD_Words_100/MƏN/5c412fc6746f41f2923fa30b8ff16a2f.mp4,MƏN,,unknown,16,30.0,rec_2022-12-22
5c4fe779fb6e48b0b8104fed5dfb85e8,data/raw/AzSLD_Words_100/MƏN/5c4fe779fb6e48b0b8104fed5dfb85e8.mp4,MƏN,,unknown,17,30.0,rec_2022-12-23
5c51d7e6be034ed5aa910224a8a2f7c3,data/raw/AzSLD_Words_100/MƏN/5c51d7e6be034ed5aa910224a8a2f7c3.mp4,MƏN,,unknown,15,30.0,rec_2022-12-23
5c8d39d4b22d4fd18b0d5b3540e2a630,data/raw/AzSLD_Words_100/MƏN/5c8d39d4b22d4fd18b0d5b3540e2a630.mp4,MƏN,,unknown,15,30.0,rec_2022-07-16
5cb03b13666b4566b28591338aad669c,data/raw/AzSLD_Words_100/MƏN/5cb03b13666b4566b28591338aad669c.mp4,MƏN,,unknown,21,30.0,rec_2022-08-02
5d0dd3fb586f403195fbeda58677c773,data/raw/AzSLD_Words_100/MƏN/5d0dd3fb586f403195fbeda58677c773.mp4,MƏN,,unknown,25,30.0,rec_2022-05-24
5d49aac3bb954ef7876c307063519c4d,data/raw/AzSLD_Words_100/MƏN/5d49aac3bb954ef7876c307063519c4d.mp4,MƏN,,unknown,15,30.0,rec_2022-12-27
5d5aaf9a5a04400b89134190190ab07b,data/raw/AzSLD_Words_100/MƏN/5d5aaf9a5a04400b89134190190ab07b.mp4,MƏN,,unknown,18,30.0,rec_2022-12-16
5db19951d9c049b1a338b5a0be870481,data/raw/AzSLD_Words_100/MƏN/5db19951d9c049b1a338b5a0be870481.mp4,MƏN,,unknown,21,30.0,rec_2022-11-02
5db288e108fa40cf9b3369147838de2f,data/raw/AzSLD_Words_100/MƏN/5db288e108fa40cf9b3369147838de2f.mp4,MƏN,,unknown,11,30.0,rec_2022-07-20
5de5a4f05b4b4e5bb84266400550566c,data/raw/AzSLD_Words_100/MƏN/5de5a4f05b4b4e5bb84266400550566c.mp4,MƏN,,unknown,15,30.0,rec_2022-07-25
5e646fa2e25a4fe48e287bd5815403ff,data/raw/AzSLD_Words_100/MƏN/5e646fa2e25a4fe48e287bd5815403ff.mp4,MƏN,,unknown,17,30.0,rec_2022-12-27
5e6d84bed8354b6d9afa423aa69e814b,data/raw/AzSLD_Words_100/MƏN/5e6d84bed8354b6d9afa423aa69e814b.mp4,MƏN,,unknown,19,30.0,rec_2022-12-22
5e7e283e7f5e4ad586a90b89023a831e,data/raw/AzSLD_Words_100/MƏN/5e7e283e7f5e4ad586a90b89023a831e.mp4,MƏN,,unknown,25,30.0,rec_2022-07-25
5e7f32dedb684c39ba57ac3b11ca0057,data/raw/AzSLD_Words_100/MƏN/5e7f32dedb684c39ba57ac3b11ca0057.mp4,MƏN,,unknown,16,30.0,rec_2022-07-22
5e82dd54711149429ae36d63c6ccd2b3,data/raw/AzSLD_Words_100/MƏN/5e82dd54711149429ae36d63c6ccd2b3.mp4,MƏN,,unknown,22,30.0,rec_2022-11-01
5ea2f6bc312d48938b103ca715a3e4ea,data/raw/AzSLD_Words_100/MƏN/5ea2f6bc312d48938b103ca715a3e4ea.mp4,MƏN,,unknown,26,30.0,rec_2022-06-13
5eaec3c4dd0445c4a869804c59f7a763,data/raw/AzSLD_Words_100/MƏN/5eaec3c4dd0445c4a869804c59f7a763.mp4,MƏN,,unknown,24,30.0,rec_2022-06-02
5ec0666fd85045d99cb060026cb8fb16,data/raw/AzSLD_Words_100/MƏN/5ec0666fd85045d99cb060026cb8fb16.mp4,MƏN,,unknown,16,30.0,rec_2022-12-22
5ee99c0f197f4a07ba7cc7a790fd1006,data/raw/AzSLD_Words_100/MƏN/5ee99c0f197f4a07ba7cc7a790fd1006.mp4,MƏN,,unknown,20,30.0,rec_2023-01-17
5eeca9ca30d44c4c94373d186c6ceed3,data/raw/AzSLD_Words_100/MƏN/5eeca9ca30d44c4c94373d186c6ceed3.mp4,MƏN,,unknown,11,30.0,rec_2022-07-21
5f4d859ecac540579fa6db395b7b25c5,data/raw/AzSLD_Words_100/MƏN/5f4d859ecac540579fa6db395b7b25c5.mp4,MƏN,,unknown,18,30.0,rec_2022-12-15
5f96207b2b7f43e08ca5e0416b3b32f9,data/raw/AzSLD_Words_100/MƏN/5f96207b2b7f43e08ca5e0416b3b32f9.mp4,MƏN,,unknown,30,30.0,rec_2022-06-02
5f9fd8f4eddd4f6db15426e6e654e5dd,data/raw/AzSLD_Words_100/MƏN/5f9fd8f4eddd4f6db15426e6e654e5dd.mp4,MƏN,,unknown,20,30.0,rec_2022-11-19
5fb68320c5304ef3aafa245318bdceaa,data/raw/AzSLD_Words_100/MƏN/5fb68320c5304ef3aafa245318bdceaa.mp4,MƏN,,unknown,20,30.0,rec_2022-12-15
5fba0a6deced4050a5516e7da9f53970,data/raw/AzSLD_Words_100/MƏN/5fba0a6deced4050a5516e7da9f53970.mp4,MƏN,,unknown,26,30.0,rec_2022-07-22
5ff75717795740b39386f63553eedf97,data/raw/AzSLD_Words_100/MƏN/5ff75717795740b39386f63553eedf97.mp4,MƏN,,unknown,16,30.0,rec_2022-10-28
5ffb330d7fe14071a48c8628b7b9f3db,data/raw/AzSLD_Words_100/MƏN/5ffb330d7fe14071a48c8628b7b9f3db.mp4,MƏN,,unknown,10,30.0,rec_2022-07-21
6004caf858604a7cb22a005991ebe05a,data/raw/AzSLD_Words_100/MƏN/6004caf858604a7cb22a005991ebe05a.mp4,MƏN,,unknown,18,30.0,rec_2022-07-21
607794657d1149c58ae30016f992988b,data/raw/AzSLD_Words_100/MƏN/607794657d1149c58ae30016f992988b.mp4,MƏN,,unknown,16,30.0,rec_2022-06-02
607fb55330ae4e898e8da23f5540b451,data/raw/AzSLD_Words_100/MƏN/607fb55330ae4e898e8da23f5540b451.mp4,MƏN,,unknown,18,30.0,
60a1188d5e7a45b685315d8d0fc8402b,data/raw/AzSLD_Words_100/MƏN/60a1188d5e7a45b685315d8d0fc8402b.mp4,MƏN,,unknown,28,30.0,rec_2022-07-25
60af8887a7cc45e5bf35a3e559b7b67d,data/raw/AzSLD_Words_100/MƏN/60af8887a7cc45e5bf35a3e559b7b67d.mp4,MƏN,,unknown,17,30.0,rec_2022-06-18
60b64136bedd41eb8a5ed55046b16f45,data/raw/AzSLD_Words_100/MƏN/60b64136bedd41eb8a5ed55046b16f45.mp4,MƏN,,unknown,25,30.0,rec_2022-11-18
60ca98cd818b43fca3f27af0a6a767c3,data/raw/AzSLD_Words_100/MƏN/60ca98cd818b43fca3f27af0a6a767c3.mp4,MƏN,,unknown,11,30.0,rec_2022-11-10
60cc323bf8734ded9d3b1be391ea6a45,data/raw/AzSLD_Words_100/MƏN/60cc323bf8734ded9d3b1be391ea6a45.mp4,MƏN,,unknown,15,30.0,rec_2022-07-14
60e411fd2bd144128eeb751762840ca2,data/raw/AzSLD_Words_100/MƏN/60e411fd2bd144128eeb751762840ca2.mp4,MƏN,,unknown,15,30.0,rec_2022-07-22
60ea0914cb9143b28acdf61bcaacec2e,data/raw/AzSLD_Words_100/MƏN/60ea0914cb9143b28acdf61bcaacec2e.mp4,MƏN,,unknown,12,30.0,rec_2022-06-13
60fd44e363ef448daef271c159262a7d,data/raw/AzSLD_Words_100/MƏN/60fd44e363ef448daef271c159262a7d.mp4,MƏN,,unknown,37,30.0,rec_2022-08-02
60fe5a7c31e14d379eb9cc99872dda09,data/raw/AzSLD_Words_100/MƏN/60fe5a7c31e14d379eb9cc99872dda09.mp4,MƏN,,unknown,18,30.0,rec_2022-12-17
61049315384b46329f3f291946d6162b,data/raw/AzSLD_Words_100/MƏN/61049315384b46329f3f291946d6162b.mp4,MƏN,,unknown,16,30.0,rec_2022-08-02
610e48424d93494981e6725742d2c942,data/raw/AzSLD_Words_100/MƏN/610e48424d93494981e6725742d2c942.mp4,MƏN,,unknown,13,30.0,rec_2022-07-02
610e4f12ad534e409b15ccdee5f26b46,data/raw/AzSLD_Words_100/MƏN/610e4f12ad534e409b15ccdee5f26b46.mp4,MƏN,,unknown,15,30.0,rec_2022-11-02
613365ccf1684f3f86b8b952e7ddf0af,data/raw/AzSLD_Words_100/MƏN/613365ccf1684f3f86b8b952e7ddf0af.mp4,MƏN,,unknown,19,30.0,rec_2022-05-25
614eb16a02844349a6394d4792aa96f5,data/raw/AzSLD_Words_100/MƏN/614eb16a02844349a6394d4792aa96f5.mp4,MƏN,,unknown,20,30.0,rec_2022-12-15
61865eccbd664286b65a983b75c9edf5,data/raw/AzSLD_Words_100/MƏN/61865eccbd664286b65a983b75c9edf5.mp4,MƏN,,unknown,10,30.0,rec_2022-07-15
61a324b3b94547d29a94b42c77b06098,data/raw/AzSLD_Words_100/MƏN/61a324b3b94547d29a94b42c77b06098.mp4,MƏN,,unknown,18,30.0,rec_2022-11-19
61a6ac3914bb4a198fa33e94d8817eda,data/raw/AzSLD_Words_100/MƏN/61a6ac3914bb4a198fa33e94d8817eda.mp4,MƏN,,unknown,19,30.0,rec_2022-07-15
61ad3eeaa2ef481db78ba9221497ad93,data/raw/AzSLD_Words_100/MƏN/61ad3eeaa2ef481db78ba9221497ad93.mp4,MƏN,,unknown,14,30.0,rec_2023-01-18
61f841dbfcec44ba8040c505ef7761a1,data/raw/AzSLD_Words_100/MƏN/61f841dbfcec44ba8040c505ef7761a1.mp4,MƏN,,unknown,14,30.0,rec_2022-10-28
61fa271a63384ae490ff04b3dad4f6b7,data/raw/AzSLD_Words_100/MƏN/61fa271a63384ae490ff04b3dad4f6b7.mp4,MƏN,,unknown,16,30.0,rec_2022-07-21
62099c92795548ffb3902004c06e888d,data/raw/AzSLD_Words_100/MƏN/62099c92795548ffb3902004c06e888d.mp4,MƏN,,unknown,24,30.0,rec_2022-06-09
6252f6cee92f4d5486d8a9a90f472e4d,data/raw/AzSLD_Words_100/MƏN/6252f6cee92f4d5486d8a9a90f472e4d.mp4,MƏN,,unknown,13,30.0,rec_2022-07-13
62662952534e4360ade713ea2578639a,data/raw/AzSLD_Words_100/MƏN/62662952534e4360ade713ea2578639a.mp4,MƏN,,unknown,10,30.0,rec_2022-07-22
62b0eb48cc4b441099757ba58a2ca550,data/raw/AzSLD_Words_100/MƏN/62b0eb48cc4b441099757ba58a2ca550.mp4,MƏN,,unknown,12,30.0,rec_2022-05-31
62fff5ed3f094779bf823a72f5acd0d3,data/raw/AzSLD_Words_100/MƏN/62fff5ed3f094779bf823a72f5acd0d3.mp4,MƏN,,unknown,13,30.0,rec_2022-11-04
630151508a944e418d3a65a02d3a8f38,data/raw/AzSLD_Words_100/MƏN/630151508a944e418d3a65a02d3a8f38.mp4,MƏN,,unknown,21,30.0,rec_2022-12-17
6347aad4193f42ccbf254fb9fb807187,data/raw/AzSLD_Words_100/MƏN/6347aad4193f42ccbf254fb9fb807187.mp4,MƏN,,unknown,31,30.0,rec_2022-05-31
636844d99e8d4d928bf1badaba795af0,data/raw/AzSLD_Words_100/MƏN/636844d99e8d4d928bf1badaba795af0.mp4,MƏN,,unknown,16,30.0,rec_2022-07-19
6393714105fd43fe9adad8abc46c739c,data/raw/AzSLD_Words_100/MƏN/6393714105fd43fe9adad8abc46c739c.mp4,MƏN,,unknown,20,30.0,rec_2022-11-22
639b45c3e07a44378bf64400831c35bc,data/raw/AzSLD_Words_100/MƏN/639b45c3e07a44378bf64400831c35bc.mp4,MƏN,,unknown,17,30.0,rec_2022-07-16
63adf5d4e367457ebef1707d1380672b,data/raw/AzSLD_Words_100/MƏN/63adf5d4e367457ebef1707d1380672b.mp4,MƏN,,unknown,22,30.0,rec_2022-07-02
63aeaf83f91a45aa80e7ac68ea6a71ad,data/raw/AzSLD_Words_100/MƏN/63aeaf83f91a45aa80e7ac68ea6a71ad.mp4,MƏN,,unknown,15,30.0,rec_2022-07-01
63c92f0383dd4861aace05de0af83b27,data/raw/AzSLD_Words_100/MƏN/63c92f0383dd4861aace05de0af83b27.mp4,MƏN,,unknown,9,30.0,rec_2022-07-01
63df581c51ba4478be18909ec47b2769,data/raw/AzSLD_Words_100/MƏN/63df581c51ba4478be18909ec47b2769.mp4,MƏN,,unknown,18,30.0,rec_2022-07-23
641e9c9821294254aef77930b3fc86ee,data/raw/AzSLD_Words_100/MƏN/641e9c9821294254aef77930b3fc86ee.mp4,MƏN,,unknown,23,30.0,rec_2022-12-28
642ff9c1c7c3467790370056ab16ebb1,data/raw/AzSLD_Words_100/MƏN/642ff9c1c7c3467790370056ab16ebb1.mp4,MƏN,,unknown,11,30.0,rec_2022-12-22
64360c8751ba4aa8a6c4d44b3e8a7279,data/raw/AzSLD_Words_100/MƏN/64360c8751ba4aa8a6c4d44b3e8a7279.mp4,MƏN,,unknown,14,30.0,rec_2022-12-17
6449142626ed49b3af76a8f090234f22,data/raw/AzSLD_Words_100/MƏN/6449142626ed49b3af76a8f090234f22.mp4,MƏN,,unknown,21,30.0,rec_2022-12-22
645ac4a85c414deba07b4d2a17eb45b1,data/raw/AzSLD_Words_100/MƏN/645ac4a85c414deba07b4d2a17eb45b1.mp4,MƏN,,unknown,26,30.0,rec_2022-05-25
64777dc6d9b3417b8317f2332261d09f,data/raw/AzSLD_Words_100/MƏN/64777dc6d9b3417b8317f2332261d09f.mp4,MƏN,,unknown,20,30.0,rec_2022-11-19
649aece320ab4d1c87edbf0100878fb8,data/raw/AzSLD_Words_100/MƏN/649aece320ab4d1c87edbf0100878fb8.mp4,MƏN,,unknown,12,30.0,rec_2022-11-18
64b3df0c877c4214a27d15f8dd3011fd,data/raw/AzSLD_Words_100/MƏN/64b3df0c877c4214a27d15f8dd3011fd.mp4,MƏN,,unknown,14,30.0,rec_2022-06-02
64b59416773a44efa734f4b90aa81c78,data/raw/AzSLD_Words_100/MƏN/64b59416773a44efa734f4b90aa81c78.mp4,MƏN,,unknown,16,30.0,rec_2022-12-22
64cf69469b9141fc88d5952a318a9eba,data/raw/AzSLD_Words_100/MƏN/64cf69469b9141fc88d5952a318a9eba.mp4,MƏN,,unknown,18,30.0,rec_2022-12-22
64cfee93857e4b7698ee1a0400f5205f,data/raw/AzSLD_Words_100/MƏN/64cfee93857e4b7698ee1a0400f5205f.mp4,MƏN,,unknown,14,30.0,rec_2022-11-17
65005ddb97bb4af8acc03e64925aef32,data/raw/AzSLD_Words_100/MƏN/65005ddb97bb4af8acc03e64925aef32.mp4,MƏN,,unknown,22,30.0,rec_2022-12-24
651829bfde3a4792a9f37152e8de2ad8,data/raw/AzSLD_Words_100/MƏN/651829bfde3a4792a9f37152e8de2ad8.mp4,MƏN,,unknown,9,30.0,rec_2022-11-18
6536bff10fa8487299bd3ecdbd804228,data/raw/AzSLD_Words_100/MƏN/6536bff10fa8487299bd3ecdbd804228.mp4,MƏN,,unknown,9,30.0,rec_2022-12-22
6544cbd357974c50914f4d08fbbe3ecc,data/raw/AzSLD_Words_100/MƏN/6544cbd357974c50914f4d08fbbe3ecc.mp4,MƏN,,unknown,16,30.0,rec_2022-11-01
65744759ee154d0cb544cd854715fac0,data/raw/AzSLD_Words_100/MƏN/65744759ee154d0cb544cd854715fac0.mp4,MƏN,,unknown,14,30.0,rec_2022-07-21
65896ff390ec410197df565c21b4b19d,data/raw/AzSLD_Words_100/MƏN/65896ff390ec410197df565c21b4b19d.mp4,MƏN,,unknown,17,30.0,rec_2022-12-23
65e57901e1914b6eb8d08559bdde26e1,data/raw/AzSLD_Words_100/MƏN/65e57901e1914b6eb8d08559bdde26e1.mp4,MƏN,,unknown,10,30.0,rec_2022-11-02
6606471298414fba91fbbf355fca6c87,data/raw/AzSLD_Words_100/MƏN/6606471298414fba91fbbf355fca6c87.mp4,MƏN,,unknown,16,30.0,rec_2022-11-04
664ca9afaa374fdeb92fb07d3bdfdc57,data/raw/AzSLD_Words_100/MƏN/664ca9afaa374fdeb92fb07d3bdfdc57.mp4,MƏN,,unknown,12,30.0,rec_2022-12-24
665546d345a04b80ab9de771c6e63b1c,data/raw/AzSLD_Words_100/MƏN/665546d345a04b80ab9de771c6e63b1c.mp4,MƏN,,unknown,18,30.0,rec_2022-06-13
66835c795743451d84f3521d92a4c5b9,data/raw/AzSLD_Words_100/MƏN/66835c795743451d84f3521d92a4c5b9.mp4,MƏN,,unknown,15,30.0,rec_2022-11-19
669ffde9b7c2432194acff796b92e586,data/raw/AzSLD_Words_100/MƏN/669ffde9b7c2432194acff796b92e586.mp4,MƏN,,unknown,15,30.0,rec_2022-07-19
66a2cec17401450cb880c05b46b788ec,data/raw/AzSLD_Words_100/MƏN/66a2cec17401450cb880c05b46b788ec.mp4,MƏN,,unknown,25,30.0,rec_2022-07-15
66aef10a633b4afbaa1d31c50dca8dc0,data/raw/AzSLD_Words_100/MƏN/66aef10a633b4afbaa1d31c50dca8dc0.mp4,MƏN,,unknown,24,30.0,rec_2022-08-02
66c1808e145d455cad77daa98f8f7bb6,data/raw/AzSLD_Words_100/MƏN/66c1808e145d455cad77daa98f8f7bb6.mp4,MƏN,,unknown,23,30.0,rec_2022-11-04
66dbb83f0a914d18bb7256f6b445e60d,data/raw/AzSLD_Words_100/MƏN/66dbb83f0a914d18bb7256f6b445e60d.mp4,MƏN,,unknown,22,30.0,rec_2022-07-18
66de1b6119cb4c969e6423121762b934,data/raw/AzSLD_Words_100/MƏN/66de1b6119cb4c969e6423121762b934.mp4,MƏN,,unknown,19,30.0,rec_2022-12-16
66eabfb06bcd4d559f32b9416e9cfb9c,data/raw/AzSLD_Words_100/MƏN/66eabfb06bcd4d559f32b9416e9cfb9c.mp4,MƏN,,unknown,10,30.0,rec_2022-12-17
66f05222e13041d594e2194cb4130523,data/raw/AzSLD_Words_100/MƏN/66f05222e13041d594e2194cb4130523.mp4,MƏN,,unknown,12,30.0,rec_2022-07-20
66f10b24c58e4a45b07272fd64052fdb,data/raw/AzSLD_Words_100/MƏN/66f10b24c58e4a45b07272fd64052fdb.mp4,MƏN,,unknown,23,30.0,rec_2022-07-29
67124b7821844278b5a10eb68fa82c37,data/raw/AzSLD_Words_100/MƏN/67124b7821844278b5a10eb68fa82c37.mp4,MƏN,,unknown,12,30.0,rec_2022-12-23
671c46506fbf4fc18c467bbf0d94b8b9,data/raw/AzSLD_Words_100/MƏN/671c46506fbf4fc18c467bbf0d94b8b9.mp4,MƏN,,unknown,18,30.0,rec_2022-07-23
673d7fdf495a40f58e49f404094b0097,data/raw/AzSLD_Words_100/MƏN/673d7fdf495a40f58e49f404094b0097.mp4,MƏN,,unknown,23,30.0,rec_2022-11-18
675339d0ad7f4fcaa764aaa5c9ed7e57,data/raw/AzSLD_Words_100/MƏN/675339d0ad7f4fcaa764aaa5c9ed7e57.mp4,MƏN,,unknown,18,30.0,rec_2022-11-17
675f1a358cea41cfbe55c59965641951,data/raw/AzSLD_Words_100/MƏN/675f1a358cea41cfbe55c59965641951.mp4,MƏN,,unknown,11,30.0,rec_2022-12-27
675fca92eb174ac998b19539d1db5615,data/raw/AzSLD_Words_100/MƏN/675fca92eb174ac998b19539d1db5615.mp4,MƏN,,unknown,15,30.0,rec_2022-12-24
6771b16f64dc465e8779462737c4b8d3,data/raw/AzSLD_Words_100/MƏN/6771b16f64dc465e8779462737c4b8d3.mp4,MƏN,,unknown,11,30.0,rec_2022-12-16
67780cfc9a864374a0992e850cf8c4c5,data/raw/AzSLD_Words_100/MƏN/67780cfc9a864374a0992e850cf8c4c5.mp4,MƏN,,unknown,21,30.0,rec_2022-11-10
678bb2bcc9be422cbefbc2f4bc552bce,data/raw/AzSLD_Words_100/MƏN/678bb2bcc9be422cbefbc2f4bc552bce.mp4,MƏN,,unknown,21,30.0,rec_2022-12-28
6791282110b6408da777a9966fb3bf84,data/raw/AzSLD_Words_100/MƏN/6791282110b6408da777a9966fb3bf84.mp4,MƏN,,unknown,28,30.0,rec_2022-06-07
67babb6ac1b9417283be685ff014bd97,data/raw/AzSLD_Words_100/MƏN/67babb6ac1b9417283be685ff014bd97.mp4,MƏN,,unknown,16,30.0,rec_2022-12-24
67ca3fcfab654199a4418686c7c846a0,data/raw/AzSLD_Words_100/MƏN/67ca3fcfab654199a4418686c7c846a0.mp4,MƏN,,unknown,10,30.0,rec_2022-12-17
67d80789b11e411fbbd2b9b5f66bab38,data/raw/AzSLD_Words_100/MƏN/67d80789b11e411fbbd2b9b5f66bab38.mp4,MƏN,,unknown,10,30.0,rec_2022-12-17
67df575d635b4ecc93da02228b1ee741,data/raw/AzSLD_Words_100/MƏN/67df575d635b4ecc93da02228b1ee741.mp4,MƏN,,unknown,27,30.0,rec_2022-11-01
67f11cbad04b4fe6bd1191e7461317cc,data/raw/AzSLD_Words_100/MƏN/67f11cbad04b4fe6bd1191e7461317cc.mp4,MƏN,,unknown,15,30.0,rec_2022-12-22
680366931c9647748f88fccedfffaffb,data/raw/AzSLD_Words_100/MƏN/680366931c9647748f88fccedfffaffb.mp4,MƏN,,unknown,16,30.0,rec_2022-12-22
682e16e1f1a54f738f12998c1923cf51,data/raw/AzSLD_Words_100/MƏN/682e16e1f1a54f738f12998c1923cf51.mp4,MƏN,,unknown,18,30.0,rec_2022-11-17
683d5a9a7b284ca4b864a2ea79d93bd1,data/raw/AzSLD_Words_100/MƏN/683d5a9a7b284ca4b864a2ea79d93bd1.mp4,MƏN,,unknown,19,30.0,rec_2022-11-04
6853e65603664d0788c04b5e60d37050,data/raw/AzSLD_Words_100/MƏN/6853e65603664d0788c04b5e60d37050.mp4,MƏN,,unknown,18,30.0,rec_2022-12-23
6865ab5951df452b90d86bd87e1fe45f,data/raw/AzSLD_Words_100/MƏN/6865ab5951df452b90d86bd87e1fe45f.mp4,MƏN,,unknown,11,30.0,rec_2022-12-17
686ce0fad7524c2691e162ec76b3b5ce,data/raw/AzSLD_Words_100/MƏN/686ce0fad7524c2691e162ec76b3b5ce.mp4,MƏN,,unknown,17,30.0,rec_2022-07-23
68719d774b194afda9c1f3558eda624a,data/raw/AzSLD_Words_100/MƏN/68719d774b194afda9c1f3558eda624a.mp4,MƏN,,unknown,20,30.0,rec_2022-10-26
687fdae78f0d4c65984a6e08a0c3c0a0,data/raw/AzSLD_Words_100/MƏN/687fdae78f0d4c65984a6e08a0c3c0a0.mp4,MƏN,,unknown,17,30.0,rec_2022-07-18
6883087c63c54baf807378f570654830,data/raw/AzSLD_Words_100/MƏN/6883087c63c54baf807378f570654830.mp4,MƏN,,unknown,24,30.0,rec_2022-11-19
68acf03f3697465cb87fadfbe560c884,data/raw/AzSLD_Words_100/MƏN/68acf03f3697465cb87fadfbe560c884.mp4,MƏN,,unknown,15,30.0,rec_2022-12-15
68b64ad9135f4ce1a05409fbc3d2a22f,data/raw/AzSLD_Words_100/MƏN/68b64ad9135f4ce1a05409fbc3d2a22f.mp4,MƏN,,unknown,22,30.0,rec_2022-11-17
68bb0ff1c0e14f02b0872f3f3461b388,data/raw/AzSLD_Words_100/MƏN/68bb0ff1c0e14f02b0872f3f3461b388.mp4,MƏN,,unknown,20,30.0,rec_2022-07-18
68dd381a5e2e437fadd97ac6c2495a45,data/raw/AzSLD_Words_100/MƏN/68dd381a5e2e437fadd97ac6c2495a45.mp4,MƏN,,unknown,18,30.0,rec_2022-12-24
68f7d34363ea47de84528585184d705a,data/raw/AzSLD_Words_100/MƏN/68f7d34363ea47de84528585184d705a.mp4,MƏN,,unknown,13,30.0,rec_2022-12-22
690340c7878b476d9ac2686e2e066ff2,data/raw/AzSLD_Words_100/MƏN/690340c7878b476d9ac2686e2e066ff2.mp4,MƏN,,unknown,17,30.0,rec_2022-07-14
694ec1a37b534738abe30115afdd7662,data/raw/AzSLD_Words_100/MƏN/694ec1a37b534738abe30115afdd7662.mp4,MƏN,,unknown,15,30.0,rec_2022-11-05
6975a3abfb4549c5b6642d75c2b26f7d,data/raw/AzSLD_Words_100/MƏN/6975a3abfb4549c5b6642d75c2b26f7d.mp4,MƏN,,unknown,17,30.0,rec_2022-12-23
699e9146bd474f759efc4cb6e3014a6d,data/raw/AzSLD_Words_100/MƏN/699e9146bd474f759efc4cb6e3014a6d.mp4,MƏN,,unknown,11,30.0,rec_2022-07-20
69be67e24081449dbd2671e7220a1032,data/raw/AzSLD_Words_100/MƏN/69be67e24081449dbd2671e7220a1032.mp4,MƏN,,unknown,21,30.0,rec_2022-12-23
69be9959e528406193bafda4321118f9,data/raw/AzSLD_Words_100/MƏN/69be9959e528406193bafda4321118f9.mp4,MƏN,,unknown,8,30.0,rec_2022-06-16
69dd79689b8946f28d5e33e0b58c7230,data/raw/AzSLD_Words_100/MƏN/69dd79689b8946f28d5e33e0b58c7230.mp4,MƏN,,unknown,16,30.0,rec_2022-12-28
6a264fdd904947dba39de506cb312062,data/raw/AzSLD_Words_100/MƏN/6a264fdd904947dba39de506cb312062.mp4,MƏN,,unknown,31,30.0,rec_2022-11-22
6a5e998ea1f8475387a677f29cb03e61,data/raw/AzSLD_Words_100/MƏN/6a5e998ea1f8475387a677f29cb03e61.mp4,MƏN,,unknown,30,30.0,rec_2022-07-25
6a6514c33b674642980e0711cd52a540,data/raw/AzSLD_Words_100/MƏN/6a6514c33b674642980e0711cd52a540.mp4,MƏN,,unknown,13,30.0,rec_2022-10-28
6a7a9051f7d74d0fa5f3ee0563c9b954,data/raw/AzSLD_Words_100/MƏN/6a7a9051f7d74d0fa5f3ee0563c9b954.mp4,MƏN,,unknown,49,30.0,rec_2022-06-02
6a98beddc118414caed5a0ab66d9bb48,data/raw/AzSLD_Words_100/MƏN/6a98beddc118414caed5a0ab66d9bb48.mp4,MƏN,,unknown,16,30.0,rec_2022-07-22
6ac0de1d10fe4b19b02adbf9615b738b,data/raw/AzSLD_Words_100/MƏN/6ac0de1d10fe4b19b02adbf9615b738b.mp4,MƏN,,unknown,12,30.0,rec_2022-12-17
6acdd9722ba4491ba4c79deddd5081ac,data/raw/AzSLD_Words_100/MƏN/6acdd9722ba4491ba4c79deddd5081ac.mp4,MƏN,,unknown,13,30.0,rec_2022-12-20
6ad51894e9db498195687d716e2e5a1c,data/raw/AzSLD_Words_100/MƏN/6ad51894e9db498195687d716e2e5a1c.mp4,MƏN,,unknown,12,30.0,rec_2022-07-21
6af30b28921d42e782e8bea0fbc51a98,data/raw/AzSLD_Words_100/MƏN/6af30b28921d42e782e8bea0fbc51a98.mp4,MƏN,,unknown,22,30.0,rec_2022-06-11
6b0a24e230114414a134309a48874a61,data/raw/AzSLD_Words_100/MƏN/6b0a24e230114414a134309a48874a61.mp4,MƏN,,unknown,24,30.0,rec_2022-11-22
6b10caec52e245fb9fe267f7b2916f86,data/raw/AzSLD_Words_100/MƏN/6b10caec52e245fb9fe267f7b2916f86.mp4,MƏN,,unknown,14,30.0,rec_2022-12-23
6b206cd9cf3c4110a9810227a49abfee,data/raw/AzSLD_Words_100/MƏN/6b206cd9cf3c4110a9810227a49abfee.mp4,MƏN,,unknown,13,30.0,rec_2022-06-18
6b20ea17583c48f8a5c06cea2c397040,data/raw/AzSLD_Words_100/MƏN/6b20ea17583c48f8a5c06cea2c397040.mp4,MƏN,,unknown,14,30.0,rec_2022-07-27
6b3aa2a794f94356813a8d751c707907,data/raw/AzSLD_Words_100/MƏN/6b3aa2a794f94356813a8d751c707907.mp4,MƏN,,unknown,19,30.0,rec_2022-12-15
6bb1594b40f14e87ac67269428210ba3,data/raw/AzSLD_Words_100/MƏN/6bb1594b40f14e87ac67269428210ba3.mp4,MƏN,,unknown,22,30.0,rec_2022-12-17
6bbec21ae4614ed18df77d06134b4eb0,data/raw/AzSLD_Words_100/MƏN/6bbec21ae4614ed18df77d06134b4eb0.mp4,MƏN,,unknown,15,30.0,rec_2022-05-26
6bd621210237485781167a69948ec0d3,data/raw/AzSLD_Words_100/MƏN/6bd621210237485781167a69948ec0d3.mp4,MƏN,,unknown,17,30.0,rec_2022-12-20
6c181db4de5d451aa7b1a45cf82c8787,data/raw/AzSLD_Words_100/MƏN/6c181db4de5d451aa7b1a45cf82c8787.mp4,MƏN,,unknown,23,30.0,rec_2022-05-21
6c2995a30e1c4a6d9be6141b578dedc1,data/raw/AzSLD_Words_100/MƏN/6c2995a30e1c4a6d9be6141b578dedc1.mp4,MƏN,,unknown,15,30.0,rec_2022-07-22
6c2ca3c992474b3f83f458265d231b2e,data/raw/AzSLD_Words_100/MƏN/6c2ca3c992474b3f83f458265d231b2e.mp4,MƏN,,unknown,23,30.0,rec_2022-05-25
6c31ea727e46431da11623a47baa0b9b,data/raw/AzSLD_Words_100/MƏN/6c31ea727e46431da11623a47baa0b9b.mp4,MƏN,,unknown,20,30.0,rec_2022-08-02
6c52530cd8234ecabe0203e2a5efdf51,data/raw/AzSLD_Words_100/MƏN/6c52530cd8234ecabe0203e2a5efdf51.mp4,MƏN,,unknown,10,30.0,rec_2022-07-22
6c72aed45d874585bae17210d55f7dcb,data/raw/AzSLD_Words_100/MƏN/6c72aed45d874585bae17210d55f7dcb.mp4,MƏN,,unknown,14,30.0,rec_2022-11-18
6c772e7fec1640b193ae4204b0e7c6f0,data/raw/AzSLD_Words_100/MƏN/6c772e7fec1640b193ae4204b0e7c6f0.mp4,MƏN,,unknown,15,30.0,rec_2022-12-17
6c7abb16e85f49d4bd9fc09bc60c6ff2,data/raw/AzSLD_Words_100/MƏN/6c7abb16e85f49d4bd9fc09bc60c6ff2.mp4,MƏN,,unknown,16,30.0,rec_2022-11-02
6c84f14a55b04e61a1b7f8c3f9be308e,data/raw/AzSLD_Words_100/MƏN/6c84f14a55b04e61a1b7f8c3f9be308e.mp4,MƏN,,unknown,15,30.0,rec_2022-07-20
6c8a274a11f848c092631ea688318112,data/raw/AzSLD_Words_100/MƏN/6c8a274a11f848c092631ea688318112.mp4,MƏN,,unknown,13,30.0,rec_2022-11-10
6c8aa9364fe44312b6f001cf43267509,data/raw/AzSLD_Words_100/MƏN/6c8aa9364fe44312b6f001cf43267509.mp4,MƏN,,unknown,13,30.0,rec_2022-10-28
6c9fae9cd85345958090232a89e215fb,data/raw/AzSLD_Words_100/MƏN/6c9fae9cd85345958090232a89e215fb.mp4,MƏN,,unknown,14,30.0,rec_2022-12-23
6cbcd0c9c0ee44f8ad14fb675c845d27,data/raw/AzSLD_Words_100/MƏN/6cbcd0c9c0ee44f8ad14fb675c845d27.mp4,MƏN,,unknown,28,30.0,rec_2022-06-10
6cf2fb05fad54d3d8b8a83d42353b024,data/raw/AzSLD_Words_100/MƏN/6cf2fb05fad54d3d8b8a83d42353b024.mp4,MƏN,,unknown,15,30.0,rec_2022-07-18
6d0223f43d224973892d0735f1b0c926,data/raw/AzSLD_Words_100/MƏN/6d0223f43d224973892d0735f1b0c926.mp4,MƏN,,unknown,14,30.0,rec_2022-11-05
6d0227e63388499d86f025947f658e6c,data/raw/AzSLD_Words_100/MƏN/6d0227e63388499d86f025947f658e6c.mp4,MƏN,,unknown,16,30.0,rec_2022-12-23
6d0b37e28b424df28c110d176ba19e8d,data/raw/AzSLD_Words_100/MƏN/6d0b37e28b424df28c110d176ba19e8d.mp4,MƏN,,unknown,19,30.0,rec_2022-11-22
6d448f03cb3e4334b3824a4ddea6a57e,data/raw/AzSLD_Words_100/MƏN/6d448f03cb3e4334b3824a4ddea6a57e.mp4,MƏN,,unknown,18,30.0,rec_2022-11-02
6d497fa9b0ea410b85ca8997307c0ef3,data/raw/AzSLD_Words_100/MƏN/6d497fa9b0ea410b85ca8997307c0ef3.mp4,MƏN,,unknown,7,30.0,rec_2022-07-18
6d49899d18a84ac988440c06af7d32e6,data/raw/AzSLD_Words_100/MƏN/6d49899d18a84ac988440c06af7d32e6.mp4,MƏN,,unknown,10,30.0,
6d5bed75a1be44c2aabadadc7579ffc3,data/raw/AzSLD_Words_100/MƏN/6d5bed75a1be44c2aabadadc7579ffc3.mp4,MƏN,,unknown,18,30.0,rec_2022-08-02
6d5dd5f0f99946da87c99d0bd86e48a5,data/raw/AzSLD_Words_100/MƏN/6d5dd5f0f99946da87c99d0bd86e48a5.mp4,MƏN,,unknown,15,30.0,rec_2022-06-18
6d6022ae6ed64a08976116d5bde2bdf2,data/raw/AzSLD_Words_100/MƏN/6d6022ae6ed64a08976116d5bde2bdf2.mp4,MƏN,,unknown,21,30.0,rec_2022-07-27
6d70afc1c7744d43a50287da407d35bf,data/raw/AzSLD_Words_100/MƏN/6d70afc1c7744d43a50287da407d35bf.mp4,MƏN,,unknown,16,30.0,rec_2022-07-21
6d7356e8bf2848a2b087c865474658e0,data/raw/AzSLD_Words_100/MƏN/6d7356e8bf2848a2b087c865474658e0.mp4,MƏN,,unknown,15,30.0,rec_2022-07-23
6d771f4e931e4192ba174754ae43e8a4,data/raw/AzSLD_Words_100/MƏN/6d771f4e931e4192ba174754ae43e8a4.mp4,MƏN,,unknown,21,30.0,rec_2022-11-10
6dbc65c415f14d0da4799a0a6ba0de6d,data/raw/AzSLD_Words_100/MƏN/6dbc65c415f14d0da4799a0a6ba0de6d.mp4,MƏN,,unknown,16,30.0,rec_2022-08-02
6dcf6672592641fbbb5aea8dc0ac269f,data/raw/AzSLD_Words_100/MƏN/6dcf6672592641fbbb5aea8dc0ac269f.mp4,MƏN,,unknown,27,30.0,rec_2022-05-31
6e1cca1419474182a7dab4b0f8491bd9,data/raw/AzSLD_Words_100/MƏN/6e1cca1419474182a7dab4b0f8491bd9.mp4,MƏN,,unknown,24,30.0,rec_2022-12-24
6e3c820b445043a596b773ed1c20e75b,data/raw/AzSLD_Words_100/MƏN/6e3c820b445043a596b773ed1c20e75b.mp4,MƏN,,unknown,17,30.0,rec_2022-12-23
6e4d8455a2d24ae09529c7e7e0877e27,data/raw/AzSLD_Words_100/MƏN/6e4d8455a2d24ae09529c7e7e0877e27.mp4,MƏN,,unknown,13,30.0,rec_2022-12-28
6e5c5345949746fea4ef4579b6aabca5,data/raw/AzSLD_Words_100/MƏN/6e5c5345949746fea4ef4579b6aabca5.mp4,MƏN,,unknown,20,30.0,rec_2022-11-22
6e8c8e7d5e0241a2a8702c5d8f77c6cb,data/raw/AzSLD_Words_100/MƏN/6e8c8e7d5e0241a2a8702c5d8f77c6cb.mp4,MƏN,,unknown,14,30.0,rec_2022-07-01
6e91379dc4b447deb3a137f4ec8e5d85,data/raw/AzSLD_Words_100/MƏN/6e91379dc4b447deb3a137f4ec8e5d85.mp4,MƏN,,unknown,17,30.0,rec_2022-08-02
6e9525434f494f65b8ccfc1f0e0d3e8b,data/raw/AzSLD_Words_100/MƏN/6e9525434f494f65b8ccfc1f0e0d3e8b.mp4,MƏN,,unknown,14,30.0,rec_2022-12-23
6ec2320ece29421cb010bcb75a173553,data/raw/AzSLD_Words_100/MƏN/6ec2320ece29421cb010bcb75a173553.mp4,MƏN,,unknown,8,30.0,rec_2022-12-17
6ecdea48907947abbde9619309a1dfe2,data/raw/AzSLD_Words_100/MƏN/6ecdea48907947abbde9619309a1dfe2.mp4,MƏN,,unknown,12,30.0,rec_2022-12-27
6ed2a69960744173b79a69348bdb7753,data/raw/AzSLD_Words_100/MƏN/6ed2a69960744173b79a69348bdb7753.mp4,MƏN,,unknown,12,30.0,rec_2022-11-10
6eed5713af9f400589aa19125fc5b1ef,data/raw/AzSLD_Words_100/MƏN/6eed5713af9f400589aa19125fc5b1ef.mp4,MƏN,,unknown,1,30.0,rec_2022-06-10
6f0047db4f5c4917a330c829dc44ea22,data/raw/AzSLD_Words_100/MƏN/6f0047db4f5c4917a330c829dc44ea22.mp4,MƏN,,unknown,15,30.0,rec_2022-11-05
6f090a1a60d14391b46a1258bb8b9bca,data/raw/AzSLD_Words_100/MƏN/6f090a1a60d14391b46a1258bb8b9bca.mp4,MƏN,,unknown,15,30.0,rec_2022-07-16
6f18b2907cb74195ad1fd69c6471248e,data/raw/AzSLD_Words_100/MƏN/6f18b2907cb74195ad1fd69c6471248e.mp4,MƏN,,unknown,9,30.0,rec_2022-12-22
6f208e37a2a648e59e80a02b199323af,data/raw/AzSLD_Words_100/MƏN/6f208e37a2a648e59e80a02b199323af.mp4,MƏN,,unknown,18,30.0,rec_2022-11-18
6f482912298847249ea8bdd7c11e83fb,data/raw/AzSLD_Words_100/MƏN/6f482912298847249ea8bdd7c11e83fb.mp4,MƏN,,unknown,12,30.0,rec_2022-07-13
6f4eb8e3caef4c9f996ebb56164f2a3c,data/raw/AzSLD_Words_100/MƏN/6f4eb8e3caef4c9f996ebb56164f2a3c.mp4,MƏN,,unknown,27,30.0,rec_2022-12-17
6f7b8c5b34dd45c2b77fe1dae0649549,data/raw/AzSLD_Words_100/MƏN/6f7b8c5b34dd45c2b77fe1dae0649549.mp4,MƏN,,unknown,23,30.0,rec_2022-11-22
6f8cd3c5a8004d36ab2b2b6d58cb92ff,data/raw/AzSLD_Words_100/MƏN/6f8cd3c5a8004d36ab2b2b6d58cb92ff.mp4,MƏN,,unknown,8,30.0,rec_2022-12-28
6f8f0a9831904a2ab6d9be7a7fda3a9f,data/raw/AzSLD_Words_100/MƏN/6f8f0a9831904a2ab6d9be7a7fda3a9f.mp4,MƏN,,unknown,12,30.0,rec_2022-12-17
6f9db635a9c84ce8af947597f9111a25,data/raw/AzSLD_Words_100/MƏN/6f9db635a9c84ce8af947597f9111a25.mp4,MƏN,,unknown,10,30.0,rec_2022-07-20
6fa6105afcf64f01b4197abbf45f8437,data/raw/AzSLD_Words_100/MƏN/6fa6105afcf64f01b4197abbf45f8437.mp4,MƏN,,unknown,13,30.0,rec_2022-06-18
6fa9fbaae2244512b026c830c78b5fdb,data/raw/AzSLD_Words_100/MƏN/6fa9fbaae2244512b026c830c78b5fdb.mp4,MƏN,,unknown,17,30.0,rec_2022-07-18
6fb49e3c74594fe0ba73ca7535108034,data/raw/AzSLD_Words_100/MƏN/6fb49e3c74594fe0ba73ca7535108034.mp4,MƏN,,unknown,18,30.0,rec_2022-12-22
6fcf321e235541139388c1b529e6c559,data/raw/AzSLD_Words_100/MƏN/6fcf321e235541139388c1b529e6c559.mp4,MƏN,,unknown,18,30.0,rec_2022-07-13
6fd5783c110c49b9933c8cf553fc2b0b,data/raw/AzSLD_Words_100/MƏN/6fd5783c110c49b9933c8cf553fc2b0b.mp4,MƏN,,unknown,15,30.0,rec_2022-07-20
6ffbd46f7df14cf599b12265f8236870,data/raw/AzSLD_Words_100/MƏN/6ffbd46f7df14cf599b12265f8236870.mp4,MƏN,,unknown,18,30.0,rec_2022-07-19
7020f0329bc04b6296de866949079d2d,data/raw/AzSLD_Words_100/MƏN/7020f0329bc04b6296de866949079d2d.mp4,MƏN,,unknown,29,30.0,rec_2022-12-22
70381a988bdd41748c5099d54ec4b6ae,data/raw/AzSLD_Words_100/MƏN/70381a988bdd41748c5099d54ec4b6ae.mp4,MƏN,,unknown,11,30.0,rec_2022-12-20
7056bf0aecc84d5d8328329774381e6e,data/raw/AzSLD_Words_100/MƏN/7056bf0aecc84d5d8328329774381e6e.mp4,MƏN,,unknown,12,30.0,rec_2022-12-20
70595b20681144dc88d02d441ca58550,data/raw/AzSLD_Words_100/MƏN/70595b20681144dc88d02d441ca58550.mp4,MƏN,,unknown,11,30.0,rec_2022-06-13
7075a07efd89484c986d3415adc09c5e,data/raw/AzSLD_Words_100/MƏN/7075a07efd89484c986d3415adc09c5e.mp4,MƏN,,unknown,16,30.0,rec_2022-12-20
70a1ad06492444659f1b95e44cb60a46,data/raw/AzSLD_Words_100/MƏN/70a1ad06492444659f1b95e44cb60a46.mp4,MƏN,,unknown,26,30.0,rec_2022-12-27
70aeea78d77b470e9b771975635193ad,data/raw/AzSLD_Words_100/MƏN/70aeea78d77b470e9b771975635193ad.mp4,MƏN,,unknown,14,30.0,rec_2022-07-21
70d77f9123314748839ee520764dc2da,data/raw/AzSLD_Words_100/MƏN/70d77f9123314748839ee520764dc2da.mp4,MƏN,,unknown,18,30.0,rec_2022-12-23
7116cbe2458c4b9baf85404802a548b6,data/raw/AzSLD_Words_100/MƏN/7116cbe2458c4b9baf85404802a548b6.mp4,MƏN,,unknown,24,30.0,rec_2022-11-18
711c46cd859f4c25accaf194111412df,data/raw/AzSLD_Words_100/MƏN/711c46cd859f4c25accaf194111412df.mp4,MƏN,,unknown,19,30.0,rec_2022-11-22
713bdc3fb8434e8186403fc0967e0566,data/raw/AzSLD_Words_100/MƏN/713bdc3fb8434e8186403fc0967e0566.mp4,MƏN,,unknown,16,30.0,rec_2022-05-24
71482904192046e0a99e8eb4ab2fbcaa,data/raw/AzSLD_Words_100/MƏN/71482904192046e0a99e8eb4ab2fbcaa.mp4,MƏN,,unknown,16,30.0,rec_2022-07-21
714f17a50e6247e18e5453dab749c93c,data/raw/AzSLD_Words_100/MƏN/714f17a50e6247e18e5453dab749c93c.mp4,MƏN,,unknown,21,30.0,rec_2022-10-28
7150a098e15f4b7da5e89dcfbde2ac97,data/raw/AzSLD_Words_100/MƏN/7150a098e15f4b7da5e89dcfbde2ac97.mp4,MƏN,,unknown,18,30.0,rec_2022-07-02
718f9f45d34048d9ae5475c63fd49d2f,data/raw/AzSLD_Words_100/MƏN/718f9f45d34048d9ae5475c63fd49d2f.mp4,MƏN,,unknown,14,30.0,rec_2022-07-25
71a4ccaa733b45058263eb5ad604c677,data/raw/AzSLD_Words_100/MƏN/71a4ccaa733b45058263eb5ad604c677.mp4,MƏN,,unknown,20,30.0,rec_2022-12-23
71a59b5ffb4c4166bbfa59646b54137c,data/raw/AzSLD_Words_100/MƏN/71a59b5ffb4c4166bbfa59646b54137c.mp4,MƏN,,unknown,19,30.0,rec_2022-11-22
71b8443718bd49dc93c4e5ddc357f330,data/raw/AzSLD_Words_100/MƏN/71b8443718bd49dc93c4e5ddc357f330.mp4,MƏN,,unknown,20,30.0,rec_2022-07-25
71c371c3be2f4d69ba591d244152dc5a,data/raw/AzSLD_Words_100/MƏN/71c371c3be2f4d69ba591d244152dc5a.mp4,MƏN,,unknown,19,30.0,rec_2022-07-01
71d71c913bca4e97acbff4ceb0ada60a,data/raw/AzSLD_Words_100/MƏN/71d71c913bca4e97acbff4ceb0ada60a.mp4,MƏN,,unknown,16,30.0,rec_2022-12-15
71e2d686228b45e587af158ae0ba00d9,data/raw/AzSLD_Words_100/MƏN/71e2d686228b45e587af158ae0ba00d9.mp4,MƏN,,unknown,15,30.0,rec_2022-07-21
71eb4e3ffc8645e988315c84adb1f5a2,data/raw/AzSLD_Words_100/MƏN/71eb4e3ffc8645e988315c84adb1f5a2.mp4,MƏN,,unknown,19,30.0,rec_2022-07-18
71f1a23f63404ae29e9310cf68e7f379,data/raw/AzSLD_Words_100/MƏN/71f1a23f63404ae29e9310cf68e7f379.mp4,MƏN,,unknown,19,30.0,rec_2022-12-15
72241f8d284f4bea9e9ae6ecec0217b4,data/raw/AzSLD_Words_100/MƏN/72241f8d284f4bea9e9ae6ecec0217b4.mp4,MƏN,,unknown,27,30.0,rec_2022-05-25
722b8d54b9814ac68393265d01b88160,data/raw/AzSLD_Words_100/MƏN/722b8d54b9814ac68393265d01b88160.mp4,MƏN,,unknown,16,30.0,rec_2023-01-19
72515551fc42409c857bb8d9b3a5a064,data/raw/AzSLD_Words_100/MƏN/72515551fc42409c857bb8d9b3a5a064.mp4,MƏN,,unknown,17,30.0,rec_2022-06-18
72527b1a43714a0f9149427e14245d08,data/raw/AzSLD_Words_100/MƏN/72527b1a43714a0f9149427e14245d08.mp4,MƏN,,unknown,32,30.0,rec_2022-06-03
725d856e790d41a8bfddb9d84042e017,data/raw/AzSLD_Words_100/MƏN/725d856e790d41a8bfddb9d84042e017.mp4,MƏN,,unknown,17,30.0,rec_2022-07-19
728b2aacf508493e806e1d77c13ad063,data/raw/AzSLD_Words_100/MƏN/728b2aacf508493e806e1d77c13ad063.mp4,MƏN,,unknown,18,30.0,rec_2022-12-17
729b70c022384a0594dfd5511e726d9d,data/raw/AzSLD_Words_100/MƏN/729b70c022384a0594dfd5511e726d9d.mp4,MƏN,,unknown,20,30.0,rec_2022-11-19
7351d22f20c54240ab0908fd652a362d,data/raw/AzSLD_Words_100/MƏN/7351d22f20c54240ab0908fd652a362d.mp4,MƏN,,unknown,23,30.0,rec_2022-06-11
7355d3e4ddb348dfb7cc0e79c028fed5,data/raw/AzSLD_Words_100/MƏN/7355d3e4ddb348dfb7cc0e79c028fed5.mp4,MƏN,,unknown,18,30.0,rec_2022-11-04
735c37be486647509984511436edb288,data/raw/AzSLD_Words_100/MƏN/735c37be486647509984511436edb288.mp4,MƏN,,unknown,26,30.0,rec_2022-08-01
735df21d84954cd298596f0ef74a390a,data/raw/AzSLD_Words_100/MƏN/735df21d84954cd298596f0ef74a390a.mp4,MƏN,,unknown,27,30.0,rec_2022-06-10
7382d9608ace4f05b044e65368fae5cb,data/raw/AzSLD_Words_100/MƏN/7382d9608ace4f05b044e65368fae5cb.mp4,MƏN,,unknown,13,30.0,rec_2022-11-10
739b75d3be9d4ea1acfe977e934b6ba9,data/raw/AzSLD_Words_100/MƏN/739b75d3be9d4ea1acfe977e934b6ba9.mp4,MƏN,,unknown,10,30.0,rec_2022-07-22
73a321416a2e49fd909624c69e35732e,data/raw/AzSLD_Words_100/MƏN/73a321416a2e49fd909624c69e35732e.mp4,MƏN,,unknown,30,30.0,rec_2022-12-24
73d2827ed2294cf6932c3c26fd7d737c,data/raw/AzSLD_Words_100/MƏN/73d2827ed2294cf6932c3c26fd7d737c.mp4,MƏN,,unknown,22,30.0,rec_2022-12-17
73d353587b424ccc8680b68d3cf3194a,data/raw/AzSLD_Words_100/MƏN/73d353587b424ccc8680b68d3cf3194a.mp4,MƏN,,unknown,16,30.0,rec_2022-12-24
73eed5738cd2428fac62c015557a427e,data/raw/AzSLD_Words_100/MƏN/73eed5738cd2428fac62c015557a427e.mp4,MƏN,,unknown,17,30.0,rec_2022-12-23
74077200ea2c44cd96bdd69b7fb2eacc,data/raw/AzSLD_Words_100/MƏN/74077200ea2c44cd96bdd69b7fb2eacc.mp4,MƏN,,unknown,14,30.0,
74239d2b79f94e38ad39c84147469d53,data/raw/AzSLD_Words_100/MƏN/74239d2b79f94e38ad39c84147469d53.mp4,MƏN,,unknown,18,30.0,rec_2022-12-22
744000ceae3a46e8b7ea2a5d17e41b9d,data/raw/AzSLD_Words_100/MƏN/744000ceae3a46e8b7ea2a5d17e41b9d.mp4,MƏN,,unknown,11,30.0,rec_2022-12-17
746df9dd141d4a888d4022bca4726363,data/raw/AzSLD_Words_100/MƏN/746df9dd141d4a888d4022bca4726363.mp4,MƏN,,unknown,15,30.0,rec_2022-11-10
749b2843a0b64e5a9ef0a9298a41a538,data/raw/AzSLD_Words_100/MƏN/749b2843a0b64e5a9ef0a9298a41a538.mp4,MƏN,,unknown,21,30.0,rec_2022-12-20
74a0800a73da408f8c76f415ff1c1a0a,data/raw/AzSLD_Words_100/MƏN/74a0800a73da408f8c76f415ff1c1a0a.mp4,MƏN,,unknown,13,30.0,rec_2022-06-03
74b5361258c748bdb1aa4473348ca699,data/raw/AzSLD_Words_100/MƏN/74b5361258c748bdb1aa4473348ca699.mp4,MƏN,,unknown,14,30.0,rec_2022-12-22
74c934a4bcd44dffa395f3ec6b55b8f4,data/raw/AzSLD_Words_100/MƏN/74c934a4bcd44dffa395f3ec6b55b8f4.mp4,MƏN,,unknown,12,30.0,rec_2022-12-22
74cb27b785fb41ccbae6ac6007e42da1,data/raw/AzSLD_Words_100/MƏN/74cb27b785fb41ccbae6ac6007e42da1.mp4,MƏN,,unknown,15,30.0,
74ccd19c3dcd4c9f83fea3e0e20db374,data/raw/AzSLD_Words_100/MƏN/74ccd19c3dcd4c9f83fea3e0e20db374.mp4,MƏN,,unknown,20,30.0,rec_2022-12-27
74f100da581b4a1bbb78fc0c67eb7067,data/raw/AzSLD_Words_100/MƏN/74f100da581b4a1bbb78fc0c67eb7067.mp4,MƏN,,unknown,15,30.0,rec_2022-07-21
7506cd267d9443efbeca1b19e6ce7480,data/raw/AzSLD_Words_100/MƏN/7506cd267d9443efbeca1b19e6ce7480.mp4,MƏN,,unknown,21,30.0,rec_2022-12-24
7570984c730f4c2cae859a60a5fa5e13,data/raw/AzSLD_Words_100/MƏN/7570984c730f4c2cae859a60a5fa5e13.mp4,MƏN,,unknown,34,30.0,rec_2022-05-31
75805caa5c3c4628a793022aae1c585e,data/raw/AzSLD_Words_100/MƏN/75805caa5c3c4628a793022aae1c585e.mp4,MƏN,,unknown,20,30.0,rec_2022-11-18
75a2b024656a45508e5070b3c349d22a,data/raw/AzSLD_Words_100/MƏN/75a2b024656a45508e5070b3c349d22a.mp4,MƏN,,unknown,18,30.0,rec_2022-12-20
75a48a95e14f4915b47e7449e236d517,data/raw/AzSLD_Words_100/MƏN/75a48a95e14f4915b47e7449e236d517.mp4,MƏN,,unknown,13,30.0,rec_2022-05-31
75ee066083d142d6943b966593e8d318,data/raw/AzSLD_Words_100/MƏN/75ee066083d142d6943b966593e8d318.mp4,MƏN,,unknown,15,30.0,rec_2022-12-22
7611066739c04fd595125bec4da4aefa,data/raw/AzSLD_Words_100/MƏN/7611066739c04fd595125bec4da4aefa.mp4,MƏN,,unknown,17,30.0,rec_2022-11-01
764014ce0c1641eead038ab9be866ffd,data/raw/AzSLD_Words_100/MƏN/764014ce0c1641eead038ab9be866ffd.mp4,MƏN,,unknown,17,30.0,rec_2022-12-20
7657cd140dc6486593387583e6b9ac60,data/raw/AzSLD_Words_100/MƏN/7657cd140dc6486593387583e6b9ac60.mp4,MƏN,,unknown,16,30.0,rec_2022-11-19
7686a4d0a07d4ea8af2ba13a644b0b99,data/raw/AzSLD_Words_100/MƏN/7686a4d0a07d4ea8af2ba13a644b0b99.mp4,MƏN,,unknown,14,30.0,rec_2022-06-02
76a2a7ae670742259380009c2b8794af,data/raw/AzSLD_Words_100/MƏN/76a2a7ae670742259380009c2b8794af.mp4,MƏN,,unknown,14,30.0,rec_2022-12-17
76b864e71ed540f9a19edc8e310c75f0,data/raw/AzSLD_Words_100/MƏN/76b864e71ed540f9a19edc8e310c75f0.mp4,MƏN,,unknown,20,30.0,rec_2022-08-02
76b9fbe4f30a4f1fa60ad71ad781fd46,data/raw/AzSLD_Words_100/MƏN/76b9fbe4f30a4f1fa60ad71ad781fd46.mp4,MƏN,,unknown,13,30.0,rec_2022-12-16
76e4a0d4a39646a7b2db5f556cd54942,data/raw/AzSLD_Words_100/MƏN/76e4a0d4a39646a7b2db5f556cd54942.mp4,MƏN,,unknown,26,30.0,rec_2022-06-11
76fdaccfc52d4f908fdb24db5acc9de4,data/raw/AzSLD_Words_100/MƏN/76fdaccfc52d4f908fdb24db5acc9de4.mp4,MƏN,,unknown,22,30.0,rec_2022-08-02
77120975eeb74c57baa5d3fa2ad3aae2,data/raw/AzSLD_Words_100/MƏN/77120975eeb74c57baa5d3fa2ad3aae2.mp4,MƏN,,unknown,18,30.0,rec_2022-07-13
772e36e8d8124fe492fadea06a5a942f,data/raw/AzSLD_Words_100/MƏN/772e36e8d8124fe492fadea06a5a942f.mp4,MƏN,,unknown,8,30.0,rec_2022-07-22
77366f2ec16f464480d50bb63a17a147,data/raw/AzSLD_Words_100/MƏN/77366f2ec16f464480d50bb63a17a147.mp4,MƏN,,unknown,13,30.0,rec_2022-07-25
7738264256304416988980e0739ad1e4,data/raw/AzSLD_Words_100/MƏN/7738264256304416988980e0739ad1e4.mp4,MƏN,,unknown,18,30.0,rec_2022-06-11
7748ec885772498ab089bc712f1f3ff5,data/raw/AzSLD_Words_100/MƏN/7748ec885772498ab089bc712f1f3ff5.mp4,MƏN,,unknown,11,30.0,rec_2022-07-23
774be843eed648a09d7be8e1271d87c0,data/raw/AzSLD_Words_100/MƏN/774be843eed648a09d7be8e1271d87c0.mp4,MƏN,,unknown,17,30.0,rec_2022-12-20
7769361b48de452da4488bef6106172a,data/raw/AzSLD_Words_100/MƏN/7769361b48de452da4488bef6106172a.mp4,MƏN,,unknown,16,30.0,rec_2022-12-17
777bff592484425d940a7ceee3eeb53e,data/raw/AzSLD_Words_100/MƏN/777bff592484425d940a7ceee3eeb53e.mp4,MƏN,,unknown,10,30.0,rec_2022-12-16
77b3063baaba40e3a04bc6dd834edfbe,data/raw/AzSLD_Words_100/MƏN/77b3063baaba40e3a04bc6dd834edfbe.mp4,MƏN,,unknown,12,30.0,rec_2022-11-19
77c5cc78527b485f8fbc78b34b3f358f,data/raw/AzSLD_Words_100/MƏN/77c5cc78527b485f8fbc78b34b3f358f.mp4,MƏN,,unknown,14,30.0,rec_2022-11-10
77d97c59f7fc47cbb11683de6b3a8918,data/raw/AzSLD_Words_100/MƏN/77d97c59f7fc47cbb11683de6b3a8918.mp4,MƏN,,unknown,15,30.0,rec_2022-11-04
77f06293dc41496d974bb4b1ad7f5b7d,data/raw/AzSLD_Words_100/MƏN/77f06293dc41496d974bb4b1ad7f5b7d.mp4,MƏN,,unknown,25,30.0,rec_2022-12-17
78172f27a5824f47a74c6fbf8ab8c5c3,data/raw/AzSLD_Words_100/MƏN/78172f27a5824f47a74c6fbf8ab8c5c3.mp4,MƏN,,unknown,14,30.0,rec_2022-07-20
7830e03b7bbb45089ef0e5b968b7901e,data/raw/AzSLD_Words_100/MƏN/7830e03b7bbb45089ef0e5b968b7901e.mp4,MƏN,,unknown,20,30.0,rec_2022-12-23
7841015375a54a5cadef512ef8f9c426,data/raw/AzSLD_Words_100/MƏN/7841015375a54a5cadef512ef8f9c426.mp4,MƏN,,unknown,19,30.0,rec_2022-11-18
7876a9c940ee463d877ba1b20e30ead3,data/raw/AzSLD_Words_100/MƏN/7876a9c940ee463d877ba1b20e30ead3.mp4,MƏN,,unknown,22,30.0,rec_2022-12-24
78785cde73e44c4bad23ceac7638293a,data/raw/AzSLD_Words_100/MƏN/78785cde73e44c4bad23ceac7638293a.mp4,MƏN,,unknown,13,30.0,rec_2022-07-16
78d8adc90be5436cb7ab8d3207572c48,data/raw/AzSLD_Words_100/MƏN/78d8adc90be5436cb7ab8d3207572c48.mp4,MƏN,,unknown,16,30.0,rec_2022-12-23
78fd1b3c65a94765bdc82a3c3a4f4686,data/raw/AzSLD_Words_100/MƏN/78fd1b3c65a94765bdc82a3c3a4f4686.mp4,MƏN,,unknown,22,30.0,rec_2022-12-27
79089884fa344c92851d1551fe2f9fe8,data/raw/AzSLD_Words_100/MƏN/79089884fa344c92851d1551fe2f9fe8.mp4,MƏN,,unknown,15,30.0,rec_2022-12-22
7922faa1bcf44b14a24beed3553f61b2,data/raw/AzSLD_Words_100/MƏN/7922faa1bcf44b14a24beed3553f61b2.mp4,MƏN,,unknown,14,30.0,rec_2022-12-17
79258a8e26a24becae24688ed297dd9d,data/raw/AzSLD_Words_100/MƏN/79258a8e26a24becae24688ed297dd9d.mp4,MƏN,,unknown,22,30.0,rec_2022-12-15
793c852377634001925fac30e51283b9,data/raw/AzSLD_Words_100/MƏN/793c852377634001925fac30e51283b9.mp4,MƏN,,unknown,11,30.0,rec_2022-12-22
795a18977b3843c6a324bcc3995771c6,data/raw/AzSLD_Words_100/MƏN/795a18977b3843c6a324bcc3995771c6.mp4,MƏN,,unknown,19,30.0,rec_2022-12-15
79855e33e4464bd2a0e78a9586fbf317,data/raw/AzSLD_Words_100/MƏN/79855e33e4464bd2a0e78a9586fbf317.mp4,MƏN,,unknown,24,30.0,rec_2022-05-31
798be9bbeb774f4b9f8c123f021536bd,data/raw/AzSLD_Words_100/MƏN/798be9bbeb774f4b9f8c123f021536bd.mp4,MƏN,,unknown,18,30.0,rec_2022-12-20
7995fed4d15b4d659acfcb217745134d,data/raw/AzSLD_Words_100/MƏN/7995fed4d15b4d659acfcb217745134d.mp4,MƏN,,unknown,20,30.0,rec_2022-07-14
79a8a40d8edd4025bedb2bb3db99fea3,data/raw/AzSLD_Words_100/MƏN/79a8a40d8edd4025bedb2bb3db99fea3.mp4,MƏN,,unknown,12,30.0,rec_2022-11-04
79c2903fdd3540079b9c94d2f0ecd13e,data/raw/AzSLD_Words_100/MƏN/79c2903fdd3540079b9c94d2f0ecd13e.mp4,MƏN,,unknown,19,30.0,rec_2022-11-19
79f4759e5a6c428ab2f3acca1c48aaa5,data/raw/AzSLD_Words_100/MƏN/79f4759e5a6c428ab2f3acca1c48aaa5.mp4,MƏN,,unknown,14,30.0,rec_2022-11-10
7a06294aedc348969a2991c4d6b01e27,data/raw/AzSLD_Words_100/MƏN/7a06294aedc348969a2991c4d6b01e27.mp4,MƏN,,unknown,17,30.0,rec_2022-07-19
7a18f0dd91024cd1b100c82d0e4bcf75,data/raw/AzSLD_Words_100/MƏN/7a18f0dd91024cd1b100c82d0e4bcf75.mp4,MƏN,,unknown,24,30.0,rec_2022-06-02
7a4c8f1dd8ba45268cc09b3e48a12446,data/raw/AzSLD_Words_100/MƏN/7a4c8f1dd8ba45268cc09b3e48a12446.mp4,MƏN,,unknown,16,30.0,rec_2022-07-20
7a5d70bbf8b14834b50f411a52808d83,data/raw/AzSLD_Words_100/MƏN/7a5d70bbf8b14834b50f411a52808d83.mp4,MƏN,,unknown,12,30.0,rec_2022-07-01
7a7d85a1f6d14b71bc4525eae52a7f47,data/raw/AzSLD_Words_100/MƏN/7a7d85a1f6d14b71bc4525eae52a7f47.mp4,MƏN,,unknown,19,30.0,rec_2022-12-23
7adb715554304e73aa7fe3ee8dd5bc26,data/raw/AzSLD_Words_100/MƏN/7adb715554304e73aa7fe3ee8dd5bc26.mp4,MƏN,,unknown,16,30.0,rec_2022-12-23
7b0a3c6837e14c2080cdebd4e26b21ec,data/raw/AzSLD_Words_100/MƏN/7b0a3c6837e14c2080cdebd4e26b21ec.mp4,MƏN,,unknown,19,30.0,rec_2022-06-18
7b160277fa944ae9bd6fff15b1aaa2e9,data/raw/AzSLD_Words_100/MƏN/7b160277fa944ae9bd6fff15b1aaa2e9.mp4,MƏN,,unknown,21,30.0,rec_2022-11-22
7b16e0f8e9ae461598dd4b0629c7b81e,data/raw/AzSLD_Words_100/MƏN/7b16e0f8e9ae461598dd4b0629c7b81e.mp4,MƏN,,unknown,16,30.0,rec_2022-07-21
7b31a13cdcd7428db1f9d5c6fa5c8741,data/raw/AzSLD_Words_100/MƏN/7b31a13cdcd7428db1f9d5c6fa5c8741.mp4,MƏN,,unknown,16,30.0,rec_2022-07-25
7b57197a73094c5caeb063cad8154d57,data/raw/AzSLD_Words_100/MƏN/7b57197a73094c5caeb063cad8154d57.mp4,MƏN,,unknown,16,30.0,rec_2022-11-01
7b89a29198e54740b3022578fcaa7c95,data/raw/AzSLD_Words_100/MƏN/7b89a29198e54740b3022578fcaa7c95.mp4,MƏN,,unknown,16,30.0,rec_2022-07-21
7b98257854f4459a8a484d9ed1b3cc35,data/raw/AzSLD_Words_100/MƏN/7b98257854f4459a8a484d9ed1b3cc35.mp4,MƏN,,unknown,22,30.0,rec_2022-12-24
7b9e88e8dd5c40efbdb578fa27140938,data/raw/AzSLD_Words_100/MƏN/7b9e88e8dd5c40efbdb578fa27140938.mp4,MƏN,,unknown,8,30.0,rec_2022-07-18
7ba77f6d4a664b2da9ec3ed2bf75b93e,data/raw/AzSLD_Words_100/MƏN/7ba77f6d4a664b2da9ec3ed2bf75b93e.mp4,MƏN,,unknown,10,30.0,rec_2022-07-20
7bce99af32074bde83c61ecee7d346e3,data/raw/AzSLD_Words_100/MƏN/7bce99af32074bde83c61ecee7d346e3.mp4,MƏN,,unknown,11,30.0,rec_2022-06-18
7c0e26cf2ed44deeb2fddfd53483b143,data/raw/AzSLD_Words_100/MƏN/7c0e26cf2ed44deeb2fddfd53483b143.mp4,MƏN,,unknown,18,30.0,rec_2022-06-02
7c4aeddf47884e7eb527ef88c0b4cf15,data/raw/AzSLD_Words_100/MƏN/7c4aeddf47884e7eb527ef88c0b4cf15.mp4,MƏN,,unknown,18,30.0,rec_2022-11-22
7c8c37eb7b3146a0a1a311218d34a321,data/raw/AzSLD_Words_100/MƏN/7c8c37eb7b3146a0a1a311218d34a321.mp4,MƏN,,unknown,18,30.0,rec_2022-12-20
7cd32512c86448a9beff211979e426d2,data/raw/AzSLD_Words_100/MƏN/7cd32512c86448a9beff211979e426d2.mp4,MƏN,,unknown,15,30.0,rec_2022-11-05
7cd44bdc329247e897a762945d1f4e0a,data/raw/AzSLD_Words_100/MƏN/7cd44bdc329247e897a762945d1f4e0a.mp4,MƏN,,unknown,19,30.0,rec_2022-12-17
7ce1e0a66d3547d285da7c524db0a3a3,data/raw/AzSLD_Words_100/MƏN/7ce1e0a66d3547d285da7c524db0a3a3.mp4,MƏN,,unknown,10,30.0,rec_2022-07-22
7ceddab436d648f58b3c74fbc2f42fe2,data/raw/AzSLD_Words_100/MƏN/7ceddab436d648f58b3c74fbc2f42fe2.mp4,MƏN,,unknown,53,30.0,rec_2022-05-25
7d0d9ccbe2fd40b9ac5ea708d22a1aed,data/raw/AzSLD_Words_100/MƏN/7d0d9ccbe2fd40b9ac5ea708d22a1aed.mp4,MƏN,,unknown,14,30.0,rec_2022-07-01
7d2053702a7d46c688e0ff4c8efddb98,data/raw/AzSLD_Words_100/MƏN/7d2053702a7d46c688e0ff4c8efddb98.mp4,MƏN,,unknown,16,30.0,rec_2022-12-23
7d2abc0eb41f4fb487798affd99ef05a,data/raw/AzSLD_Words_100/MƏN/7d2abc0eb41f4fb487798affd99ef05a.mp4,MƏN,,unknown,13,30.0,rec_2022-11-17
7d59607d733d4c57ad54199a81ac8833,data/raw/AzSLD_Words_100/MƏN/7d59607d733d4c57ad54199a81ac8833.mp4,MƏN,,unknown,18,30.0,rec_2022-07-15
7d8901d0549e4d178e7170806014fe65,data/raw/AzSLD_Words_100/MƏN/7d8901d0549e4d178e7170806014fe65.mp4,MƏN,,unknown,11,30.0,rec_2022-11-10
7d9ecef2243741578d021a9e402a7417,data/raw/AzSLD_Words_100/MƏN/7d9ecef2243741578d021a9e402a7417.mp4,MƏN,,unknown,19,30.0,rec_2022-11-04
7dbf47e650e0419c9dfd5c3fda7b1c23,data/raw/AzSLD_Words_100/MƏN/7dbf47e650e0419c9dfd5c3fda7b1c23.mp4,MƏN,,unknown,11,30.0,rec_2022-12-20
7dbf52252df94740a1b306b9b621980f,data/raw/AzSLD_Words_100/MƏN/7dbf52252df94740a1b306b9b621980f.mp4,MƏN,,unknown,18,30.0,rec_2022-10-28
7dd3fe705f274aaa81925f391b26c464,data/raw/AzSLD_Words_100/MƏN/7dd3fe705f274aaa81925f391b26c464.mp4,MƏN,,unknown,6,30.0,rec_2022-07-18
7dd7826d4d6c4bce854ecf609370e8c4,data/raw/AzSLD_Words_100/MƏN/7dd7826d4d6c4bce854ecf609370e8c4.mp4,MƏN,,unknown,15,30.0,rec_2022-07-18
7de6203fd37840ee92292804b511294e,data/raw/AzSLD_Words_100/MƏN/7de6203fd37840ee92292804b511294e.mp4,MƏN,,unknown,14,30.0,rec_2022-11-22
7deda8c69d974b1bad4a825892e1f1a7,data/raw/AzSLD_Words_100/MƏN/7deda8c69d974b1bad4a825892e1f1a7.mp4,MƏN,,unknown,23,30.0,rec_2022-12-24
7e026cf5cbaa4a0faf0e30b0092a1055,data/raw/AzSLD_Words_100/MƏN/7e026cf5cbaa4a0faf0e30b0092a1055.mp4,MƏN,,unknown,11,30.0,rec_2022-06-18
7e0bf5ae35b748f0b8fba143c00eb5ad,data/raw/AzSLD_Words_100/MƏN/7e0bf5ae35b748f0b8fba143c00eb5ad.mp4,MƏN,,unknown,15,30.0,rec_2022-12-22
7e490bc1fbcc46479cd6be6d4994e765,data/raw/AzSLD_Words_100/MƏN/7e490bc1fbcc46479cd6be6d4994e765.mp4,MƏN,,unknown,17,30.0,rec_2022-11-18
7e49f872e70e4c979692a371661359c6,data/raw/AzSLD_Words_100/MƏN/7e49f872e70e4c979692a371661359c6.mp4,MƏN,,unknown,13,30.0,rec_2022-12-20
7e73fc1f154248de821915577b79818e,data/raw/AzSLD_Words_100/MƏN/7e73fc1f154248de821915577b79818e.mp4,MƏN,,unknown,18,30.0,rec_2022-07-15
7ebf47fa535f41bc9cb20d026a912e89,data/raw/AzSLD_Words_100/MƏN/7ebf47fa535f41bc9cb20d026a912e89.mp4,MƏN,,unknown,13,30.0,rec_2022-12-20
7ec22671e0c24be2ae8495ca26b38bba,data/raw/AzSLD_Words_100/MƏN/7ec22671e0c24be2ae8495ca26b38bba.mp4,MƏN,,unknown,18,30.0,rec_2022-07-18
7ec25b3eec934399b09d1ee6ae9b8d86,data/raw/AzSLD_Words_100/MƏN/7ec25b3eec934399b09d1ee6ae9b8d86.mp4,MƏN,,unknown,12,30.0,rec_2022-12-22
7ec600ecbc104bb089b2c1153a5903cb,data/raw/AzSLD_Words_100/MƏN/7ec600ecbc104bb089b2c1153a5903cb.mp4,MƏN,,unknown,15,30.0,rec_2022-12-17
7ef387301b644f1a876fdf7227ce1b37,data/raw/AzSLD_Words_100/MƏN/7ef387301b644f1a876fdf7227ce1b37.mp4,MƏN,,unknown,20,30.0,rec_2022-07-23
7f151e66f40e48378ab1af51346a0d8e,data/raw/AzSLD_Words_100/MƏN/7f151e66f40e48378ab1af51346a0d8e.mp4,MƏN,,unknown,13,30.0,rec_2022-07-16
7f21c466cb504c0fba38a1cb9cd79312,data/raw/AzSLD_Words_100/MƏN/7f21c466cb504c0fba38a1cb9cd79312.mp4,MƏN,,unknown,18,30.0,rec_2022-12-20
7f3c4cdf03c845e3ab300cf9aed82fb2,data/raw/AzSLD_Words_100/MƏN/7f3c4cdf03c845e3ab300cf9aed82fb2.mp4,MƏN,,unknown,14,30.0,rec_2022-07-01
7f825dc1c3ea4a6ea2f790baa9910d5f,data/raw/AzSLD_Words_100/MƏN/7f825dc1c3ea4a6ea2f790baa9910d5f.mp4,MƏN,,unknown,33,30.0,rec_2022-08-02
7fb96e08eca44ffc95f72b0ca153288b,data/raw/AzSLD_Words_100/MƏN/7fb96e08eca44ffc95f72b0ca153288b.mp4,MƏN,,unknown,18,30.0,rec_2022-06-11
7fe9faa8633a4dc68ecb56ccbd820ca5,data/raw/AzSLD_Words_100/MƏN/7fe9faa8633a4dc68ecb56ccbd820ca5.mp4,MƏN,,unknown,11,30.0,rec_2022-05-31
7ffa0edc24cc442aa9dc25c10d68b66f,data/raw/AzSLD_Words_100/MƏN/7ffa0edc24cc442aa9dc25c10d68b66f.mp4,MƏN,,unknown,17,30.0,rec_2022-07-13
80132553d779409aac1d96ace39210ca,data/raw/AzSLD_Words_100/MƏN/80132553d779409aac1d96ace39210ca.mp4,MƏN,,unknown,15,30.0,rec_2022-07-18
8067720e1b114e68b24b5b9c6652b0de,data/raw/AzSLD_Words_100/MƏN/8067720e1b114e68b24b5b9c6652b0de.mp4,MƏN,,unknown,14,30.0,rec_2023-01-18
80834c47e6f14b2194798d901d052029,data/raw/AzSLD_Words_100/MƏN/80834c47e6f14b2194798d901d052029.mp4,MƏN,,unknown,19,30.0,rec_2022-11-22
80ad2688f8ef40b0ad57646653596fef,data/raw/AzSLD_Words_100/MƏN/80ad2688f8ef40b0ad57646653596fef.mp4,MƏN,,unknown,11,30.0,rec_2022-07-18
80ea50c3cff7435c9f67049b4c7984b8,data/raw/AzSLD_Words_100/MƏN/80ea50c3cff7435c9f67049b4c7984b8.mp4,MƏN,,unknown,24,30.0,rec_2022-12-24
80f1ab26ecbe4f628f8488716eea1020,data/raw/AzSLD_Words_100/MƏN/80f1ab26ecbe4f628f8488716eea1020.mp4,MƏN,,unknown,17,30.0,rec_2022-12-15
812fff5432be47c8afd2936f5e85ee7f,data/raw/AzSLD_Words_100/MƏN/812fff5432be47c8afd2936f5e85ee7f.mp4,MƏN,,unknown,15,30.0,rec_2022-12-20
813c772b5b264fa18ab6a23ee71b2b29,data/raw/AzSLD_Words_100/MƏN/813c772b5b264fa18ab6a23ee71b2b29.mp4,MƏN,,unknown,19,30.0,rec_2022-07-15
8172fb0afc314fc69bd3bfe293c76c24,data/raw/AzSLD_Words_100/MƏN/8172fb0afc314fc69bd3bfe293c76c24.mp4,MƏN,,unknown,17,30.0,rec_2022-07-02
8179ebf35a024d78b2a6d789d3087d5f,data/raw/AzSLD_Words_100/MƏN/8179ebf35a024d78b2a6d789d3087d5f.mp4,MƏN,,unknown,20,30.0,rec_2022-07-18
81819a0ef1944b778de14f3e39642208,data/raw/AzSLD_Words_100/MƏN/81819a0ef1944b778de14f3e39642208.mp4,MƏN,,unknown,17,30.0,rec_2022-07-20
8193a0856a364aea85481452148134d2,data/raw/AzSLD_Words_100/MƏN/8193a0856a364aea85481452148134d2.mp4,MƏN,,unknown,18,30.0,rec_2022-07-23
81e52207c72f45b28aed8537728bee15,data/raw/AzSLD_Words_100/MƏN/81e52207c72f45b28aed8537728bee15.mp4,MƏN,,unknown,17,30.0,rec_2022-07-22
81ee361cd1d1479ca8a40209f3d37c32,data/raw/AzSLD_Words_100/MƏN/81ee361cd1d1479ca8a40209f3d37c32.mp4,MƏN,,unknown,15,30.0,rec_2022-11-18
8205ebc14aae499e9f8095936ab65540,data/raw/AzSLD_Words_100/MƏN/8205ebc14aae499e9f8095936ab65540.mp4,MƏN,,unknown,22,30.0,rec_2022-07-21
820a4a894f2e425798322bf157405758,data/raw/AzSLD_Words_100/MƏN/820a4a894f2e425798322bf157405758.mp4,MƏN,,unknown,18,30.0,rec_2022-05-26
82131c5131c743ba8ccd97cfd8058264,data/raw/AzSLD_Words_100/MƏN/82131c5131c743ba8ccd97cfd8058264.mp4,MƏN,,unknown,26,30.0,rec_2022-12-15
8219a268beae4db38529b6f7b5579797,data/raw/AzSLD_Words_100/MƏN/8219a268beae4db38529b6f7b5579797.mp4,MƏN,,unknown,17,30.0,rec_2022-11-19
82387df48ff944899364acff604b6d78,data/raw/AzSLD_Words_100/MƏN/82387df48ff944899364acff604b6d78.mp4,MƏN,,unknown,24,30.0,rec_2022-12-22
8241dab2d65442228b04d4421ef3246a,data/raw/AzSLD_Words_100/MƏN/8241dab2d65442228b04d4421ef3246a.mp4,MƏN,,unknown,17,30.0,rec_2022-05-31
82477338f7004a26b8c1dcce0a2171a9,data/raw/AzSLD_Words_100/MƏN/82477338f7004a26b8c1dcce0a2171a9.mp4,MƏN,,unknown,10,30.0,rec_2022-07-20
82de7e57d52f45a5bc247c484f6b5178,data/raw/AzSLD_Words_100/MƏN/82de7e57d52f45a5bc247c484f6b5178.mp4,MƏN,,unknown,18,30.0,rec_2022-07-15
82e307f074d440c8879b64fc8badb68e,data/raw/AzSLD_Words_100/MƏN/82e307f074d440c8879b64fc8badb68e.mp4,MƏN,,unknown,13,30.0,rec_2022-07-21
82f577957ba44983bfd6a59e4880e629,data/raw/AzSLD_Words_100/MƏN/82f577957ba44983bfd6a59e4880e629.mp4,MƏN,,unknown,24,30.0,rec_2022-07-29
83174f8dfebe45498bb2128ff5274c36,data/raw/AzSLD_Words_100/MƏN/83174f8dfebe45498bb2128ff5274c36.mp4,MƏN,,unknown,14,30.0,rec_2022-11-10
833a3fb3d528464c9e0b33fbb4db728c,data/raw/AzSLD_Words_100/MƏN/833a3fb3d528464c9e0b33fbb4db728c.mp4,MƏN,,unknown,11,30.0,rec_2022-07-13
833a7c31de7242bfa3da2a74c64c2b19,data/raw/AzSLD_Words_100/MƏN/833a7c31de7242bfa3da2a74c64c2b19.mp4,MƏN,,unknown,21,30.0,rec_2022-08-02
83431fca4e60444f8b68710984925ca8,data/raw/AzSLD_Words_100/MƏN/83431fca4e60444f8b68710984925ca8.mp4,MƏN,,unknown,12,30.0,rec_2022-07-16
836a9094bf6d492a84d68d7fcaf43134,data/raw/AzSLD_Words_100/MƏN/836a9094bf6d492a84d68d7fcaf43134.mp4,MƏN,,unknown,16,30.0,rec_2022-07-22
83800ec2ad1940aa9f3c7bfeb882e734,data/raw/AzSLD_Words_100/MƏN/83800ec2ad1940aa9f3c7bfeb882e734.mp4,MƏN,,unknown,20,30.0,rec_2022-12-24
83a98185b67643e4afac208b97acd97a,data/raw/AzSLD_Words_100/MƏN/83a98185b67643e4afac208b97acd97a.mp4,MƏN,,unknown,20,30.0,rec_2022-08-02
83b502ad0afe4992adc64c0fd4b59f65,data/raw/AzSLD_Words_100/MƏN/83b502ad0afe4992adc64c0fd4b59f65.mp4,MƏN,,unknown,19,30.0,rec_2022-06-02
842b0ded7ddd48c48025067b3e53dfc6,data/raw/AzSLD_Words_100/MƏN/842b0ded7ddd48c48025067b3e53dfc6.mp4,MƏN,,unknown,17,30.0,rec_2022-12-17
843ad59d52cb4227826633cb326910ae,data/raw/AzSLD_Words_100/MƏN/843ad59d52cb4227826633cb326910ae.mp4,MƏN,,unknown,15,30.0,rec_2022-08-02
8440164c28074b7494ee0560e0526223,data/raw/AzSLD_Words_100/MƏN/8440164c28074b7494ee0560e0526223.mp4,MƏN,,unknown,35,30.0,rec_2022-11-19
846e58486a8e475a80d7def979c2c630,data/raw/AzSLD_Words_100/MƏN/846e58486a8e475a80d7def979c2c630.mp4,MƏN,,unknown,17,30.0,rec_2022-08-02
84a473d24ec04429b1dcdf07bdcc40e6,data/raw/AzSLD_Words_100/MƏN/84a473d24ec04429b1dcdf07bdcc40e6.mp4,MƏN,,unknown,14,30.0,rec_2022-11-19
84af0db603324bb49f0a759941c8ffe7,data/raw/AzSLD_Words_100/MƏN/84af0db603324bb49f0a759941c8ffe7.mp4,MƏN,,unknown,16,30.0,rec_2022-12-22
84b906f71d3743d088a4c7b6993a4a05,data/raw/AzSLD_Words_100/MƏN/84b906f71d3743d088a4c7b6993a4a05.mp4,MƏN,,unknown,16,30.0,rec_2022-11-04
84c4e73202fc4859bd9c3daf15038e42,data/raw/AzSLD_Words_100/MƏN/84c4e73202fc4859bd9c3daf15038e42.mp4,MƏN,,unknown,15,30.0,rec_2023-01-19
84f06d7b72df428ca725f65d0ab66fc5,data/raw/AzSLD_Words_100/MƏN/84f06d7b72df428ca725f65d0ab66fc5.mp4,MƏN,,unknown,18,30.0,rec_2022-06-03
84f15e1fe2a9428c98089d09ac032042,data/raw/AzSLD_Words_100/MƏN/84f15e1fe2a9428c98089d09ac032042.mp4,MƏN,,unknown,27,30.0,rec_2022-08-02
853d00ac00c1430580069c7de5c735de,data/raw/AzSLD_Words_100/MƏN/853d00ac00c1430580069c7de5c735de.mp4,MƏN,,unknown,21,30.0,rec_2022-07-01
85549405528d4f1cbd2c15d35cef4978,data/raw/AzSLD_Words_100/MƏN/85549405528d4f1cbd2c15d35cef4978.mp4,MƏN,,unknown,26,30.0,rec_2022-12-22
85726a30485642b584ae730d23ad90df,data/raw/AzSLD_Words_100/MƏN/85726a30485642b584ae730d23ad90df.mp4,MƏN,,unknown,17,30.0,rec_2022-07-21
85ebcba6bf6c4256ab6c0645db73f4b6,data/raw/AzSLD_Words_100/MƏN/85ebcba6bf6c4256ab6c0645db73f4b6.mp4,MƏN,,unknown,26,30.0,rec_2022-05-31
86083b71fd894b89bd9ba3e5c556db08,data/raw/AzSLD_Words_100/MƏN/86083b71fd894b89bd9ba3e5c556db08.mp4,MƏN,,unknown,17,30.0,rec_2022-07-21
8681a44bd48d46918d4193681cfeb6d1,data/raw/AzSLD_Words_100/MƏN/8681a44bd48d46918d4193681cfeb6d1.mp4,MƏN,,unknown,18,30.0,rec_2022-06-13
86acf01366f14784b2d6d24244e0f588,data/raw/AzSLD_Words_100/MƏN/86acf01366f14784b2d6d24244e0f588.mp4,MƏN,,unknown,13,30.0,rec_2022-12-22
86b4bc0703f546f693d467ce9f78d7cd,data/raw/AzSLD_Words_100/MƏN/86b4bc0703f546f693d467ce9f78d7cd.mp4,MƏN,,unknown,11,30.0,rec_2022-11-01
86c1f7774c8e4e2581d382065a0996e3,data/raw/AzSLD_Words_100/MƏN/86c1f7774c8e4e2581d382065a0996e3.mp4,MƏN,,unknown,17,30.0,
86cfaef2ad894a94922f6750d800ab30,data/raw/AzSLD_Words_100/MƏN/86cfaef2ad894a94922f6750d800ab30.mp4,MƏN,,unknown,21,30.0,rec_2022-06-02
86e761a6f1dc498e85bcca63feb842e8,data/raw/AzSLD_Words_100/MƏN/86e761a6f1dc498e85bcca63feb842e8.mp4,MƏN,,unknown,12,30.0,rec_2022-12-22
86f3fe868c7943809d04618863e74bcc,data/raw/AzSLD_Words_100/MƏN/86f3fe868c7943809d04618863e74bcc.mp4,MƏN,,unknown,18,30.0,rec_2022-07-16
8704ada64ce645e8bd144045600bd4ee,data/raw/AzSLD_Words_100/MƏN/8704ada64ce645e8bd144045600bd4ee.mp4,MƏN,,unknown,16,30.0,rec_2022-08-02
8715d39ff77a4ce7b951c9b443a88f37,data/raw/AzSLD_Words_100/MƏN/8715d39ff77a4ce7b951c9b443a88f37.mp4,MƏN,,unknown,22,30.0,rec_2022-12-22
873067a39c084e8db2d424261d37913a,data/raw/AzSLD_Words_100/MƏN/873067a39c084e8db2d424261d37913a.mp4,MƏN,,unknown,18,30.0,rec_2022-07-19
87665ca4936b4d64a032e79923a98dc1,data/raw/AzSLD_Words_100/MƏN/87665ca4936b4d64a032e79923a98dc1.mp4,MƏN,,unknown,21,30.0,rec_2022-06-02
8774c675c90043539dbe8b4fb5260fe2,data/raw/AzSLD_Words_100/MƏN/8774c675c90043539dbe8b4fb5260fe2.mp4,MƏN,,unknown,13,30.0,rec_2022-12-28
8786373389794b09bc945bbca85027a9,data/raw/AzSLD_Words_100/MƏN/8786373389794b09bc945bbca85027a9.mp4,MƏN,,unknown,25,30.0,rec_2022-11-19
8788d1a4b224462bb0cc1696c769475f,data/raw/AzSLD_Words_100/MƏN/8788d1a4b224462bb0cc1696c769475f.mp4,MƏN,,unknown,13,30.0,rec_2022-07-18
87998ce2f9f54718868ce01854a50c18,data/raw/AzSLD_Words_100/MƏN/87998ce2f9f54718868ce01854a50c18.mp4,MƏN,,unknown,13,30.0,rec_2022-07-22
87b34a33d7dc4472947f4de78e17c36c,data/raw/AzSLD_Words_100/MƏN/87b34a33d7dc4472947f4de78e17c36c.mp4,MƏN,,unknown,10,30.0,rec_2022-12-28
87b769ebf0b24b4c9aaf7b01a68a73d5,data/raw/AzSLD_Words_100/MƏN/87b769ebf0b24b4c9aaf7b01a68a73d5.mp4,MƏN,,unknown,16,30.0,rec_2022-12-24
87cfb6c7b12c4807ba4b830d4b7023db,data/raw/AzSLD_Words_100/MƏN/87cfb6c7b12c4807ba4b830d4b7023db.mp4,MƏN,,unknown,13,30.0,rec_2022-12-23
8818756b8c9546d9a19f31b5bd434cea,data/raw/AzSLD_Words_100/MƏN/8818756b8c9546d9a19f31b5bd434cea.mp4,MƏN,,unknown,14,30.0,rec_2022-11-10
8841a24261064240921df15cec8054a6,data/raw/AzSLD_Words_100/MƏN/8841a24261064240921df15cec8054a6.mp4,MƏN,,unknown,12,30.0,rec_2022-12-17
8862de74f10b43b0b6091f0e16fe463d,data/raw/AzSLD_Words_100/MƏN/8862de74f10b43b0b6091f0e16fe463d.mp4,MƏN,,unknown,26,30.0,rec_2022-11-17
88936f3e52e54bbfaa7bbfac2f7e6363,data/raw/AzSLD_Words_100/MƏN/88936f3e52e54bbfaa7bbfac2f7e6363.mp4,MƏN,,unknown,23,30.0,rec_2022-12-24
889b66fb21164150ae6ffcb36f05f8bb,data/raw/AzSLD_Words_100/MƏN/889b66fb21164150ae6ffcb36f05f8bb.mp4,MƏN,,unknown,14,30.0,rec_2022-11-05
88b289004af64c07898662ca68e264d2,data/raw/AzSLD_Words_100/MƏN/88b289004af64c07898662ca68e264d2.mp4,MƏN,,unknown,14,30.0,rec_2022-12-15
88c05cf61296480386a2e150daa79ac0,data/raw/AzSLD_Words_100/MƏN/88c05cf61296480386a2e150daa79ac0.mp4,MƏN,,unknown,18,30.0,rec_2022-07-18
88f7432755564d4c89d566fb3a2cbdc1,data/raw/AzSLD_Words_100/MƏN/88f7432755564d4c89d566fb3a2cbdc1.mp4,MƏN,,unknown,21,30.0,rec_2022-10-28
8923befa68cd44f88267dde863fc3921,data/raw/AzSLD_Words_100/MƏN/8923befa68cd44f88267dde863fc3921.mp4,MƏN,,unknown,23,30.0,rec_2022-10-28
8923e260fb124f4486919dcb86b5cde7,data/raw/AzSLD_Words_100/MƏN/8923e260fb124f4486919dcb86b5cde7.mp4,MƏN,,unknown,21,30.0,rec_2022-05-24
892d4b6759c4490a9ea5b3644aad1ab2,data/raw/AzSLD_Words_100/MƏN/892d4b6759c4490a9ea5b3644aad1ab2.mp4,MƏN,,unknown,17,30.0,rec_2022-08-02
895edc90b6d846d3a1714535a6590793,data/raw/AzSLD_Words_100/MƏN/895edc90b6d846d3a1714535a6590793.mp4,MƏN,,unknown,15,30.0,rec_2022-07-18
896c60444cf14390bcfde977cdc16245,data/raw/AzSLD_Words_100/MƏN/896c60444cf14390bcfde977cdc16245.mp4,MƏN,,unknown,12,30.0,rec_2022-11-04
898d6bbc89a84adcac414df71417d30a,data/raw/AzSLD_Words_100/MƏN/898d6bbc89a84adcac414df71417d30a.mp4,MƏN,,unknown,17,30.0,rec_2022-07-02
898dc13599c24d6fa2069146b3b24ac7,data/raw/AzSLD_Words_100/MƏN/898dc13599c24d6fa2069146b3b24ac7.mp4,MƏN,,unknown,10,30.0,rec_2022-05-24
89a3a2a10248408d94cdff25c84ce412,data/raw/AzSLD_Words_100/MƏN/89a3a2a10248408d94cdff25c84ce412.mp4,MƏN,,unknown,15,30.0,rec_2022-07-18
89a7102455164b858bcd18cf5de01059,data/raw/AzSLD_Words_100/MƏN/89a7102455164b858bcd18cf5de01059.mp4,MƏN,,unknown,23,30.0,rec_2022-07-19
89c5dfdba3424ceb91e84ef9f978e93d,data/raw/AzSLD_Words_100/MƏN/89c5dfdba3424ceb91e84ef9f978e93d.mp4,MƏN,,unknown,13,30.0,rec_2022-06-02
89c9db5a4a5e4a4eb65cddfee217423e,data/raw/AzSLD_Words_100/MƏN/89c9db5a4a5e4a4eb65cddfee217423e.mp4,MƏN,,unknown,13,30.0,rec_2022-07-20
89f0644923864b6696f7af2e231d83fe,data/raw/AzSLD_Words_100/MƏN/89f0644923864b6696f7af2e231d83fe.mp4,MƏN,,unknown,15,30.0,rec_2022-07-28
8a02ea825e114127884b86b67833b1c1,data/raw/AzSLD_Words_100/MƏN/8a02ea825e114127884b86b67833b1c1.mp4,MƏN,,unknown,19,30.0,rec_2022-11-18
8a3dd73f1a6f4bd48e590e140ed03fc9,data/raw/AzSLD_Words_100/MƏN/8a3dd73f1a6f4bd48e590e140ed03fc9.mp4,MƏN,,unknown,29,30.0,rec_2022-05-24
8a6a817a487c4d5ca75c3579ebc7b844,data/raw/AzSLD_Words_100/MƏN/8a6a817a487c4d5ca75c3579ebc7b844.mp4,MƏN,,unknown,23,30.0,rec_2022-07-15
8aa2918f10c94232b9da03719f4cb664,data/raw/AzSLD_Words_100/MƏN/8aa2918f10c94232b9da03719f4cb664.mp4,MƏN,,unknown,24,30.0,rec_2022-11-19
8ab02bf930ef44fb844ac54b8ba5f044,data/raw/AzSLD_Words_100/MƏN/8ab02bf930ef44fb844ac54b8ba5f044.mp4,MƏN,,unknown,17,30.0,rec_2022-12-22
8ac6e2b7d93740a08fa7859c5321a66d,data/raw/AzSLD_Words_100/MƏN/8ac6e2b7d93740a08fa7859c5321a66d.mp4,MƏN,,unknown,20,30.0,rec_2022-07-14
8add610f65e742a09ab9ed9b30ed2b87,data/raw/AzSLD_Words_100/MƏN/8add610f65e742a09ab9ed9b30ed2b87.mp4,MƏN,,unknown,21,30.0,rec_2022-11-19
8ae9a997fa5c4297aee7dcff451fb74d,data/raw/AzSLD_Words_100/MƏN/8ae9a997fa5c4297aee7dcff451fb74d.mp4,MƏN,,unknown,12,30.0,rec_2022-11-04
8b3407cbb96f415c91a1123420167edf,data/raw/AzSLD_Words_100/MƏN/8b3407cbb96f415c91a1123420167edf.mp4,MƏN,,unknown,17,30.0,rec_2022-12-24
8b34fd9f947f49f4abe4dc5bec5cd156,data/raw/AzSLD_Words_100/MƏN/8b34fd9f947f49f4abe4dc5bec5cd156.mp4,MƏN,,unknown,18,30.0,rec_2022-11-01
8b4c5d16673943db9089c6e2b89aec48,data/raw/AzSLD_Words_100/MƏN/8b4c5d16673943db9089c6e2b89aec48.mp4,MƏN,,unknown,22,30.0,rec_2022-12-15
8b6a3e5c6507458590d0ba527a7da129,data/raw/AzSLD_Words_100/MƏN/8b6a3e5c6507458590d0ba527a7da129.mp4,MƏN,,unknown,12,30.0,rec_2022-11-05
8b7875cf830e44f0a4686e1b310c9102,data/raw/AzSLD_Words_100/MƏN/8b7875cf830e44f0a4686e1b310c9102.mp4,MƏN,,unknown,16,30.0,rec_2022-12-15
8b8b4488d5634b8c962c48f1e725d502,data/raw/AzSLD_Words_100/MƏN/8b8b4488d5634b8c962c48f1e725d502.mp4,MƏN,,unknown,16,30.0,rec_2022-12-23
8b8ee19dcd07480a97637cdf006c42e4,data/raw/AzSLD_Words_100/MƏN/8b8ee19dcd07480a97637cdf006c42e4.mp4,MƏN,,unknown,15,30.0,rec_2022-12-16
8b97844fc7b34b048704ae6b5898f6c5,data/raw/AzSLD_Words_100/MƏN/8b97844fc7b34b048704ae6b5898f6c5.mp4,MƏN,,unknown,24,30.0,rec_2022-11-17
8b9b0269dd2e4eb68f8e6fd94e53596d,data/raw/AzSLD_Words_100/MƏN/8b9b0269dd2e4eb68f8e6fd94e53596d.mp4,MƏN,,unknown,11,30.0,rec_2022-12-22
8b9eda7398d6411c844a1b13667a5f73,data/raw/AzSLD_Words_100/MƏN/8b9eda7398d6411c844a1b13667a5f73.mp4,MƏN,,unknown,8,30.0,rec_2022-12-22
8bcacaa54864481bacfdbbe4289be986,data/raw/AzSLD_Words_100/MƏN/8bcacaa54864481bacfdbbe4289be986.mp4,MƏN,,unknown,18,30.0,rec_2022-07-18
8bd28ac8bb4c45e484915befdc74b010,data/raw/AzSLD_Words_100/MƏN/8bd28ac8bb4c45e484915befdc74b010.mp4,MƏN,,unknown,11,30.0,rec_2022-07-13
8bfe3eb061f341f79245b761e95d0b24,data/raw/AzSLD_Words_100/MƏN/8bfe3eb061f341f79245b761e95d0b24.mp4,MƏN,,unknown,20,30.0,rec_2022-07-23
8c22e4c07cc84813951840de3b87fb4e,data/raw/AzSLD_Words_100/MƏN/8c22e4c07cc84813951840de3b87fb4e.mp4,MƏN,,unknown,11,30.0,rec_2022-10-28
8c52591d8f1a4679afdca1084df78d25,data/raw/AzSLD_Words_100/MƏN/8c52591d8f1a4679afdca1084df78d25.mp4,MƏN,,unknown,17,30.0,rec_2022-12-20
8c5deadd8ef64c438fa18a550ebb54a3,data/raw/AzSLD_Words_100/MƏN/8c5deadd8ef64c438fa18a550ebb54a3.mp4,MƏN,,unknown,13,30.0,rec_2022-11-05
8c6bdba2f9824b239144e947056f04ba,data/raw/AzSLD_Words_100/MƏN/8c6bdba2f9824b239144e947056f04ba.mp4,MƏN,,unknown,14,30.0,rec_2022-12-17
8c779c5b0e3545f2b855d42973f22315,data/raw/AzSLD_Words_100/MƏN/8c779c5b0e3545f2b855d42973f22315.mp4,MƏN,,unknown,22,30.0,rec_2022-12-28
8c7bef0cb07b45be8bbb96fe9cc59bb3,data/raw/AzSLD_Words_100/MƏN/8c7bef0cb07b45be8bbb96fe9cc59bb3.mp4,MƏN,,unknown,11,30.0,rec_2022-07-22
8c80bf9a9c1242669997a7b5d9ef9ee7,data/raw/AzSLD_Words_100/MƏN/8c80bf9a9c1242669997a7b5d9ef9ee7.mp4,MƏN,,unknown,19,30.0,rec_2022-12-20
8cbdcd2797c44d289a539a836c96466e,data/raw/AzSLD_Words_100/MƏN/8cbdcd2797c44d289a539a836c96466e.mp4,MƏN,,unknown,23,30.0,rec_2022-11-17
8cdf21bfa1764d89ac17086f42f3a264,data/raw/AzSLD_Words_100/MƏN/8cdf21bfa1764d89ac17086f42f3a264.mp4,MƏN,,unknown,29,30.0,rec_2022-07-25
8cee3f772384498dacb4cdd241f47d32,data/raw/AzSLD_Words_100/MƏN/8cee3f772384498dacb4cdd241f47d32.mp4,MƏN,,unknown,21,30.0,rec_2022-11-17
8d006a58f1364019800c21e8dbbe1eaf,data/raw/AzSLD_Words_100/MƏN/8d006a58f1364019800c21e8dbbe1eaf.mp4,MƏN,,unknown,9,30.0,rec_2022-05-24
8d2019f37adf428eb1405bcec834129e,data/raw/AzSLD_Words_100/MƏN/8d2019f37adf428eb1405bcec834129e.mp4,MƏN,,unknown,20,30.0,rec_2022-12-17
8d4f277aa2634ec88e37a6dd61e5a312,data/raw/AzSLD_Words_100/MƏN/8d4f277aa2634ec88e37a6dd61e5a312.mp4,MƏN,,unknown,18,30.0,rec_2022-12-28
8d4f760de35d4cacbbcf155b0ecfa0c2,data/raw/AzSLD_Words_100/MƏN/8d4f760de35d4cacbbcf155b0ecfa0c2.mp4,MƏN,,unknown,15,30.0,
8d51d4f502334d8fbf5afe82b93b11e8,data/raw/AzSLD_Words_100/MƏN/8d51d4f502334d8fbf5afe82b93b11e8.mp4,MƏN,,unknown,21,30.0,rec_2022-12-24
8dcc26ea230b4e54a7fdf6de6ae0ba05,data/raw/AzSLD_Words_100/MƏN/8dcc26ea230b4e54a7fdf6de6ae0ba05.mp4,MƏN,,unknown,8,30.0,rec_2022-12-24
8dd143e1ae084c428ed17132a61a80ae,data/raw/AzSLD_Words_100/MƏN/8dd143e1ae084c428ed17132a61a80ae.mp4,MƏN,,unknown,24,30.0,rec_2022-11-01
8e1cb875be584ef7aa3e87349d9bdaf8,data/raw/AzSLD_Words_100/MƏN/8e1cb875be584ef7aa3e87349d9bdaf8.mp4,MƏN,,unknown,13,30.0,rec_2022-11-22
8e231964fce2430689c68c9ac7f3a13e,data/raw/AzSLD_Words_100/MƏN/8e231964fce2430689c68c9ac7f3a13e.mp4,MƏN,,unknown,8,30.0,rec_2022-12-28
8e3202de26de4fc4844a289938f2008d,data/raw/AzSLD_Words_100/MƏN/8e3202de26de4fc4844a289938f2008d.mp4,MƏN,,unknown,14,30.0,rec_2022-10-26
8e526319c3a640fb97552df5e8e3cc1e,data/raw/AzSLD_Words_100/MƏN/8e526319c3a640fb97552df5e8e3cc1e.mp4,MƏN,,unknown,15,30.0,rec_2022-12-28
8e566b820ace4d82b41257f3d80ae444,data/raw/AzSLD_Words_100/MƏN/8e566b820ace4d82b41257f3d80ae444.mp4,MƏN,,unknown,17,30.0,rec_2023-01-17
8e5fed21f0fd4b08b0d1697c28d82369,data/raw/AzSLD_Words_100/MƏN/8e5fed21f0fd4b08b0d1697c28d82369.mp4,MƏN,,unknown,25,30.0,rec_2022-05-25
8eae383650b346969d110b3b0c439bf7,data/raw/AzSLD_Words_100/MƏN/8eae383650b346969d110b3b0c439bf7.mp4,MƏN,,unknown,20,30.0,rec_2022-06-02
8eb06d188dc34b8f871111f9af250640,data/raw/AzSLD_Words_100/MƏN/8eb06d188dc34b8f871111f9af250640.mp4,MƏN,,unknown,19,30.0,
8ebafa8002ea49ed89b4a8f96f44df07,data/raw/AzSLD_Words_100/MƏN/8ebafa8002ea49ed89b4a8f96f44df07.mp4,MƏN,,unknown,25,30.0,rec_2022-11-18
8ed2b7d051ee482080aced9605c89697,data/raw/AzSLD_Words_100/MƏN/8ed2b7d051ee482080aced9605c89697.mp4,MƏN,,unknown,20,30.0,rec_2022-07-16
8ee0b18fc5db4743867a93d881768b09,data/raw/AzSLD_Words_100/MƏN/8ee0b18fc5db4743867a93d881768b09.mp4,MƏN,,unknown,25,30.0,rec_2022-05-31
8eedc35540ce457a807c1c2845e38db9,data/raw/AzSLD_Words_100/MƏN/8eedc35540ce457a807c1c2845e38db9.mp4,MƏN,,unknown,15,30.0,rec_2022-12-27
8ef8ab186091461485f7d3fabaf3b637,data/raw/AzSLD_Words_100/MƏN/8ef8ab186091461485f7d3fabaf3b637.mp4,MƏN,,unknown,20,30.0,rec_2022-10-28
8f40051eba2d443a85898b1b87c34526,data/raw/AzSLD_Words_100/MƏN/8f40051eba2d443a85898b1b87c34526.mp4,MƏN,,unknown,17,30.0,rec_2022-07-18
8f5e05e626584067a9c80d730353d389,data/raw/AzSLD_Words_100/MƏN/8f5e05e626584067a9c80d730353d389.mp4,MƏN,,unknown,15,30.0,rec_2022-10-26
8f9014d9da034dc2b16e816607e5141a,data/raw/AzSLD_Words_100/MƏN/8f9014d9da034dc2b16e816607e5141a.mp4,MƏN,,unknown,15,30.0,rec_2022-12-24
8fab7d16df144cc7b076320ec5d183aa,data/raw/AzSLD_Words_100/MƏN/8fab7d16df144cc7b076320ec5d183aa.mp4,MƏN,,unknown,15,30.0,rec_2022-11-22
8fd074a32ea44053ade67022b9c5d000,data/raw/AzSLD_Words_100/MƏN/8fd074a32ea44053ade67022b9c5d000.mp4,MƏN,,unknown,23,30.0,rec_2022-11-19
8fd10f5f16ed4a6bad99c625c13b4abc,data/raw/AzSLD_Words_100/MƏN/8fd10f5f16ed4a6bad99c625c13b4abc.mp4,MƏN,,unknown,20,30.0,rec_2022-12-20
8fe3baeb079941688f1f92662034f206,data/raw/AzSLD_Words_100/MƏN/8fe3baeb079941688f1f92662034f206.mp4,MƏN,,unknown,40,30.0,rec_2022-06-02
8ff09b6f06ce4f428491356fdc314d27,data/raw/AzSLD_Words_100/MƏN/8ff09b6f06ce4f428491356fdc314d27.mp4,MƏN,,unknown,25,30.0,rec_2022-06-01
9012a7bce546492e9f47acd82ad66c24,data/raw/AzSLD_Words_100/MƏN/9012a7bce546492e9f47acd82ad66c24.mp4,MƏN,,unknown,15,30.0,rec_2022-07-02
90174590ffe64ac4b42c0a7e57525cf4,data/raw/AzSLD_Words_100/MƏN/90174590ffe64ac4b42c0a7e57525cf4.mp4,MƏN,,unknown,10,30.0,rec_2022-11-18
903846bc5fad44898b624d58347bfdbd,data/raw/AzSLD_Words_100/MƏN/903846bc5fad44898b624d58347bfdbd.mp4,MƏN,,unknown,18,30.0,rec_2022-12-20
90467d4c01ea4146b40021f5aa9b2262,data/raw/AzSLD_Words_100/MƏN/90467d4c01ea4146b40021f5aa9b2262.mp4,MƏN,,unknown,9,30.0,rec_2022-07-16
904fc625aa1845d5a953bfa9fc19ed7e,data/raw/AzSLD_Words_100/MƏN/904fc625aa1845d5a953bfa9fc19ed7e.mp4,MƏN,,unknown,19,30.0,rec_2022-12-27
9051acfdacdc46fea571138b9abfc04d,data/raw/AzSLD_Words_100/MƏN/9051acfdacdc46fea571138b9abfc04d.mp4,MƏN,,unknown,22,30.0,rec_2022-12-23
907ab2e5752d4304accda5464e6defcd,data/raw/AzSLD_Words_100/MƏN/907ab2e5752d4304accda5464e6defcd.mp4,MƏN,,unknown,25,30.0,rec_2022-05-31
907afcbfda6c4fd4b8e90a290cd8fb47,data/raw/AzSLD_Words_100/MƏN/907afcbfda6c4fd4b8e90a290cd8fb47.mp4,MƏN,,unknown,24,30.0,rec_2022-12-20
90a124f12b1b4bf6855503369ebd00ca,data/raw/AzSLD_Words_100/MƏN/90a124f12b1b4bf6855503369ebd00ca.mp4,MƏN,,unknown,8,30.0,rec_2023-01-18
90b6e6c6636d4cbe93bc5ccbe23fa020,data/raw/AzSLD_Words_100/MƏN/90b6e6c6636d4cbe93bc5ccbe23fa020.mp4,MƏN,,unknown,11,30.0,rec_2022-12-27
90c165b35d7f4e85927b07dcebc4076a,data/raw/AzSLD_Words_100/MƏN/90c165b35d7f4e85927b07dcebc4076a.mp4,MƏN,,unknown,48,30.0,rec_2022-06-10
90c3952ffb054f438659b8b595185891,data/raw/AzSLD_Words_100/MƏN/90c3952ffb054f438659b8b595185891.mp4,MƏN,,unknown,19,30.0,rec_2022-10-28
90d62be2a0644e74a2120879cc346a75,data/raw/AzSLD_Words_100/MƏN/90d62be2a0644e74a2120879cc346a75.mp4,MƏN,,unknown,21,30.0,rec_2022-06-11
90e1263417db40ca9e8999c763222638,data/raw/AzSLD_Words_100/MƏN/90e1263417db40ca9e8999c763222638.mp4,MƏN,,unknown,12,30.0,rec_2022-07-13
9114980c313c4e8cb377fa0e56464de5,data/raw/AzSLD_Words_100/MƏN/9114980c313c4e8cb377fa0e56464de5.mp4,MƏN,,unknown,14,30.0,rec_2022-12-28
913164abfa24451ca53b39c1d7c0d06c,data/raw/AzSLD_Words_100/MƏN/913164abfa24451ca53b39c1d7c0d06c.mp4,MƏN,,unknown,16,30.0,rec_2022-07-25
915101b4a53a4877a29b4b24e5e19d2d,data/raw/AzSLD_Words_100/MƏN/915101b4a53a4877a29b4b24e5e19d2d.mp4,MƏN,,unknown,13,30.0,rec_2022-07-13
91525258ab424103b014d10a2d18232c,data/raw/AzSLD_Words_100/MƏN/91525258ab424103b014d10a2d18232c.mp4,MƏN,,unknown,14,30.0,rec_2022-07-25
9176e707499940d29047abac03ae81d2,data/raw/AzSLD_Words_100/MƏN/9176e707499940d29047abac03ae81d2.mp4,MƏN,,unknown,14,30.0,rec_2022-12-23
9184de67e30d4ff58c92da0fc64bf8fc,data/raw/AzSLD_Words_100/MƏN/9184de67e30d4ff58c92da0fc64bf8fc.mp4,MƏN,,unknown,13,30.0,rec_2022-12-17
918e8bdfc56a4955927defd62af9e0b6,data/raw/AzSLD_Words_100/MƏN/918e8bdfc56a4955927defd62af9e0b6.mp4,MƏN,,unknown,16,30.0,rec_2022-07-19
91d740256a934d058fa2176c3605ded6,data/raw/AzSLD_Words_100/MƏN/91d740256a934d058fa2176c3605ded6.mp4,MƏN,,unknown,18,30.0,rec_2022-12-17
91edd13627ab44d1badbf9321c12938b,data/raw/AzSLD_Words_100/MƏN/91edd13627ab44d1badbf9321c12938b.mp4,MƏN,,unknown,18,30.0,rec_2022-07-23
920f56ac33f9434285dac23dc9910bc7,data/raw/AzSLD_Words_100/MƏN/920f56ac33f9434285dac23dc9910bc7.mp4,MƏN,,unknown,17,30.0,rec_2022-07-19
92102d8699824efeb2c7b51aa5085da5,data/raw/AzSLD_Words_100/MƏN/92102d8699824efeb2c7b51aa5085da5.mp4,MƏN,,unknown,14,30.0,rec_2022-11-18
922233a66cb14810a9774648d67789a3,data/raw/AzSLD_Words_100/MƏN/922233a66cb14810a9774648d67789a3.mp4,MƏN,,unknown,14,30.0,rec_2022-07-01
928754f9f97b405da9435740c9901f95,data/raw/AzSLD_Words_100/MƏN/928754f9f97b405da9435740c9901f95.mp4,MƏN,,unknown,22,30.0,rec_2022-11-22
92be6e4b76b04c8bb1a5b5a55d495908,data/raw/AzSLD_Words_100/MƏN/92be6e4b76b04c8bb1a5b5a55d495908.mp4,MƏN,,unknown,18,30.0,rec_2022-11-19
92c5aa18d4b146e19104585c148316d2,data/raw/AzSLD_Words_100/MƏN/92c5aa18d4b146e19104585c148316d2.mp4,MƏN,,unknown,35,30.0,rec_2022-06-01
92d5cea8a0ae4ada8ba61773f3f82d7b,data/raw/AzSLD_Words_100/MƏN/92d5cea8a0ae4ada8ba61773f3f82d7b.mp4,MƏN,,unknown,19,30.0,rec_2022-12-24
9310b183d834432382e56ec3fbd4a41f,data/raw/AzSLD_Words_100/MƏN/9310b183d834432382e56ec3fbd4a41f.mp4,MƏN,,unknown,19,30.0,rec_2022-11-22
93615a2149da4d4294d4fa918078782d,data/raw/AzSLD_Words_100/MƏN/93615a2149da4d4294d4fa918078782d.mp4,MƏN,,unknown,18,30.0,rec_2022-06-11
937e8b7cefc64bbe871d977a84ce5985,data/raw/AzSLD_Words_100/MƏN/937e8b7cefc64bbe871d977a84ce5985.mp4,MƏN,,unknown,9,30.0,rec_2022-07-22
9389264dfc0045359a555a607b4d2790,data/raw/AzSLD_Words_100/MƏN/9389264dfc0045359a555a607b4d2790.mp4,MƏN,,unknown,19,30.0,rec_2022-05-31
939751a24c62496497cceb7b8195e2ed,data/raw/AzSLD_Words_100/MƏN/939751a24c62496497cceb7b8195e2ed.mp4,MƏN,,unknown,20,30.0,rec_2022-06-01
93a7b3936a404a719cb5b9cfa0e43c4f,data/raw/AzSLD_Words_100/MƏN/93a7b3936a404a719cb5b9cfa0e43c4f.mp4,MƏN,,unknown,11,30.0,rec_2022-12-20
93af413dd1b340ff8e294662db0c5af0,data/raw/AzSLD_Words_100/MƏN/93af413dd1b340ff8e294662db0c5af0.mp4,MƏN,,unknown,18,30.0,
93b5cdb0f0fa4865b4e3c65190edb5e4,data/raw/AzSLD_Words_100/MƏN/93b5cdb0f0fa4865b4e3c65190edb5e4.mp4,MƏN,,unknown,15,30.0,rec_2022-11-19
93c2ee46a62048b4bda6ecd08a31971d,data/raw/AzSLD_Words_100/MƏN/93c2ee46a62048b4bda6ecd08a31971d.mp4,MƏN,,unknown,14,30.0,rec_2022-07-16
93e3ac1ba21d4dd0a7187b1c440e268a,data/raw/AzSLD_Words_100/MƏN/93e3ac1ba21d4dd0a7187b1c440e268a.mp4,MƏN,,unknown,10,30.0,rec_2022-07-13
93e6596463ab4bbd941b5509bf73e4c4,data/raw/AzSLD_Words_100/MƏN/93e6596463ab4bbd941b5509bf73e4c4.mp4,MƏN,,unknown,11,30.0,rec_2022-07-22
93f402495d5846da93414defd88d5c1d,data/raw/AzSLD_Words_100/MƏN/93f402495d5846da93414defd88d5c1d.mp4,MƏN,,unknown,23,30.0,rec_2022-06-18
9405a36c2f664b568d688d40a2582ef8,data/raw/AzSLD_Words_100/MƏN/9405a36c2f664b568d688d40a2582ef8.mp4,MƏN,,unknown,16,30.0,rec_2022-07-13
940d5ec45fb14b47a4babc606288acab,data/raw/AzSLD_Words_100/MƏN/940d5ec45fb14b47a4babc606288acab.mp4,MƏN,,unknown,16,30.0,rec_2022-07-23
941dae86f6c5465eae4f0a25823880de,data/raw/AzSLD_Words_100/MƏN/941dae86f6c5465eae4f0a25823880de.mp4,MƏN,,unknown,15,30.0,rec_2022-12-28
94455036599f4c3dab12a163d54b2194,data/raw/AzSLD_Words_100/MƏN/94455036599f4c3dab12a163d54b2194.mp4,MƏN,,unknown,23,30.0,rec_2022-06-02
945be3bf85f34ac58dc1ae5bf47786ad,data/raw/AzSLD_Words_100/MƏN/945be3bf85f34ac58dc1ae5bf47786ad.mp4,MƏN,,unknown,17,30.0,rec_2022-11-02
945dab468e754a8db4d11f8016b01026,data/raw/AzSLD_Words_100/MƏN/945dab468e754a8db4d11f8016b01026.mp4,MƏN,,unknown,11,30.0,rec_2022-07-21
9460d7f106484692955fbf661b216a8c,data/raw/AzSLD_Words_100/MƏN/9460d7f106484692955fbf661b216a8c.mp4,MƏN,,unknown,19,30.0,rec_2022-12-22
94769fc05a184655aa7146169e8545c8,data/raw/AzSLD_Words_100/MƏN/94769fc05a184655aa7146169e8545c8.mp4,MƏN,,unknown,9,30.0,rec_2022-12-16
94968aea18a6472b8aa40aca15207c38,data/raw/AzSLD_Words_100/MƏN/94968aea18a6472b8aa40aca15207c38.mp4,MƏN,,unknown,13,30.0,rec_2022-12-22
94a6137e3c0d40ad8540c2614a93eb82,data/raw/AzSLD_Words_100/MƏN/94a6137e3c0d40ad8540c2614a93eb82.mp4,MƏN,,unknown,20,30.0,rec_2022-11-19
94b22af50a1e41eb993348aaa4a64132,data/raw/AzSLD_Words_100/MƏN/94b22af50a1e41eb993348aaa4a64132.mp4,MƏN,,unknown,18,30.0,rec_2022-11-10
94dda8845ab148538a7a82a8fafbd64b,data/raw/AzSLD_Words_100/MƏN/94dda8845ab148538a7a82a8fafbd64b.mp4,MƏN,,unknown,16,30.0,rec_2022-11-02
94e10f4f80dd4e87a82f5dcff8681b43,data/raw/AzSLD_Words_100/MƏN/94e10f4f80dd4e87a82f5dcff8681b43.mp4,MƏN,,unknown,25,30.0,rec_2022-11-17
94e2ee2e849f4ee1876196fb97a42a74,data/raw/AzSLD_Words_100/MƏN/94e2ee2e849f4ee1876196fb97a42a74.mp4,MƏN,,unknown,21,30.0,rec_2022-12-20
950910d2a0ff4a1cbcea3f07d3ed79eb,data/raw/AzSLD_Words_100/MƏN/950910d2a0ff4a1cbcea3f07d3ed79eb.mp4,MƏN,,unknown,11,30.0,rec_2022-12-17
95123cfe300b4e6792c912bc190bb80d,data/raw/AzSLD_Words_100/MƏN/95123cfe300b4e6792c912bc190bb80d.mp4,MƏN,,unknown,31,30.0,rec_2022-12-20
952884a2a533448f89c46832fc24c4df,data/raw/AzSLD_Words_100/MƏN/952884a2a533448f89c46832fc24c4df.mp4,MƏN,,unknown,21,30.0,rec_2022-11-18
954a0b48ff3f40589752090cccc338b4,data/raw/AzSLD_Words_100/MƏN/954a0b48ff3f40589752090cccc338b4.mp4,MƏN,,unknown,19,30.0,rec_2022-12-27
9550158dc32a4d4581a39d3074f875fc,data/raw/AzSLD_Words_100/MƏN/9550158dc32a4d4581a39d3074f875fc.mp4,MƏN,,unknown,15,30.0,rec_2022-11-18
95589961e5f648bf9fc87223fa4fed4a,data/raw/AzSLD_Words_100/MƏN/95589961e5f648bf9fc87223fa4fed4a.mp4,MƏN,,unknown,19,30.0,rec_2022-11-04
95974689b5aa4bb8987ad4ed7e53f614,data/raw/AzSLD_Words_100/MƏN/95974689b5aa4bb8987ad4ed7e53f614.mp4,MƏN,,unknown,14,30.0,rec_2022-07-16
95c2235df60f45509c75be451d255ea2,data/raw/AzSLD_Words_100/MƏN/95c2235df60f45509c75be451d255ea2.mp4,MƏN,,unknown,19,30.0,rec_2022-12-23
95c4f04f6cb9424a977e650ee6f7e604,data/raw/AzSLD_Words_100/MƏN/95c4f04f6cb9424a977e650ee6f7e604.mp4,MƏN,,unknown,15,30.0,
95c88d4c58b7473ca0f8fd0472704609,data/raw/AzSLD_Words_100/MƏN/95c88d4c58b7473ca0f8fd0472704609.mp4,MƏN,,unknown,21,30.0,rec_2022-12-24
95e359d17a2a40afb96f4d0b967deb5d,data/raw/AzSLD_Words_100/MƏN/95e359d17a2a40afb96f4d0b967deb5d.mp4,MƏN,,unknown,26,30.0,rec_2022-12-17
95e4b06eefdc40d6aeb75ee7796d0ba9,data/raw/AzSLD_Words_100/MƏN/95e4b06eefdc40d6aeb75ee7796d0ba9.mp4,MƏN,,unknown,20,30.0,rec_2022-10-28
95e98dd141d1493a9675b7642e4fd736,data/raw/AzSLD_Words_100/MƏN/95e98dd141d1493a9675b7642e4fd736.mp4,MƏN,,unknown,6,30.0,rec_2022-11-18
96016c2142d24b51bd575750992a6929,data/raw/AzSLD_Words_100/MƏN/96016c2142d24b51bd575750992a6929.mp4,MƏN,,unknown,15,30.0,rec_2022-12-22
9601baf08ef646ccadfeee489d7596ff,data/raw/AzSLD_Words_100/MƏN/9601baf08ef646ccadfeee489d7596ff.mp4,MƏN,,unknown,19,30.0,rec_2022-12-23
961495a2da1d4df69ad3d5f2065cd8af,data/raw/AzSLD_Words_100/MƏN/961495a2da1d4df69ad3d5f2065cd8af.mp4,MƏN,,unknown,14,30.0,rec_2022-12-20
9624d0e2ea944be791a6456914a5b3a3,data/raw/AzSLD_Words_100/MƏN/9624d0e2ea944be791a6456914a5b3a3.mp4,MƏN,,unknown,16,30.0,rec_2022-07-02
963a1cce4e9c4501994bcb303af9f8b5,data/raw/AzSLD_Words_100/MƏN/963a1cce4e9c4501994bcb303af9f8b5.mp4,MƏN,,unknown,11,30.0,rec_2022-11-18
96466864b0fc4f62999a09a1308806bc,data/raw/AzSLD_Words_100/MƏN/96466864b0fc4f62999a09a1308806bc.mp4,MƏN,,unknown,25,30.0,rec_2022-07-21
965f92e337284265a34bd0ba4817ac91,data/raw/AzSLD_Words_100/MƏN/965f92e337284265a34bd0ba4817ac91.mp4,MƏN,,unknown,22,30.0,rec_2022-07-01
967548b09fb84bb08e16090ddf630a8a,data/raw/AzSLD_Words_100/MƏN/967548b09fb84bb08e16090ddf630a8a.mp4,MƏN,,unknown,20,30.0,rec_2022-12-23
967950f19d4a48db8e5595b8939719da,data/raw/AzSLD_Words_100/MƏN/967950f19d4a48db8e5595b8939719da.mp4,MƏN,,unknown,20,30.0,rec_2022-08-02
96a1b5f8e31840a193672f20a94364ba,data/raw/AzSLD_Words_100/MƏN/96a1b5f8e31840a193672f20a94364ba.mp4,MƏN,,unknown,24,30.0,rec_2022-12-20
96c23eb6988c4b4f9dbbd4f91d1cfd5b,data/raw/AzSLD_Words_100/MƏN/96c23eb6988c4b4f9dbbd4f91d1cfd5b.mp4,MƏN,,unknown,23,30.0,rec_2022-11-22
96f9f03a2d904ac9b68f3f89d263d038,data/raw/AzSLD_Words_100/MƏN/96f9f03a2d904ac9b68f3f89d263d038.mp4,MƏN,,unknown,18,30.0,rec_2022-12-20
97083a6b27114178833b9e8214ec916e,data/raw/AzSLD_Words_100/MƏN/97083a6b27114178833b9e8214ec916e.mp4,MƏN,,unknown,15,30.0,rec_2022-07-18
970dd49ee821411c835bdd1dc72f33cb,data/raw/AzSLD_Words_100/MƏN/970dd49ee821411c835bdd1dc72f33cb.mp4,MƏN,,unknown,20,30.0,rec_2022-07-16
971c5c249360456cacbe505b0061705a,data/raw/AzSLD_Words_100/MƏN/971c5c249360456cacbe505b0061705a.mp4,MƏN,,unknown,20,30.0,rec_2022-07-14
9721ab73bcce489aab7dd410ab8793fb,data/raw/AzSLD_Words_100/MƏN/9721ab73bcce489aab7dd410ab8793fb.mp4,MƏN,,unknown,19,30.0,rec_2022-06-11
9796a3586bd94d5cac9a54b618974461,data/raw/AzSLD_Words_100/MƏN/9796a3586bd94d5cac9a54b618974461.mp4,MƏN,,unknown,26,30.0,rec_2022-06-02
97971a8fd60148b4a7b42d65635acc6b,data/raw/AzSLD_Words_100/MƏN/97971a8fd60148b4a7b42d65635acc6b.mp4,MƏN,,unknown,14,30.0,rec_2022-11-18
97da6282015744298b94f7936697aa6a,data/raw/AzSLD_Words_100/MƏN/97da6282015744298b94f7936697aa6a.mp4,MƏN,,unknown,15,30.0,rec_2022-11-18
9814320617e74048a921d056ca609250,data/raw/AzSLD_Words_100/MƏN/9814320617e74048a921d056ca609250.mp4,MƏN,,unknown,16,30.0,rec_2022-07-22
981b3c8c7872473b8a42234cf846247b,data/raw/AzSLD_Words_100/MƏN/981b3c8c7872473b8a42234cf846247b.mp4,MƏN,,unknown,13,30.0,rec_2023-01-18
986bd5994272492084eef5d1146c7838,data/raw/AzSLD_Words_100/MƏN/986bd5994272492084eef5d1146c7838.mp4,MƏN,,unknown,13,30.0,rec_2022-06-13
98790560338d446b9aa23516fc739b75,data/raw/AzSLD_Words_100/MƏN/98790560338d446b9aa23516fc739b75.mp4,MƏN,,unknown,15,30.0,rec_2022-12-23
98978e725b4f47049adce29e156fda5c,data/raw/AzSLD_Words_100/MƏN/98978e725b4f47049adce29e156fda5c.mp4,MƏN,,unknown,16,30.0,rec_2022-08-02
98c012aa784c4c948e85228cde5b6e6c,data/raw/AzSLD_Words_100/MƏN/98c012aa784c4c948e85228cde5b6e6c.mp4,MƏN,,unknown,15,30.0,rec_2022-12-15
98e6707d1ac24e58a3b3041b0c1e1cc1,data/raw/AzSLD_Words_100/MƏN/98e6707d1ac24e58a3b3041b0c1e1cc1.mp4,MƏN,,unknown,22,30.0,rec_2022-12-17
9916574f42d54aecb49f1f2dba4158e0,data/raw/AzSLD_Words_100/MƏN/9916574f42d54aecb49f1f2dba4158e0.mp4,MƏN,,unknown,18,30.0,rec_2022-12-20
991b321910d94426925ebbb7c870ce1a,data/raw/AzSLD_Words_100/MƏN/991b321910d94426925ebbb7c870ce1a.mp4,MƏN,,unknown,13,30.0,rec_2022-07-25
994013e4f6154e558de4ca7ff3a970f8,data/raw/AzSLD_Words_100/MƏN/994013e4f6154e558de4ca7ff3a970f8.mp4,MƏN,,unknown,26,30.0,rec_2022-11-18
996ca1c3773848aab713acda75b23df2,data/raw/AzSLD_Words_100/MƏN/996ca1c3773848aab713acda75b23df2.mp4,MƏN,,unknown,19,30.0,rec_2022-12-22
997034bba9134b078a2068c236e8ef77,data/raw/AzSLD_Words_100/MƏN/997034bba9134b078a2068c236e8ef77.mp4,MƏN,,unknown,18,30.0,rec_2022-07-14
998639be3bd747d9a22ff2a9ec9daaac,data/raw/AzSLD_Words_100/MƏN/998639be3bd747d9a22ff2a9ec9daaac.mp4,MƏN,,unknown,20,30.0,rec_2022-11-01
99a18efeefe54ead810c3204de6e2119,data/raw/AzSLD_Words_100/MƏN/99a18efeefe54ead810c3204de6e2119.mp4,MƏN,,unknown,15,30.0,rec_2022-12-23
99d0dd283c7b4f4fa19157e4a202333a,data/raw/AzSLD_Words_100/MƏN/99d0dd283c7b4f4fa19157e4a202333a.mp4,MƏN,,unknown,23,30.0,rec_2022-11-18
9a0fd4c462ac4f039805c6175e044663,data/raw/AzSLD_Words_100/MƏN/9a0fd4c462ac4f039805c6175e044663.mp4,MƏN,,unknown,21,30.0,rec_2022-11-22
9a11b3361bb8428ba3681628a9a206ee,data/raw/AzSLD_Words_100/MƏN/9a11b3361bb8428ba3681628a9a206ee.mp4,MƏN,,unknown,10,30.0,rec_2022-12-22
9a2773e1ec5b479fa45b39522bbbf2d5,data/raw/AzSLD_Words_100/MƏN/9a2773e1ec5b479fa45b39522bbbf2d5.mp4,MƏN,,unknown,16,30.0,rec_2022-07-20
9a52a97a307d4d1e9dddae279b033377,data/raw/AzSLD_Words_100/MƏN/9a52a97a307d4d1e9dddae279b033377.mp4,MƏN,,unknown,18,30.0,rec_2022-10-28
9a6d08a0b99741a089748c6bb05b3d73,data/raw/AzSLD_Words_100/MƏN/9a6d08a0b99741a089748c6bb05b3d73.mp4,MƏN,,unknown,13,30.0,rec_2022-12-27
9a8a1a4058a9448998e59d8941fb51c4,data/raw/AzSLD_Words_100/MƏN/9a8a1a4058a9448998e59d8941fb51c4.mp4,MƏN,,unknown,19,30.0,rec_2022-11-19
9aa32a34869a42ff8a864756799d0dff,data/raw/AzSLD_Words_100/MƏN/9aa32a34869a42ff8a864756799d0dff.mp4,MƏN,,unknown,28,30.0,rec_2022-07-21
9addecb3979a45e9a4c18edb56e3f7bb,data/raw/AzSLD_Words_100/MƏN/9addecb3979a45e9a4c18edb56e3f7bb.mp4,MƏN,,unknown,16,30.0,rec_2022-12-20
9ae37cfab5b44616a1ccf5bebb902b81,data/raw/AzSLD_Words_100/MƏN/9ae37cfab5b44616a1ccf5bebb902b81.mp4,MƏN,,unknown,14,30.0,rec_2022-06-18
9aed485b806a49cb882ca20c38529513,data/raw/AzSLD_Words_100/MƏN/9aed485b806a49cb882ca20c38529513.mp4,MƏN,,unknown,27,30.0,rec_2022-12-28
9af08545f33448a7ba1e084cea4ab5c9,data/raw/AzSLD_Words_100/MƏN/9af08545f33448a7ba1e084cea4ab5c9.mp4,MƏN,,unknown,14,30.0,rec_2022-05-24
9b244973fb814c0592015c4f65d23950,data/raw/AzSLD_Words_100/MƏN/9b244973fb814c0592015c4f65d23950.mp4,MƏN,,unknown,18,30.0,rec_2022-12-20
9b6038b8fa124b45b4895c505ca78650,data/raw/AzSLD_Words_100/MƏN/9b6038b8fa124b45b4895c505ca78650.mp4,MƏN,,unknown,19,30.0,rec_2022-12-22
9b683c1a39ba4900a7f48896f448cfee,data/raw/AzSLD_Words_100/MƏN/9b683c1a39ba4900a7f48896f448cfee.mp4,MƏN,,unknown,30,30.0,rec_2022-05-25
9b9620f023014713b32adfc737c98ea8,data/raw/AzSLD_Words_100/MƏN/9b9620f023014713b32adfc737c98ea8.mp4,MƏN,,unknown,24,30.0,rec_2022-06-02
9bb38ac8b1d540e7bef7a4d93308257b,data/raw/AzSLD_Words_100/MƏN/9bb38ac8b1d540e7bef7a4d93308257b.mp4,MƏN,,unknown,24,30.0,rec_2022-12-22
9bd38f5386b74f7aa9c6d45b3bca1a95,data/raw/AzSLD_Words_100/MƏN/9bd38f5386b74f7aa9c6d45b3bca1a95.mp4,MƏN,,unknown,15,30.0,rec_2022-04-19
9bdee605fdb942cebc1539af4c27256b,data/raw/AzSLD_Words_100/MƏN/9bdee605fdb942cebc1539af4c27256b.mp4,MƏN,,unknown,24,30.0,rec_2022-12-28
9c1f91b63f44464781809a4594da6aad,data/raw/AzSLD_Words_100/MƏN/9c1f91b63f44464781809a4594da6aad.mp4,MƏN,,unknown,14,30.0,rec_2022-12-20
9c20ec8c31eb4e94b3cd37bc705df782,data/raw/AzSLD_Words_100/MƏN/9c20ec8c31eb4e94b3cd37bc705df782.mp4,MƏN,,unknown,8,30.0,rec_2022-07-18
9c5223e00e6c42748407b082f231fbf4,data/raw/AzSLD_Words_100/MƏN/9c5223e00e6c42748407b082f231fbf4.mp4,MƏN,,unknown,19,30.0,rec_2022-12-27
9c60b4100d054e80b54a68a511b6a204,data/raw/AzSLD_Words_100/MƏN/9c60b4100d054e80b54a68a511b6a204.mp4,MƏN,,unknown,15,30.0,rec_2022-11-05
9c817a6c959f4ae5b7e14a5b1d4f2b03,data/raw/AzSLD_Words_100/MƏN/9c817a6c959f4ae5b7e14a5b1d4f2b03.mp4,MƏN,,unknown,21,30.0,rec_2022-12-27
9c932419517241129def413f8fd527da,data/raw/AzSLD_Words_100/MƏN/9c932419517241129def413f8fd527da.mp4,MƏN,,unknown,14,30.0,rec_2022-12-15
9ca3489e433d4641a51fc27e48c95269,data/raw/AzSLD_Words_100/MƏN/9ca3489e433d4641a51fc27e48c95269.mp4,MƏN,,unknown,17,30.0,rec_2022-07-25
9ccba6fd462a44538940c3b59fd66a37,data/raw/AzSLD_Words_100/MƏN/9ccba6fd462a44538940c3b59fd66a37.mp4,MƏN,,unknown,28,30.0,rec_2022-08-02
9cd4d507052240b08f72df236ac45563,data/raw/AzSLD_Words_100/MƏN/9cd4d507052240b08f72df236ac45563.mp4,MƏN,,unknown,25,30.0,rec_2022-07-21
9cf82f1a8a92428cb749419dc3fad864,data/raw/AzSLD_Words_100/MƏN/9cf82f1a8a92428cb749419dc3fad864.mp4,MƏN,,unknown,14,30.0,rec_2022-07-27
9cf93c639151456fb38b55335a3df478,data/raw/AzSLD_Words_100/MƏN/9cf93c639151456fb38b55335a3df478.mp4,MƏN,,unknown,24,30.0,rec_2022-06-10
9cfadfbd0b15457c8ac75b00b066fa22,data/raw/AzSLD_Words_100/MƏN/9cfadfbd0b15457c8ac75b00b066fa22.mp4,MƏN,,unknown,17,30.0,rec_2022-11-18
9d115fe03b6d4ee398e4f81762856d8e,data/raw/AzSLD_Words_100/MƏN/9d115fe03b6d4ee398e4f81762856d8e.mp4,MƏN,,unknown,16,30.0,rec_2022-07-13
9d175f9a181545f09bbdeed71d40aa40,data/raw/AzSLD_Words_100/MƏN/9d175f9a181545f09bbdeed71d40aa40.mp4,MƏN,,unknown,13,30.0,rec_2022-12-20
9d1e7dcaca214fd3818a54d881e74e3c,data/raw/AzSLD_Words_100/MƏN/9d1e7dcaca214fd3818a54d881e74e3c.mp4,MƏN,,unknown,21,30.0,rec_2022-12-20
9d1ed1e7c5f24d62bab1bbc4dd95b050,data/raw/AzSLD_Words_100/MƏN/9d1ed1e7c5f24d62bab1bbc4dd95b050.mp4,MƏN,,unknown,6,30.0,rec_2022-07-18
9d21ac01223b4c9f85e13a307aa46b1a,data/raw/AzSLD_Words_100/MƏN/9d21ac01223b4c9f85e13a307aa46b1a.mp4,MƏN,,unknown,9,30.0,rec_2022-07-22
9d2f0166d55b4e1e92669f3a03b1e187,data/raw/AzSLD_Words_100/MƏN/9d2f0166d55b4e1e92669f3a03b1e187.mp4,MƏN,,unknown,21,30.0,rec_2022-12-20
9d3da9f62a4343c8a161cb3dd8841b9b,data/raw/AzSLD_Words_100/MƏN/9d3da9f62a4343c8a161cb3dd8841b9b.mp4,MƏN,,unknown,13,30.0,rec_2022-12-23
9d43ba9874fd4c26ae8d7b8f404b5db6,data/raw/AzSLD_Words_100/MƏN/9d43ba9874fd4c26ae8d7b8f404b5db6.mp4,MƏN,,unknown,20,30.0,rec_2022-11-02
9d7136e4aa854182bea83fb0e27030d1,data/raw/AzSLD_Words_100/MƏN/9d7136e4aa854182bea83fb0e27030d1.mp4,MƏN,,unknown,28,30.0,rec_2022-07-21
9d8e7306c8f940979986287888eebc7a,data/raw/AzSLD_Words_100/MƏN/9d8e7306c8f940979986287888eebc7a.mp4,MƏN,,unknown,18,30.0,rec_2022-07-16
9d958559d9e94c6e9feae4f369257d42,data/raw/AzSLD_Words_100/MƏN/9d958559d9e94c6e9feae4f369257d42.mp4,MƏN,,unknown,16,30.0,rec_2022-06-18
9da0a9b86e1b42d68021d35b026c4dd7,data/raw/AzSLD_Words_100/MƏN/9da0a9b86e1b42d68021d35b026c4dd7.mp4,MƏN,,unknown,14,30.0,rec_2022-06-13
9dce779a87d94efab9a1abe222b673f6,data/raw/AzSLD_Words_100/MƏN/9dce779a87d94efab9a1abe222b673f6.mp4,MƏN,,unknown,20,30.0,rec_2022-06-09
9df7e34cf3ba4b4fbe4396b868b7c20a,data/raw/AzSLD_Words_100/MƏN/9df7e34cf3ba4b4fbe4396b868b7c20a.mp4,MƏN,,unknown,14,30.0,rec_2022-07-23
9e168b093d3f4f3089d9a3fd72a2f8e9,data/raw/AzSLD_Words_100/MƏN/9e168b093d3f4f3089d9a3fd72a2f8e9.mp4,MƏN,,unknown,20,30.0,rec_2022-11-10
9e27b8aae3d74283afd70ff40cfcd541,data/raw/AzSLD_Words_100/MƏN/9e27b8aae3d74283afd70ff40cfcd541.mp4,MƏN,,unknown,15,30.0,rec_2022-07-01
9e2eab8a1eef4105a7a371585187b2f3,data/raw/AzSLD_Words_100/MƏN/9e2eab8a1eef4105a7a371585187b2f3.mp4,MƏN,,unknown,16,30.0,rec_2022-12-20
9e48c170436c4c5fb735e8b6dcb5b1aa,data/raw/AzSLD_Words_100/MƏN/9e48c170436c4c5fb735e8b6dcb5b1aa.mp4,MƏN,,unknown,13,30.0,rec_2022-07-20
9e55b553358c47b49a4e2bd234dc9446,data/raw/AzSLD_Words_100/MƏN/9e55b553358c47b49a4e2bd234dc9446.mp4,MƏN,,unknown,16,30.0,rec_2022-07-18
9e575b9662ca43caae44e441ef11d326,data/raw/AzSLD_Words_100/MƏN/9e575b9662ca43caae44e441ef11d326.mp4,MƏN,,unknown,9,30.0,rec_2022-11-01
9e74e8ed22794315b70f76e59b52e27d,data/raw/AzSLD_Words_100/MƏN/9e74e8ed22794315b70f76e59b52e27d.mp4,MƏN,,unknown,31,30.0,rec_2022-07-02
9e87db619a0e45bd940b1c56959b2a95,data/raw/AzSLD_Words_100/MƏN/9e87db619a0e45bd940b1c56959b2a95.mp4,MƏN,,unknown,13,30.0,rec_2022-12-23
9ec4f80da29442899e783fe0572e395f,data/raw/AzSLD_Words_100/MƏN/9ec4f80da29442899e783fe0572e395f.mp4,MƏN,,unknown,20,30.0,rec_2022-12-20
9ec791f598424ad6b64bc16277b0a5c7,data/raw/AzSLD_Words_100/MƏN/9ec791f598424ad6b64bc16277b0a5c7.mp4,MƏN,,unknown,14,30.0,rec_2022-07-15
9f3840915b7c4e1ebdbaa5332c80b39e,data/raw/AzSLD_Words_100/MƏN/9f3840915b7c4e1ebdbaa5332c80b39e.mp4,MƏN,,unknown,30,30.0,rec_2022-12-22
9f47a7a19fe042569680b0935d0322e9,data/raw/AzSLD_Words_100/MƏN/9f47a7a19fe042569680b0935d0322e9.mp4,MƏN,,unknown,19,30.0,rec_2022-12-22
9f5c67f09205497cb3b4fd1e827aa346,data/raw/AzSLD_Words_100/MƏN/9f5c67f09205497cb3b4fd1e827aa346.mp4,MƏN,,unknown,18,30.0,rec_2022-07-14
9f7e682f75f34f6592fd6e973538f8f9,data/raw/AzSLD_Words_100/MƏN/9f7e682f75f34f6592fd6e973538f8f9.mp4,MƏN,,unknown,17,30.0,rec_2022-11-17
9f7ede2d69984972a963d3a37245a746,data/raw/AzSLD_Words_100/MƏN/9f7ede2d69984972a963d3a37245a746.mp4,MƏN,,unknown,12,30.0,rec_2022-07-02
9f83f5ef117443cba1c446bab39908bd,data/raw/AzSLD_Words_100/MƏN/9f83f5ef117443cba1c446bab39908bd.mp4,MƏN,,unknown,14,30.0,rec_2022-12-28
9f90fdbf94be42e59136bdfd6db1d471,data/raw/AzSLD_Words_100/MƏN/9f90fdbf94be42e59136bdfd6db1d471.mp4,MƏN,,unknown,16,30.0,rec_2022-07-19
9f971b2ae68f470aad863e126c028470,data/raw/AzSLD_Words_100/MƏN/9f971b2ae68f470aad863e126c028470.mp4,MƏN,,unknown,18,30.0,rec_2022-12-17
9fa0859de0f04e42bb0335f080b93d88,data/raw/AzSLD_Words_100/MƏN/9fa0859de0f04e42bb0335f080b93d88.mp4,MƏN,,unknown,10,30.0,rec_2022-07-22
9faff41d9cd744f6ad48e5bab22624b5,data/raw/AzSLD_Words_100/MƏN/9faff41d9cd744f6ad48e5bab22624b5.mp4,MƏN,,unknown,19,30.0,rec_2022-12-20
9fb5fb7c3e5843c18295fef4cdf53bc6,data/raw/AzSLD_Words_100/MƏN/9fb5fb7c3e5843c18295fef4cdf53bc6.mp4,MƏN,,unknown,21,30.0,rec_2022-06-11
9fb90d91ca9c46598cb41b9b5d8d3abd,data/raw/AzSLD_Words_100/MƏN/9fb90d91ca9c46598cb41b9b5d8d3abd.mp4,MƏN,,unknown,19,30.0,rec_2022-07-02
9fcecf0b96684e7e90b1e0d488e4eff1,data/raw/AzSLD_Words_100/MƏN/9fcecf0b96684e7e90b1e0d488e4eff1.mp4,MƏN,,unknown,16,30.0,rec_2022-12-22
9fd64dc100fc4cf8ab919b806fb17917,data/raw/AzSLD_Words_100/MƏN/9fd64dc100fc4cf8ab919b806fb17917.mp4,MƏN,,unknown,17,30.0,rec_2022-11-19
9fe28557d3a94464af3c67d2177858a2,data/raw/AzSLD_Words_100/MƏN/9fe28557d3a94464af3c67d2177858a2.mp4,MƏN,,unknown,21,30.0,rec_2022-05-25
9fefb0fff48e4b409631f3569dd69541,data/raw/AzSLD_Words_100/MƏN/9fefb0fff48e4b409631f3569dd69541.mp4,MƏN,,unknown,9,30.0,rec_2022-05-31
9ff386df40334be8949f2343b16335f0,data/raw/AzSLD_Words_100/MƏN/9ff386df40334be8949f2343b16335f0.mp4,MƏN,,unknown,18,30.0,rec_2022-07-23
9ffd135ed8634ba3ae35fed1dd49906c,data/raw/AzSLD_Words_100/MƏN/9ffd135ed8634ba3ae35fed1dd49906c.mp4,MƏN,,unknown,14,30.0,rec_2022-07-20
a019868ab2364eae85d494ee05e02b29,data/raw/AzSLD_Words_100/MƏN/a019868ab2364eae85d494ee05e02b29.mp4,MƏN,,unknown,11,30.0,rec_2022-07-13
a02cfffc70f64be797653b88534bb974,data/raw/AzSLD_Words_100/MƏN/a02cfffc70f64be797653b88534bb974.mp4,MƏN,,unknown,14,30.0,rec_2022-12-23
a02e5458292e490092b2834c85a23e0b,data/raw/AzSLD_Words_100/MƏN/a02e5458292e490092b2834c85a23e0b.mp4,MƏN,,unknown,31,30.0,rec_2022-04-26
a04f733bf92840e18edf17751be38cd1,data/raw/AzSLD_Words_100/MƏN/a04f733bf92840e18edf17751be38cd1.mp4,MƏN,,unknown,6,30.0,rec_2022-07-18
a061a5a92fad4d1bb37354047a5afaa6,data/raw/AzSLD_Words_100/MƏN/a061a5a92fad4d1bb37354047a5afaa6.mp4,MƏN,,unknown,13,30.0,rec_2022-12-23
a06d53b8611848c6879fb352b0c19cff,data/raw/AzSLD_Words_100/MƏN/a06d53b8611848c6879fb352b0c19cff.mp4,MƏN,,unknown,25,30.0,rec_2022-11-17
a082e2d86cf44d1d8372d7a1eb3441d7,data/raw/AzSLD_Words_100/MƏN/a082e2d86cf44d1d8372d7a1eb3441d7.mp4,MƏN,,unknown,20,30.0,rec_2022-07-23
a0869487855c490888f629bf3cf4fc74,data/raw/AzSLD_Words_100/MƏN/a0869487855c490888f629bf3cf4fc74.mp4,MƏN,,unknown,18,30.0,rec_2022-07-13
a0c962c8df56466080f661ac8296ff1b,data/raw/AzSLD_Words_100/MƏN/a0c962c8df56466080f661ac8296ff1b.mp4,MƏN,,unknown,21,30.0,rec_2022-06-13
a0d92edf5c5a41139e75895dfd904fc3,data/raw/AzSLD_Words_100/MƏN/a0d92edf5c5a41139e75895dfd904fc3.mp4,MƏN,,unknown,16,30.0,rec_2022-12-15
a0dc17c491324df99b45dee6d61bc5ec,data/raw/AzSLD_Words_100/MƏN/a0dc17c491324df99b45dee6d61bc5ec.mp4,MƏN,,unknown,11,30.0,rec_2022-11-10
a0e2df08224c40e092a6bbfd79d2172a,data/raw/AzSLD_Words_100/MƏN/a0e2df08224c40e092a6bbfd79d2172a.mp4,MƏN,,unknown,10,30.0,rec_2022-07-20
a10b3eb17d474d22899287db1d465639,data/raw/AzSLD_Words_100/MƏN/a10b3eb17d474d22899287db1d465639.mp4,MƏN,,unknown,13,30.0,rec_2022-12-23
a114dc089e9443cda7bc41b3f6aaceed,data/raw/AzSLD_Words_100/MƏN/a114dc089e9443cda7bc41b3f6aaceed.mp4,MƏN,,unknown,11,30.0,rec_2022-07-20
a1244eaa16264e58b0079524bf0be3aa,data/raw/AzSLD_Words_100/MƏN/a1244eaa16264e58b0079524bf0be3aa.mp4,MƏN,,unknown,11,30.0,rec_2022-07-20
a1275891283b4ccba4849981e5b75ff7,data/raw/AzSLD_Words_100/MƏN/a1275891283b4ccba4849981e5b75ff7.mp4,MƏN,,unknown,12,30.0,rec_2022-12-27
a149da31cd7a42f08ce8f2ef0cc85ace,data/raw/AzSLD_Words_100/MƏN/a149da31cd7a42f08ce8f2ef0cc85ace.mp4,MƏN,,unknown,25,30.0,rec_2022-05-31
a1784444ad1345d29acefad9d31c98eb,data/raw/AzSLD_Words_100/MƏN/a1784444ad1345d29acefad9d31c98eb.mp4,MƏN,,unknown,21,30.0,rec_2022-07-23
a18d88674095491eb6c6f2a19698f3d4,data/raw/AzSLD_Words_100/MƏN/a18d88674095491eb6c6f2a19698f3d4.mp4,MƏN,,unknown,12,30.0,rec_2022-12-27
a1a23e3a48a8421ea93eb9447640cd91,data/raw/AzSLD_Words_100/MƏN/a1a23e3a48a8421ea93eb9447640cd91.mp4,MƏN,,unknown,14,30.0,rec_2022-07-22
a1b2b2a516ec4b36b07383242f447d94,data/raw/AzSLD_Words_100/MƏN/a1b2b2a516ec4b36b07383242f447d94.mp4,MƏN,,unknown,18,30.0,rec_2022-05-31
a1bf9ad8389a49ed89664fba7ce98000,data/raw/AzSLD_Words_100/MƏN/a1bf9ad8389a49ed89664fba7ce98000.mp4,MƏN,,unknown,13,30.0,rec_2022-12-15
a1cb327590df427291e2b591142c2975,data/raw/AzSLD_Words_100/MƏN/a1cb327590df427291e2b591142c2975.mp4,MƏN,,unknown,16,30.0,rec_2022-07-23
a1cc41212a484d19b9f78bc1f732ca90,data/raw/AzSLD_Words_100/MƏN/a1cc41212a484d19b9f78bc1f732ca90.mp4,MƏN,,unknown,17,30.0,rec_2022-11-22
a1dcdd783e0748c38337ed0c152e1e43,data/raw/AzSLD_Words_100/MƏN/a1dcdd783e0748c38337ed0c152e1e43.mp4,MƏN,,unknown,23,30.0,rec_2022-12-22
a1e5b0727dd14cddbc9df63cff2a9183,data/raw/AzSLD_Words_100/MƏN/a1e5b0727dd14cddbc9df63cff2a9183.mp4,MƏN,,unknown,15,30.0,rec_2022-06-01
a220a630bd0644fc889518e1ec50c527,data/raw/AzSLD_Words_100/MƏN/a220a630bd0644fc889518e1ec50c527.mp4,MƏN,,unknown,18,30.0,rec_2022-11-19
a24ee369f9a742c09e4a6bbd4731b689,data/raw/AzSLD_Words_100/MƏN/a24ee369f9a742c09e4a6bbd4731b689.mp4,MƏN,,unknown,15,30.0,rec_2022-07-22
a26505550b8e46ab89ad9e1411aef014,data/raw/AzSLD_Words_100/MƏN/a26505550b8e46ab89ad9e1411aef014.mp4,MƏN,,unknown,12,30.0,rec_2022-07-14
a270e3fcde5e466fa845903890f6ac1c,data/raw/AzSLD_Words_100/MƏN/a270e3fcde5e466fa845903890f6ac1c.mp4,MƏN,,unknown,21,30.0,rec_2022-12-23
a28785452679453dae855d6900005863,data/raw/AzSLD_Words_100/MƏN/a28785452679453dae855d6900005863.mp4,MƏN,,unknown,15,30.0,rec_2022-06-01
a2bdcfc5bfdb4df2b2d2da39c01c82bd,data/raw/AzSLD_Words_100/MƏN/a2bdcfc5bfdb4df2b2d2da39c01c82bd.mp4,MƏN,,unknown,19,30.0,rec_2022-12-17
a2c0fad0bb5441f993b2f288dc8a3af9,data/raw/AzSLD_Words_100/MƏN/a2c0fad0bb5441f993b2f288dc8a3af9.mp4,MƏN,,unknown,10,30.0,rec_2022-07-01
a2cc2847cbbc48618d63ebf2fb2f5582,data/raw/AzSLD_Words_100/MƏN/a2cc2847cbbc48618d63ebf2fb2f5582.mp4,MƏN,,unknown,19,30.0,rec_2022-12-17
a2fa45ebb61c4335814b2e0782e47f5f,data/raw/AzSLD_Words_100/MƏN/a2fa45ebb61c4335814b2e0782e47f5f.mp4,MƏN,,unknown,18,30.0,rec_2022-12-20
a302431157e241c1a967b0978a39c35f,data/raw/AzSLD_Words_100/MƏN/a302431157e241c1a967b0978a39c35f.mp4,MƏN,,unknown,18,30.0,rec_2022-07-21
a324825ae14c4798b506f53a8abc2fb9,data/raw/AzSLD_Words_100/MƏN/a324825ae14c4798b506f53a8abc2fb9.mp4,MƏN,,unknown,21,30.0,rec_2022-12-23
a36d7a6634e24f189ffc0ef1ff89797e,data/raw/AzSLD_Words_100/MƏN/a36d7a6634e24f189ffc0ef1ff89797e.mp4,MƏN,,unknown,21,30.0,rec_2022-11-04
a3719697a8a1484bb93d696a8c551427,data/raw/AzSLD_Words_100/MƏN/a3719697a8a1484bb93d696a8c551427.mp4,MƏN,,unknown,14,30.0,rec_2023-01-17
a372ca0c69504e5e9135f9918b179f59,data/raw/AzSLD_Words_100/MƏN/a372ca0c69504e5e9135f9918b179f59.mp4,MƏN,,unknown,27,30.0,rec_2022-12-28
a395130db9ac4dae984a533ce5f11191,data/raw/AzSLD_Words_100/MƏN/a395130db9ac4dae984a533ce5f11191.mp4,MƏN,,unknown,20,30.0,rec_2022-12-15
a3957dda339d4e1ea451d6fe6928573e,data/raw/AzSLD_Words_100/MƏN/a3957dda339d4e1ea451d6fe6928573e.mp4,MƏN,,unknown,15,30.0,rec_2022-12-28
a398f2d8bdcb4044b97374d81db6543b,data/raw/AzSLD_Words_100/MƏN/a398f2d8bdcb4044b97374d81db6543b.mp4,MƏN,,unknown,16,30.0,rec_2022-10-28
a3a52159183c4a38a97c914646344268,data/raw/AzSLD_Words_100/MƏN/a3a52159183c4a38a97c914646344268.mp4,MƏN,,unknown,14,30.0,rec_2022-12-22
a3d68ca261ea47969bf4fe679bfe6a4f,data/raw/AzSLD_Words_100/MƏN/a3d68ca261ea47969bf4fe679bfe6a4f.mp4,MƏN,,unknown,19,30.0,rec_2022-11-10
a41d3ce8ff474a92b99cdb47f48dd9ea,data/raw/AzSLD_Words_100/MƏN/a41d3ce8ff474a92b99cdb47f48dd9ea.mp4,MƏN,,unknown,13,30.0,rec_2022-07-18
a42d4f96c0cd41fd89100c67dd1b123c,data/raw/AzSLD_Words_100/MƏN/a42d4f96c0cd41fd89100c67dd1b123c.mp4,MƏN,,unknown,19,30.0,rec_2022-12-15
a43b568476ef42bcbbc56f4601b363a0,data/raw/AzSLD_Words_100/MƏN/a43b568476ef42bcbbc56f4601b363a0.mp4,MƏN,,unknown,17,30.0,rec_2022-11-01
a46bfe4df06c431697471a73555f07c9,data/raw/AzSLD_Words_100/MƏN/a46bfe4df06c431697471a73555f07c9.mp4,MƏN,,unknown,10,30.0,rec_2022-12-17
a4a9bc02fbae4202930e19d75c244d43,data/raw/AzSLD_Words_100/MƏN/a4a9bc02fbae4202930e19d75c244d43.mp4,MƏN,,unknown,16,30.0,
a4d6e50625c54542adccca9fb689dc73,data/raw/AzSLD_Words_100/MƏN/a4d6e50625c54542adccca9fb689dc73.mp4,MƏN,,unknown,18,30.0,rec_2022-10-28
a507f0da9aed42f89a5bdf6f1ac8fa3a,data/raw/AzSLD_Words_100/MƏN/a507f0da9aed42f89a5bdf6f1ac8fa3a.mp4,MƏN,,unknown,18,30.0,rec_2022-07-18
a5138fb4522b4652879ed247a99dfc6a,data/raw/AzSLD_Words_100/MƏN/a5138fb4522b4652879ed247a99dfc6a.mp4,MƏN,,unknown,17,30.0,rec_2022-11-18
a51a76019fda413585e99abddf6f10d8,data/raw/AzSLD_Words_100/MƏN/a51a76019fda413585e99abddf6f10d8.mp4,MƏN,,unknown,16,30.0,rec_2022-11-17
a520132cee9a4bb99093c5b7ae41fba1,data/raw/AzSLD_Words_100/MƏN/a520132cee9a4bb99093c5b7ae41fba1.mp4,MƏN,,unknown,11,30.0,rec_2022-12-22
a5246169433a499c8d1a4121f34d8ad3,data/raw/AzSLD_Words_100/MƏN/a5246169433a499c8d1a4121f34d8ad3.mp4,MƏN,,unknown,18,30.0,rec_2022-11-17
a538bf23a1fb4e05a8a8913bd1cf0d6e,data/raw/AzSLD_Words_100/MƏN/a538bf23a1fb4e05a8a8913bd1cf0d6e.mp4,MƏN,,unknown,9,30.0,rec_2022-07-18
a545f6cad37f422eb4766b61972e7320,data/raw/AzSLD_Words_100/MƏN/a545f6cad37f422eb4766b61972e7320.mp4,MƏN,,unknown,16,30.0,rec_2022-07-22
a57fc291ea3648fca1930c5ac3b566d5,data/raw/AzSLD_Words_100/MƏN/a57fc291ea3648fca1930c5ac3b566d5.mp4,MƏN,,unknown,10,30.0,rec_2022-11-10
a58625dc924b4a40b5e177605ae2b869,data/raw/AzSLD_Words_100/MƏN/a58625dc924b4a40b5e177605ae2b869.mp4,MƏN,,unknown,22,30.0,rec_2022-07-01
a58c14035245421d88d588f6b4144d5c,data/raw/AzSLD_Words_100/MƏN/a58c14035245421d88d588f6b4144d5c.mp4,MƏN,,unknown,7,30.0,rec_2022-07-22
a6127158cec04fa3a783af33dcc191c8,data/raw/AzSLD_Words_100/MƏN/a6127158cec04fa3a783af33dcc191c8.mp4,MƏN,,unknown,17,30.0,rec_2022-07-19
a62cf97b12c74200a39f914c3c37f0d4,data/raw/AzSLD_Words_100/MƏN/a62cf97b12c74200a39f914c3c37f0d4.mp4,MƏN,,unknown,17,30.0,rec_2022-06-18
a6348b96bba14d5e8058f897c2501327,data/raw/AzSLD_Words_100/MƏN/a6348b96bba14d5e8058f897c2501327.mp4,MƏN,,unknown,19,30.0,rec_2022-12-23
a6476361ead948c7964665b77b9c4504,data/raw/AzSLD_Words_100/MƏN/a6476361ead948c7964665b77b9c4504.mp4,MƏN,,unknown,32,30.0,rec_2022-07-16
a6534ec2629441a4b02f8a84a607df59,data/raw/AzSLD_Words_100/MƏN/a6534ec2629441a4b02f8a84a607df59.mp4,MƏN,,unknown,20,30.0,rec_2022-12-28
a659f3e73aa24b8d9bc922a3e1209530,data/raw/AzSLD_Words_100/MƏN/a659f3e73aa24b8d9bc922a3e1209530.mp4,MƏN,,unknown,17,30.0,rec_2022-12-17
a6687a44924140299ad7a3931f380e30,data/raw/AzSLD_Words_100/MƏN/a6687a44924140299ad7a3931f380e30.mp4,MƏN,,unknown,20,30.0,rec_2022-12-24
a691247eaf19461795bf54bf2eeba1f5,data/raw/AzSLD_Words_100/MƏN/a691247eaf19461795bf54bf2eeba1f5.mp4,MƏN,,unknown,12,30.0,rec_2022-07-18
a696685b6f5d44b095241aa0f8a1e678,data/raw/AzSLD_Words_100/MƏN/a696685b6f5d44b095241aa0f8a1e678.mp4,MƏN,,unknown,15,30.0,rec_2022-07-27
a6b1b565a18f49699acbf3ea5721f321,data/raw/AzSLD_Words_100/MƏN/a6b1b565a18f49699acbf3ea5721f321.mp4,MƏN,,unknown,25,30.0,rec_2022-11-18
a6cdf564267341f3ab704274a5f5e916,data/raw/AzSLD_Words_100/MƏN/a6cdf564267341f3ab704274a5f5e916.mp4,MƏN,,unknown,20,30.0,rec_2022-12-27
a700bef5be1549e8bd8ef086701666ef,data/raw/AzSLD_Words_100/MƏN/a700bef5be1549e8bd8ef086701666ef.mp4,MƏN,,unknown,27,30.0,rec_2022-06-11
a744e827c3474f558266cbac073760f1,data/raw/AzSLD_Words_100/MƏN/a744e827c3474f558266cbac073760f1.mp4,MƏN,,unknown,20,30.0,rec_2022-07-15
a74981ae69394207aa30eafb89cb3d1f,data/raw/AzSLD_Words_100/MƏN/a74981ae69394207aa30eafb89cb3d1f.mp4,MƏN,,unknown,24,30.0,rec_2022-12-20
a759e54c6c244a95925566058ba84273,data/raw/AzSLD_Words_100/MƏN/a759e54c6c244a95925566058ba84273.mp4,MƏN,,unknown,16,30.0,rec_2022-12-20
a76c61a040b448b19c0635991cf2805b,data/raw/AzSLD_Words_100/MƏN/a76c61a040b448b19c0635991cf2805b.mp4,MƏN,,unknown,11,30.0,rec_2022-07-20
a7850bfc077a488fbce6b37279372096,data/raw/AzSLD_Words_100/MƏN/a7850bfc077a488fbce6b37279372096.mp4,MƏN,,unknown,23,30.0,rec_2022-12-16
a78bd801c54e4511aa28434ff9798f6e,data/raw/AzSLD_Words_100/MƏN/a78bd801c54e4511aa28434ff9798f6e.mp4,MƏN,,unknown,15,30.0,rec_2022-11-17
a79da2f3155d413bb9b156e3a8571413,data/raw/AzSLD_Words_100/MƏN/a79da2f3155d413bb9b156e3a8571413.mp4,MƏN,,unknown,16,30.0,rec_2022-11-04
a7c5e283714d4df1bf2a83464d25eed5,data/raw/AzSLD_Words_100/MƏN/a7c5e283714d4df1bf2a83464d25eed5.mp4,MƏN,,unknown,19,30.0,rec_2022-07-18
a7ceb92cdf104a71984f8984d7c0432b,data/raw/AzSLD_Words_100/MƏN/a7ceb92cdf104a71984f8984d7c0432b.mp4,MƏN,,unknown,9,30.0,rec_2022-12-20
a7d7e43231f84f839551b1ff92a72587,data/raw/AzSLD_Words_100/MƏN/a7d7e43231f84f839551b1ff92a72587.mp4,MƏN,,unknown,20,30.0,rec_2022-11-22
a80e25b9614d4818993874f018746b48,data/raw/AzSLD_Words_100/MƏN/a80e25b9614d4818993874f018746b48.mp4,MƏN,,unknown,15,30.0,rec_2022-12-16
a82ee69c42a7446bac08effb904ef474,data/raw/AzSLD_Words_100/MƏN/a82ee69c42a7446bac08effb904ef474.mp4,MƏN,,unknown,15,30.0,rec_2022-11-17
a84964995bff43fdade71bf7c47f2169,data/raw/AzSLD_Words_100/MƏN/a84964995bff43fdade71bf7c47f2169.mp4,MƏN,,unknown,13,30.0,rec_2022-07-20
a8802dc4162c4b3399f6acfdec5b3b80,data/raw/AzSLD_Words_100/MƏN/a8802dc4162c4b3399f6acfdec5b3b80.mp4,MƏN,,unknown,15,30.0,rec_2022-10-28
a88604768160454d8647f7a83b62e706,data/raw/AzSLD_Words_100/MƏN/a88604768160454d8647f7a83b62e706.mp4,MƏN,,unknown,21,30.0,rec_2022-12-15
a89176d0581441b0be888ca3489d687d,data/raw/AzSLD_Words_100/MƏN/a89176d0581441b0be888ca3489d687d.mp4,MƏN,,unknown,12,30.0,rec_2022-12-17
a8e67fdf45004ab488c856572a00a32b,data/raw/AzSLD_Words_100/MƏN/a8e67fdf45004ab488c856572a00a32b.mp4,MƏN,,unknown,20,30.0,rec_2022-12-16
a8e6adea13a741bc8a6b67bfc52f15bb,data/raw/AzSLD_Words_100/MƏN/a8e6adea13a741bc8a6b67bfc52f15bb.mp4,MƏN,,unknown,9,30.0,rec_2022-11-18
a8f2f661db6d4e638184d1ddc54c7dad,data/raw/AzSLD_Words_100/MƏN/a8f2f661db6d4e638184d1ddc54c7dad.mp4,MƏN,,unknown,18,30.0,rec_2022-07-18
a8f8d0ff13cf4ad291b5620dca6fbb21,data/raw/AzSLD_Words_100/MƏN/a8f8d0ff13cf4ad291b5620dca6fbb21.mp4,MƏN,,unknown,15,30.0,rec_2022-07-13
a8fd6337c765422fbc2f11d1f9b4138d,data/raw/AzSLD_Words_100/MƏN/a8fd6337c765422fbc2f11d1f9b4138d.mp4,MƏN,,unknown,10,30.0,rec_2022-07-18
a90f03255b664dc38c41d77b6480456b,data/raw/AzSLD_Words_100/MƏN/a90f03255b664dc38c41d77b6480456b.mp4,MƏN,,unknown,16,30.0,rec_2022-12-28
a9273598e6f645ab9c3bb3f66e341134,data/raw/AzSLD_Words_100/MƏN/a9273598e6f645ab9c3bb3f66e341134.mp4,MƏN,,unknown,22,30.0,rec_2022-08-02
a9341a03d79645ddbb3ba4599e15ab03,data/raw/AzSLD_Words_100/MƏN/a9341a03d79645ddbb3ba4599e15ab03.mp4,MƏN,,unknown,11,30.0,rec_2022-12-20
a93b2b9ac3cf4852b113a6f450f1b706,data/raw/AzSLD_Words_100/MƏN/a93b2b9ac3cf4852b113a6f450f1b706.mp4,MƏN,,unknown,14,30.0,rec_2022-07-25
a94193bee271436e98127ce9264483d2,data/raw/AzSLD_Words_100/MƏN/a94193bee271436e98127ce9264483d2.mp4,MƏN,,unknown,21,30.0,rec_2022-12-15
a954da003d9d47af88afea9b11695e0d,data/raw/AzSLD_Words_100/MƏN/a954da003d9d47af88afea9b11695e0d.mp4,MƏN,,unknown,18,30.0,rec_2022-12-17
a960825466e1454a8c140752ff1c74cd,data/raw/AzSLD_Words_100/MƏN/a960825466e1454a8c140752ff1c74cd.mp4,MƏN,,unknown,17,30.0,rec_2022-11-18
a96436d6635b454d8982b4c3aba3782c,data/raw/AzSLD_Words_100/MƏN/a96436d6635b454d8982b4c3aba3782c.mp4,MƏN,,unknown,17,30.0,rec_2022-08-02
a96ae1202aeb4cc5adcb531152bf590a,data/raw/AzSLD_Words_100/MƏN/a96ae1202aeb4cc5adcb531152bf590a.mp4,MƏN,,unknown,25,30.0,rec_2022-07-29
a9795e2b66134948b0fc7b4d8ced408b,data/raw/AzSLD_Words_100/MƏN/a9795e2b66134948b0fc7b4d8ced408b.mp4,MƏN,,unknown,13,30.0,rec_2022-12-15
a9c00b81121d45d992671e8f55fa8075,data/raw/AzSLD_Words_100/MƏN/a9c00b81121d45d992671e8f55fa8075.mp4,MƏN,,unknown,17,30.0,rec_2022-12-22
a9fe81895f324b269495fdcd2133f96b,data/raw/AzSLD_Words_100/MƏN/a9fe81895f324b269495fdcd2133f96b.mp4,MƏN,,unknown,12,30.0,rec_2022-11-10
aa522a6495864724a43e559394670dbe,data/raw/AzSLD_Words_100/MƏN/aa522a6495864724a43e559394670dbe.mp4,MƏN,,unknown,22,30.0,rec_2022-12-20
aa53baee6d3446c4a9294c3fa88008a7,data/raw/AzSLD_Words_100/MƏN/aa53baee6d3446c4a9294c3fa88008a7.mp4,MƏN,,unknown,23,30.0,rec_2022-07-14
aa641bd090c24571b7b69bb8bea35b33,data/raw/AzSLD_Words_100/MƏN/aa641bd090c24571b7b69bb8bea35b33.mp4,MƏN,,unknown,14,30.0,rec_2022-11-10
aa71c8d364e3480c84870c0a710b29b8,data/raw/AzSLD_Words_100/MƏN/aa71c8d364e3480c84870c0a710b29b8.mp4,MƏN,,unknown,17,30.0,rec_2022-07-16
aa924667fa5e44d3899afdae344e3472,data/raw/AzSLD_Words_100/MƏN/aa924667fa5e44d3899afdae344e3472.mp4,MƏN,,unknown,8,30.0,rec_2022-12-22
aaec3f19f3f646899a2ca50861387aac,data/raw/AzSLD_Words_100/MƏN/aaec3f19f3f646899a2ca50861387aac.mp4,MƏN,,unknown,18,30.0,rec_2022-08-02
aaf520f1256346b2b457cb9f74146cee,data/raw/AzSLD_Words_100/MƏN/aaf520f1256346b2b457cb9f74146cee.mp4,MƏN,,unknown,26,30.0,rec_2022-07-16
ab37374bc13c42b48158c335efd8d2b0,data/raw/AzSLD_Words_100/MƏN/ab37374bc13c42b48158c335efd8d2b0.mp4,MƏN,,unknown,16,30.0,rec_2022-11-04
ab3d76145f7b41a893eeab2103f43652,data/raw/AzSLD_Words_100/MƏN/ab3d76145f7b41a893eeab2103f43652.mp4,MƏN,,unknown,16,30.0,rec_2022-12-23
ab667c29e73f4433b1b750555ee26db1,data/raw/AzSLD_Words_100/MƏN/ab667c29e73f4433b1b750555ee26db1.mp4,MƏN,,unknown,21,30.0,rec_2022-08-02
ab75cadb90f0480bacdfd4ce6a3881ed,data/raw/AzSLD_Words_100/MƏN/ab75cadb90f0480bacdfd4ce6a3881ed.mp4,MƏN,,unknown,19,30.0,rec_2022-12-23
ab7a11ba310c4d718604def22646c4f0,data/raw/AzSLD_Words_100/MƏN/ab7a11ba310c4d718604def22646c4f0.mp4,MƏN,,unknown,13,30.0,rec_2022-12-27
ab964754f0b04c51b0b7b7be7652b5da,data/raw/AzSLD_Words_100/MƏN/ab964754f0b04c51b0b7b7be7652b5da.mp4,MƏN,,unknown,17,30.0,rec_2022-12-22
abb51718408043e89b93daaebf3a47be,data/raw/AzSLD_Words_100/MƏN/abb51718408043e89b93daaebf3a47be.mp4,MƏN,,unknown,13,30.0,rec_2022-12-27
abc424337d1d4a2290e4546dba2b4f87,data/raw/AzSLD_Words_100/MƏN/abc424337d1d4a2290e4546dba2b4f87.mp4,MƏN,,unknown,17,30.0,rec_2022-12-22
abcbd558679d431eac5bf1a3b5918a72,data/raw/AzSLD_Words_100/MƏN/abcbd558679d431eac5bf1a3b5918a72.mp4,MƏN,,unknown,13,30.0,rec_2022-06-13
abe7d9c6c654422b9f97e6676de7f801,data/raw/AzSLD_Words_100/MƏN/abe7d9c6c654422b9f97e6676de7f801.mp4,MƏN,,unknown,15,30.0,rec_2022-12-23
abeec63813d94355881eedb08efd60f3,data/raw/AzSLD_Words_100/MƏN/abeec63813d94355881eedb08efd60f3.mp4,MƏN,,unknown,32,30.0,rec_2022-11-17
ac00419e78314299a1d3b512ade0a320,data/raw/AzSLD_Words_100/MƏN/ac00419e78314299a1d3b512ade0a320.mp4,MƏN,,unknown,13,30.0,rec_2022-06-02
ac0ca0382023406482a2b790d55c083c,data/raw/AzSLD_Words_100/MƏN/ac0ca0382023406482a2b790d55c083c.mp4,MƏN,,unknown,21,30.0,rec_2022-12-23
ac31607bbca04baaa22fc58f05e3f343,data/raw/AzSLD_Words_100/MƏN/ac31607bbca04baaa22fc58f05e3f343.mp4,MƏN,,unknown,15,30.0,rec_2022-06-01
ac325f307f4b43a1b99e89b81c340253,data/raw/AzSLD_Words_100/MƏN/ac325f307f4b43a1b99e89b81c340253.mp4,MƏN,,unknown,14,30.0,rec_2022-07-21
ac4bdde051ac40a1a69fb8f65d05a007,data/raw/AzSLD_Words_100/MƏN/ac4bdde051ac40a1a69fb8f65d05a007.mp4,MƏN,,unknown,13,30.0,rec_2022-12-23
ac541f5ea42f46c29afc1da1cee409a9,data/raw/AzSLD_Words_100/MƏN/ac541f5ea42f46c29afc1da1cee409a9.mp4,MƏN,,unknown,19,30.0,rec_2022-07-15
ac7f9047e0dc483a876c362e7bdf68b7,data/raw/AzSLD_Words_100/MƏN/ac7f9047e0dc483a876c362e7bdf68b7.mp4,MƏN,,unknown,15,30.0,rec_2022-11-10
ac894ac9a4864919beb27427e4c0232a,data/raw/AzSLD_Words_100/MƏN/ac894ac9a4864919beb27427e4c0232a.mp4,MƏN,,unknown,21,30.0,rec_2022-08-02
acbff1daa33342cea3c0bd316cee5ec7,data/raw/AzSLD_Words_100/MƏN/acbff1daa33342cea3c0bd316cee5ec7.mp4,MƏN,,unknown,17,30.0,rec_2022-12-27
acc3e42749c64276bd7b9c5b422c7e3d,data/raw/AzSLD_Words_100/MƏN/acc3e42749c64276bd7b9c5b422c7e3d.mp4,MƏN,,unknown,23,30.0,rec_2022-07-20
acc4412fd6e547b59d2a051f5c24902b,data/raw/AzSLD_Words_100/MƏN/acc4412fd6e547b59d2a051f5c24902b.mp4,MƏN,,unknown,23,30.0,rec_2022-12-24
accdf6d2547f4d27a24a5760c9590e14,data/raw/AzSLD_Words_100/MƏN/accdf6d2547f4d27a24a5760c9590e14.mp4,MƏN,,unknown,18,30.0,rec_2022-12-23
acde8b5ca39c409bb85b3c7c4863eef0,data/raw/AzSLD_Words_100/MƏN/acde8b5ca39c409bb85b3c7c4863eef0.mp4,MƏN,,unknown,23,30.0,rec_2022-12-27
acf1e82c7b684118a5142d46d7f5b1b9,data/raw/AzSLD_Words_100/MƏN/acf1e82c7b684118a5142d46d7f5b1b9.mp4,MƏN,,unknown,14,30.0,rec_2022-07-18
acf1fe265c49467a953ea43be06790ce,data/raw/AzSLD_Words_100/MƏN/acf1fe265c49467a953ea43be06790ce.mp4,MƏN,,unknown,20,30.0,rec_2022-07-18
acf2e43396484deea27317ac488cfde0,data/raw/AzSLD_Words_100/MƏN/acf2e43396484deea27317ac488cfde0.mp4,MƏN,,unknown,45,30.0,rec_2022-07-18
ad2e2ed551174cf697b381b4e83977fa,data/raw/AzSLD_Words_100/MƏN/ad2e2ed551174cf697b381b4e83977fa.mp4,MƏN,,unknown,18,30.0,rec_2022-06-02
ad3cb3801ae749a6b4d0c1bf2ebb4255,data/raw/AzSLD_Words_100/MƏN/ad3cb3801ae749a6b4d0c1bf2ebb4255.mp4,MƏN,,unknown,23,30.0,rec_2022-11-17
ad41011ab3244f4cbd379e1d8713ca40,data/raw/AzSLD_Words_100/MƏN/ad41011ab3244f4cbd379e1d8713ca40.mp4,MƏN,,unknown,19,30.0,rec_2022-07-16
ad57b5d75aa74044b0c789d5bc92ac0b,data/raw/AzSLD_Words_100/MƏN/ad57b5d75aa74044b0c789d5bc92ac0b.mp4,MƏN,,unknown,10,30.0,rec_2022-06-10
ad5dd6343aef471892d86cd31ac3cf67,data/raw/AzSLD_Words_100/MƏN/ad5dd6343aef471892d86cd31ac3cf67.mp4,MƏN,,unknown,22,30.0,rec_2022-06-09
ada8b43591fc4589a1cb5a1bfbd28e23,data/raw/AzSLD_Words_100/MƏN/ada8b43591fc4589a1cb5a1bfbd28e23.mp4,MƏN,,unknown,14,30.0,rec_2022-07-21
adaa861b8363414db443c8f0c78d4a9a,data/raw/AzSLD_Words_100/MƏN/adaa861b8363414db443c8f0c78d4a9a.mp4,MƏN,,unknown,23,30.0,rec_2022-12-24
adbb082102574d4ba1d9c1485cd796c2,data/raw/AzSLD_Words_100/MƏN/adbb082102574d4ba1d9c1485cd796c2.mp4,MƏN,,unknown,26,30.0,rec_2022-12-24
adc7e7bfc3e645588b13100d0cc20165,data/raw/AzSLD_Words_100/MƏN/adc7e7bfc3e645588b13100d0cc20165.mp4,MƏN,,unknown,20,30.0,rec_2022-12-23
add85d28dde44ffd998a82d7bd09f182,data/raw/AzSLD_Words_100/MƏN/add85d28dde44ffd998a82d7bd09f182.mp4,MƏN,,unknown,17,30.0,rec_2022-12-24
add86179992f4bdbaa8df625a134201a,data/raw/AzSLD_Words_100/MƏN/add86179992f4bdbaa8df625a134201a.mp4,MƏN,,unknown,14,30.0,rec_2022-10-28
addd6be7c46d450aa100abf1b57f01e2,data/raw/AzSLD_Words_100/MƏN/addd6be7c46d450aa100abf1b57f01e2.mp4,MƏN,,unknown,14,30.0,rec_2022-12-28
ade034a2058a481b8f531939780a0af5,data/raw/AzSLD_Words_100/MƏN/ade034a2058a481b8f531939780a0af5.mp4,MƏN,,unknown,11,30.0,rec_2022-12-16
adf06cd3e2df429daf1817ec20369455,data/raw/AzSLD_Words_100/MƏN/adf06cd3e2df429daf1817ec20369455.mp4,MƏN,,unknown,18,30.0,rec_2022-05-26
ae19e93994fe4133b68b0cca2c450774,data/raw/AzSLD_Words_100/MƏN/ae19e93994fe4133b68b0cca2c450774.mp4,MƏN,,unknown,15,30.0,rec_2022-07-14
ae26702f0d6940c39920f35b5344ace9,data/raw/AzSLD_Words_100/MƏN/ae26702f0d6940c39920f35b5344ace9.mp4,MƏN,,unknown,10,30.0,rec_2022-11-18
ae34ba71f48148f7a74ab284c2fc0ddd,data/raw/AzSLD_Words_100/MƏN/ae34ba71f48148f7a74ab284c2fc0ddd.mp4,MƏN,,unknown,11,30.0,rec_2022-12-22
ae3fd8c2d85e480e8f0870adbace16b3,data/raw/AzSLD_Words_100/MƏN/ae3fd8c2d85e480e8f0870adbace16b3.mp4,MƏN,,unknown,17,30.0,rec_2022-07-25
ae43f4d7f767489d980bd9359ed6e2d5,data/raw/AzSLD_Words_100/MƏN/ae43f4d7f767489d980bd9359ed6e2d5.mp4,MƏN,,unknown,16,30.0,rec_2022-11-05
ae62b10916754e3d99357cdb1cb094e7,data/raw/AzSLD_Words_100/MƏN/ae62b10916754e3d99357cdb1cb094e7.mp4,MƏN,,unknown,32,30.0,rec_2022-12-23
ae65566f13ce4a90a5cbfe7a54842e64,data/raw/AzSLD_Words_100/MƏN/ae65566f13ce4a90a5cbfe7a54842e64.mp4,MƏN,,unknown,13,30.0,rec_2022-12-20
ae79337216024f2db9846b26a9ef49f8,data/raw/AzSLD_Words_100/MƏN/ae79337216024f2db9846b26a9ef49f8.mp4,MƏN,,unknown,18,30.0,rec_2022-07-13
ae844b68719e4b34924602adea4054f7,data/raw/AzSLD_Words_100/MƏN/ae844b68719e4b34924602adea4054f7.mp4,MƏN,,unknown,20,30.0,rec_2022-06-09
aebcb57d7b9446b39f09ac6d9183ee9a,data/raw/AzSLD_Words_100/MƏN/aebcb57d7b9446b39f09ac6d9183ee9a.mp4,MƏN,,unknown,12,30.0,rec_2022-12-20
aedd8ba038e047a49a2c61ff85cd9ae0,data/raw/AzSLD_Words_100/MƏN/aedd8ba038e047a49a2c61ff85cd9ae0.mp4,MƏN,,unknown,14,30.0,rec_2022-10-28
aef8b6317ce64fc9850b56694ea5fb27,data/raw/AzSLD_Words_100/MƏN/aef8b6317ce64fc9850b56694ea5fb27.mp4,MƏN,,unknown,13,30.0,rec_2022-12-27
af2ba5e2172540588920f0bbca54cff6,data/raw/AzSLD_Words_100/MƏN/af2ba5e2172540588920f0bbca54cff6.mp4,MƏN,,unknown,21,30.0,rec_2022-12-22
af2d4eef2be84acaad1d78f60633c81b,data/raw/AzSLD_Words_100/MƏN/af2d4eef2be84acaad1d78f60633c81b.mp4,MƏN,,unknown,16,30.0,rec_2022-12-20
af837ea652384d17b790710e61918e8a,data/raw/AzSLD_Words_100/MƏN/af837ea652384d17b790710e61918e8a.mp4,MƏN,,unknown,14,30.0,rec_2022-11-18
af864ab47e354b7db9ac8bcfd852e28c,data/raw/AzSLD_Words_100/MƏN/af864ab47e354b7db9ac8bcfd852e28c.mp4,MƏN,,unknown,12,30.0,rec_2022-07-23
af9b659613ff41c3ad0ff17049a0f709,data/raw/AzSLD_Words_100/MƏN/af9b659613ff41c3ad0ff17049a0f709.mp4,MƏN,,unknown,14,30.0,rec_2022-07-02
afad11a8af8543a4ab213ad1b1bef8f7,data/raw/AzSLD_Words_100/MƏN/afad11a8af8543a4ab213ad1b1bef8f7.mp4,MƏN,,unknown,21,30.0,rec_2022-07-22
afb2d89cbbbf4240abda6a5483fdc865,data/raw/AzSLD_Words_100/MƏN/afb2d89cbbbf4240abda6a5483fdc865.mp4,MƏN,,unknown,16,30.0,rec_2022-12-27
afc771d1eace4488847d01ce6b1c3399,data/raw/AzSLD_Words_100/MƏN/afc771d1eace4488847d01ce6b1c3399.mp4,MƏN,,unknown,9,30.0,rec_2022-07-22
afd370897d124dc8ac4e174b499ed9ae,data/raw/AzSLD_Words_100/MƏN/afd370897d124dc8ac4e174b499ed9ae.mp4,MƏN,,unknown,16,30.0,rec_2022-07-15
b0019f10f23747b49328e4740f1b7119,data/raw/AzSLD_Words_100/MƏN/b0019f10f23747b49328e4740f1b7119.mp4,MƏN,,unknown,16,30.0,rec_2022-08-02
b019aea1c5534fa0ae242559958b985f,data/raw/AzSLD_Words_100/MƏN/b019aea1c5534fa0ae242559958b985f.mp4,MƏN,,unknown,23,30.0,rec_2022-06-13
b01ac5f2579d4f759958eb5c32e998af,data/raw/AzSLD_Words_100/MƏN/b01ac5f2579d4f759958eb5c32e998af.mp4,MƏN,,unknown,19,30.0,rec_2022-12-24
b01cc17b3db84fbbaa5b7370bf208fda,data/raw/AzSLD_Words_100/MƏN/b01cc17b3db84fbbaa5b7370bf208fda.mp4,MƏN,,unknown,24,30.0,rec_2022-08-02
b03178c6f30640aaa2ed64dcbf0ff5e3,data/raw/AzSLD_Words_100/MƏN/b03178c6f30640aaa2ed64dcbf0ff5e3.mp4,MƏN,,unknown,24,30.0,rec_2022-12-27
b05e88aea495484bb4484e306ef281ca,data/raw/AzSLD_Words_100/MƏN/b05e88aea495484bb4484e306ef281ca.mp4,MƏN,,unknown,11,30.0,rec_2022-06-16
b072f0dc8b444abc99852d489f059012,data/raw/AzSLD_Words_100/MƏN/b072f0dc8b444abc99852d489f059012.mp4,MƏN,,unknown,17,30.0,rec_2022-12-22
b085f3474eea4bf8aca5cf05a7c90c90,data/raw/AzSLD_Words_100/MƏN/b085f3474eea4bf8aca5cf05a7c90c90.mp4,MƏN,,unknown,22,30.0,rec_2022-12-28
b0b4251c4dcb41068786deeee36f20ac,data/raw/AzSLD_Words_100/MƏN/b0b4251c4dcb41068786deeee36f20ac.mp4,MƏN,,unknown,23,30.0,rec_2022-06-10
b0bc626bdbe24a8f96dc7a95c9a7091a,data/raw/AzSLD_Words_100/MƏN/b0bc626bdbe24a8f96dc7a95c9a7091a.mp4,MƏN,,unknown,18,30.0,rec_2022-07-23
b0cd548451b842a8a250c002e77a08c1,data/raw/AzSLD_Words_100/MƏN/b0cd548451b842a8a250c002e77a08c1.mp4,MƏN,,unknown,12,30.0,rec_2022-07-13
b0cff41574f5446e9a28ad8eda075542,data/raw/AzSLD_Words_100/MƏN/b0cff41574f5446e9a28ad8eda075542.mp4,MƏN,,unknown,12,30.0,rec_2022-07-25
b0ea78123edf494b986c838959e99ad0,data/raw/AzSLD_Words_100/MƏN/b0ea78123edf494b986c838959e99ad0.mp4,MƏN,,unknown,22,30.0,rec_2022-12-24
b0f2f0c4a5b642858581938c8476df7b,data/raw/AzSLD_Words_100/MƏN/b0f2f0c4a5b642858581938c8476df7b.mp4,MƏN,,unknown,30,30.0,rec_2022-12-27
b0ff280fbb4543528243399a61b2b666,data/raw/AzSLD_Words_100/MƏN/b0ff280fbb4543528243399a61b2b666.mp4,MƏN,,unknown,26,30.0,rec_2022-12-28
b108c50b4ae44ba6986d92ea3b5db560,data/raw/AzSLD_Words_100/MƏN/b108c50b4ae44ba6986d92ea3b5db560.mp4,MƏN,,unknown,12,30.0,rec_2022-11-10
b113a2561e244aabae5b882f9339a85e,data/raw/AzSLD_Words_100/MƏN/b113a2561e244aabae5b882f9339a85e.mp4,MƏN,,unknown,20,30.0,rec_2022-12-16
b123c735308943c1824ce914c12cc423,data/raw/AzSLD_Words_100/MƏN/b123c735308943c1824ce914c12cc423.mp4,MƏN,,unknown,17,30.0,rec_2022-11-17
b13f74a361d74082b08165c385833e53,data/raw/AzSLD_Words_100/MƏN/b13f74a361d74082b08165c385833e53.mp4,MƏN,,unknown,17,30.0,rec_2022-12-27
b173b79722f246f59dc96db4120054ca,data/raw/AzSLD_Words_100/MƏN/b173b79722f246f59dc96db4120054ca.mp4,MƏN,,unknown,23,30.0,rec_2022-12-27
b184f86dd428496fbf6598e3702d22a9,data/raw/AzSLD_Words_100/MƏN/b184f86dd428496fbf6598e3702d22a9.mp4,MƏN,,unknown,21,30.0,rec_2022-06-11
b1a7c44b23d648d9a4802bd9d8d1cac6,data/raw/AzSLD_Words_100/MƏN/b1a7c44b23d648d9a4802bd9d8d1cac6.mp4,MƏN,,unknown,17,30.0,rec_2022-05-25
b1ae1188a96248b38207c107e5780ca4,data/raw/AzSLD_Words_100/MƏN/b1ae1188a96248b38207c107e5780ca4.mp4,MƏN,,unknown,18,30.0,rec_2022-12-28
b1c6c534108d44d48b1ac290e665864a,data/raw/AzSLD_Words_100/MƏN/b1c6c534108d44d48b1ac290e665864a.mp4,MƏN,,unknown,10,30.0,rec_2022-12-27
b1c8e559cfd24c6da508b661511580dc,data/raw/AzSLD_Words_100/MƏN/b1c8e559cfd24c6da508b661511580dc.mp4,MƏN,,unknown,11,30.0,rec_2022-07-18
b2180e86cf3d4c51a9cbf8127b0811cb,data/raw/AzSLD_Words_100/MƏN/b2180e86cf3d4c51a9cbf8127b0811cb.mp4,MƏN,,unknown,18,30.0,rec_2022-07-21
b23aa9e4cde744dc98db482a82f1f8d0,data/raw/AzSLD_Words_100/MƏN/b23aa9e4cde744dc98db482a82f1f8d0.mp4,MƏN,,unknown,12,30.0,rec_2022-07-21
b23e380ffbca4fdca5c10cef32a0a0d2,data/raw/AzSLD_Words_100/MƏN/b23e380ffbca4fdca5c10cef32a0a0d2.mp4,MƏN,,unknown,25,30.0,rec_2022-12-27
b295653f227e440693ce92cbc92eb4a4,data/raw/AzSLD_Words_100/MƏN/b295653f227e440693ce92cbc92eb4a4.mp4,MƏN,,unknown,12,30.0,rec_2022-07-20
b2a71788222c4933becf88fdc371db1f,data/raw/AzSLD_Words_100/MƏN/b2a71788222c4933becf88fdc371db1f.mp4,MƏN,,unknown,22,30.0,rec_2022-08-01
b2b835f2ef6c496d9daffad7141a6bdf,data/raw/AzSLD_Words_100/MƏN/b2b835f2ef6c496d9daffad7141a6bdf.mp4,MƏN,,unknown,15,30.0,rec_2022-07-22
b2fe441a7b3641679a0c4ee69efe67ec,data/raw/AzSLD_Words_100/MƏN/b2fe441a7b3641679a0c4ee69efe67ec.mp4,MƏN,,unknown,9,30.0,rec_2022-12-23
b3451b78d3514f08af133f2930c9d5d6,data/raw/AzSLD_Words_100/MƏN/b3451b78d3514f08af133f2930c9d5d6.mp4,MƏN,,unknown,21,30.0,rec_2022-12-15
b370e04378474cf7ba868257b0b6595b,data/raw/AzSLD_Words_100/MƏN/b370e04378474cf7ba868257b0b6595b.mp4,MƏN,,unknown,12,30.0,rec_2022-07-18
b3b9b3af41494f5794362494322ead1e,data/raw/AzSLD_Words_100/MƏN/b3b9b3af41494f5794362494322ead1e.mp4,MƏN,,unknown,29,30.0,rec_2022-12-23
b3d60dd3591c4217a94cffba3c1fc71e,data/raw/AzSLD_Words_100/MƏN/b3d60dd3591c4217a94cffba3c1fc71e.mp4,MƏN,,unknown,18,30.0,rec_2022-12-22
b3dc5546bff9456a94c93ba63236b7dc,data/raw/AzSLD_Words_100/MƏN/b3dc5546bff9456a94c93ba63236b7dc.mp4,MƏN,,unknown,24,30.0,rec_2022-06-11
b3ef40615c704f0dba0747c1c8594057,data/raw/AzSLD_Words_100/MƏN/b3ef40615c704f0dba0747c1c8594057.mp4,MƏN,,unknown,13,30.0,rec_2022-07-20
b3f4cf1a8c9f4c9e8f4da98264ef98d7,data/raw/AzSLD_Words_100/MƏN/b3f4cf1a8c9f4c9e8f4da98264ef98d7.mp4,MƏN,,unknown,22,30.0,rec_2022-12-27
b401bb9742a7477a8b44105f4c01542d,data/raw/AzSLD_Words_100/MƏN/b401bb9742a7477a8b44105f4c01542d.mp4,MƏN,,unknown,16,30.0,rec_2022-12-23
b40c62013b374c3bb6ded89a0af9ff7c,data/raw/AzSLD_Words_100/MƏN/b40c62013b374c3bb6ded89a0af9ff7c.mp4,MƏN,,unknown,14,30.0,rec_2022-12-15
b4154640bc844416b2403bd026cede34,data/raw/AzSLD_Words_100/MƏN/b4154640bc844416b2403bd026cede34.mp4,MƏN,,unknown,21,30.0,rec_2022-08-02
b4203cea6a6a49489b5a312e784ebc67,data/raw/AzSLD_Words_100/MƏN/b4203cea6a6a49489b5a312e784ebc67.mp4,MƏN,,unknown,26,30.0,rec_2022-10-26
b460745fb89b4d03b0e0847aaf58a365,data/raw/AzSLD_Words_100/MƏN/b460745fb89b4d03b0e0847aaf58a365.mp4,MƏN,,unknown,13,30.0,rec_2022-11-10
b465562ee3b54933b9dbba3710126842,data/raw/AzSLD_Words_100/MƏN/b465562ee3b54933b9dbba3710126842.mp4,MƏN,,unknown,18,30.0,rec_2022-10-26
b49e59744ac54112a3dbb8ff95fa5a0d,data/raw/AzSLD_Words_100/MƏN/b49e59744ac54112a3dbb8ff95fa5a0d.mp4,MƏN,,unknown,18,30.0,rec_2022-07-29
b4aa57022f0848d1a61d8fe6a0f24269,data/raw/AzSLD_Words_100/MƏN/b4aa57022f0848d1a61d8fe6a0f24269.mp4,MƏN,,unknown,20,30.0,rec_2022-11-17
b4bc9f4ee824482aacca629323ec14c4,data/raw/AzSLD_Words_100/MƏN/b4bc9f4ee824482aacca629323ec14c4.mp4,MƏN,,unknown,19,30.0,rec_2022-12-15
b4d9961d2442472086a414bf93e1fdc7,data/raw/AzSLD_Words_100/MƏN/b4d9961d2442472086a414bf93e1fdc7.mp4,MƏN,,unknown,22,30.0,rec_2022-11-04
b4e6e39b21054742a065705f3c0b780b,data/raw/AzSLD_Words_100/MƏN/b4e6e39b21054742a065705f3c0b780b.mp4,MƏN,,unknown,24,30.0,rec_2022-12-20
b4e8d38117ab40d5bd0e168fd101d2e6,data/raw/AzSLD_Words_100/MƏN/b4e8d38117ab40d5bd0e168fd101d2e6.mp4,MƏN,,unknown,15,30.0,rec_2022-11-05
b4ff89f46c7348eca19dbc13e3b3b35f,data/raw/AzSLD_Words_100/MƏN/b4ff89f46c7348eca19dbc13e3b3b35f.mp4,MƏN,,unknown,19,30.0,rec_2022-12-24
b5063d8ded7c4816aa8035ea334d8762,data/raw/AzSLD_Words_100/MƏN/b5063d8ded7c4816aa8035ea334d8762.mp4,MƏN,,unknown,11,30.0,rec_2022-06-10
b513131d7b4c409baf9c4a73063bf468,data/raw/AzSLD_Words_100/MƏN/b513131d7b4c409baf9c4a73063bf468.mp4,MƏN,,unknown,17,30.0,rec_2022-11-05
b525a21ae0294da49dcee62fa03822f9,data/raw/AzSLD_Words_100/MƏN/b525a21ae0294da49dcee62fa03822f9.mp4,MƏN,,unknown,24,30.0,rec_2022-11-02
b528b5f72779458fac9c42d7575c60d3,data/raw/AzSLD_Words_100/MƏN/b528b5f72779458fac9c42d7575c60d3.mp4,MƏN,,unknown,18,30.0,rec_2022-12-27
b52c369c417245d7af11305d29357a67,data/raw/AzSLD_Words_100/MƏN/b52c369c417245d7af11305d29357a67.mp4,MƏN,,unknown,14,30.0,rec_2022-12-24
b550bf7cc38246af94e207fb17ed103a,data/raw/AzSLD_Words_100/MƏN/b550bf7cc38246af94e207fb17ed103a.mp4,MƏN,,unknown,15,30.0,rec_2022-11-18
b5c54e32135a41258da155e3c164d589,data/raw/AzSLD_Words_100/MƏN/b5c54e32135a41258da155e3c164d589.mp4,MƏN,,unknown,17,30.0,rec_2022-07-18
b5cc097d828b46e2ba3b6fdb609a2e06,data/raw/AzSLD_Words_100/MƏN/b5cc097d828b46e2ba3b6fdb609a2e06.mp4,MƏN,,unknown,25,30.0,rec_2023-01-18
b5db1c70293c4a1592c4884d3aaf7c99,data/raw/AzSLD_Words_100/MƏN/b5db1c70293c4a1592c4884d3aaf7c99.mp4,MƏN,,unknown,15,30.0,rec_2022-12-22
b5fe477bcc9746e094af74d029da770a,data/raw/AzSLD_Words_100/MƏN/b5fe477bcc9746e094af74d029da770a.mp4,MƏN,,unknown,12,30.0,rec_2022-07-21
b5ff63956ff4438094bdb069cd49bbb4,data/raw/AzSLD_Words_100/MƏN/b5ff63956ff4438094bdb069cd49bbb4.mp4,MƏN,,unknown,14,30.0,rec_2022-11-04
b60eecf8842f48a6b9d69c749a156013,data/raw/AzSLD_Words_100/MƏN/b60eecf8842f48a6b9d69c749a156013.mp4,MƏN,,unknown,16,30.0,rec_2022-12-23
b61a59ea68d94f1893650a5e5338a456,data/raw/AzSLD_Words_100/MƏN/b61a59ea68d94f1893650a5e5338a456.mp4,MƏN,,unknown,12,30.0,rec_2022-12-15
b642257a86cf429fa439ac3eb8410f7c,data/raw/AzSLD_Words_100/MƏN/b642257a86cf429fa439ac3eb8410f7c.mp4,MƏN,,unknown,6,30.0,rec_2022-07-16
b643153a3ef1496382324562bb383789,data/raw/AzSLD_Words_100/MƏN/b643153a3ef1496382324562bb383789.mp4,MƏN,,unknown,20,30.0,rec_2022-12-28
b6945186a281431e9cbd30b1ae933e33,data/raw/AzSLD_Words_100/MƏN/b6945186a281431e9cbd30b1ae933e33.mp4,MƏN,,unknown,19,30.0,rec_2022-10-28
b6de79531a2f43e8ba6a33319892e34a,data/raw/AzSLD_Words_100/MƏN/b6de79531a2f43e8ba6a33319892e34a.mp4,MƏN,,unknown,18,30.0,rec_2022-11-22
b71bec351bfa43908c5a6c3304246310,data/raw/AzSLD_Words_100/MƏN/b71bec351bfa43908c5a6c3304246310.mp4,MƏN,,unknown,8,30.0,rec_2022-12-27
b72f07c3c8734a07accc4d9d5ff3564b,data/raw/AzSLD_Words_100/MƏN/b72f07c3c8734a07accc4d9d5ff3564b.mp4,MƏN,,unknown,22,30.0,rec_2022-07-21
b73b3031d4a9437b86b1f2ae8d716bc8,data/raw/AzSLD_Words_100/MƏN/b73b3031d4a9437b86b1f2ae8d716bc8.mp4,MƏN,,unknown,20,30.0,rec_2022-12-17
b748d1b8bae24ebcb0ad84e2c4094da2,data/raw/AzSLD_Words_100/MƏN/b748d1b8bae24ebcb0ad84e2c4094da2.mp4,MƏN,,unknown,13,30.0,rec_2022-12-28
b7519b133a5540e2951355b6dbb9bf8d,data/raw/AzSLD_Words_100/MƏN/b7519b133a5540e2951355b6dbb9bf8d.mp4,MƏN,,unknown,13,30.0,rec_2022-12-27
b778b4fdcff0422996d79a2fa4b02e8e,data/raw/AzSLD_Words_100/MƏN/b778b4fdcff0422996d79a2fa4b02e8e.mp4,MƏN,,unknown,15,30.0,rec_2022-12-23
b77b73a6a5c147fa8485b335cd53490d,data/raw/AzSLD_Words_100/MƏN/b77b73a6a5c147fa8485b335cd53490d.mp4,MƏN,,unknown,13,30.0,rec_2022-11-10
b78d547cc4304831abc3da162ede5df5,data/raw/AzSLD_Words_100/MƏN/b78d547cc4304831abc3da162ede5df5.mp4,MƏN,,unknown,21,30.0,rec_2022-11-17
b7b436d114ed4603a01ae00ff265cdb3,data/raw/AzSLD_Words_100/MƏN/b7b436d114ed4603a01ae00ff265cdb3.mp4,MƏN,,unknown,17,30.0,rec_2022-12-27
b7f0503f73bb4202bc6c5a30ca45c7fe,data/raw/AzSLD_Words_100/MƏN/b7f0503f73bb4202bc6c5a30ca45c7fe.mp4,MƏN,,unknown,21,30.0,rec_2022-08-02
b80aae8024414fa2b9b543fd7058fd44,data/raw/AzSLD_Words_100/MƏN/b80aae8024414fa2b9b543fd7058fd44.mp4,MƏN,,unknown,20,30.0,rec_2022-11-17
b86e379d3b7d423aa29d390150c71574,data/raw/AzSLD_Words_100/MƏN/b86e379d3b7d423aa29d390150c71574.mp4,MƏN,,unknown,29,30.0,rec_2022-05-21
b87979e400ba4bb48a0e12bb7a304822,data/raw/AzSLD_Words_100/MƏN/b87979e400ba4bb48a0e12bb7a304822.mp4,MƏN,,unknown,16,30.0,rec_2022-11-19
b8946999338c41779f013d833321e6f3,data/raw/AzSLD_Words_100/MƏN/b8946999338c41779f013d833321e6f3.mp4,MƏN,,unknown,18,30.0,rec_2022-12-20
b8d879eef39546fcaeab81875091316e,data/raw/AzSLD_Words_100/MƏN/b8d879eef39546fcaeab81875091316e.mp4,MƏN,,unknown,21,30.0,rec_2022-07-02
b8dc7285c1d8480aa1844289ec327c29,data/raw/AzSLD_Words_100/MƏN/b8dc7285c1d8480aa1844289ec327c29.mp4,MƏN,,unknown,15,30.0,rec_2022-07-01
b8dd30f9afb64eee82dff8e7961c3945,data/raw/AzSLD_Words_100/MƏN/b8dd30f9afb64eee82dff8e7961c3945.mp4,MƏN,,unknown,22,30.0,rec_2022-12-24
b8e970e30c0f4e6a80d054e4ca81d7ac,data/raw/AzSLD_Words_100/MƏN/b8e970e30c0f4e6a80d054e4ca81d7ac.mp4,MƏN,,unknown,11,30.0,rec_2022-05-24
b90f911d3e06444eb579cb462ab784bc,data/raw/AzSLD_Words_100/MƏN/b90f911d3e06444eb579cb462ab784bc.mp4,MƏN,,unknown,22,30.0,rec_2022-06-09
b942b6c7c9694990825d8a3fc80a21a7,data/raw/AzSLD_Words_100/MƏN/b942b6c7c9694990825d8a3fc80a21a7.mp4,MƏN,,unknown,14,30.0,rec_2022-12-22
b948b106ab464e62bbfd5f89b4507060,data/raw/AzSLD_Words_100/MƏN/b948b106ab464e62bbfd5f89b4507060.mp4,MƏN,,unknown,14,30.0,rec_2022-11-10
b94d629528ad46938848fa35c3735f37,data/raw/AzSLD_Words_100/MƏN/b94d629528ad46938848fa35c3735f37.mp4,MƏN,,unknown,24,30.0,rec_2022-12-20
b9586bb13fee4e28941dadb36aef8587,data/raw/AzSLD_Words_100/MƏN/b9586bb13fee4e28941dadb36aef8587.mp4,MƏN,,unknown,17,30.0,rec_2022-08-02
b978687fa1ef4e08858e236be899ff8e,data/raw/AzSLD_Words_100/MƏN/b978687fa1ef4e08858e236be899ff8e.mp4,MƏN,,unknown,27,30.0,rec_2022-06-02
b9801d68c4684b21afb5dfc8c8542701,data/raw/AzSLD_Words_100/MƏN/b9801d68c4684b21afb5dfc8c8542701.mp4,MƏN,,unknown,9,30.0,rec_2022-12-27
b98d74e04fa24fce97857a39c791b320,data/raw/AzSLD_Words_100/MƏN/b98d74e04fa24fce97857a39c791b320.mp4,MƏN,,unknown,17,30.0,rec_2022-07-18
b9df5966a39b45e2834758bc7cf82c44,data/raw/AzSLD_Words_100/MƏN/b9df5966a39b45e2834758bc7cf82c44.mp4,MƏN,,unknown,13,30.0,rec_2022-05-31
b9e11725d5ed4983a205683238e3225e,data/raw/AzSLD_Words_100/MƏN/b9e11725d5ed4983a205683238e3225e.mp4,MƏN,,unknown,12,30.0,rec_2022-07-18
ba06f63816694d4f949ec5060993e006,data/raw/AzSLD_Words_100/MƏN/ba06f63816694d4f949ec5060993e006.mp4,MƏN,,unknown,14,30.0,rec_2022-05-25
ba14a3c7ea3e4f298fe3af7afe7996a4,data/raw/AzSLD_Words_100/MƏN/ba14a3c7ea3e4f298fe3af7afe7996a4.mp4,MƏN,,unknown,17,30.0,rec_2022-07-14
ba230208824e43588db9312921bc2f27,data/raw/AzSLD_Words_100/MƏN/ba230208824e43588db9312921bc2f27.mp4,MƏN,,unknown,14,30.0,rec_2022-07-23
ba2521252a364db09915dfe162cb6058,data/raw/AzSLD_Words_100/MƏN/ba2521252a364db09915dfe162cb6058.mp4,MƏN,,unknown,18,30.0,rec_2022-12-22
ba38124a72814229b333511ede5cac44,data/raw/AzSLD_Words_100/MƏN/ba38124a72814229b333511ede5cac44.mp4,MƏN,,unknown,12,30.0,rec_2022-12-22
ba53a6b349e04f549e158814d9c5b828,data/raw/AzSLD_Words_100/MƏN/ba53a6b349e04f549e158814d9c5b828.mp4,MƏN,,unknown,17,30.0,rec_2022-12-20
ba60265ba5c34547b0db4084bead6554,data/raw/AzSLD_Words_100/MƏN/ba60265ba5c34547b0db4084bead6554.mp4,MƏN,,unknown,14,30.0,rec_2022-11-05
ba7fa65916024f1f83f977b7aeb607a1,data/raw/AzSLD_Words_100/MƏN/ba7fa65916024f1f83f977b7aeb607a1.mp4,MƏN,,unknown,26,30.0,rec_2022-06-09
ba952653be5e453daa80bcd046da9ab2,data/raw/AzSLD_Words_100/MƏN/ba952653be5e453daa80bcd046da9ab2.mp4,MƏN,,unknown,8,30.0,rec_2022-12-23
baa9dcd948bf410b9a019c70d34ce54b,data/raw/AzSLD_Words_100/MƏN/baa9dcd948bf410b9a019c70d34ce54b.mp4,MƏN,,unknown,1,30.0,rec_2022-12-24
baba44f14a174e0384f7c6ea887ddf0c,data/raw/AzSLD_Words_100/MƏN/baba44f14a174e0384f7c6ea887ddf0c.mp4,MƏN,,unknown,22,30.0,rec_2022-05-31
bb0543b1d77b4ee3b11509506ce0811f,data/raw/AzSLD_Words_100/MƏN/bb0543b1d77b4ee3b11509506ce0811f.mp4,MƏN,,unknown,14,30.0,rec_2022-12-27
bb14680efe8a4825b8b8ede810832bb5,data/raw/AzSLD_Words_100/MƏN/bb14680efe8a4825b8b8ede810832bb5.mp4,MƏN,,unknown,10,30.0,rec_2022-07-18
bb1a5cf1afe0494bbcbd2394ba49f0a2,data/raw/AzSLD_Words_100/MƏN/bb1a5cf1afe0494bbcbd2394ba49f0a2.mp4,MƏN,,unknown,10,30.0,rec_2022-12-22
bb53fbff29054be688faf07a96a6d8eb,data/raw/AzSLD_Words_100/MƏN/bb53fbff29054be688faf07a96a6d8eb.mp4,MƏN,,unknown,17,30.0,rec_2022-07-18
bb9be64d90f345468a5a86054e91a2df,data/raw/AzSLD_Words_100/MƏN/bb9be64d90f345468a5a86054e91a2df.mp4,MƏN,,unknown,24,30.0,rec_2022-12-15
bbc291ce0370468883dc34d3b644cd01,data/raw/AzSLD_Words_100/MƏN/bbc291ce0370468883dc34d3b644cd01.mp4,MƏN,,unknown,10,30.0,rec_2022-11-10
bbc6c00a1f32420bbb04d725f8d3aaa4,data/raw/AzSLD_Words_100/MƏN/bbc6c00a1f32420bbb04d725f8d3aaa4.mp4,MƏN,,unknown,16,30.0,rec_2022-06-03
bc013cf0209343a3b1c87e5e5ed65f63,data/raw/AzSLD_Words_100/MƏN/bc013cf0209343a3b1c87e5e5ed65f63.mp4,MƏN,,unknown,15,30.0,rec_2022-12-24
bc1a0a0650a640b78c80020d34bbda4c,data/raw/AzSLD_Words_100/MƏN/bc1a0a0650a640b78c80020d34bbda4c.mp4,MƏN,,unknown,21,30.0,rec_2022-07-02
bc251e01a2f449bfb88b5c36619dfa13,data/raw/AzSLD_Words_100/MƏN/bc251e01a2f449bfb88b5c36619dfa13.mp4,MƏN,,unknown,19,30.0,rec_2022-07-25
bc5644062bf64477a9fc8fbb65c059c5,data/raw/AzSLD_Words_100/MƏN/bc5644062bf64477a9fc8fbb65c059c5.mp4,MƏN,,unknown,20,30.0,rec_2022-07-25
bc957b067cd44029b1e80fda45b034cf,data/raw/AzSLD_Words_100/MƏN/bc957b067cd44029b1e80fda45b034cf.mp4,MƏN,,unknown,20,30.0,rec_2022-05-25
bca21b1e190a48808f1f985549e4c2d0,data/raw/AzSLD_Words_100/MƏN/bca21b1e190a48808f1f985549e4c2d0.mp4,MƏN,,unknown,11,30.0,rec_2022-12-27
bcd065d379794505819729683c4349e9,data/raw/AzSLD_Words_100/MƏN/bcd065d379794505819729683c4349e9.mp4,MƏN,,unknown,15,30.0,rec_2022-10-28
bd822cab994f421d8c7874aa1afc68de,data/raw/AzSLD_Words_100/MƏN/bd822cab994f421d8c7874aa1afc68de.mp4,MƏN,,unknown,11,30.0,rec_2022-07-21
bd8926efe61a48f0b670a7349a52e02f,data/raw/AzSLD_Words_100/MƏN/bd8926efe61a48f0b670a7349a52e02f.mp4,MƏN,,unknown,17,30.0,rec_2022-12-22
bd8c67a9467b479d861929eb7bc40eb9,data/raw/AzSLD_Words_100/MƏN/bd8c67a9467b479d861929eb7bc40eb9.mp4,MƏN,,unknown,18,30.0,rec_2022-08-02
bda79309d4da46eb844a1686a2c6a723,data/raw/AzSLD_Words_100/MƏN/bda79309d4da46eb844a1686a2c6a723.mp4,MƏN,,unknown,23,30.0,rec_2022-06-01
bdb54534f0844a6fabd610199021117c,data/raw/AzSLD_Words_100/MƏN/bdb54534f0844a6fabd610199021117c.mp4,MƏN,,unknown,20,30.0,rec_2022-08-02
bdcee8908c93483dafa94f691af414a3,data/raw/AzSLD_Words_100/MƏN/bdcee8908c93483dafa94f691af414a3.mp4,MƏN,,unknown,26,30.0,rec_2022-08-02
be0f3095e56b4f3f95be962efb0f243a,data/raw/AzSLD_Words_100/MƏN/be0f3095e56b4f3f95be962efb0f243a.mp4,MƏN,,unknown,11,30.0,rec_2022-07-25
be1c0c695dd34ba6bf8f15d1fc9f13fd,data/raw/AzSLD_Words_100/MƏN/be1c0c695dd34ba6bf8f15d1fc9f13fd.mp4,MƏN,,unknown,15,30.0,rec_2022-12-17
be78f3079577484cb05d0a1b2f17a2fe,data/raw/AzSLD_Words_100/MƏN/be78f3079577484cb05d0a1b2f17a2fe.mp4,MƏN,,unknown,16,30.0,rec_2022-11-05
be834efbc19f4e45a560a888709fba98,data/raw/AzSLD_Words_100/MƏN/be834efbc19f4e45a560a888709fba98.mp4,MƏN,,unknown,18,30.0,rec_2022-07-13
be8fb302552d4d2b98b771b169dab0fc,data/raw/AzSLD_Words_100/MƏN/be8fb302552d4d2b98b771b169dab0fc.mp4,MƏN,,unknown,24,30.0,rec_2022-12-24
beab3c5bc2ce4329ae3d5dedcc1dd325,data/raw/AzSLD_Words_100/MƏN/beab3c5bc2ce4329ae3d5dedcc1dd325.mp4,MƏN,,unknown,18,30.0,rec_2022-10-28
beabbd64008d45b88588472d182bf716,data/raw/AzSLD_Words_100/MƏN/beabbd64008d45b88588472d182bf716.mp4,MƏN,,unknown,15,30.0,rec_2022-07-27
beb5d7ec7bf34cb2b96328f5355c393c,data/raw/AzSLD_Words_100/MƏN/beb5d7ec7bf34cb2b96328f5355c393c.mp4,MƏN,,unknown,15,30.0,rec_2022-12-22
beb74ad4092c4af8a23d48c5d7f1efcf,data/raw/AzSLD_Words_100/MƏN/beb74ad4092c4af8a23d48c5d7f1efcf.mp4,MƏN,,unknown,17,30.0,rec_2022-11-19
bf14d4d6d5a244b7959e7f3d28b3f7c5,data/raw/AzSLD_Words_100/MƏN/bf14d4d6d5a244b7959e7f3d28b3f7c5.mp4,MƏN,,unknown,16,30.0,rec_2022-05-26
bf1add9d3bdf48949037a6d4826e94d4,data/raw/AzSLD_Words_100/MƏN/bf1add9d3bdf48949037a6d4826e94d4.mp4,MƏN,,unknown,18,30.0,rec_2022-11-04
bf1efd9b9a6e45418196f86a45698b32,data/raw/AzSLD_Words_100/MƏN/bf1efd9b9a6e45418196f86a45698b32.mp4,MƏN,,unknown,21,30.0,rec_2022-12-23
bf2e08529826440b813ce9f0258b9662,data/raw/AzSLD_Words_100/MƏN/bf2e08529826440b813ce9f0258b9662.mp4,MƏN,,unknown,14,30.0,rec_2022-11-19
bf42be33a2af48c78af0c4fc2f34380d,data/raw/AzSLD_Words_100/MƏN/bf42be33a2af48c78af0c4fc2f34380d.mp4,MƏN,,unknown,13,30.0,rec_2022-12-17
bf8a68fca5884fc7a7035ffbf0ff00d1,data/raw/AzSLD_Words_100/MƏN/bf8a68fca5884fc7a7035ffbf0ff00d1.mp4,MƏN,,unknown,18,30.0,rec_2022-07-16
bfdd1825598d4834a2cd4d19e401216f,data/raw/AzSLD_Words_100/MƏN/bfdd1825598d4834a2cd4d19e401216f.mp4,MƏN,,unknown,18,30.0,rec_2022-04-26
bfe9904a2e904aed8cd5de51d804c152,data/raw/AzSLD_Words_100/MƏN/bfe9904a2e904aed8cd5de51d804c152.mp4,MƏN,,unknown,12,30.0,rec_2022-07-16
c0053552939246e9be8e0ecf65784f37,data/raw/AzSLD_Words_100/MƏN/c0053552939246e9be8e0ecf65784f37.mp4,MƏN,,unknown,10,30.0,rec_2022-12-27
c042d6c88e2d4ea69ba0b2e3e78ab710,data/raw/AzSLD_Words_100/MƏN/c042d6c88e2d4ea69ba0b2e3e78ab710.mp4,MƏN,,unknown,16,30.0,rec_2022-12-22
c05ba0c64e9e48f18667fe3238f2ada4,data/raw/AzSLD_Words_100/MƏN/c05ba0c64e9e48f18667fe3238f2ada4.mp4,MƏN,,unknown,27,30.0,rec_2022-12-23
c0691228a49642348772fd35bd6ed6c2,data/raw/AzSLD_Words_100/MƏN/c0691228a49642348772fd35bd6ed6c2.mp4,MƏN,,unknown,33,30.0,rec_2022-07-14
c0e4266cde654613aad3042a0cbc215d,data/raw/AzSLD_Words_100/MƏN/c0e4266cde654613aad3042a0cbc215d.mp4,MƏN,,unknown,17,30.0,
c0f756ff2d304e40a57183db947bd281,data/raw/AzSLD_Words_100/MƏN/c0f756ff2d304e40a57183db947bd281.mp4,MƏN,,unknown,8,30.0,rec_2022-07-22
c113da2c8dd1499ca98ad2777ae2b12d,data/raw/AzSLD_Words_100/MƏN/c113da2c8dd1499ca98ad2777ae2b12d.mp4,MƏN,,unknown,9,30.0,rec_2022-07-01
c11a5bfd37314b54b7e934f0d5d078c1,data/raw/AzSLD_Words_100/MƏN/c11a5bfd37314b54b7e934f0d5d078c1.mp4,MƏN,,unknown,30,30.0,rec_2022-06-10
c11ee334567e41d1ac825c7ce017ee3b,data/raw/AzSLD_Words_100/MƏN/c11ee334567e41d1ac825c7ce017ee3b.mp4,MƏN,,unknown,15,30.0,rec_2022-12-23
c156b2a5a7b34a89b0660c1238a7e0cb,data/raw/AzSLD_Words_100/MƏN/c156b2a5a7b34a89b0660c1238a7e0cb.mp4,MƏN,,unknown,12,30.0,rec_2022-12-16
c1aacd52bc78479cb3612760f7419585,data/raw/AzSLD_Words_100/MƏN/c1aacd52bc78479cb3612760f7419585.mp4,MƏN,,unknown,12,30.0,rec_2022-12-20
c1c157ebbb7449c3a24de952100d300d,data/raw/AzSLD_Words_100/MƏN/c1c157ebbb7449c3a24de952100d300d.mp4,MƏN,,unknown,16,30.0,rec_2022-07-14
c1c3816eeefe4063acf649db6e5288ab,data/raw/AzSLD_Words_100/MƏN/c1c3816eeefe4063acf649db6e5288ab.mp4,MƏN,,unknown,18,30.0,rec_2022-12-17
c1dc38fee26d4f5d8e5086e1c837da0f,data/raw/AzSLD_Words_100/MƏN/c1dc38fee26d4f5d8e5086e1c837da0f.mp4,MƏN,,unknown,16,30.0,rec_2022-08-02
c2335c2b771141c2a3da0e494b34f3bb,data/raw/AzSLD_Words_100/MƏN/c2335c2b771141c2a3da0e494b34f3bb.mp4,MƏN,,unknown,20,30.0,rec_2022-11-22
c238ad5c140b4733ba4c663b7e5c660f,data/raw/AzSLD_Words_100/MƏN/c238ad5c140b4733ba4c663b7e5c660f.mp4,MƏN,,unknown,17,30.0,rec_2022-11-10
c24e75f4bb5c4597bfe76920370c101b,data/raw/AzSLD_Words_100/MƏN/c24e75f4bb5c4597bfe76920370c101b.mp4,MƏN,,unknown,8,30.0,rec_2022-11-18
c2aa82d97d424f50bf3dbcc064594372,data/raw/AzSLD_Words_100/MƏN/c2aa82d97d424f50bf3dbcc064594372.mp4,MƏN,,unknown,13,30.0,rec_2022-11-22
c2bacf8604f54b81aafc295078266af8,data/raw/AzSLD_Words_100/MƏN/c2bacf8604f54b81aafc295078266af8.mp4,MƏN,,unknown,12,30.0,rec_2022-07-01
c2c69f168eaa489790429a4bd9cd0dc9,data/raw/AzSLD_Words_100/MƏN/c2c69f168eaa489790429a4bd9cd0dc9.mp4,MƏN,,unknown,19,30.0,rec_2022-12-23
c2cf040867464edca6d4745950b40944,data/raw/AzSLD_Words_100/MƏN/c2cf040867464edca6d4745950b40944.mp4,MƏN,,unknown,16,30.0,rec_2022-12-20
c2eaba46344344039dc79fef50ea70e7,data/raw/AzSLD_Words_100/MƏN/c2eaba46344344039dc79fef50ea70e7.mp4,MƏN,,unknown,15,30.0,rec_2022-12-15
c34fb39d415843099a3fed8423feba78,data/raw/AzSLD_Words_100/MƏN/c34fb39d415843099a3fed8423feba78.mp4,MƏN,,unknown,9,30.0,rec_2022-07-22
c38819c935804a228957a04663f1b8de,data/raw/AzSLD_Words_100/MƏN/c38819c935804a228957a04663f1b8de.mp4,MƏN,,unknown,19,30.0,rec_2022-11-04
c388fd3c7823485ebbe35f5e9057ab8b,data/raw/AzSLD_Words_100/MƏN/c388fd3c7823485ebbe35f5e9057ab8b.mp4,MƏN,,unknown,25,30.0,rec_2022-12-17
c38f31cb14de4358a3d2630bda51af3b,data/raw/AzSLD_Words_100/MƏN/c38f31cb14de4358a3d2630bda51af3b.mp4,MƏN,,unknown,21,30.0,rec_2022-11-10
c39d91374d634782b43e23b505f1ef02,data/raw/AzSLD_Words_100/MƏN/c39d91374d634782b43e23b505f1ef02.mp4,MƏN,,unknown,16,30.0,rec_2022-11-01
c3d0ca6b872740579d9756f04ad24ac2,data/raw/AzSLD_Words_100/MƏN/c3d0ca6b872740579d9756f04ad24ac2.mp4,MƏN,,unknown,26,30.0,rec_2022-12-20
c455cbeb91ad4abcba1c8756eefdeb96,data/raw/AzSLD_Words_100/MƏN/c455cbeb91ad4abcba1c8756eefdeb96.mp4,MƏN,,unknown,18,30.0,rec_2022-07-14
c45a2327334a4454b3dee61b8e21c9a7,data/raw/AzSLD_Words_100/MƏN/c45a2327334a4454b3dee61b8e21c9a7.mp4,MƏN,,unknown,21,30.0,rec_2022-07-21
c45c66854f7647bc947dd26b20e1977c,data/raw/AzSLD_Words_100/MƏN/c45c66854f7647bc947dd26b20e1977c.mp4,MƏN,,unknown,20,30.0,rec_2022-11-22
c46e27386187419bba939bf6d109667e,data/raw/AzSLD_Words_100/MƏN/c46e27386187419bba939bf6d109667e.mp4,MƏN,,unknown,18,30.0,rec_2022-07-20
c4841f07c99f4ebc9de4e5e6f6ed76c2,data/raw/AzSLD_Words_100/MƏN/c4841f07c99f4ebc9de4e5e6f6ed76c2.mp4,MƏN,,unknown,16,30.0,rec_2022-11-01
c485ffa2d82249c1a6459a82fd94464d,data/raw/AzSLD_Words_100/MƏN/c485ffa2d82249c1a6459a82fd94464d.mp4,MƏN,,unknown,19,30.0,rec_2022-12-20
c497fbfbe76548e18a128dedeb48cf29,data/raw/AzSLD_Words_100/MƏN/c497fbfbe76548e18a128dedeb48cf29.mp4,MƏN,,unknown,17,30.0,rec_2022-12-20
c49ced391f5446b48405637b04252450,data/raw/AzSLD_Words_100/MƏN/c49ced391f5446b48405637b04252450.mp4,MƏN,,unknown,13,30.0,rec_2022-11-18
c4cb567932984dff90a7e64213a2aac0,data/raw/AzSLD_Words_100/MƏN/c4cb567932984dff90a7e64213a2aac0.mp4,MƏN,,unknown,11,30.0,rec_2022-12-23
c4d241f3d22e489d9a32ec4cdffb0541,data/raw/AzSLD_Words_100/MƏN/c4d241f3d22e489d9a32ec4cdffb0541.mp4,MƏN,,unknown,13,30.0,rec_2022-12-28
c4f572b9835a450c97917033e022153f,data/raw/AzSLD_Words_100/MƏN/c4f572b9835a450c97917033e022153f.mp4,MƏN,,unknown,14,30.0,rec_2022-10-28
c5053aca32c94d3195ebb6e536a3e3c5,data/raw/AzSLD_Words_100/MƏN/c5053aca32c94d3195ebb6e536a3e3c5.mp4,MƏN,,unknown,20,30.0,
c52000feab8541a6895f02ada0805b8c,data/raw/AzSLD_Words_100/MƏN/c52000feab8541a6895f02ada0805b8c.mp4,MƏN,,unknown,20,30.0,rec_2022-08-01
c528f92971944149b16baedf0e47ea22,data/raw/AzSLD_Words_100/MƏN/c528f92971944149b16baedf0e47ea22.mp4,MƏN,,unknown,10,30.0,rec_2022-07-22
c556414f680f4adaba92bc27941b2957,data/raw/AzSLD_Words_100/MƏN/c556414f680f4adaba92bc27941b2957.mp4,MƏN,,unknown,22,30.0,rec_2022-06-02
c569f6539dfa4f0e817359f0ab613887,data/raw/AzSLD_Words_100/MƏN/c569f6539dfa4f0e817359f0ab613887.mp4,MƏN,,unknown,10,30.0,rec_2022-07-25
c5ab3fcb411448cbad131cbbf471146e,data/raw/AzSLD_Words_100/MƏN/c5ab3fcb411448cbad131cbbf471146e.mp4,MƏN,,unknown,20,30.0,rec_2022-11-18
c602168db29c47449667dce412ca457d,data/raw/AzSLD_Words_100/MƏN/c602168db29c47449667dce412ca457d.mp4,MƏN,,unknown,14,30.0,rec_2022-07-23
c62db75561614e8c88787149869bbc92,data/raw/AzSLD_Words_100/MƏN/c62db75561614e8c88787149869bbc92.mp4,MƏN,,unknown,19,30.0,rec_2022-06-10
c6652fcf30bc45db9679eb1b2ef4d89f,data/raw/AzSLD_Words_100/MƏN/c6652fcf30bc45db9679eb1b2ef4d89f.mp4,MƏN,,unknown,22,30.0,rec_2022-11-10
c67837abaea14775b5dd161ff8ff4130,data/raw/AzSLD_Words_100/MƏN/c67837abaea14775b5dd161ff8ff4130.mp4,MƏN,,unknown,14,30.0,rec_2022-12-22
c6d03b782c904ce0bd873fe61e654353,data/raw/AzSLD_Words_100/MƏN/c6d03b782c904ce0bd873fe61e654353.mp4,MƏN,,unknown,12,30.0,rec_2022-07-28
c6e2e49fb55d49ba96ec3903097e6120,data/raw/AzSLD_Words_100/MƏN/c6e2e49fb55d49ba96ec3903097e6120.mp4,MƏN,,unknown,35,30.0,rec_2022-05-26
c714ca95ca19430a8a591cc59f6dfeaf,data/raw/AzSLD_Words_100/MƏN/c714ca95ca19430a8a591cc59f6dfeaf.mp4,MƏN,,unknown,11,30.0,rec_2022-07-13
c7169dbe50f34932ab3730d853ff70ab,data/raw/AzSLD_Words_100/MƏN/c7169dbe50f34932ab3730d853ff70ab.mp4,MƏN,,unknown,21,30.0,rec_2022-08-02
c71a548ac89e4b68bcbeb071b9b9a06f,data/raw/AzSLD_Words_100/MƏN/c71a548ac89e4b68bcbeb071b9b9a06f.mp4,MƏN,,unknown,22,30.0,rec_2022-07-15
c71b7740ae134d3393686553deccdf9c,data/raw/AzSLD_Words_100/MƏN/c71b7740ae134d3393686553deccdf9c.mp4,MƏN,,unknown,22,30.0,rec_2022-12-15
c72406683ab2459a89aec6d3700b5c26,data/raw/AzSLD_Words_100/MƏN/c72406683ab2459a89aec6d3700b5c26.mp4,MƏN,,unknown,10,30.0,rec_2022-07-13
c72c3bd24ac7453088326d6517512829,data/raw/AzSLD_Words_100/MƏN/c72c3bd24ac7453088326d6517512829.mp4,MƏN,,unknown,37,30.0,rec_2022-06-02
c745a817bb5642a9ba301a52879582f3,data/raw/AzSLD_Words_100/MƏN/c745a817bb5642a9ba301a52879582f3.mp4,MƏN,,unknown,12,30.0,rec_2022-12-15
c74d5a9bacf9434da446257df16a537d,data/raw/AzSLD_Words_100/MƏN/c74d5a9bacf9434da446257df16a537d.mp4,MƏN,,unknown,10,30.0,rec_2022-07-25
c756d3eb409340daa6b051ca6856dbac,data/raw/AzSLD_Words_100/MƏN/c756d3eb409340daa6b051ca6856dbac.mp4,MƏN,,unknown,14,30.0,rec_2022-07-14
c77237010c114b21aa3d7dca69101e07,data/raw/AzSLD_Words_100/MƏN/c77237010c114b21aa3d7dca69101e07.mp4,MƏN,,unknown,22,30.0,rec_2022-12-28
c795c83a498b4e6f9361f91c45cbd7bc,data/raw/AzSLD_Words_100/MƏN/c795c83a498b4e6f9361f91c45cbd7bc.mp4,MƏN,,unknown,11,30.0,rec_2022-07-29
c79662ed75514176a3e1d1aa8d785734,data/raw/AzSLD_Words_100/MƏN/c79662ed75514176a3e1d1aa8d785734.mp4,MƏN,,unknown,19,30.0,rec_2022-12-24
c7a7b10f9d494b82bc88823f69beec7d,data/raw/AzSLD_Words_100/MƏN/c7a7b10f9d494b82bc88823f69beec7d.mp4,MƏN,,unknown,10,30.0,rec_2022-07-20
c7b5f89e7cdd443da25b942980757dbb,data/raw/AzSLD_Words_100/MƏN/c7b5f89e7cdd443da25b942980757dbb.mp4,MƏN,,unknown,16,30.0,rec_2022-11-04
c7d6bf29ffe94596a144d8e4ea8dbf5f,data/raw/AzSLD_Words_100/MƏN/c7d6bf29ffe94596a144d8e4ea8dbf5f.mp4,MƏN,,unknown,12,30.0,rec_2022-11-10
c7ebaaddce294b0e865a885440600963,data/raw/AzSLD_Words_100/MƏN/c7ebaaddce294b0e865a885440600963.mp4,MƏN,,unknown,27,30.0,rec_2022-05-25
c7f5d132c7854b19bfd6b2987e890d84,data/raw/AzSLD_Words_100/MƏN/c7f5d132c7854b19bfd6b2987e890d84.mp4,MƏN,,unknown,20,30.0,rec_2022-11-19
c7fe0b23bdc24176bbb507e88a067e76,data/raw/AzSLD_Words_100/MƏN/c7fe0b23bdc24176bbb507e88a067e76.mp4,MƏN,,unknown,16,30.0,rec_2022-06-01
c80c96edf1d842d3a88540dbc1fa1871,data/raw/AzSLD_Words_100/MƏN/c80c96edf1d842d3a88540dbc1fa1871.mp4,MƏN,,unknown,16,30.0,rec_2022-12-28
c8986e4d362c4a8cb090cd60d686d0c6,data/raw/AzSLD_Words_100/MƏN/c8986e4d362c4a8cb090cd60d686d0c6.mp4,MƏN,,unknown,19,30.0,rec_2022-12-15
c8a89e708d404765bec3c25444caf608,data/raw/AzSLD_Words_100/MƏN/c8a89e708d404765bec3c25444caf608.mp4,MƏN,,unknown,11,30.0,rec_2022-12-23
c8d2f991025a48e99bdc7e0698d8271b,data/raw/AzSLD_Words_100/MƏN/c8d2f991025a48e99bdc7e0698d8271b.mp4,MƏN,,unknown,23,30.0,rec_2022-05-26
c8d8512fef71465db827cbd5bc35e417,data/raw/AzSLD_Words_100/MƏN/c8d8512fef71465db827cbd5bc35e417.mp4,MƏN,,unknown,13,30.0,rec_2022-11-05
c8dcbba9a3cc49f3a1974c23925982c7,data/raw/AzSLD_Words_100/MƏN/c8dcbba9a3cc49f3a1974c23925982c7.mp4,MƏN,,unknown,18,30.0,rec_2022-12-23
c8f942e31e294c79ac9d11b243921a03,data/raw/AzSLD_Words_100/MƏN/c8f942e31e294c79ac9d11b243921a03.mp4,MƏN,,unknown,13,30.0,rec_2022-10-28
c92e22af9beb414ba5e2d6b0bafc850d,data/raw/AzSLD_Words_100/MƏN/c92e22af9beb414ba5e2d6b0bafc850d.mp4,MƏN,,unknown,21,30.0,rec_2022-08-02
c9384d0255e041c0aac564f79a6bf9c3,data/raw/AzSLD_Words_100/MƏN/c9384d0255e041c0aac564f79a6bf9c3.mp4,MƏN,,unknown,15,30.0,rec_2022-11-22
c95b901401ea44f185557fd3ccd707cf,data/raw/AzSLD_Words_100/MƏN/c95b901401ea44f185557fd3ccd707cf.mp4,MƏN,,unknown,8,30.0,rec_2022-07-21
c9697bace7da482fa5b6e270e6330c74,data/raw/AzSLD_Words_100/MƏN/c9697bace7da482fa5b6e270e6330c74.mp4,MƏN,,unknown,17,30.0,rec_2022-07-23
c98e77177568436dae7ac6e68ccdf9a4,data/raw/AzSLD_Words_100/MƏN/c98e77177568436dae7ac6e68ccdf9a4.mp4,MƏN,,unknown,15,30.0,rec_2022-11-10
c9acae578d1a475aa2890dbb1a2758cb,data/raw/AzSLD_Words_100/MƏN/c9acae578d1a475aa2890dbb1a2758cb.mp4,MƏN,,unknown,16,30.0,rec_2022-06-01
c9bdfdbf9f894a8c815e3ea6e3ca46dd,data/raw/AzSLD_Words_100/MƏN/c9bdfdbf9f894a8c815e3ea6e3ca46dd.mp4,MƏN,,unknown,15,30.0,rec_2022-12-22
c9c816b808024381ba58ac74f42538cc,data/raw/AzSLD_Words_100/MƏN/c9c816b808024381ba58ac74f42538cc.mp4,MƏN,,unknown,17,30.0,rec_2022-12-23
c9d65a51c1f743039b4047056a07ec17,data/raw/AzSLD_Words_100/MƏN/c9d65a51c1f743039b4047056a07ec17.mp4,MƏN,,unknown,12,30.0,rec_2022-12-16
ca00592aa2ef4574a9bba463ddefbde8,data/raw/AzSLD_Words_100/MƏN/ca00592aa2ef4574a9bba463ddefbde8.mp4,MƏN,,unknown,20,30.0,rec_2022-07-21
ca0e441c24734d8faf5a722234e4d191,data/raw/AzSLD_Words_100/MƏN/ca0e441c24734d8faf5a722234e4d191.mp4,MƏN,,unknown,13,30.0,rec_2022-06-18
ca581b5506d5420b94d975213e075ed1,data/raw/AzSLD_Words_100/MƏN/ca581b5506d5420b94d975213e075ed1.mp4,MƏN,,unknown,17,30.0,rec_2022-07-18
ca5a356b173a47da9825ee0e9bf24b1c,data/raw/AzSLD_Words_100/MƏN/ca5a356b173a47da9825ee0e9bf24b1c.mp4,MƏN,,unknown,12,30.0,rec_2022-07-22
ca72588c999a41e697171b4d5ba7af45,data/raw/AzSLD_Words_100/MƏN/ca72588c999a41e697171b4d5ba7af45.mp4,MƏN,,unknown,13,30.0,rec_2022-12-20
ca73fd50bc6b4ef9a9c602bed74ad90c,data/raw/AzSLD_Words_100/MƏN/ca73fd50bc6b4ef9a9c602bed74ad90c.mp4,MƏN,,unknown,13,30.0,rec_2022-07-21
ca7a4edce42547b7b7f8c571e0c0dd7c,data/raw/AzSLD_Words_100/MƏN/ca7a4edce42547b7b7f8c571e0c0dd7c.mp4,MƏN,,unknown,13,30.0,rec_2022-12-23
ca8f1d31a4f74a67902445465531d9f8,data/raw/AzSLD_Words_100/MƏN/ca8f1d31a4f74a67902445465531d9f8.mp4,MƏN,,unknown,14,30.0,rec_2022-10-28
cab953e194b9462797ace4e05049c478,data/raw/AzSLD_Words_100/MƏN/cab953e194b9462797ace4e05049c478.mp4,MƏN,,unknown,25,30.0,rec_2022-10-28
cabca77fd844479990759a070cd4665f,data/raw/AzSLD_Words_100/MƏN/cabca77fd844479990759a070cd4665f.mp4,MƏN,,unknown,23,30.0,rec_2022-10-28
cad2dde20d464e72be0b3128fec20e5e,data/raw/AzSLD_Words_100/MƏN/cad2dde20d464e72be0b3128fec20e5e.mp4,MƏN,,unknown,26,30.0,rec_2022-05-25
cada818aa1da44598982c12d0a9bcdbd,data/raw/AzSLD_Words_100/MƏN/cada818aa1da44598982c12d0a9bcdbd.mp4,MƏN,,unknown,8,30.0,rec_2022-12-20
cae4a798a38847c8bd17efad4621f55d,data/raw/AzSLD_Words_100/MƏN/cae4a798a38847c8bd17efad4621f55d.mp4,MƏN,,unknown,17,30.0,rec_2022-07-25
cae5cea2b1e842c4ba7cb108bb8506bc,data/raw/AzSLD_Words_100/MƏN/cae5cea2b1e842c4ba7cb108bb8506bc.mp4,MƏN,,unknown,18,30.0,rec_2022-11-05
caed1b1dec294733962f4c8049a60252,data/raw/AzSLD_Words_100/MƏN/caed1b1dec294733962f4c8049a60252.mp4,MƏN,,unknown,28,30.0,rec_2022-06-09
cb14a52958694917baaff52a2476d0e0,data/raw/AzSLD_Words_100/MƏN/cb14a52958694917baaff52a2476d0e0.mp4,MƏN,,unknown,20,30.0,rec_2022-07-16
cb333e1614a1498f805c9cdef3cdba3c,data/raw/AzSLD_Words_100/MƏN/cb333e1614a1498f805c9cdef3cdba3c.mp4,MƏN,,unknown,13,30.0,rec_2022-07-16
cb3897cf0aba40e1a8f04ae37c2dc747,data/raw/AzSLD_Words_100/MƏN/cb3897cf0aba40e1a8f04ae37c2dc747.mp4,MƏN,,unknown,22,30.0,rec_2022-12-20
cb516194833c472bade473a9e3f41138,data/raw/AzSLD_Words_100/MƏN/cb516194833c472bade473a9e3f41138.mp4,MƏN,,unknown,21,30.0,rec_2022-11-19
cb5ade03e13445828042e73a97be0daa,data/raw/AzSLD_Words_100/MƏN/cb5ade03e13445828042e73a97be0daa.mp4,MƏN,,unknown,16,30.0,rec_2022-10-28
cb6495fdf0d444dc9065e27f26466985,data/raw/AzSLD_Words_100/MƏN/cb6495fdf0d444dc9065e27f26466985.mp4,MƏN,,unknown,25,30.0,rec_2022-05-31
cb64dd6db4aa4aea9b8ef9d07e8de7f9,data/raw/AzSLD_Words_100/MƏN/cb64dd6db4aa4aea9b8ef9d07e8de7f9.mp4,MƏN,,unknown,19,30.0,rec_2022-07-01
cb6ebf7bc19a4ef398570615ae86855c,data/raw/AzSLD_Words_100/MƏN/cb6ebf7bc19a4ef398570615ae86855c.mp4,MƏN,,unknown,14,30.0,rec_2022-12-27
cb74bf872ed2434eafe934bfcf1fa108,data/raw/AzSLD_Words_100/MƏN/cb74bf872ed2434eafe934bfcf1fa108.mp4,MƏN,,unknown,28,30.0,rec_2022-11-17
cb808445dbcd478485c3b076280c5be0,data/raw/AzSLD_Words_100/MƏN/cb808445dbcd478485c3b076280c5be0.mp4,MƏN,,unknown,15,30.0,rec_2022-12-20
cbbc4b0b893349cdbdd3a9075e244b2b,data/raw/AzSLD_Words_100/MƏN/cbbc4b0b893349cdbdd3a9075e244b2b.mp4,MƏN,,unknown,20,30.0,rec_2022-12-28
cbe44206e5d54d6388ac663628a642bd,data/raw/AzSLD_Words_100/MƏN/cbe44206e5d54d6388ac663628a642bd.mp4,MƏN,,unknown,23,30.0,rec_2022-06-11
cc3b3d1e20f44d3cb958e8c1a5b48df8,data/raw/AzSLD_Words_100/MƏN/cc3b3d1e20f44d3cb958e8c1a5b48df8.mp4,MƏN,,unknown,15,30.0,rec_2022-12-20
cc854238c4ae47b2868990c6432a63ac,data/raw/AzSLD_Words_100/MƏN/cc854238c4ae47b2868990c6432a63ac.mp4,MƏN,,unknown,14,30.0,rec_2022-08-02
cc878410c92a4ce49c81db4debc2a16d,data/raw/AzSLD_Words_100/MƏN/cc878410c92a4ce49c81db4debc2a16d.mp4,MƏN,,unknown,21,30.0,rec_2022-06-13
cc91269116dc4413ae4fcffd3d2c7796,data/raw/AzSLD_Words_100/MƏN/cc91269116dc4413ae4fcffd3d2c7796.mp4,MƏN,,unknown,23,30.0,rec_2022-07-18
ccae54a37ecd42c79c76cdb1a1fb1139,data/raw/AzSLD_Words_100/MƏN/ccae54a37ecd42c79c76cdb1a1fb1139.mp4,MƏN,,unknown,30,30.0,rec_2022-05-26
ccc6fe9dfcf8492ab66c493e05c467fd,data/raw/AzSLD_Words_100/MƏN/ccc6fe9dfcf8492ab66c493e05c467fd.mp4,MƏN,,unknown,12,30.0,rec_2022-07-22
ccd3a8c140674a2f9ed7b4d43fdb7670,data/raw/AzSLD_Words_100/MƏN/ccd3a8c140674a2f9ed7b4d43fdb7670.mp4,MƏN,,unknown,11,30.0,rec_2022-12-27
cd1d23162df2403d923b49d63f3c8ccb,data/raw/AzSLD_Words_100/MƏN/cd1d23162df2403d923b49d63f3c8ccb.mp4,MƏN,,unknown,23,30.0,rec_2022-07-23
cd28d6b77c9d4140ba09403fb422518f,data/raw/AzSLD_Words_100/MƏN/cd28d6b77c9d4140ba09403fb422518f.mp4,MƏN,,unknown,15,30.0,rec_2022-06-02
cd28fb2c984e4de3bd7d83ada3aa00e6,data/raw/AzSLD_Words_100/MƏN/cd28fb2c984e4de3bd7d83ada3aa00e6.mp4,MƏN,,unknown,22,30.0,rec_2022-07-15
cd5f63f42043441e801d650cf8c26dbd,data/raw/AzSLD_Words_100/MƏN/cd5f63f42043441e801d650cf8c26dbd.mp4,MƏN,,unknown,14,30.0,rec_2022-11-04
cd7584fc61aa467aa2bfb5261bc36b7d,data/raw/AzSLD_Words_100/MƏN/cd7584fc61aa467aa2bfb5261bc36b7d.mp4,MƏN,,unknown,17,30.0,rec_2022-11-05
cd8d57cbf4e64540b4569e2e6b59f0be,data/raw/AzSLD_Words_100/MƏN/cd8d57cbf4e64540b4569e2e6b59f0be.mp4,MƏN,,unknown,14,30.0,rec_2022-12-15
cd8ed5fc702f4904bdf6c99043e5e5a3,data/raw/AzSLD_Words_100/MƏN/cd8ed5fc702f4904bdf6c99043e5e5a3.mp4,MƏN,,unknown,27,30.0,rec_2022-11-17
cd940276ba804befb8a666d7d53571c0,data/raw/AzSLD_Words_100/MƏN/cd940276ba804befb8a666d7d53571c0.mp4,MƏN,,unknown,18,30.0,rec_2022-08-01
cd979fe7048e41b6952986576b49352b,data/raw/AzSLD_Words_100/MƏN/cd979fe7048e41b6952986576b49352b.mp4,MƏN,,unknown,21,30.0,rec_2022-12-20
cdc15aa9f2a44d90a81559a5f23e2a3d,data/raw/AzSLD_Words_100/MƏN/cdc15aa9f2a44d90a81559a5f23e2a3d.mp4,MƏN,,unknown,7,30.0,rec_2022-12-16
cdc748a39b744932977782f7851deb4c,data/raw/AzSLD_Words_100/MƏN/cdc748a39b744932977782f7851deb4c.mp4,MƏN,,unknown,23,30.0,rec_2022-11-17
cdebc6273bc64bc799fde4434744a1ca,data/raw/AzSLD_Words_100/MƏN/cdebc6273bc64bc799fde4434744a1ca.mp4,MƏN,,unknown,19,30.0,rec_2022-06-02
ce1379251d39482794cdda46955f79d8,data/raw/AzSLD_Words_100/MƏN/ce1379251d39482794cdda46955f79d8.mp4,MƏN,,unknown,16,30.0,rec_2022-07-13
ce2ed340ebc048f9bbbda0632a56ad6c,data/raw/AzSLD_Words_100/MƏN/ce2ed340ebc048f9bbbda0632a56ad6c.mp4,MƏN,,unknown,11,30.0,rec_2022-12-17
ce5bfcdd83da43fe81c9df9403130d98,data/raw/AzSLD_Words_100/MƏN/ce5bfcdd83da43fe81c9df9403130d98.mp4,MƏN,,unknown,19,30.0,rec_2022-11-17
ce65346bb0994caa9a7d0181ef40a759,data/raw/AzSLD_Words_100/MƏN/ce65346bb0994caa9a7d0181ef40a759.mp4,MƏN,,unknown,26,30.0,rec_2022-07-21
ce77a8b8a1e740baa34e247c317e53ee,data/raw/AzSLD_Words_100/MƏN/ce77a8b8a1e740baa34e247c317e53ee.mp4,MƏN,,unknown,14,30.0,rec_2022-12-20
ce7a1f2cf01d4beaa7635b5a9dbf4f21,data/raw/AzSLD_Words_100/MƏN/ce7a1f2cf01d4beaa7635b5a9dbf4f21.mp4,MƏN,,unknown,14,30.0,rec_2022-07-18
ce810cc128e348ef91ac736c37377685,data/raw/AzSLD_Words_100/MƏN/ce810cc128e348ef91ac736c37377685.mp4,MƏN,,unknown,20,30.0,rec_2022-11-22
ce83a9d0a7b34e54875634ceb279e200,data/raw/AzSLD_Words_100/MƏN/ce83a9d0a7b34e54875634ceb279e200.mp4,MƏN,,unknown,13,30.0,rec_2022-10-28
ce934aecdfe7470caa4636f9faaec60e,data/raw/AzSLD_Words_100/MƏN/ce934aecdfe7470caa4636f9faaec60e.mp4,MƏN,,unknown,19,30.0,rec_2022-07-18
cebad7a7c04b49d783aaf9ddd87f1ce1,data/raw/AzSLD_Words_100/MƏN/cebad7a7c04b49d783aaf9ddd87f1ce1.mp4,MƏN,,unknown,23,30.0,rec_2022-05-31
cecfdd6c86224942bc152a3c668cd7db,data/raw/AzSLD_Words_100/MƏN/cecfdd6c86224942bc152a3c668cd7db.mp4,MƏN,,unknown,20,30.0,rec_2022-12-22
cef9c535fa0f4340b9cff4372c0980e0,data/raw/AzSLD_Words_100/MƏN/cef9c535fa0f4340b9cff4372c0980e0.mp4,MƏN,,unknown,23,30.0,rec_2022-12-28
cefad5a9c7504ed28647b58f99a9301c,data/raw/AzSLD_Words_100/MƏN/cefad5a9c7504ed28647b58f99a9301c.mp4,MƏN,,unknown,20,30.0,rec_2022-08-02
cf16d986fef54adf973d0b43c6721a0f,data/raw/AzSLD_Words_100/MƏN/cf16d986fef54adf973d0b43c6721a0f.mp4,MƏN,,unknown,10,30.0,rec_2022-07-22
cf4b09f57b904880b90d0f4001c90ab2,data/raw/AzSLD_Words_100/MƏN/cf4b09f57b904880b90d0f4001c90ab2.mp4,MƏN,,unknown,22,30.0,rec_2022-08-01
cf63d55bbc24455a8b68a6600347de9a,data/raw/AzSLD_Words_100/MƏN/cf63d55bbc24455a8b68a6600347de9a.mp4,MƏN,,unknown,16,30.0,rec_2022-12-27
cf7a7fd9e2ee4ec9ac304c35cbccbced,data/raw/AzSLD_Words_100/MƏN/cf7a7fd9e2ee4ec9ac304c35cbccbced.mp4,MƏN,,unknown,16,30.0,rec_2023-01-19
cf9e319cbf8446c6a74c32deee41ccdf,data/raw/AzSLD_Words_100/MƏN/cf9e319cbf8446c6a74c32deee41ccdf.mp4,MƏN,,unknown,17,30.0,rec_2022-12-20
cfb05dfbb33548418763d6076f6e80e8,data/raw/AzSLD_Words_100/MƏN/cfb05dfbb33548418763d6076f6e80e8.mp4,MƏN,,unknown,16,30.0,rec_2022-12-15
cfc66ce6f1b144f68416ca773b3f1872,data/raw/AzSLD_Words_100/MƏN/cfc66ce6f1b144f68416ca773b3f1872.mp4,MƏN,,unknown,33,30.0,rec_2022-12-28
cfec44e34cc841a7a14c84522f449aed,data/raw/AzSLD_Words_100/MƏN/cfec44e34cc841a7a14c84522f449aed.mp4,MƏN,,unknown,16,30.0,rec_2022-12-20
cff80f585a214fe1ae18eebe5e696e85,data/raw/AzSLD_Words_100/MƏN/cff80f585a214fe1ae18eebe5e696e85.mp4,MƏN,,unknown,19,30.0,rec_2022-12-24
d00141e4ab9542709484846426dd79cf,data/raw/AzSLD_Words_100/MƏN/d00141e4ab9542709484846426dd79cf.mp4,MƏN,,unknown,11,30.0,rec_2022-11-17
d00494fbd9f6468f9271b461af73abb2,data/raw/AzSLD_Words_100/MƏN/d00494fbd9f6468f9271b461af73abb2.mp4,MƏN,,unknown,25,30.0,rec_2022-12-28
d00e643c7ed64f72a05debd63660ebde,data/raw/AzSLD_Words_100/MƏN/d00e643c7ed64f72a05debd63660ebde.mp4,MƏN,,unknown,16,30.0,rec_2023-01-18
d050d26c9ded4c9b92f51704db331ed4,data/raw/AzSLD_Words_100/MƏN/d050d26c9ded4c9b92f51704db331ed4.mp4,MƏN,,unknown,17,30.0,rec_2022-11-01
d0672bdde4ba4c1c98853ba4c67ac781,data/raw/AzSLD_Words_100/MƏN/d0672bdde4ba4c1c98853ba4c67ac781.mp4,MƏN,,unknown,21,30.0,rec_2022-12-23
d09acc6f72764e10ad9ce1e686d4f926,data/raw/AzSLD_Words_100/MƏN/d09acc6f72764e10ad9ce1e686d4f926.mp4,MƏN,,unknown,18,30.0,rec_2022-12-20
d0bfb0d51512477888751324fa78b0fc,data/raw/AzSLD_Words_100/MƏN/d0bfb0d51512477888751324fa78b0fc.mp4,MƏN,,unknown,25,30.0,rec_2022-12-28
d0c0ea19cb034e879a2c9e36724d85f8,data/raw/AzSLD_Words_100/MƏN/d0c0ea19cb034e879a2c9e36724d85f8.mp4,MƏN,,unknown,21,30.0,rec_2022-11-22
d0c475c8dd284dcf853625c891cb6e2a,data/raw/AzSLD_Words_100/MƏN/d0c475c8dd284dcf853625c891cb6e2a.mp4,MƏN,,unknown,23,30.0,rec_2022-12-23
d0e29642c2a54904b7a06f4e9d0ec9fc,data/raw/AzSLD_Words_100/MƏN/d0e29642c2a54904b7a06f4e9d0ec9fc.mp4,MƏN,,unknown,21,30.0,rec_2022-07-16
d0e843c63d8d496283f4bea8b7573d22,data/raw/AzSLD_Words_100/MƏN/d0e843c63d8d496283f4bea8b7573d22.mp4,MƏN,,unknown,18,30.0,rec_2022-07-18
d0f4161038044431accc1d91ae86445c,data/raw/AzSLD_Words_100/MƏN/d0f4161038044431accc1d91ae86445c.mp4,MƏN,,unknown,10,30.0,rec_2022-05-24
d1050f3615f041d0bd8789fce22f00bf,data/raw/AzSLD_Words_100/MƏN/d1050f3615f041d0bd8789fce22f00bf.mp4,MƏN,,unknown,24,30.0,rec_2022-07-13
d125a9fbb23348509bb6a2e7fb93f854,data/raw/AzSLD_Words_100/MƏN/d125a9fbb23348509bb6a2e7fb93f854.mp4,MƏN,,unknown,16,30.0,rec_2022-11-02
d1467ddc0cad41d6a1f7b7fce296fd6e,data/raw/AzSLD_Words_100/MƏN/d1467ddc0cad41d6a1f7b7fce296fd6e.mp4,MƏN,,unknown,26,30.0,rec_2022-08-02
d147d7433752457bb0deb0c667deb301,data/raw/AzSLD_Words_100/MƏN/d147d7433752457bb0deb0c667deb301.mp4,MƏN,,unknown,18,30.0,rec_2022-12-27
d14dafa7e19d4c7a9e33d91081a9418b,data/raw/AzSLD_Words_100/MƏN/d14dafa7e19d4c7a9e33d91081a9418b.mp4,MƏN,,unknown,18,30.0,rec_2022-12-23
d1b3051fdd924bbdb05eadfbc17a82fa,data/raw/AzSLD_Words_100/MƏN/d1b3051fdd924bbdb05eadfbc17a82fa.mp4,MƏN,,unknown,22,30.0,rec_2022-12-28
d1cd816c4ebf4a49b1833db79582473a,data/raw/AzSLD_Words_100/MƏN/d1cd816c4ebf4a49b1833db79582473a.mp4,MƏN,,unknown,10,30.0,rec_2022-07-13
d1dcb88352f042c99f43ad33f0700450,data/raw/AzSLD_Words_100/MƏN/d1dcb88352f042c99f43ad33f0700450.mp4,MƏN,,unknown,17,30.0,rec_2022-11-22
d1ead39a67fa45adb82b72441c737565,data/raw/AzSLD_Words_100/MƏN/d1ead39a67fa45adb82b72441c737565.mp4,MƏN,,unknown,18,30.0,rec_2023-01-18
d2139739114947a2ac716ef3d8d6f2c9,data/raw/AzSLD_Words_100/MƏN/d2139739114947a2ac716ef3d8d6f2c9.mp4,MƏN,,unknown,21,30.0,rec_2022-12-15
d22a224bfeec46db91a493bb6e3d78ad,data/raw/AzSLD_Words_100/MƏN/d22a224bfeec46db91a493bb6e3d78ad.mp4,MƏN,,unknown,10,30.0,rec_2022-07-22
d2313dfc994445dcab1a8c4bbbf93f39,data/raw/AzSLD_Words_100/MƏN/d2313dfc994445dcab1a8c4bbbf93f39.mp4,MƏN,,unknown,14,30.0,rec_2022-11-02
d263aa16a4534d5fa1a51765fe8c9485,data/raw/AzSLD_Words_100/MƏN/d263aa16a4534d5fa1a51765fe8c9485.mp4,MƏN,,unknown,11,30.0,rec_2022-12-27
d26e08a103714376a72dcc7fcff48497,data/raw/AzSLD_Words_100/MƏN/d26e08a103714376a72dcc7fcff48497.mp4,MƏN,,unknown,16,30.0,rec_2022-12-23
d27d7aa92bd44e36b25fd52eea5ebaf9,data/raw/AzSLD_Words_100/MƏN/d27d7aa92bd44e36b25fd52eea5ebaf9.mp4,MƏN,,unknown,17,30.0,rec_2022-07-18
d29035db179c461e9d7c16dd5760baae,data/raw/AzSLD_Words_100/MƏN/d29035db179c461e9d7c16dd5760baae.mp4,MƏN,,unknown,16,30.0,rec_2022-11-10
d2fca312b2424ef2935c133e7b555a21,data/raw/AzSLD_Words_100/MƏN/d2fca312b2424ef2935c133e7b555a21.mp4,MƏN,,unknown,14,30.0,rec_2022-07-22
d336f6f99d9542d0affb4b80de0fc5d8,data/raw/AzSLD_Words_100/MƏN/d336f6f99d9542d0affb4b80de0fc5d8.mp4,MƏN,,unknown,18,30.0,rec_2022-07-15
d372b8aa1bd14c198cd29f4640058859,data/raw/AzSLD_Words_100/MƏN/d372b8aa1bd14c198cd29f4640058859.mp4,MƏN,,unknown,11,30.0,rec_2022-12-16
d390e8fb86864e4cb640e7314cba5bdd,data/raw/AzSLD_Words_100/MƏN/d390e8fb86864e4cb640e7314cba5bdd.mp4,MƏN,,unknown,17,30.0,rec_2022-07-25
d39eb7117eb54cc89b42226d5e6ffa2c,data/raw/AzSLD_Words_100/MƏN/d39eb7117eb54cc89b42226d5e6ffa2c.mp4,MƏN,,unknown,11,30.0,rec_2022-07-13
d3f5e21f3bed400b977f097bbd6f7008,data/raw/AzSLD_Words_100/MƏN/d3f5e21f3bed400b977f097bbd6f7008.mp4,MƏN,,unknown,11,30.0,rec_2022-07-18
d43aa663a0384218895b7190c7a7e604,data/raw/AzSLD_Words_100/MƏN/d43aa663a0384218895b7190c7a7e604.mp4,MƏN,,unknown,16,30.0,rec_2022-07-22
d4bb66ed4473480290038c134fac5129,data/raw/AzSLD_Words_100/MƏN/d4bb66ed4473480290038c134fac5129.mp4,MƏN,,unknown,16,30.0,rec_2023-01-19
d4c33966eeaa42a7ae7376641e9c1909,data/raw/AzSLD_Words_100/MƏN/d4c33966eeaa42a7ae7376641e9c1909.mp4,MƏN,,unknown,19,30.0,rec_2022-06-11
d4f3cc6962874a8fb6428e08a26ed4cc,data/raw/AzSLD_Words_100/MƏN/d4f3cc6962874a8fb6428e08a26ed4cc.mp4,MƏN,,unknown,16,30.0,rec_2022-07-18
d506adc2fa554db0bfc6400f1913135c,data/raw/AzSLD_Words_100/MƏN/d506adc2fa554db0bfc6400f1913135c.mp4,MƏN,,unknown,9,30.0,rec_2022-12-22
d5084175ded1449981c3cef9b5099694,data/raw/AzSLD_Words_100/MƏN/d5084175ded1449981c3cef9b5099694.mp4,MƏN,,unknown,16,30.0,rec_2022-12-15
d534a8d539e347b48e5a9e79e52e6f32,data/raw/AzSLD_Words_100/MƏN/d534a8d539e347b48e5a9e79e52e6f32.mp4,MƏN,,unknown,22,30.0,rec_2022-08-02
d57e444c22f14665b48ab8c6d5b3b938,data/raw/AzSLD_Words_100/MƏN/d57e444c22f14665b48ab8c6d5b3b938.mp4,MƏN,,unknown,12,30.0,rec_2022-07-22
d58dc083cd7f41ee886dc28821bf7387,data/raw/AzSLD_Words_100/MƏN/d58dc083cd7f41ee886dc28821bf7387.mp4,MƏN,,unknown,11,30.0,rec_2022-12-15
d5a2c3c8497c414381143c9e04b4d786,data/raw/AzSLD_Words_100/MƏN/d5a2c3c8497c414381143c9e04b4d786.mp4,MƏN,,unknown,19,30.0,rec_2022-12-22
d5b20622c1564b9ca575c6d46edbd424,data/raw/AzSLD_Words_100/MƏN/d5b20622c1564b9ca575c6d46edbd424.mp4,MƏN,,unknown,24,30.0,rec_2022-11-18
d5f573a659414485a75f6143e8003910,data/raw/AzSLD_Words_100/MƏN/d5f573a659414485a75f6143e8003910.mp4,MƏN,,unknown,18,30.0,rec_2022-07-23
d5f62ad29de344aa811015cb73a98987,data/raw/AzSLD_Words_100/MƏN/d5f62ad29de344aa811015cb73a98987.mp4,MƏN,,unknown,11,30.0,rec_2022-12-17
d636b217620b4e98be1f21f4b2950975,data/raw/AzSLD_Words_100/MƏN/d636b217620b4e98be1f21f4b2950975.mp4,MƏN,,unknown,15,30.0,rec_2022-07-18
d64d953450e64595bed96c934f1b2c77,data/raw/AzSLD_Words_100/MƏN/d64d953450e64595bed96c934f1b2c77.mp4,MƏN,,unknown,21,30.0,rec_2022-07-16
d661228d846648da9c386dbf107e64e7,data/raw/AzSLD_Words_100/MƏN/d661228d846648da9c386dbf107e64e7.mp4,MƏN,,unknown,16,30.0,rec_2022-12-28
d69efe50c8cd46f1a13fc40e8a8bf1db,data/raw/AzSLD_Words_100/MƏN/d69efe50c8cd46f1a13fc40e8a8bf1db.mp4,MƏN,,unknown,18,30.0,rec_2022-07-25
d6bff63687e042268eb76a083ee55776,data/raw/AzSLD_Words_100/MƏN/d6bff63687e042268eb76a083ee55776.mp4,MƏN,,unknown,13,30.0,rec_2022-12-20
d6de9811a14848ff97e7d82beb02c329,data/raw/AzSLD_Words_100/MƏN/d6de9811a14848ff97e7d82beb02c329.mp4,MƏN,,unknown,13,30.0,rec_2022-12-28
d6ed708c6bac4685818426d3849ff3fd,data/raw/AzSLD_Words_100/MƏN/d6ed708c6bac4685818426d3849ff3fd.mp4,MƏN,,unknown,15,30.0,rec_2022-12-28
d71b89f5fb6745fa88bc64d9b2cf465c,data/raw/AzSLD_Words_100/MƏN/d71b89f5fb6745fa88bc64d9b2cf465c.mp4,MƏN,,unknown,19,30.0,rec_2022-11-18
d72514ab8f3b414696a1299aa86fb8e3,data/raw/AzSLD_Words_100/MƏN/d72514ab8f3b414696a1299aa86fb8e3.mp4,MƏN,,unknown,16,30.0,rec_2022-07-19
d747f93ede5c41d0917849c176fbb157,data/raw/AzSLD_Words_100/MƏN/d747f93ede5c41d0917849c176fbb157.mp4,MƏN,,unknown,21,30.0,rec_2022-11-18
d749a571a1dd4b7fbe6d93ec798a7f39,data/raw/AzSLD_Words_100/MƏN/d749a571a1dd4b7fbe6d93ec798a7f39.mp4,MƏN,,unknown,15,30.0,rec_2022-11-10
d758ecc3abe242c0856aadd6f0479e29,data/raw/AzSLD_Words_100/MƏN/d758ecc3abe242c0856aadd6f0479e29.mp4,MƏN,,unknown,9,30.0,rec_2022-07-13
d7a5d490e73f43c5ba5369eaf5c52be7,data/raw/AzSLD_Words_100/MƏN/d7a5d490e73f43c5ba5369eaf5c52be7.mp4,MƏN,,unknown,12,30.0,rec_2022-06-16
d7a7caf590b448708458a87ee68d433f,data/raw/AzSLD_Words_100/MƏN/d7a7caf590b448708458a87ee68d433f.mp4,MƏN,,unknown,15,30.0,rec_2022-12-17
d7a9a6fd76c44772a6de75d8f0407c48,data/raw/AzSLD_Words_100/MƏN/d7a9a6fd76c44772a6de75d8f0407c48.mp4,MƏN,,unknown,16,30.0,rec_2022-06-02
d7c734b8f4ac43b3ac8665d4e1e92a5b,data/raw/AzSLD_Words_100/MƏN/d7c734b8f4ac43b3ac8665d4e1e92a5b.mp4,MƏN,,unknown,13,30.0,rec_2022-11-10
d7d2e3bc7f6d4db38ac755f07d55163f,data/raw/AzSLD_Words_100/MƏN/d7d2e3bc7f6d4db38ac755f07d55163f.mp4,MƏN,,unknown,23,30.0,rec_2022-12-24
d7ef8bf241a84d19a844cf25932cec32,data/raw/AzSLD_Words_100/MƏN/d7ef8bf241a84d19a844cf25932cec32.mp4,MƏN,,unknown,26,30.0,rec_2022-11-17
d80451e5bd3247029424221660fe57be,data/raw/AzSLD_Words_100/MƏN/d80451e5bd3247029424221660fe57be.mp4,MƏN,,unknown,12,30.0,rec_2022-07-13
d8057ec7270c4dfe8c4ae001f25cd9ba,data/raw/AzSLD_Words_100/MƏN/d8057ec7270c4dfe8c4ae001f25cd9ba.mp4,MƏN,,unknown,20,30.0,rec_2022-12-22
d81b3afadf9c49898ab106f3205a1aee,data/raw/AzSLD_Words_100/MƏN/d81b3afadf9c49898ab106f3205a1aee.mp4,MƏN,,unknown,17,30.0,rec_2022-12-24
d824096d04fc41b19cf0eff772401260,data/raw/AzSLD_Words_100/MƏN/d824096d04fc41b19cf0eff772401260.mp4,MƏN,,unknown,20,30.0,rec_2022-12-23
d851b6bf00b748a29005c7148072a9e3,data/raw/AzSLD_Words_100/MƏN/d851b6bf00b748a29005c7148072a9e3.mp4,MƏN,,unknown,14,30.0,rec_2022-07-16
d851fc2d2531466fa089df8a10299418,data/raw/AzSLD_Words_100/MƏN/d851fc2d2531466fa089df8a10299418.mp4,MƏN,,unknown,16,30.0,
d855be0afe0842b2b54984214e005c52,data/raw/AzSLD_Words_100/MƏN/d855be0afe0842b2b54984214e005c52.mp4,MƏN,,unknown,14,30.0,rec_2022-12-27
d89411d0a4434201b15f80eabae5de5a,data/raw/AzSLD_Words_100/MƏN/d89411d0a4434201b15f80eabae5de5a.mp4,MƏN,,unknown,20,30.0,rec_2022-12-15
d8c7236d57eb42d78949c917b7ea3fab,data/raw/AzSLD_Words_100/MƏN/d8c7236d57eb42d78949c917b7ea3fab.mp4,MƏN,,unknown,18,30.0,rec_2022-12-24
d8ec651252bd427cbffd0610fa3eacda,data/raw/AzSLD_Words_100/MƏN/d8ec651252bd427cbffd0610fa3eacda.mp4,MƏN,,unknown,17,30.0,rec_2022-12-15
d91d858c54de40ddb851a461f4bffacf,data/raw/AzSLD_Words_100/MƏN/d91d858c54de40ddb851a461f4bffacf.mp4,MƏN,,unknown,15,30.0,rec_2022-07-21
d91f176f838d43e78794cbd75a505e0d,data/raw/AzSLD_Words_100/MƏN/d91f176f838d43e78794cbd75a505e0d.mp4,MƏN,,unknown,16,30.0,rec_2022-11-01
d93e0f9fd7eb4ba3913e86f4516a98ee,data/raw/AzSLD_Words_100/MƏN/d93e0f9fd7eb4ba3913e86f4516a98ee.mp4,MƏN,,unknown,14,30.0,rec_2022-06-18
d94d10114fe24ceb8a104883b63d3cef,data/raw/AzSLD_Words_100/MƏN/d94d10114fe24ceb8a104883b63d3cef.mp4,MƏN,,unknown,17,30.0,rec_2023-01-18
d9586a6cc28943da9683c88a470fd776,data/raw/AzSLD_Words_100/MƏN/d9586a6cc28943da9683c88a470fd776.mp4,MƏN,,unknown,16,30.0,rec_2022-12-22
d96077f14f244951be09352e16be7bdd,data/raw/AzSLD_Words_100/MƏN/d96077f14f244951be09352e16be7bdd.mp4,MƏN,,unknown,16,30.0,rec_2022-12-23
d963ef64f6f047bcb0273ea08b8cfdbe,data/raw/AzSLD_Words_100/MƏN/d963ef64f6f047bcb0273ea08b8cfdbe.mp4,MƏN,,unknown,15,30.0,rec_2022-12-22
d9a1fd3214ce44b3b67a43447ad718e3,data/raw/AzSLD_Words_100/MƏN/d9a1fd3214ce44b3b67a43447ad718e3.mp4,MƏN,,unknown,19,30.0,rec_2022-12-24
d9cf9f6b5dcf40578addf73574652c91,data/raw/AzSLD_Words_100/MƏN/d9cf9f6b5dcf40578addf73574652c91.mp4,MƏN,,unknown,13,30.0,rec_2022-05-24
d9ee647ead084760af604bc4c1874c8e,data/raw/AzSLD_Words_100/MƏN/d9ee647ead084760af604bc4c1874c8e.mp4,MƏN,,unknown,16,30.0,rec_2022-12-20
da135f1f172446a382bec4f8949d3b70,data/raw/AzSLD_Words_100/MƏN/da135f1f172446a382bec4f8949d3b70.mp4,MƏN,,unknown,18,30.0,rec_2022-07-22
da169772f6414b19981e0b6bf4e6b9f4,data/raw/AzSLD_Words_100/MƏN/da169772f6414b19981e0b6bf4e6b9f4.mp4,MƏN,,unknown,14,30.0,rec_2022-11-19
da1c57dc346e435bb20877e6a3da253e,data/raw/AzSLD_Words_100/MƏN/da1c57dc346e435bb20877e6a3da253e.mp4,MƏN,,unknown,18,30.0,rec_2022-07-19
da225644fa7f4bd69bcebedb286b7c8d,data/raw/AzSLD_Words_100/MƏN/da225644fa7f4bd69bcebedb286b7c8d.mp4,MƏN,,unknown,21,30.0,rec_2022-11-04
da33d12d074649c9852580b79a0b6a3f,data/raw/AzSLD_Words_100/MƏN/da33d12d074649c9852580b79a0b6a3f.mp4,MƏN,,unknown,20,30.0,rec_2022-07-21
da45c93b0b10411cae9875a55289caf4,data/raw/AzSLD_Words_100/MƏN/da45c93b0b10411cae9875a55289caf4.mp4,MƏN,,unknown,19,30.0,rec_2022-12-24
da4a89f3c8464564bc73ebe6b65f9bff,data/raw/AzSLD_Words_100/MƏN/da4a89f3c8464564bc73ebe6b65f9bff.mp4,MƏN,,unknown,9,30.0,rec_2022-05-31
da55f55c8e004b3fb6f97333592dc2f0,data/raw/AzSLD_Words_100/MƏN/da55f55c8e004b3fb6f97333592dc2f0.mp4,MƏN,,unknown,22,30.0,rec_2022-12-23
da78b049fe4b43a9ac147b243abb1a95,data/raw/AzSLD_Words_100/MƏN/da78b049fe4b43a9ac147b243abb1a95.mp4,MƏN,,unknown,24,30.0,rec_2022-12-23
da92edae23cc4e909419b1e2bb64ae59,data/raw/AzSLD_Words_100/MƏN/da92edae23cc4e909419b1e2bb64ae59.mp4,MƏN,,unknown,27,30.0,rec_2022-11-17
da982ef7df1c4fa5ae8a08c367864150,data/raw/AzSLD_Words_100/MƏN/da982ef7df1c4fa5ae8a08c367864150.mp4,MƏN,,unknown,16,30.0,rec_2022-12-22
daaafebb580e4de18869d0ce21574b7a,data/raw/AzSLD_Words_100/MƏN/daaafebb580e4de18869d0ce21574b7a.mp4,MƏN,,unknown,20,30.0,rec_2022-07-18
daaded84a16846438ef91ca34d705d6d,data/raw/AzSLD_Words_100/MƏN/daaded84a16846438ef91ca34d705d6d.mp4,MƏN,,unknown,12,30.0,rec_2022-11-10
dad53fdc64884e4f8e08a65d4cda2c7e,data/raw/AzSLD_Words_100/MƏN/dad53fdc64884e4f8e08a65d4cda2c7e.mp4,MƏN,,unknown,13,30.0,rec_2022-12-15
dae51299a4b648d0aadd73b0f05b0ce1,data/raw/AzSLD_Words_100/MƏN/dae51299a4b648d0aadd73b0f05b0ce1.mp4,MƏN,,unknown,14,30.0,rec_2022-12-28
db0fb517b63a40e48e8863c6c96add36,data/raw/AzSLD_Words_100/MƏN/db0fb517b63a40e48e8863c6c96add36.mp4,MƏN,,unknown,20,30.0,rec_2022-12-15
db2d865d50964e218d09aa2552a98ada,data/raw/AzSLD_Words_100/MƏN/db2d865d50964e218d09aa2552a98ada.mp4,MƏN,,unknown,29,30.0,rec_2022-11-22
db71e507a3004aaab599c1088d205dbb,data/raw/AzSLD_Words_100/MƏN/db71e507a3004aaab599c1088d205dbb.mp4,MƏN,,unknown,21,30.0,rec_2022-06-02
db776f06de2d4092b87d8f6b428c7432,data/raw/AzSLD_Words_100/MƏN/db776f06de2d4092b87d8f6b428c7432.mp4,MƏN,,unknown,16,30.0,rec_2022-06-18
dbb739a0edbf41868536bc2f54ae6601,data/raw/AzSLD_Words_100/MƏN/dbb739a0edbf41868536bc2f54ae6601.mp4,MƏN,,unknown,16,30.0,rec_2023-01-18
dbbc6dafdfcd44e9a3e56660d532e4e0,data/raw/AzSLD_Words_100/MƏN/dbbc6dafdfcd44e9a3e56660d532e4e0.mp4,MƏN,,unknown,17,30.0,rec_2022-12-20
dbc2f7c441eb4b819a38eb18a3b3dcba,data/raw/AzSLD_Words_100/MƏN/dbc2f7c441eb4b819a38eb18a3b3dcba.mp4,MƏN,,unknown,12,30.0,rec_2022-07-25
dbda33102b174a778ea897bb095b636c,data/raw/AzSLD_Words_100/MƏN/dbda33102b174a778ea897bb095b636c.mp4,MƏN,,unknown,15,30.0,rec_2022-07-18
dc07f526906844faaba2dd82be5c5db0,data/raw/AzSLD_Words_100/MƏN/dc07f526906844faaba2dd82be5c5db0.mp4,MƏN,,unknown,13,30.0,rec_2022-11-19
dc0b4ee442124210ad13373ec045ee4c,data/raw/AzSLD_Words_100/MƏN/dc0b4ee442124210ad13373ec045ee4c.mp4,MƏN,,unknown,12,30.0,rec_2022-12-23
dc4a1c371f1d493d841d29eb3bfdbb48,data/raw/AzSLD_Words_100/MƏN/dc4a1c371f1d493d841d29eb3bfdbb48.mp4,MƏN,,unknown,14,30.0,rec_2022-12-23
dc501ae5974441bb8234360bef401bb7,data/raw/AzSLD_Words_100/MƏN/dc501ae5974441bb8234360bef401bb7.mp4,MƏN,,unknown,14,30.0,rec_2022-07-25
dc612ba584d6406eb8285c64f09ffb16,data/raw/AzSLD_Words_100/MƏN/dc612ba584d6406eb8285c64f09ffb16.mp4,MƏN,,unknown,18,30.0,rec_2022-12-20
dc7c0a8f983441c2a1ce3084542b2386,data/raw/AzSLD_Words_100/MƏN/dc7c0a8f983441c2a1ce3084542b2386.mp4,MƏN,,unknown,11,30.0,rec_2022-07-23
dc944c3f562e429cb49ee139710842e8,data/raw/AzSLD_Words_100/MƏN/dc944c3f562e429cb49ee139710842e8.mp4,MƏN,,unknown,13,30.0,rec_2022-10-28
dcac06449ca94e26a02fdb73f8c17d44,data/raw/AzSLD_Words_100/MƏN/dcac06449ca94e26a02fdb73f8c17d44.mp4,MƏN,,unknown,22,30.0,rec_2022-12-23
dcb460e242fa46f28fb3b7111b041d92,data/raw/AzSLD_Words_100/MƏN/dcb460e242fa46f28fb3b7111b041d92.mp4,MƏN,,unknown,14,30.0,rec_2022-07-14
dceb3f5126a64d5aa89f7304d744cf18,data/raw/AzSLD_Words_100/MƏN/dceb3f5126a64d5aa89f7304d744cf18.mp4,MƏN,,unknown,19,30.0,rec_2022-12-27
dd00478f704d47db9985d053eb89c1b9,data/raw/AzSLD_Words_100/MƏN/dd00478f704d47db9985d053eb89c1b9.mp4,MƏN,,unknown,11,30.0,rec_2022-07-22
dd19a52e8a304e48bd1e8d2df690b452,data/raw/AzSLD_Words_100/MƏN/dd19a52e8a304e48bd1e8d2df690b452.mp4,MƏN,,unknown,18,30.0,rec_2022-06-02
dd371f5af752412e94c1019ac4981a7a,data/raw/AzSLD_Words_100/MƏN/dd371f5af752412e94c1019ac4981a7a.mp4,MƏN,,unknown,11,30.0,rec_2022-06-18
dd3a904386ab46c19b4bf78ed164dd9d,data/raw/AzSLD_Words_100/MƏN/dd3a904386ab46c19b4bf78ed164dd9d.mp4,MƏN,,unknown,33,30.0,rec_2022-04-26
dd50c90d643843c7b450bfdab0dd6ce8,data/raw/AzSLD_Words_100/MƏN/dd50c90d643843c7b450bfdab0dd6ce8.mp4,MƏN,,unknown,19,30.0,rec_2022-12-17
dd6d212194fa43ea9e3de0fc07329103,data/raw/AzSLD_Words_100/MƏN/dd6d212194fa43ea9e3de0fc07329103.mp4,MƏN,,unknown,14,30.0,rec_2022-10-28
dda69889f57745f9a23a1cc2688bbc23,data/raw/AzSLD_Words_100/MƏN/dda69889f57745f9a23a1cc2688bbc23.mp4,MƏN,,unknown,8,30.0,rec_2022-12-20
ddaaedd8c3ea4bc380865b2dfed9514d,data/raw/AzSLD_Words_100/MƏN/ddaaedd8c3ea4bc380865b2dfed9514d.mp4,MƏN,,unknown,18,30.0,rec_2022-08-02
ddc319a9ee6944e98f88f69f682872a8,data/raw/AzSLD_Words_100/MƏN/ddc319a9ee6944e98f88f69f682872a8.mp4,MƏN,,unknown,10,30.0,rec_2022-07-18
ddcc4fb2830244458d422b9a349c5e5a,data/raw/AzSLD_Words_100/MƏN/ddcc4fb2830244458d422b9a349c5e5a.mp4,MƏN,,unknown,18,30.0,rec_2022-11-22
ddd0c3266d1b44b784870ecc11e2c719,data/raw/AzSLD_Words_100/MƏN/ddd0c3266d1b44b784870ecc11e2c719.mp4,MƏN,,unknown,14,30.0,rec_2022-10-26
de0c146f8c814f83a636bcbcfc60eb60,data/raw/AzSLD_Words_100/MƏN/de0c146f8c814f83a636bcbcfc60eb60.mp4,MƏN,,unknown,20,30.0,rec_2022-12-28
de0cafd28a4843be978fde367b71064e,data/raw/AzSLD_Words_100/MƏN/de0cafd28a4843be978fde367b71064e.mp4,MƏN,,unknown,11,30.0,rec_2022-07-16
de0e415731e7421cb2b2a3dc67076089,data/raw/AzSLD_Words_100/MƏN/de0e415731e7421cb2b2a3dc67076089.mp4,MƏN,,unknown,17,30.0,rec_2022-07-23
de9f64319b974d97b5b3734d6577ed6a,data/raw/AzSLD_Words_100/MƏN/de9f64319b974d97b5b3734d6577ed6a.mp4,MƏN,,unknown,13,30.0,rec_2022-06-16
deb617863a9f4c06b8018f22645a62e5,data/raw/AzSLD_Words_100/MƏN/deb617863a9f4c06b8018f22645a62e5.mp4,MƏN,,unknown,30,30.0,rec_2022-11-02
debe9ce1b3654a7fbaf137acefdc3f88,data/raw/AzSLD_Words_100/MƏN/debe9ce1b3654a7fbaf137acefdc3f88.mp4,MƏN,,unknown,12,30.0,rec_2022-11-10
deed5ca749634e52b81a733476333f6c,data/raw/AzSLD_Words_100/MƏN/deed5ca749634e52b81a733476333f6c.mp4,MƏN,,unknown,33,30.0,rec_2022-12-24
df4686b3ef9d4930a234974e0a82c903,data/raw/AzSLD_Words_100/MƏN/df4686b3ef9d4930a234974e0a82c903.mp4,MƏN,,unknown,22,30.0,rec_2022-06-07
dfa38cea11a1457ebf37897002c2bfa6,data/raw/AzSLD_Words_100/MƏN/dfa38cea11a1457ebf37897002c2bfa6.mp4,MƏN,,unknown,17,30.0,rec_2022-12-24
dfab9b7226ac4a4c82a9fc46da8bb5fa,data/raw/AzSLD_Words_100/MƏN/dfab9b7226ac4a4c82a9fc46da8bb5fa.mp4,MƏN,,unknown,18,30.0,rec_2022-08-02
dfb88afc1d004358b6d0fd1260173f3a,data/raw/AzSLD_Words_100/MƏN/dfb88afc1d004358b6d0fd1260173f3a.mp4,MƏN,,unknown,11,30.0,rec_2022-07-25
dfd631f3032c4c87bb035081079285fb,data/raw/AzSLD_Words_100/MƏN/dfd631f3032c4c87bb035081079285fb.mp4,MƏN,,unknown,15,30.0,rec_2022-07-01
dfe9337c7b7840308b350013654d65ab,data/raw/AzSLD_Words_100/MƏN/dfe9337c7b7840308b350013654d65ab.mp4,MƏN,,unknown,25,30.0,rec_2022-08-02
dfeb615cb6bb4ade87da31277a683de6,data/raw/AzSLD_Words_100/MƏN/dfeb615cb6bb4ade87da31277a683de6.mp4,MƏN,,unknown,20,30.0,rec_2022-07-18
dff9bd48837d470db06e12d7b004b42b,data/raw/AzSLD_Words_100/MƏN/dff9bd48837d470db06e12d7b004b42b.mp4,MƏN,,unknown,13,30.0,rec_2022-12-20
e02718a1d88143e5bba51571206510bb,data/raw/AzSLD_Words_100/MƏN/e02718a1d88143e5bba51571206510bb.mp4,MƏN,,unknown,11,30.0,rec_2022-07-01
e042547909dd4acfbac6a2b36801b5a2,data/raw/AzSLD_Words_100/MƏN/e042547909dd4acfbac6a2b36801b5a2.mp4,MƏN,,unknown,26,30.0,rec_2022-05-21
e06186618204454783a69636d9c3335a,data/raw/AzSLD_Words_100/MƏN/e06186618204454783a69636d9c3335a.mp4,MƏN,,unknown,22,30.0,rec_2022-12-17
e065be744fe74d82ba101ec6c9ea1681,data/raw/AzSLD_Words_100/MƏN/e065be744fe74d82ba101ec6c9ea1681.mp4,MƏN,,unknown,15,30.0,rec_2022-06-02
e07b3eeecac5471d8fa6b2eee553ad6f,data/raw/AzSLD_Words_100/MƏN/e07b3eeecac5471d8fa6b2eee553ad6f.mp4,MƏN,,unknown,22,30.0,rec_2022-11-22
e08b5361b1574b59bd9ae4d92587380a,data/raw/AzSLD_Words_100/MƏN/e08b5361b1574b59bd9ae4d92587380a.mp4,MƏN,,unknown,10,30.0,rec_2022-11-04
e0a3c6ee96604d40b7a802e576464114,data/raw/AzSLD_Words_100/MƏN/e0a3c6ee96604d40b7a802e576464114.mp4,MƏN,,unknown,8,30.0,rec_2022-07-22
e0cc21df4e1e46e2a56576ee19f389f6,data/raw/AzSLD_Words_100/MƏN/e0cc21df4e1e46e2a56576ee19f389f6.mp4,MƏN,,unknown,16,30.0,rec_2022-07-23
e0e5d233898c40038650de4e3f441d0c,data/raw/AzSLD_Words_100/MƏN/e0e5d233898c40038650de4e3f441d0c.mp4,MƏN,,unknown,17,30.0,rec_2022-12-22
e0fdb63f7ee44c57a6051746abe2712c,data/raw/AzSLD_Words_100/MƏN/e0fdb63f7ee44c57a6051746abe2712c.mp4,MƏN,,unknown,17,30.0,rec_2022-07-25
e11167f8b70543228640024265488247,data/raw/AzSLD_Words_100/MƏN/e11167f8b70543228640024265488247.mp4,MƏN,,unknown,13,30.0,rec_2022-11-10
e1140cac272a4079949089a765f4f6da,data/raw/AzSLD_Words_100/MƏN/e1140cac272a4079949089a765f4f6da.mp4,MƏN,,unknown,17,30.0,rec_2022-07-19
e138bd1c4934430b96c8242d372b8aa5,data/raw/AzSLD_Words_100/MƏN/e138bd1c4934430b96c8242d372b8aa5.mp4,MƏN,,unknown,12,30.0,rec_2022-07-15
e13b7e9222bd4289b07aad5b6b304c77,data/raw/AzSLD_Words_100/MƏN/e13b7e9222bd4289b07aad5b6b304c77.mp4,MƏN,,unknown,22,30.0,rec_2022-11-17
e14ed2d0957c4cfeaef12472c007f67a,data/raw/AzSLD_Words_100/MƏN/e14ed2d0957c4cfeaef12472c007f67a.mp4,MƏN,,unknown,17,30.0,rec_2022-07-23
e14efcaf803d43e992778baa66539387,data/raw/AzSLD_Words_100/MƏN/e14efcaf803d43e992778baa66539387.mp4,MƏN,,unknown,32,30.0,rec_2022-07-22
e163a66253d54be0a5eae281f96c4d46,data/raw/AzSLD_Words_100/MƏN/e163a66253d54be0a5eae281f96c4d46.mp4,MƏN,,unknown,17,30.0,rec_2022-12-20
e18db496f75a49ca818e62ff4155d77d,data/raw/AzSLD_Words_100/MƏN/e18db496f75a49ca818e62ff4155d77d.mp4,MƏN,,unknown,22,30.0,rec_2022-12-17
e1979da7df4f4af6a08cffc819b54c51,data/raw/AzSLD_Words_100/MƏN/e1979da7df4f4af6a08cffc819b54c51.mp4,MƏN,,unknown,13,30.0,rec_2022-11-10
e1a26239481a433694a0d228b3d4493a,data/raw/AzSLD_Words_100/MƏN/e1a26239481a433694a0d228b3d4493a.mp4,MƏN,,unknown,25,30.0,rec_2022-12-20
e1e07fd2de504b11a888f8dfcc9f4971,data/raw/AzSLD_Words_100/MƏN/e1e07fd2de504b11a888f8dfcc9f4971.mp4,MƏN,,unknown,22,30.0,rec_2022-06-02
e1f311874c3241ac8cc7f1840f1632ad,data/raw/AzSLD_Words_100/MƏN/e1f311874c3241ac8cc7f1840f1632ad.mp4,MƏN,,unknown,33,30.0,rec_2022-08-01
e1fd30bac7ff429f9b9faafa0345e220,data/raw/AzSLD_Words_100/MƏN/e1fd30bac7ff429f9b9faafa0345e220.mp4,MƏN,,unknown,15,30.0,rec_2022-07-27
e20858c4ee2b4df0a4238d4b9a55441c,data/raw/AzSLD_Words_100/MƏN/e20858c4ee2b4df0a4238d4b9a55441c.mp4,MƏN,,unknown,31,30.0,rec_2022-11-22
e21a2fef54794eb183bc579414df64bf,data/raw/AzSLD_Words_100/MƏN/e21a2fef54794eb183bc579414df64bf.mp4,MƏN,,unknown,15,30.0,rec_2022-11-18
e2732184c11f4da98d124cbd2b74a1f7,data/raw/AzSLD_Words_100/MƏN/e2732184c11f4da98d124cbd2b74a1f7.mp4,MƏN,,unknown,17,30.0,rec_2022-07-22
e28a2531d8414856b978aa5cce344132,data/raw/AzSLD_Words_100/MƏN/e28a2531d8414856b978aa5cce344132.mp4,MƏN,,unknown,12,30.0,rec_2022-06-11
e2906074d8ac46d19dd37b43a582abbb,data/raw/AzSLD_Words_100/MƏN/e2906074d8ac46d19dd37b43a582abbb.mp4,MƏN,,unknown,16,30.0,rec_2022-12-28
e2aeb20306c74cd99cded8c12805ed13,data/raw/AzSLD_Words_100/MƏN/e2aeb20306c74cd99cded8c12805ed13.mp4,MƏN,,unknown,21,30.0,rec_2022-11-19
e2b01d117c9349919216b08022504812,data/raw/AzSLD_Words_100/MƏN/e2b01d117c9349919216b08022504812.mp4,MƏN,,unknown,20,30.0,rec_2022-12-23
e2e06895560345859e05ab1d3627b9b4,data/raw/AzSLD_Words_100/MƏN/e2e06895560345859e05ab1d3627b9b4.mp4,MƏN,,unknown,12,30.0,rec_2022-07-21
e2e8763abeea4693b7548e5e725a19c8,data/raw/AzSLD_Words_100/MƏN/e2e8763abeea4693b7548e5e725a19c8.mp4,MƏN,,unknown,15,30.0,rec_2022-12-20
e3201845b86f45e1b01975427899197d,data/raw/AzSLD_Words_100/MƏN/e3201845b86f45e1b01975427899197d.mp4,MƏN,,unknown,8,30.0,rec_2022-07-22
e349daebb37141ddbf9b836f2c2bf719,data/raw/AzSLD_Words_100/MƏN/e349daebb37141ddbf9b836f2c2bf719.mp4,MƏN,,unknown,9,30.0,rec_2022-12-20
e3651db4d4d74ae0812dbe2f23931d0a,data/raw/AzSLD_Words_100/MƏN/e3651db4d4d74ae0812dbe2f23931d0a.mp4,MƏN,,unknown,15,30.0,rec_2022-06-01
e36eca1bfe0045a3b3bcf8089aaab811,data/raw/AzSLD_Words_100/MƏN/e36eca1bfe0045a3b3bcf8089aaab811.mp4,MƏN,,unknown,10,30.0,rec_2022-11-05
e389e964cfff4eedba935d157cbe056a,data/raw/AzSLD_Words_100/MƏN/e389e964cfff4eedba935d157cbe056a.mp4,MƏN,,unknown,23,30.0,rec_2022-05-25
e3a5f081e3e1432bb90d1f0a6fe1e0da,data/raw/AzSLD_Words_100/MƏN/e3a5f081e3e1432bb90d1f0a6fe1e0da.mp4,MƏN,,unknown,17,30.0,rec_2022-11-19
e3a697bed3ec47679b861a494e61a1e5,data/raw/AzSLD_Words_100/MƏN/e3a697bed3ec47679b861a494e61a1e5.mp4,MƏN,,unknown,16,30.0,rec_2022-12-22
e3b501d33ec047baa9c870983ae6e72e,data/raw/AzSLD_Words_100/MƏN/e3b501d33ec047baa9c870983ae6e72e.mp4,MƏN,,unknown,22,30.0,rec_2022-06-11
e3bf29df04754a12be9bc6370d0aa203,data/raw/AzSLD_Words_100/MƏN/e3bf29df04754a12be9bc6370d0aa203.mp4,MƏN,,unknown,14,30.0,rec_2022-07-20
e3c39a3a998348fab6b965654a6f843e,data/raw/AzSLD_Words_100/MƏN/e3c39a3a998348fab6b965654a6f843e.mp4,MƏN,,unknown,38,30.0,rec_2022-06-11
e3f1ce36f1444a809615f567f55960f4,data/raw/AzSLD_Words_100/MƏN/e3f1ce36f1444a809615f567f55960f4.mp4,MƏN,,unknown,12,30.0,rec_2022-12-20
e3fc4bc88c20493abb157512546884a9,data/raw/AzSLD_Words_100/MƏN/e3fc4bc88c20493abb157512546884a9.mp4,MƏN,,unknown,11,30.0,rec_2022-07-20
e3fdf37bbf0f4e6fb9f59b9dd9606a96,data/raw/AzSLD_Words_100/MƏN/e3fdf37bbf0f4e6fb9f59b9dd9606a96.mp4,MƏN,,unknown,18,30.0,rec_2022-12-23
e4044e5acbb64bc58f68af4557a403a2,data/raw/AzSLD_Words_100/MƏN/e4044e5acbb64bc58f68af4557a403a2.mp4,MƏN,,unknown,26,30.0,rec_2022-12-15
e4403db079e34825afb7dfb11bd0049c,data/raw/AzSLD_Words_100/MƏN/e4403db079e34825afb7dfb11bd0049c.mp4,MƏN,,unknown,16,30.0,rec_2023-01-18
e445ced815c74f8cad8a33d1ba6af966,data/raw/AzSLD_Words_100/MƏN/e445ced815c74f8cad8a33d1ba6af966.mp4,MƏN,,unknown,15,30.0,rec_2022-11-19
e46c4ebf988f4e8783fe558f6ecbe9fa,data/raw/AzSLD_Words_100/MƏN/e46c4ebf988f4e8783fe558f6ecbe9fa.mp4,MƏN,,unknown,32,30.0,rec_2022-11-04
e4ac33de854c41f796d98ecacccc8897,data/raw/AzSLD_Words_100/MƏN/e4ac33de854c41f796d98ecacccc8897.mp4,MƏN,,unknown,17,30.0,rec_2022-07-02
e4c841a0a17a492e8960df6b25799d60,data/raw/AzSLD_Words_100/MƏN/e4c841a0a17a492e8960df6b25799d60.mp4,MƏN,,unknown,27,30.0,rec_2022-12-23
e5abae4430f94c3a8bc1005b93afd1df,data/raw/AzSLD_Words_100/MƏN/e5abae4430f94c3a8bc1005b93afd1df.mp4,MƏN,,unknown,17,30.0,rec_2022-11-18
e5be9ccb976d46d684ec57b8a6e5d0b9,data/raw/AzSLD_Words_100/MƏN/e5be9ccb976d46d684ec57b8a6e5d0b9.mp4,MƏN,,unknown,11,30.0,rec_2023-01-17
e5c569c9d17f4adb87e9f390a8696319,data/raw/AzSLD_Words_100/MƏN/e5c569c9d17f4adb87e9f390a8696319.mp4,MƏN,,unknown,22,30.0,rec_2022-05-31
e5d82ceb072044bc8980b0644682c3fd,data/raw/AzSLD_Words_100/MƏN/e5d82ceb072044bc8980b0644682c3fd.mp4,MƏN,,unknown,13,30.0,rec_2022-07-20
e5db25cda6a04fe7b8cd658c88911c62,data/raw/AzSLD_Words_100/MƏN/e5db25cda6a04fe7b8cd658c88911c62.mp4,MƏN,,unknown,16,30.0,rec_2022-11-02
e5e61f1c47fe41d78d2615f786545842,data/raw/AzSLD_Words_100/MƏN/e5e61f1c47fe41d78d2615f786545842.mp4,MƏN,,unknown,17,30.0,rec_2022-06-11
e61ccc2bd9f14d7bb45ae8480e95a459,data/raw/AzSLD_Words_100/MƏN/e61ccc2bd9f14d7bb45ae8480e95a459.mp4,MƏN,,unknown,16,30.0,rec_2022-10-28
e6242731fc0541999b002be22afdd87c,data/raw/AzSLD_Words_100/MƏN/e6242731fc0541999b002be22afdd87c.mp4,MƏN,,unknown,20,30.0,rec_2022-07-23
e6282d246a6e45e08f8a4c330b99a2d9,data/raw/AzSLD_Words_100/MƏN/e6282d246a6e45e08f8a4c330b99a2d9.mp4,MƏN,,unknown,17,30.0,rec_2022-07-20
e65624d7001a408fa67a34239ec96fcf,data/raw/AzSLD_Words_100/MƏN/e65624d7001a408fa67a34239ec96fcf.mp4,MƏN,,unknown,19,30.0,rec_2022-06-09
e6c18da00641481abfe851b88411f72f,data/raw/AzSLD_Words_100/MƏN/e6c18da00641481abfe851b88411f72f.mp4,MƏN,,unknown,12,30.0,rec_2022-07-14
e6d2632ffe654b469abad0eefd102f71,data/raw/AzSLD_Words_100/MƏN/e6d2632ffe654b469abad0eefd102f71.mp4,MƏN,,unknown,23,30.0,rec_2022-07-18
e6e795851e06456f84c62cffd6a08ce7,data/raw/AzSLD_Words_100/MƏN/e6e795851e06456f84c62cffd6a08ce7.mp4,MƏN,,unknown,25,30.0,rec_2022-12-15
e723ca9fbbb54184b50962e6a273a39c,data/raw/AzSLD_Words_100/MƏN/e723ca9fbbb54184b50962e6a273a39c.mp4,MƏN,,unknown,17,30.0,rec_2022-12-23
e730d7b244ef4a418f88bb245019facc,data/raw/AzSLD_Words_100/MƏN/e730d7b244ef4a418f88bb245019facc.mp4,MƏN,,unknown,19,30.0,rec_2022-10-26
e7313de51bdc47e49d81616b0a45f085,data/raw/AzSLD_Words_100/MƏN/e7313de51bdc47e49d81616b0a45f085.mp4,MƏN,,unknown,20,30.0,rec_2022-12-22
e73f2978a7aa4c9995c4b0f3242b0e59,data/raw/AzSLD_Words_100/MƏN/e73f2978a7aa4c9995c4b0f3242b0e59.mp4,MƏN,,unknown,20,30.0,rec_2022-12-20
e745e1aac2fe4910b1d51e95782dcf08,data/raw/AzSLD_Words_100/MƏN/e745e1aac2fe4910b1d51e95782dcf08.mp4,MƏN,,unknown,26,30.0,rec_2022-11-17
e7466f736f7c497bbe344d8a8dae624c,data/raw/AzSLD_Words_100/MƏN/e7466f736f7c497bbe344d8a8dae624c.mp4,MƏN,,unknown,15,30.0,rec_2022-07-25
e7598be5ff554a26a81ee199d6195ab4,data/raw/AzSLD_Words_100/MƏN/e7598be5ff554a26a81ee199d6195ab4.mp4,MƏN,,unknown,24,30.0,rec_2022-12-15
e77233f7de884f3999d7655849b5a261,data/raw/AzSLD_Words_100/MƏN/e77233f7de884f3999d7655849b5a261.mp4,MƏN,,unknown,15,30.0,
e778fba34ff646299a7a8cbe9e29b36f,data/raw/AzSLD_Words_100/MƏN/e778fba34ff646299a7a8cbe9e29b36f.mp4,MƏN,,unknown,19,30.0,rec_2022-08-02
e7872f28b6c34311bcddca0c9ba65c61,data/raw/AzSLD_Words_100/MƏN/e7872f28b6c34311bcddca0c9ba65c61.mp4,MƏN,,unknown,15,30.0,rec_2022-07-16
e791cd95fb1d44aeb3b9a65bc750f0c9,data/raw/AzSLD_Words_100/MƏN/e791cd95fb1d44aeb3b9a65bc750f0c9.mp4,MƏN,,unknown,12,30.0,rec_2022-05-24
e7a362fda3374d3096f7f6ef26816243,data/raw/AzSLD_Words_100/MƏN/e7a362fda3374d3096f7f6ef26816243.mp4,MƏN,,unknown,20,30.0,rec_2022-07-19
e7a4fde5e5d14a9c8af972786e9a1e5d,data/raw/AzSLD_Words_100/MƏN/e7a4fde5e5d14a9c8af972786e9a1e5d.mp4,MƏN,,unknown,19,30.0,rec_2022-10-28
e7ac1fcb46184007a2c700113e13d6e5,data/raw/AzSLD_Words_100/MƏN/e7ac1fcb46184007a2c700113e13d6e5.mp4,MƏN,,unknown,11,30.0,rec_2022-12-27
e7b3133db9ed4f8d990d2db6039cebf6,data/raw/AzSLD_Words_100/MƏN/e7b3133db9ed4f8d990d2db6039cebf6.mp4,MƏN,,unknown,23,30.0,rec_2022-06-13
e7d4dc0edb174cc1b86b64321ccc85d8,data/raw/AzSLD_Words_100/MƏN/e7d4dc0edb174cc1b86b64321ccc85d8.mp4,MƏN,,unknown,16,30.0,rec_2022-07-16
e81d07a439374f07b233a0ee7512cee1,data/raw/AzSLD_Words_100/MƏN/e81d07a439374f07b233a0ee7512cee1.mp4,MƏN,,unknown,12,30.0,rec_2022-07-13
e83393acab4f4c8bab8c909f8b730d4c,data/raw/AzSLD_Words_100/MƏN/e83393acab4f4c8bab8c909f8b730d4c.mp4,MƏN,,unknown,19,30.0,rec_2022-11-18
e8627b892e104488aa141be1489944d0,data/raw/AzSLD_Words_100/MƏN/e8627b892e104488aa141be1489944d0.mp4,MƏN,,unknown,13,30.0,rec_2022-07-13
e88756e4f32440309b52ec192fcd2e52,data/raw/AzSLD_Words_100/MƏN/e88756e4f32440309b52ec192fcd2e52.mp4,MƏN,,unknown,17,30.0,rec_2022-11-19
e8904037bcf64114b6353f7af69d22fd,data/raw/AzSLD_Words_100/MƏN/e8904037bcf64114b6353f7af69d22fd.mp4,MƏN,,unknown,15,30.0,rec_2022-12-28
e8a54e7f7c824034b5d62349b2e46163,data/raw/AzSLD_Words_100/MƏN/e8a54e7f7c824034b5d62349b2e46163.mp4,MƏN,,unknown,11,30.0,rec_2022-07-13
e8a641674c5c4bf48ef9139be5afe4f8,data/raw/AzSLD_Words_100/MƏN/e8a641674c5c4bf48ef9139be5afe4f8.mp4,MƏN,,unknown,16,30.0,rec_2022-07-01
e8bc1aa74275499a9a46eee1e110cf53,data/raw/AzSLD_Words_100/MƏN/e8bc1aa74275499a9a46eee1e110cf53.mp4,MƏN,,unknown,23,30.0,rec_2022-06-11
e8c39923caf1413c9e123f2d54223590,data/raw/AzSLD_Words_100/MƏN/e8c39923caf1413c9e123f2d54223590.mp4,MƏN,,unknown,18,30.0,rec_2022-12-22
e8d9e17c77704c6eb8fe678bdcad5e70,data/raw/AzSLD_Words_100/MƏN/e8d9e17c77704c6eb8fe678bdcad5e70.mp4,MƏN,,unknown,11,30.0,rec_2022-07-18
e8fdca66d2494795be603503e49e47db,data/raw/AzSLD_Words_100/MƏN/e8fdca66d2494795be603503e49e47db.mp4,MƏN,,unknown,16,30.0,rec_2022-11-17
e905258718bd4bd483cd99645bd9f716,data/raw/AzSLD_Words_100/MƏN/e905258718bd4bd483cd99645bd9f716.mp4,MƏN,,unknown,11,30.0,rec_2022-11-18
e91f4c8ea60242e9b09faa5f72d56068,data/raw/AzSLD_Words_100/MƏN/e91f4c8ea60242e9b09faa5f72d56068.mp4,MƏN,,unknown,12,30.0,rec_2022-12-20
e960eabcf5f64ff3ac5008c83b3ef301,data/raw/AzSLD_Words_100/MƏN/e960eabcf5f64ff3ac5008c83b3ef301.mp4,MƏN,,unknown,17,30.0,rec_2022-06-18
e9aa43af4ffa4e6bb00d4c32b6b1449f,data/raw/AzSLD_Words_100/MƏN/e9aa43af4ffa4e6bb00d4c32b6b1449f.mp4,MƏN,,unknown,18,30.0,rec_2022-12-15
e9b112ac69f0437fb8c743a33ea8b346,data/raw/AzSLD_Words_100/MƏN/e9b112ac69f0437fb8c743a33ea8b346.mp4,MƏN,,unknown,18,30.0,rec_2022-07-21
e9c50431251b4a3482e0d2160a44fcf7,data/raw/AzSLD_Words_100/MƏN/e9c50431251b4a3482e0d2160a44fcf7.mp4,MƏN,,unknown,17,30.0,rec_2022-12-20
e9d2b651c26740c39f14e063eda91ffb,data/raw/AzSLD_Words_100/MƏN/e9d2b651c26740c39f14e063eda91ffb.mp4,MƏN,,unknown,21,30.0,rec_2022-12-23
e9e16c8cfa2c46efa09abb90d7b6c464,data/raw/AzSLD_Words_100/MƏN/e9e16c8cfa2c46efa09abb90d7b6c464.mp4,MƏN,,unknown,12,30.0,rec_2022-07-20
e9f515380ec14ca4a46224cd7ca9debf,data/raw/AzSLD_Words_100/MƏN/e9f515380ec14ca4a46224cd7ca9debf.mp4,MƏN,,unknown,16,30.0,rec_2022-11-17
e9ff1449757646e6ba1f0a82c2e58d4c,data/raw/AzSLD_Words_100/MƏN/e9ff1449757646e6ba1f0a82c2e58d4c.mp4,MƏN,,unknown,20,30.0,rec_2022-07-27
ea007c85a5c24e9ebae97a0c502e3480,data/raw/AzSLD_Words_100/MƏN/ea007c85a5c24e9ebae97a0c502e3480.mp4,MƏN,,unknown,18,30.0,rec_2022-12-27
ea0d1508d5fd4ec4b3a3b3f3e5181871,data/raw/AzSLD_Words_100/MƏN/ea0d1508d5fd4ec4b3a3b3f3e5181871.mp4,MƏN,,unknown,19,30.0,rec_2022-10-28
ea2cce25fd2d44b794d063f0b319136e,data/raw/AzSLD_Words_100/MƏN/ea2cce25fd2d44b794d063f0b319136e.mp4,MƏN,,unknown,17,30.0,rec_2022-08-02
ea3226c7919842ae915c61b8e2b28ae7,data/raw/AzSLD_Words_100/MƏN/ea3226c7919842ae915c61b8e2b28ae7.mp4,MƏN,,unknown,14,30.0,rec_2022-07-16
ea40c52a21a04af1acc5eb32ff16dd93,data/raw/AzSLD_Words_100/MƏN/ea40c52a21a04af1acc5eb32ff16dd93.mp4,MƏN,,unknown,11,30.0,rec_2022-07-22
ea494fb62c0c4b659cad3fbe20ae1850,data/raw/AzSLD_Words_100/MƏN/ea494fb62c0c4b659cad3fbe20ae1850.mp4,MƏN,,unknown,22,30.0,rec_2022-05-21
ea53960021964855833359fbc9880e70,data/raw/AzSLD_Words_100/MƏN/ea53960021964855833359fbc9880e70.mp4,MƏN,,unknown,8,30.0,rec_2022-05-31
ea9edb12e03b44cd96c6eb4ad63ace65,data/raw/AzSLD_Words_100/MƏN/ea9edb12e03b44cd96c6eb4ad63ace65.mp4,MƏN,,unknown,11,30.0,
eaea43b29c9c4603970e6c6c24144743,data/raw/AzSLD_Words_100/MƏN/eaea43b29c9c4603970e6c6c24144743.mp4,MƏN,,unknown,10,30.0,rec_2022-07-14
eafbc06300e446e6b2e48f2e98741a6c,data/raw/AzSLD_Words_100/MƏN/eafbc06300e446e6b2e48f2e98741a6c.mp4,MƏN,,unknown,22,30.0,rec_2022-06-02
eafd253b6a9c4658b182fb1a37b32ec6,data/raw/AzSLD_Words_100/MƏN/eafd253b6a9c4658b182fb1a37b32ec6.mp4,MƏN,,unknown,21,30.0,rec_2022-12-27
eb28f765783d4fe68441d85d2e588d70,data/raw/AzSLD_Words_100/MƏN/eb28f765783d4fe68441d85d2e588d70.mp4,MƏN,,unknown,1,30.0,rec_2022-07-18
eb291a5f2dfc47a09a13ce7a8253df38,data/raw/AzSLD_Words_100/MƏN/eb291a5f2dfc47a09a13ce7a8253df38.mp4,MƏN,,unknown,14,30.0,rec_2022-12-27
eb4721b848b4486a8189f538b620377f,data/raw/AzSLD_Words_100/MƏN/eb4721b848b4486a8189f538b620377f.mp4,MƏN,,unknown,19,30.0,rec_2022-08-02
eb80835f7a694cd9a3bb73e19901b874,data/raw/AzSLD_Words_100/MƏN/eb80835f7a694cd9a3bb73e19901b874.mp4,MƏN,,unknown,16,30.0,rec_2022-07-27
eb838c9e910d443cb421bc3c43af807d,data/raw/AzSLD_Words_100/MƏN/eb838c9e910d443cb421bc3c43af807d.mp4,MƏN,,unknown,24,30.0,rec_2022-11-04
eb8828c0c29d47949de2be48ce6d9e3c,data/raw/AzSLD_Words_100/MƏN/eb8828c0c29d47949de2be48ce6d9e3c.mp4,MƏN,,unknown,22,30.0,rec_2022-12-28
ebb950e11959428e99ccaa5f26d04bc4,data/raw/AzSLD_Words_100/MƏN/ebb950e11959428e99ccaa5f26d04bc4.mp4,MƏN,,unknown,23,30.0,rec_2022-12-22
ebb9a83a4d094358b69cb88510a30500,data/raw/AzSLD_Words_100/MƏN/ebb9a83a4d094358b69cb88510a30500.mp4,MƏN,,unknown,14,30.0,rec_2022-12-20
ebcef75001704902a1f465e9db140cd2,data/raw/AzSLD_Words_100/MƏN/ebcef75001704902a1f465e9db140cd2.mp4,MƏN,,unknown,20,30.0,rec_2022-10-28
ebcfc6d8273f45c1a802b6f465f354c8,data/raw/AzSLD_Words_100/MƏN/ebcfc6d8273f45c1a802b6f465f354c8.mp4,MƏN,,unknown,22,30.0,rec_2022-12-27
ebe58050e08649768253131d5ea93b49,data/raw/AzSLD_Words_100/MƏN/ebe58050e08649768253131d5ea93b49.mp4,MƏN,,unknown,14,30.0,rec_2023-01-17
ebfaca951dd14b76b7cc8ef29a5b7ec3,data/raw/AzSLD_Words_100/MƏN/ebfaca951dd14b76b7cc8ef29a5b7ec3.mp4,MƏN,,unknown,23,30.0,rec_2022-11-18
ec0e576854de4104a0769a59a1a6f768,data/raw/AzSLD_Words_100/MƏN/ec0e576854de4104a0769a59a1a6f768.mp4,MƏN,,unknown,12,30.0,rec_2022-12-22
ec3153fb00a242ae8c265e0bf00d3d93,data/raw/AzSLD_Words_100/MƏN/ec3153fb00a242ae8c265e0bf00d3d93.mp4,MƏN,,unknown,16,30.0,rec_2022-07-13
ec31644eae094924b099eb711632f8de,data/raw/AzSLD_Words_100/MƏN/ec31644eae094924b099eb711632f8de.mp4,MƏN,,unknown,20,30.0,rec_2022-06-11
ec343ab5dc7b49e0803c3a2a785c55c0,data/raw/AzSLD_Words_100/MƏN/ec343ab5dc7b49e0803c3a2a785c55c0.mp4,MƏN,,unknown,17,30.0,rec_2022-07-13
ec3f1da607ed4ed7a24cb5f798c7314b,data/raw/AzSLD_Words_100/MƏN/ec3f1da607ed4ed7a24cb5f798c7314b.mp4,MƏN,,unknown,18,30.0,rec_2022-05-31
ec729ec68b4b418b940288791347e290,data/raw/AzSLD_Words_100/MƏN/ec729ec68b4b418b940288791347e290.mp4,MƏN,,unknown,18,30.0,rec_2022-07-18
ec78a23154f34258afc8df96bbcdfbac,data/raw/AzSLD_Words_100/MƏN/ec78a23154f34258afc8df96bbcdfbac.mp4,MƏN,,unknown,8,30.0,rec_2022-07-13
ec7fc4e2c6054df5b57857ff56b30a01,data/raw/AzSLD_Words_100/MƏN/ec7fc4e2c6054df5b57857ff56b30a01.mp4,MƏN,,unknown,15,30.0,rec_2022-12-22
ec9fd705342b4d299ed7ddc6903b4f5e,data/raw/AzSLD_Words_100/MƏN/ec9fd705342b4d299ed7ddc6903b4f5e.mp4,MƏN,,unknown,17,30.0,rec_2022-12-27
ecb17abf7dbd4f40970a056d3892d368,data/raw/AzSLD_Words_100/MƏN/ecb17abf7dbd4f40970a056d3892d368.mp4,MƏN,,unknown,21,30.0,rec_2022-06-11
eccd3477841c4f61af4bd1f01a01235c,data/raw/AzSLD_Words_100/MƏN/eccd3477841c4f61af4bd1f01a01235c.mp4,MƏN,,unknown,15,30.0,rec_2022-12-20
ecde5d985a494fc982ba20fbca025e18,data/raw/AzSLD_Words_100/MƏN/ecde5d985a494fc982ba20fbca025e18.mp4,MƏN,,unknown,13,30.0,rec_2022-06-18
eceb979446014d069d858cfb62f7c126,data/raw/AzSLD_Words_100/MƏN/eceb979446014d069d858cfb62f7c126.mp4,MƏN,,unknown,17,30.0,rec_2022-06-11
ed0b1346223844b4b8ab201aa8bb9668,data/raw/AzSLD_Words_100/MƏN/ed0b1346223844b4b8ab201aa8bb9668.mp4,MƏN,,unknown,17,30.0,rec_2023-01-18
ed1cd6416b974a33a7e8bd8713c61d39,data/raw/AzSLD_Words_100/MƏN/ed1cd6416b974a33a7e8bd8713c61d39.mp4,MƏN,,unknown,20,30.0,rec_2022-11-02
ed26c0ede34e46bcab5dadb6a7bbc5da,data/raw/AzSLD_Words_100/MƏN/ed26c0ede34e46bcab5dadb6a7bbc5da.mp4,MƏN,,unknown,17,30.0,rec_2022-12-22
ed58a2dcb33b4da88a17d91637dfc220,data/raw/AzSLD_Words_100/MƏN/ed58a2dcb33b4da88a17d91637dfc220.mp4,MƏN,,unknown,21,30.0,rec_2022-12-23
ed5db37c6cc24184bf1708d35e1a84bc,data/raw/AzSLD_Words_100/MƏN/ed5db37c6cc24184bf1708d35e1a84bc.mp4,MƏN,,unknown,16,30.0,rec_2022-12-28
ed66b7818e62486d97b234b28a122209,data/raw/AzSLD_Words_100/MƏN/ed66b7818e62486d97b234b28a122209.mp4,MƏN,,unknown,20,30.0,rec_2022-10-28
ed9d67354cdb46fd97e548a7e73228c9,data/raw/AzSLD_Words_100/MƏN/ed9d67354cdb46fd97e548a7e73228c9.mp4,MƏN,,unknown,11,30.0,rec_2022-10-28
edc92b0fd0e74acaab0dd78a2feaf8c0,data/raw/AzSLD_Words_100/MƏN/edc92b0fd0e74acaab0dd78a2feaf8c0.mp4,MƏN,,unknown,21,30.0,rec_2022-06-02
edd40895aa0f409086c19beb311ba688,data/raw/AzSLD_Words_100/MƏN/edd40895aa0f409086c19beb311ba688.mp4,MƏN,,unknown,28,30.0,rec_2022-12-15
edfaf41502024c2981790395fbf0811a,data/raw/AzSLD_Words_100/MƏN/edfaf41502024c2981790395fbf0811a.mp4,MƏN,,unknown,26,30.0,rec_2022-08-01
edfba0107c3642949549a8d709b17d7c,data/raw/AzSLD_Words_100/MƏN/edfba0107c3642949549a8d709b17d7c.mp4,MƏN,,unknown,17,30.0,rec_2022-12-15
ee0e2af8051c4a8890e38a599c0e5f9d,data/raw/AzSLD_Words_100/MƏN/ee0e2af8051c4a8890e38a599c0e5f9d.mp4,MƏN,,unknown,23,30.0,rec_2022-12-20
ee496f3b22dd43b8868f844921b9cf94,data/raw/AzSLD_Words_100/MƏN/ee496f3b22dd43b8868f844921b9cf94.mp4,MƏN,,unknown,18,30.0,rec_2022-08-02
ee831c8312314339b9274bd2d001b7f0,data/raw/AzSLD_Words_100/MƏN/ee831c8312314339b9274bd2d001b7f0.mp4,MƏN,,unknown,9,30.0,rec_2022-05-31
eeb3328c41514728881726f7c161d319,data/raw/AzSLD_Words_100/MƏN/eeb3328c41514728881726f7c161d319.mp4,MƏN,,unknown,17,30.0,rec_2023-01-17
eeb9a9b2abd146ef9120d8ad6a9f7508,data/raw/AzSLD_Words_100/MƏN/eeb9a9b2abd146ef9120d8ad6a9f7508.mp4,MƏN,,unknown,17,30.0,rec_2022-12-22
eec463831552493397a64de849b360bb,data/raw/AzSLD_Words_100/MƏN/eec463831552493397a64de849b360bb.mp4,MƏN,,unknown,19,30.0,rec_2022-10-28
ef06295b7b1e431285b44ba571dfc054,data/raw/AzSLD_Words_100/MƏN/ef06295b7b1e431285b44ba571dfc054.mp4,MƏN,,unknown,16,30.0,rec_2022-07-18
ef355c2df129472d9ef2122b6835a4ee,data/raw/AzSLD_Words_100/MƏN/ef355c2df129472d9ef2122b6835a4ee.mp4,MƏN,,unknown,43,30.0,rec_2022-06-01
ef46866a24024abba58c68d807da106d,data/raw/AzSLD_Words_100/MƏN/ef46866a24024abba58c68d807da106d.mp4,MƏN,,unknown,11,30.0,rec_2022-07-16
ef914e19e2c744a1a5e3b97fd9e01e2d,data/raw/AzSLD_Words_100/MƏN/ef914e19e2c744a1a5e3b97fd9e01e2d.mp4,MƏN,,unknown,15,30.0,rec_2022-11-19
efdf823ad49847f5b84a0c98f39992c9,data/raw/AzSLD_Words_100/MƏN/efdf823ad49847f5b84a0c98f39992c9.mp4,MƏN,,unknown,15,30.0,rec_2022-12-15
f009d806a6be4a9b81bbba987db048b0,data/raw/AzSLD_Words_100/MƏN/f009d806a6be4a9b81bbba987db048b0.mp4,MƏN,,unknown,17,30.0,rec_2022-11-18
f026b06d2ea94a0a8f4b8ea607bad21a,data/raw/AzSLD_Words_100/MƏN/f026b06d2ea94a0a8f4b8ea607bad21a.mp4,MƏN,,unknown,16,30.0,rec_2022-12-20
f03aad1001794fea9b9421e2dea90324,data/raw/AzSLD_Words_100/MƏN/f03aad1001794fea9b9421e2dea90324.mp4,MƏN,,unknown,16,30.0,rec_2022-11-19
f03d3ed2ebc44258b80cfe941cc34953,data/raw/AzSLD_Words_100/MƏN/f03d3ed2ebc44258b80cfe941cc34953.mp4,MƏN,,unknown,19,30.0,rec_2022-06-11
f04044363389471dbc723a5c54db4a34,data/raw/AzSLD_Words_100/MƏN/f04044363389471dbc723a5c54db4a34.mp4,MƏN,,unknown,15,30.0,rec_2022-12-23
f05105fb1e124059a7ae1a15408b0f43,data/raw/AzSLD_Words_100/MƏN/f05105fb1e124059a7ae1a15408b0f43.mp4,MƏN,,unknown,17,30.0,rec_2022-07-02
f0699d3f709043e8a526847df76d92bb,data/raw/AzSLD_Words_100/MƏN/f0699d3f709043e8a526847df76d92bb.mp4,MƏN,,unknown,15,30.0,rec_2023-01-19
f073eb10bb194e098c80bf771064c719,data/raw/AzSLD_Words_100/MƏN/f073eb10bb194e098c80bf771064c719.mp4,MƏN,,unknown,14,30.0,rec_2022-12-20
f08cc85d37514ecab18d63c44b26363b,data/raw/AzSLD_Words_100/MƏN/f08cc85d37514ecab18d63c44b26363b.mp4,MƏN,,unknown,25,30.0,rec_2022-12-20
f0b273345d844a7bbd137998f3538751,data/raw/AzSLD_Words_100/MƏN/f0b273345d844a7bbd137998f3538751.mp4,MƏN,,unknown,19,30.0,rec_2022-12-22
f0b937a6e2fd408caf86b56e2849b429,data/raw/AzSLD_Words_100/MƏN/f0b937a6e2fd408caf86b56e2849b429.mp4,MƏN,,unknown,15,30.0,rec_2022-08-02
f0ee620418c84eba9b88d0f8c31b413f,data/raw/AzSLD_Words_100/MƏN/f0ee620418c84eba9b88d0f8c31b413f.mp4,MƏN,,unknown,15,30.0,rec_2022-12-20
f0f25a65359743c58649ae1cac4afa20,data/raw/AzSLD_Words_100/MƏN/f0f25a65359743c58649ae1cac4afa20.mp4,MƏN,,unknown,15,30.0,rec_2022-12-23
f104dc062dca41b49e9292d990857f87,data/raw/AzSLD_Words_100/MƏN/f104dc062dca41b49e9292d990857f87.mp4,MƏN,,unknown,11,30.0,rec_2022-07-18
f106970937244cf2994486e429d73190,data/raw/AzSLD_Words_100/MƏN/f106970937244cf2994486e429d73190.mp4,MƏN,,unknown,15,30.0,rec_2022-11-04
f11b9a2ea096419e8c8432d29e77398f,data/raw/AzSLD_Words_100/MƏN/f11b9a2ea096419e8c8432d29e77398f.mp4,MƏN,,unknown,15,30.0,rec_2022-12-16
f16fa97597964786ad95b0f8881b37be,data/raw/AzSLD_Words_100/MƏN/f16fa97597964786ad95b0f8881b37be.mp4,MƏN,,unknown,18,30.0,rec_2022-07-22
f18d4407c1c34f868e62013a7ff522c3,data/raw/AzSLD_Words_100/MƏN/f18d4407c1c34f868e62013a7ff522c3.mp4,MƏN,,unknown,18,30.0,rec_2022-07-15
f1a14638f0e84bd4b4771b5308c2007a,data/raw/AzSLD_Words_100/MƏN/f1a14638f0e84bd4b4771b5308c2007a.mp4,MƏN,,unknown,16,30.0,rec_2022-10-26
f1a179d32ea54e7aa91a226274d89c55,data/raw/AzSLD_Words_100/MƏN/f1a179d32ea54e7aa91a226274d89c55.mp4,MƏN,,unknown,17,30.0,rec_2022-12-20
f1a3c0bc0eb549098509585bf4f382f3,data/raw/AzSLD_Words_100/MƏN/f1a3c0bc0eb549098509585bf4f382f3.mp4,MƏN,,unknown,19,30.0,rec_2022-12-23
f1b6c5a1ef1049b7a2e222107bc8befe,data/raw/AzSLD_Words_100/MƏN/f1b6c5a1ef1049b7a2e222107bc8befe.mp4,MƏN,,unknown,16,30.0,
f1bec093947645ffa93b1440cc9ddae3,data/raw/AzSLD_Words_100/MƏN/f1bec093947645ffa93b1440cc9ddae3.mp4,MƏN,,unknown,17,30.0,rec_2022-07-22
f1d222153668431e9745cc9503338d5f,data/raw/AzSLD_Words_100/MƏN/f1d222153668431e9745cc9503338d5f.mp4,MƏN,,unknown,11,30.0,rec_2022-11-17
f1d32460b8ee477a9a663601d95ddf21,data/raw/AzSLD_Words_100/MƏN/f1d32460b8ee477a9a663601d95ddf21.mp4,MƏN,,unknown,17,30.0,rec_2022-07-16
f1d4f1f645b341e6b68b20370f794b65,data/raw/AzSLD_Words_100/MƏN/f1d4f1f645b341e6b68b20370f794b65.mp4,MƏN,,unknown,18,30.0,rec_2022-07-13
f1e13c706d93491784a6b4924665e583,data/raw/AzSLD_Words_100/MƏN/f1e13c706d93491784a6b4924665e583.mp4,MƏN,,unknown,12,30.0,rec_2022-07-19
f1fdcd6d71364af8889347bd38c51c18,data/raw/AzSLD_Words_100/MƏN/f1fdcd6d71364af8889347bd38c51c18.mp4,MƏN,,unknown,16,30.0,rec_2022-10-28
f2002b204eaa4b979d204b27e965edf5,data/raw/AzSLD_Words_100/MƏN/f2002b204eaa4b979d204b27e965edf5.mp4,MƏN,,unknown,10,30.0,rec_2022-12-16
f21cb88ae8944cc28747f7fa7cf36a1c,data/raw/AzSLD_Words_100/MƏN/f21cb88ae8944cc28747f7fa7cf36a1c.mp4,MƏN,,unknown,21,30.0,rec_2022-12-22
f23210f82d3a4f97b36461b42bea2ae6,data/raw/AzSLD_Words_100/MƏN/f23210f82d3a4f97b36461b42bea2ae6.mp4,MƏN,,unknown,20,30.0,rec_2022-12-27
f25d508f35df4055b9007a33817d9194,data/raw/AzSLD_Words_100/MƏN/f25d508f35df4055b9007a33817d9194.mp4,MƏN,,unknown,21,30.0,rec_2022-07-18
f268ccaf325f41efb52b600b529accae,data/raw/AzSLD_Words_100/MƏN/f268ccaf325f41efb52b600b529accae.mp4,MƏN,,unknown,27,30.0,rec_2022-12-15
f282a1af93b842818aa8340e0d71b426,data/raw/AzSLD_Words_100/MƏN/f282a1af93b842818aa8340e0d71b426.mp4,MƏN,,unknown,15,30.0,rec_2022-07-29
f299562800c843f09d65dcea8a84a775,data/raw/AzSLD_Words_100/MƏN/f299562800c843f09d65dcea8a84a775.mp4,MƏN,,unknown,14,30.0,rec_2022-07-13
f29fe66f27cc4769897c55c3e692fad4,data/raw/AzSLD_Words_100/MƏN/f29fe66f27cc4769897c55c3e692fad4.mp4,MƏN,,unknown,12,30.0,rec_2022-07-22
f2aa3886494b46eabc8a11693793bf01,data/raw/AzSLD_Words_100/MƏN/f2aa3886494b46eabc8a11693793bf01.mp4,MƏN,,unknown,15,30.0,rec_2022-12-16
f2b3b1c0ead844c6bba05617559d89ad,data/raw/AzSLD_Words_100/MƏN/f2b3b1c0ead844c6bba05617559d89ad.mp4,MƏN,,unknown,24,30.0,rec_2022-05-31
f31343dcb8514723a7e7943623b053b9,data/raw/AzSLD_Words_100/MƏN/f31343dcb8514723a7e7943623b053b9.mp4,MƏN,,unknown,21,30.0,rec_2022-12-20
f31cf80e5cb94c8b99b7b8edfd806e30,data/raw/AzSLD_Words_100/MƏN/f31cf80e5cb94c8b99b7b8edfd806e30.mp4,MƏN,,unknown,20,30.0,rec_2022-12-23
f32a7bb1a0154568801abadcb814b194,data/raw/AzSLD_Words_100/MƏN/f32a7bb1a0154568801abadcb814b194.mp4,MƏN,,unknown,22,30.0,rec_2022-05-25
f34f03e0eee040a1a3e127c36375fb9d,data/raw/AzSLD_Words_100/MƏN/f34f03e0eee040a1a3e127c36375fb9d.mp4,MƏN,,unknown,16,30.0,rec_2022-07-25
f351fa25af4d4407997f6e2932a576fe,data/raw/AzSLD_Words_100/MƏN/f351fa25af4d4407997f6e2932a576fe.mp4,MƏN,,unknown,19,30.0,rec_2022-11-01
f364a7f297b140f6953b1fe376981ea8,data/raw/AzSLD_Words_100/MƏN/f364a7f297b140f6953b1fe376981ea8.mp4,MƏN,,unknown,22,30.0,rec_2022-12-20
f38d1b97f89b4081bd89428786584099,data/raw/AzSLD_Words_100/MƏN/f38d1b97f89b4081bd89428786584099.mp4,MƏN,,unknown,19,30.0,rec_2022-07-23
f3c400cb34904b2a90126566f3f7408c,data/raw/AzSLD_Words_100/MƏN/f3c400cb34904b2a90126566f3f7408c.mp4,MƏN,,unknown,19,30.0,rec_2022-12-23
f3ce8eb6a6c94f958db7ded3ad60c873,data/raw/AzSLD_Words_100/MƏN/f3ce8eb6a6c94f958db7ded3ad60c873.mp4,MƏN,,unknown,20,30.0,rec_2022-06-13
f3dc24f4400f409d8f9560545e9db4e2,data/raw/AzSLD_Words_100/MƏN/f3dc24f4400f409d8f9560545e9db4e2.mp4,MƏN,,unknown,6,30.0,rec_2022-12-16
f3dd81098eec41febd0ebf0eaf5bdccb,data/raw/AzSLD_Words_100/MƏN/f3dd81098eec41febd0ebf0eaf5bdccb.mp4,MƏN,,unknown,18,30.0,rec_2022-12-22
f3ea89ade1eb419fb329a7a8a5570b58,data/raw/AzSLD_Words_100/MƏN/f3ea89ade1eb419fb329a7a8a5570b58.mp4,MƏN,,unknown,13,30.0,rec_2022-11-10
f3fafecb1f3942bba7404170ac237733,data/raw/AzSLD_Words_100/MƏN/f3fafecb1f3942bba7404170ac237733.mp4,MƏN,,unknown,20,30.0,rec_2022-06-11
f405be2221574dc294530ecbdd312719,data/raw/AzSLD_Words_100/MƏN/f405be2221574dc294530ecbdd312719.mp4,MƏN,,unknown,14,30.0,rec_2022-07-13
f41548435229426d85d26385c54d4dbf,data/raw/AzSLD_Words_100/MƏN/f41548435229426d85d26385c54d4dbf.mp4,MƏN,,unknown,19,30.0,rec_2022-07-13
f423a6eb45c94a90aee2ccc7f0f6301b,data/raw/AzSLD_Words_100/MƏN/f423a6eb45c94a90aee2ccc7f0f6301b.mp4,MƏN,,unknown,17,30.0,rec_2022-07-02
f425ee31b636448b8b958c4ee91a3873,data/raw/AzSLD_Words_100/MƏN/f425ee31b636448b8b958c4ee91a3873.mp4,MƏN,,unknown,21,30.0,rec_2022-07-01
f43c44c13a8a4b099f7a10fc6b246209,data/raw/AzSLD_Words_100/MƏN/f43c44c13a8a4b099f7a10fc6b246209.mp4,MƏN,,unknown,22,30.0,rec_2022-11-22
f4455177b6af45ce999a11a56864ce34,data/raw/AzSLD_Words_100/MƏN/f4455177b6af45ce999a11a56864ce34.mp4,MƏN,,unknown,19,30.0,rec_2022-12-22
f44e012656194a0a8a9081ed4a0376a8,data/raw/AzSLD_Words_100/MƏN/f44e012656194a0a8a9081ed4a0376a8.mp4,MƏN,,unknown,21,30.0,rec_2022-12-23
f4954ee2bef64fe897ea5572e4a4c099,data/raw/AzSLD_Words_100/MƏN/f4954ee2bef64fe897ea5572e4a4c099.mp4,MƏN,,unknown,17,30.0,rec_2022-07-02
f4ac888d67554dc180cbb822ffec5ace,data/raw/AzSLD_Words_100/MƏN/f4ac888d67554dc180cbb822ffec5ace.mp4,MƏN,,unknown,10,30.0,rec_2022-06-13
f4b1d04fffda494b81723a365aa69ad2,data/raw/AzSLD_Words_100/MƏN/f4b1d04fffda494b81723a365aa69ad2.mp4,MƏN,,unknown,14,30.0,rec_2022-12-16
f4d9504fb6174e2396af78e6e86f4b63,data/raw/AzSLD_Words_100/MƏN/f4d9504fb6174e2396af78e6e86f4b63.mp4,MƏN,,unknown,19,30.0,rec_2022-11-18
f4f5b63387d74c50ae3677db63736d67,data/raw/AzSLD_Words_100/MƏN/f4f5b63387d74c50ae3677db63736d67.mp4,MƏN,,unknown,16,30.0,rec_2022-11-18
f59382c2437c4fa8a3d95e18823e4ef1,data/raw/AzSLD_Words_100/MƏN/f59382c2437c4fa8a3d95e18823e4ef1.mp4,MƏN,,unknown,16,30.0,rec_2022-07-16
f5a4131fd7d14faebecd8ce1550e0d8e,data/raw/AzSLD_Words_100/MƏN/f5a4131fd7d14faebecd8ce1550e0d8e.mp4,MƏN,,unknown,14,30.0,rec_2022-07-27
f5a78af8f65e4d26888b66ccbb94d85e,data/raw/AzSLD_Words_100/MƏN/f5a78af8f65e4d26888b66ccbb94d85e.mp4,MƏN,,unknown,15,30.0,rec_2022-07-20
f5c491c50e3b4eb1b3f89ba5dd0b6f93,data/raw/AzSLD_Words_100/MƏN/f5c491c50e3b4eb1b3f89ba5dd0b6f93.mp4,MƏN,,unknown,16,30.0,rec_2022-07-13
f5cc90a3762f4abab580482d4e1f9b18,data/raw/AzSLD_Words_100/MƏN/f5cc90a3762f4abab580482d4e1f9b18.mp4,MƏN,,unknown,8,30.0,rec_2022-12-16
f61bd4b6e08945898707b4bf096a2adf,data/raw/AzSLD_Words_100/MƏN/f61bd4b6e08945898707b4bf096a2adf.mp4,MƏN,,unknown,26,30.0,rec_2022-12-22
f6308732db524bfc960c3d7cfeccc10c,data/raw/AzSLD_Words_100/MƏN/f6308732db524bfc960c3d7cfeccc10c.mp4,MƏN,,unknown,10,30.0,rec_2022-05-24
f64806fc49fe4f1585a373c2d55876fd,data/raw/AzSLD_Words_100/MƏN/f64806fc49fe4f1585a373c2d55876fd.mp4,MƏN,,unknown,17,30.0,rec_2022-06-01
f652eb1e080a4f459d191bd5a8b88137,data/raw/AzSLD_Words_100/MƏN/f652eb1e080a4f459d191bd5a8b88137.mp4,MƏN,,unknown,12,30.0,rec_2022-06-01
f6b3a0c6a980437e9a1d999ee01da205,data/raw/AzSLD_Words_100/MƏN/f6b3a0c6a980437e9a1d999ee01da205.mp4,MƏN,,unknown,13,30.0,rec_2022-12-23
f6de6ec745ff48b49d7d886418f55268,data/raw/AzSLD_Words_100/MƏN/f6de6ec745ff48b49d7d886418f55268.mp4,MƏN,,unknown,28,30.0,rec_2022-08-02
f6f86f7a785446398e8775ef9688d023,data/raw/AzSLD_Words_100/MƏN/f6f86f7a785446398e8775ef9688d023.mp4,MƏN,,unknown,18,30.0,rec_2022-07-13
f7336fbc2793475fac5fd8af8db5b179,data/raw/AzSLD_Words_100/MƏN/f7336fbc2793475fac5fd8af8db5b179.mp4,MƏN,,unknown,14,30.0,rec_2022-11-10
f739d6e525d6485990df063c5f0d3cc9,data/raw/AzSLD_Words_100/MƏN/f739d6e525d6485990df063c5f0d3cc9.mp4,MƏN,,unknown,26,30.0,rec_2022-07-25
f73f5d40d5ce4dbab510da2dacc33c5f,data/raw/AzSLD_Words_100/MƏN/f73f5d40d5ce4dbab510da2dacc33c5f.mp4,MƏN,,unknown,14,30.0,rec_2022-12-22
f7457e76919c49de9173b9c76dc7fd5b,data/raw/AzSLD_Words_100/MƏN/f7457e76919c49de9173b9c76dc7fd5b.mp4,MƏN,,unknown,9,30.0,rec_2022-07-16
f76e11893f4c4e55bc723c0ce554a936,data/raw/AzSLD_Words_100/MƏN/f76e11893f4c4e55bc723c0ce554a936.mp4,MƏN,,unknown,28,30.0,rec_2022-11-22
f76f630565424807ac35cf3235860d40,data/raw/AzSLD_Words_100/MƏN/f76f630565424807ac35cf3235860d40.mp4,MƏN,,unknown,27,30.0,rec_2022-11-18
f77062ce6d4f4d99b9ad750cb04bf838,data/raw/AzSLD_Words_100/MƏN/f77062ce6d4f4d99b9ad750cb04bf838.mp4,MƏN,,unknown,13,30.0,rec_2022-11-17
f775659eab054b8ca8fc60ceca91f944,data/raw/AzSLD_Words_100/MƏN/f775659eab054b8ca8fc60ceca91f944.mp4,MƏN,,unknown,26,30.0,rec_2022-07-15
f7925d05ddbe43f38152075d5cdc1c46,data/raw/AzSLD_Words_100/MƏN/f7925d05ddbe43f38152075d5cdc1c46.mp4,MƏN,,unknown,16,30.0,rec_2022-07-13
f796ba5d1f6841a1aada52c1de5ef671,data/raw/AzSLD_Words_100/MƏN/f796ba5d1f6841a1aada52c1de5ef671.mp4,MƏN,,unknown,19,30.0,rec_2022-12-23
f7c366c605784e26876d702f4119cad6,data/raw/AzSLD_Words_100/MƏN/f7c366c605784e26876d702f4119cad6.mp4,MƏN,,unknown,15,30.0,rec_2022-12-28
f7e254ec3a82442f85c6175e458e8d8a,data/raw/AzSLD_Words_100/MƏN/f7e254ec3a82442f85c6175e458e8d8a.mp4,MƏN,,unknown,21,30.0,rec_2022-10-28
f800a60b06e64a848bfe53cb37ae0d14,data/raw/AzSLD_Words_100/MƏN/f800a60b06e64a848bfe53cb37ae0d14.mp4,MƏN,,unknown,20,30.0,rec_2022-11-04
f82e13c67bc8451888a752776bc901e8,data/raw/AzSLD_Words_100/MƏN/f82e13c67bc8451888a752776bc901e8.mp4,MƏN,,unknown,13,30.0,rec_2022-12-23
f8994736670944eda4f77ada7227a5f3,data/raw/AzSLD_Words_100/MƏN/f8994736670944eda4f77ada7227a5f3.mp4,MƏN,,unknown,12,30.0,rec_2022-07-18
f89d7da53e934b5698ba85b778d6854f,data/raw/AzSLD_Words_100/MƏN/f89d7da53e934b5698ba85b778d6854f.mp4,MƏN,,unknown,8,30.0,rec_2022-12-20
f8a12dbc692341759ec3c779efa9abca,data/raw/AzSLD_Words_100/MƏN/f8a12dbc692341759ec3c779efa9abca.mp4,MƏN,,unknown,13,30.0,rec_2022-06-01
f8fceffa05f240d386e808f720222457,data/raw/AzSLD_Words_100/MƏN/f8fceffa05f240d386e808f720222457.mp4,MƏN,,unknown,9,30.0,rec_2022-07-18
f903c33cc7c04dcda48c494ae69ea93c,data/raw/AzSLD_Words_100/MƏN/f903c33cc7c04dcda48c494ae69ea93c.mp4,MƏN,,unknown,17,30.0,rec_2022-11-19
f91f100b42b343e49da21b3aab8d0a1a,data/raw/AzSLD_Words_100/MƏN/f91f100b42b343e49da21b3aab8d0a1a.mp4,MƏN,,unknown,16,30.0,rec_2022-11-04
f926a2741ac7422ab962e31d0cca71da,data/raw/AzSLD_Words_100/MƏN/f926a2741ac7422ab962e31d0cca71da.mp4,MƏN,,unknown,16,30.0,rec_2022-12-22
f93e13d5cb9f45bda5e4e10e95c3d724,data/raw/AzSLD_Words_100/MƏN/f93e13d5cb9f45bda5e4e10e95c3d724.mp4,MƏN,,unknown,15,30.0,rec_2022-12-28
f94fd4128674478a9a55771ea03699ce,data/raw/AzSLD_Words_100/MƏN/f94fd4128674478a9a55771ea03699ce.mp4,MƏN,,unknown,12,30.0,rec_2022-07-01
f96c2b01c4ed49d6aeabf9e2dee5ab61,data/raw/AzSLD_Words_100/MƏN/f96c2b01c4ed49d6aeabf9e2dee5ab61.mp4,MƏN,,unknown,15,30.0,rec_2023-01-19
f98431495f0f44b1b063bf1e735dd4a9,data/raw/AzSLD_Words_100/MƏN/f98431495f0f44b1b063bf1e735dd4a9.mp4,MƏN,,unknown,19,30.0,rec_2022-07-18
f99485ccb16243a4bbdc5cbd51891e8b,data/raw/AzSLD_Words_100/MƏN/f99485ccb16243a4bbdc5cbd51891e8b.mp4,MƏN,,unknown,17,30.0,rec_2022-11-19
f9a488e03de84baeb4934a01aa69689c,data/raw/AzSLD_Words_100/MƏN/f9a488e03de84baeb4934a01aa69689c.mp4,MƏN,,unknown,11,30.0,rec_2022-07-21
f9ea33db1d1b466388e0bda6ff59c92c,data/raw/AzSLD_Words_100/MƏN/f9ea33db1d1b466388e0bda6ff59c92c.mp4,MƏN,,unknown,10,30.0,rec_2022-11-05
f9f1f01de6a1455cad7084efa9a099de,data/raw/AzSLD_Words_100/MƏN/f9f1f01de6a1455cad7084efa9a099de.mp4,MƏN,,unknown,13,30.0,rec_2022-11-05
f9fe6f77fad9475bb508345223655b82,data/raw/AzSLD_Words_100/MƏN/f9fe6f77fad9475bb508345223655b82.mp4,MƏN,,unknown,12,30.0,rec_2022-07-25
fa06229ca3a9483bb353fcea54bee92e,data/raw/AzSLD_Words_100/MƏN/fa06229ca3a9483bb353fcea54bee92e.mp4,MƏN,,unknown,13,30.0,rec_2022-12-28
fa275b077b6a4eae80f33fe5da499ed9,data/raw/AzSLD_Words_100/MƏN/fa275b077b6a4eae80f33fe5da499ed9.mp4,MƏN,,unknown,28,30.0,rec_2022-07-21
fa358d9f2a694e2db7ba21d94e00a52f,data/raw/AzSLD_Words_100/MƏN/fa358d9f2a694e2db7ba21d94e00a52f.mp4,MƏN,,unknown,21,30.0,rec_2022-12-23
fa61ae568e3d410db56fb8be4ca10569,data/raw/AzSLD_Words_100/MƏN/fa61ae568e3d410db56fb8be4ca10569.mp4,MƏN,,unknown,10,30.0,rec_2022-12-22
fa7185bdcf354f07b5380962fac0d385,data/raw/AzSLD_Words_100/MƏN/fa7185bdcf354f07b5380962fac0d385.mp4,MƏN,,unknown,12,30.0,rec_2022-12-17
fa776a0cda9e414eacfd5e4ece0438ac,data/raw/AzSLD_Words_100/MƏN/fa776a0cda9e414eacfd5e4ece0438ac.mp4,MƏN,,unknown,17,30.0,rec_2022-12-20
faa29760a82040979d85bca6e055f79a,data/raw/AzSLD_Words_100/MƏN/faa29760a82040979d85bca6e055f79a.mp4,MƏN,,unknown,21,30.0,rec_2022-08-02
fab6643dcca44fe4981e58098cc0723e,data/raw/AzSLD_Words_100/MƏN/fab6643dcca44fe4981e58098cc0723e.mp4,MƏN,,unknown,9,30.0,rec_2022-07-13
fac01f35642f4d49a5181c465cb3d86f,data/raw/AzSLD_Words_100/MƏN/fac01f35642f4d49a5181c465cb3d86f.mp4,MƏN,,unknown,41,30.0,rec_2022-07-01
fad7d73897e64c8689236961b475a0a7,data/raw/AzSLD_Words_100/MƏN/fad7d73897e64c8689236961b475a0a7.mp4,MƏN,,unknown,19,30.0,rec_2022-12-23
fafedb089a3b491fbb8d01fd169ed9a8,data/raw/AzSLD_Words_100/MƏN/fafedb089a3b491fbb8d01fd169ed9a8.mp4,MƏN,,unknown,11,30.0,rec_2022-07-13
fb02d350b2954ef0aeaee8e13093fca5,data/raw/AzSLD_Words_100/MƏN/fb02d350b2954ef0aeaee8e13093fca5.mp4,MƏN,,unknown,22,30.0,rec_2022-05-31
fb27f70703654bde99106dbf7d036931,data/raw/AzSLD_Words_100/MƏN/fb27f70703654bde99106dbf7d036931.mp4,MƏN,,unknown,16,30.0,rec_2022-12-23
fb6e498fa7af4930980a95034e141031,data/raw/AzSLD_Words_100/MƏN/fb6e498fa7af4930980a95034e141031.mp4,MƏN,,unknown,14,30.0,rec_2022-12-27
fbc37f0959704ed5b3806d0d61f0a9bd,data/raw/AzSLD_Words_100/MƏN/fbc37f0959704ed5b3806d0d61f0a9bd.mp4,MƏN,,unknown,20,30.0,rec_2022-11-02
fbcd82cc5cf64c099d754ec5c5f3b761,data/raw/AzSLD_Words_100/MƏN/fbcd82cc5cf64c099d754ec5c5f3b761.mp4,MƏN,,unknown,11,30.0,rec_2022-06-01
fbf23dd9a5e34fcaaee6f0f57ea71439,data/raw/AzSLD_Words_100/MƏN/fbf23dd9a5e34fcaaee6f0f57ea71439.mp4,MƏN,,unknown,14,30.0,rec_2022-12-27
fbfc688a5bdc42219671551f63c4b5f0,data/raw/AzSLD_Words_100/MƏN/fbfc688a5bdc42219671551f63c4b5f0.mp4,MƏN,,unknown,21,30.0,rec_2022-08-02
fbfe69cc2dc04e7cb16446603542475a,data/raw/AzSLD_Words_100/MƏN/fbfe69cc2dc04e7cb16446603542475a.mp4,MƏN,,unknown,24,30.0,rec_2022-06-09
fc0ec85d1f054375aa954d402367cc74,data/raw/AzSLD_Words_100/MƏN/fc0ec85d1f054375aa954d402367cc74.mp4,MƏN,,unknown,22,30.0,rec_2022-12-24
fc193206020543c8926658b98e75f53c,data/raw/AzSLD_Words_100/MƏN/fc193206020543c8926658b98e75f53c.mp4,MƏN,,unknown,9,30.0,rec_2022-12-20
fc70d0eb5c6a484bad99f075c6e3fc70,data/raw/AzSLD_Words_100/MƏN/fc70d0eb5c6a484bad99f075c6e3fc70.mp4,MƏN,,unknown,14,30.0,rec_2022-08-02
fc722cb77f25423f821e8f4489fd086c,data/raw/AzSLD_Words_100/MƏN/fc722cb77f25423f821e8f4489fd086c.mp4,MƏN,,unknown,13,30.0,rec_2022-12-27
fc9074d9beda41209a51c7fa699d97e5,data/raw/AzSLD_Words_100/MƏN/fc9074d9beda41209a51c7fa699d97e5.mp4,MƏN,,unknown,21,30.0,rec_2022-12-28
fcc6be307f4540ceba1d43fd2eeb243f,data/raw/AzSLD_Words_100/MƏN/fcc6be307f4540ceba1d43fd2eeb243f.mp4,MƏN,,unknown,9,30.0,rec_2022-12-23
fd06a24351a942369dd8435a0895cc45,data/raw/AzSLD_Words_100/MƏN/fd06a24351a942369dd8435a0895cc45.mp4,MƏN,,unknown,20,30.0,rec_2022-11-19
fd231cfee3054c949a0ac96001effb7a,data/raw/AzSLD_Words_100/MƏN/fd231cfee3054c949a0ac96001effb7a.mp4,MƏN,,unknown,16,30.0,rec_2023-01-17
fd503323789540f69f76058663556134,data/raw/AzSLD_Words_100/MƏN/fd503323789540f69f76058663556134.mp4,MƏN,,unknown,15,30.0,rec_2022-12-24
fd83a4d9005f4dea9fb5a2829e93acb7,data/raw/AzSLD_Words_100/MƏN/fd83a4d9005f4dea9fb5a2829e93acb7.mp4,MƏN,,unknown,10,30.0,rec_2022-07-20
fd8ffa99028241b0ab5ec4f30e9126d2,data/raw/AzSLD_Words_100/MƏN/fd8ffa99028241b0ab5ec4f30e9126d2.mp4,MƏN,,unknown,24,30.0,rec_2022-06-16
fdf9f52808d54d7a8a81d1e7ce1ba4f8,data/raw/AzSLD_Words_100/MƏN/fdf9f52808d54d7a8a81d1e7ce1ba4f8.mp4,MƏN,,unknown,11,30.0,rec_2022-12-22
fe06108a6b9c4ac8a26776e32893f16c,data/raw/AzSLD_Words_100/MƏN/fe06108a6b9c4ac8a26776e32893f16c.mp4,MƏN,,unknown,18,30.0,rec_2022-12-22
fe1a9b7c86aa4c75b8620f4e935279ae,data/raw/AzSLD_Words_100/MƏN/fe1a9b7c86aa4c75b8620f4e935279ae.mp4,MƏN,,unknown,17,30.0,rec_2022-07-29
fe8f60137e1243c8947846db1bfa3ea5,data/raw/AzSLD_Words_100/MƏN/fe8f60137e1243c8947846db1bfa3ea5.mp4,MƏN,,unknown,10,30.0,rec_2022-06-02
fea3aa166c6e48949250ebfe26245a21,data/raw/AzSLD_Words_100/MƏN/fea3aa166c6e48949250ebfe26245a21.mp4,MƏN,,unknown,21,30.0,rec_2022-07-25
feaf52f8a3dd46a7b40aa312446ef5cc,data/raw/AzSLD_Words_100/MƏN/feaf52f8a3dd46a7b40aa312446ef5cc.mp4,MƏN,,unknown,12,30.0,rec_2022-07-21
fee03947cfab4e6a909bf1637bab467d,data/raw/AzSLD_Words_100/MƏN/fee03947cfab4e6a909bf1637bab467d.mp4,MƏN,,unknown,15,30.0,rec_2022-07-13
ff0e7c2dae9c447082b16b7d6ec2617f,data/raw/AzSLD_Words_100/MƏN/ff0e7c2dae9c447082b16b7d6ec2617f.mp4,MƏN,,unknown,22,30.0,rec_2022-06-01
ff1a3a424e924822adb5e6c0708b4606,data/raw/AzSLD_Words_100/MƏN/ff1a3a424e924822adb5e6c0708b4606.mp4,MƏN,,unknown,13,30.0,rec_2022-12-20
ff5999fef8e7401ba747da10f8c3d8ff,data/raw/AzSLD_Words_100/MƏN/ff5999fef8e7401ba747da10f8c3d8ff.mp4,MƏN,,unknown,17,30.0,rec_2022-12-27
ff7a234545854db6bb763266e9e9ac90,data/raw/AzSLD_Words_100/MƏN/ff7a234545854db6bb763266e9e9ac90.mp4,MƏN,,unknown,11,30.0,rec_2022-06-13
ff9fe7151e474a2882f62eba152799e1,data/raw/AzSLD_Words_100/MƏN/ff9fe7151e474a2882f62eba152799e1.mp4,MƏN,,unknown,17,30.0,rec_2022-12-27
ffb366f0df274fc78139a26c6fcdd537,data/raw/AzSLD_Words_100/MƏN/ffb366f0df274fc78139a26c6fcdd537.mp4,MƏN,,unknown,18,30.0,rec_2022-05-31
ffb3fc3f93174fe2b03c6dbf6c460a2a,data/raw/AzSLD_Words_100/MƏN/ffb3fc3f93174fe2b03c6dbf6c460a2a.mp4,MƏN,,unknown,13,30.0,rec_2022-07-20
ffd722fb86bb4b3d8d74e2f85f0be43a,data/raw/AzSLD_Words_100/MƏN/ffd722fb86bb4b3d8d74e2f85f0be43a.mp4,MƏN,,unknown,13,30.0,rec_2022-11-10
ffe3398a6ef94d33aeb3d5becb8ce915,data/raw/AzSLD_Words_100/MƏN/ffe3398a6ef94d33aeb3d5becb8ce915.mp4,MƏN,,unknown,20,30.0,rec_2022-07-22
0333062ac27d40b2bb881ba0cd4768cb,data/raw/AzSLD_Words_100/MƏNİM/0333062ac27d40b2bb881ba0cd4768cb.mp4,MƏNİM,,unknown,18,30.0,rec_2022-12-28
04e4f6a0d9ec438a86dbcd42c089d860,data/raw/AzSLD_Words_100/MƏNİM/04e4f6a0d9ec438a86dbcd42c089d860.mp4,MƏNİM,,unknown,25,30.0,rec_2022-11-22
051467233a7e46518c3fd80358312b18,data/raw/AzSLD_Words_100/MƏNİM/051467233a7e46518c3fd80358312b18.mp4,MƏNİM,,unknown,18,30.0,rec_2022-12-27
055c2b1719014402934182a8d908d3cc,data/raw/AzSLD_Words_100/MƏNİM/055c2b1719014402934182a8d908d3cc.mp4,MƏNİM,,unknown,24,30.0,rec_2022-11-22
05c5198c08ea4d1792d5e76bce54f55f,data/raw/AzSLD_Words_100/MƏNİM/05c5198c08ea4d1792d5e76bce54f55f.mp4,MƏNİM,,unknown,15,30.0,rec_2022-12-22
069608f9edd348b0856a04661f704422,data/raw/AzSLD_Words_100/MƏNİM/069608f9edd348b0856a04661f704422.mp4,MƏNİM,,unknown,12,30.0,rec_2022-12-22
069830c4425b414f8344952e56a49a3f,data/raw/AzSLD_Words_100/MƏNİM/069830c4425b414f8344952e56a49a3f.mp4,MƏNİM,,unknown,8,30.0,rec_2022-07-02
070dbd101a4a40e1b2069ae1a3e7f708,data/raw/AzSLD_Words_100/MƏNİM/070dbd101a4a40e1b2069ae1a3e7f708.mp4,MƏNİM,,unknown,18,30.0,rec_2022-12-15
075ef5191c7e41aa849d632b11823a90,data/raw/AzSLD_Words_100/MƏNİM/075ef5191c7e41aa849d632b11823a90.mp4,MƏNİM,,unknown,24,30.0,rec_2022-12-20
08156b10ed564b649caada86b8315b18,data/raw/AzSLD_Words_100/MƏNİM/08156b10ed564b649caada86b8315b18.mp4,MƏNİM,,unknown,17,30.0,rec_2022-12-27
081d3f011867477c81757c7015047c38,data/raw/AzSLD_Words_100/MƏNİM/081d3f011867477c81757c7015047c38.mp4,MƏNİM,,unknown,14,30.0,rec_2022-12-20
087048ca7e5d430eb69889fd3be310c4,data/raw/AzSLD_Words_100/MƏNİM/087048ca7e5d430eb69889fd3be310c4.mp4,MƏNİM,,unknown,16,30.0,rec_2022-11-22
095fc09d9abc4e44875dddfdb9333dcb,data/raw/AzSLD_Words_100/MƏNİM/095fc09d9abc4e44875dddfdb9333dcb.mp4,MƏNİM,,unknown,12,30.0,rec_2022-12-16
096754895a17469982411310f568a27c,data/raw/AzSLD_Words_100/MƏNİM/096754895a17469982411310f568a27c.mp4,MƏNİM,,unknown,11,30.0,rec_2022-11-18
141ac6f6bed74b6cb71f2f57bb2aa8e1,data/raw/AzSLD_Words_100/MƏNİM/141ac6f6bed74b6cb71f2f57bb2aa8e1.mp4,MƏNİM,,unknown,8,30.0,rec_2022-11-18
15ffcec2d018407aa357c2b9ff7cb840,data/raw/AzSLD_Words_100/MƏNİM/15ffcec2d018407aa357c2b9ff7cb840.mp4,MƏNİM,,unknown,11,30.0,rec_2022-12-16
1606f4e2c8c44f78948c916e19e7e191,data/raw/AzSLD_Words_100/MƏNİM/1606f4e2c8c44f78948c916e19e7e191.mp4,MƏNİM,,unknown,20,30.0,rec_2022-12-22
186b37649c8047a1be73103abbad0f98,data/raw/AzSLD_Words_100/MƏNİM/186b37649c8047a1be73103abbad0f98.mp4,MƏNİM,,unknown,13,30.0,rec_2022-11-17
1a20f39eeaa84c7192e00eac69766031,data/raw/AzSLD_Words_100/MƏNİM/1a20f39eeaa84c7192e00eac69766031.mp4,MƏNİM,,unknown,10,30.0,rec_2022-11-18
1a60ccd3e742470b9547ad5befac0052,data/raw/AzSLD_Words_100/MƏNİM/1a60ccd3e742470b9547ad5befac0052.mp4,MƏNİM,,unknown,23,30.0,rec_2022-10-26
1af60de7c1b64d62be29dd1eae12fce7,data/raw/AzSLD_Words_100/MƏNİM/1af60de7c1b64d62be29dd1eae12fce7.mp4,MƏNİM,,unknown,12,30.0,rec_2022-11-18
1cabc7d99b7e433db5ad7c932d9c36fb,data/raw/AzSLD_Words_100/MƏNİM/1cabc7d99b7e433db5ad7c932d9c36fb.mp4,MƏNİM,,unknown,18,30.0,rec_2022-10-28
1f5a3e9ea9d5478da8befd64415dbd22,data/raw/AzSLD_Words_100/MƏNİM/1f5a3e9ea9d5478da8befd64415dbd22.mp4,MƏNİM,,unknown,21,30.0,rec_2022-12-15
21f31bb56ffc48a4b475da687e854fc1,data/raw/AzSLD_Words_100/MƏNİM/21f31bb56ffc48a4b475da687e854fc1.mp4,MƏNİM,,unknown,14,30.0,rec_2022-12-20
2278a656948e4b389f39e9167bd0e502,data/raw/AzSLD_Words_100/MƏNİM/2278a656948e4b389f39e9167bd0e502.mp4,MƏNİM,,unknown,29,30.0,rec_2022-11-22
23badc3f31d74bb2a102b3ec6c90058e,data/raw/AzSLD_Words_100/MƏNİM/23badc3f31d74bb2a102b3ec6c90058e.mp4,MƏNİM,,unknown,17,30.0,rec_2022-11-22
23d17cd07bfb4bbfad0a26a99a4bb0e3,data/raw/AzSLD_Words_100/MƏNİM/23d17cd07bfb4bbfad0a26a99a4bb0e3.mp4,MƏNİM,,unknown,20,30.0,rec_2022-11-19
25e7b3f1db1a47baac00a69ee9bf2fe7,data/raw/AzSLD_Words_100/MƏNİM/25e7b3f1db1a47baac00a69ee9bf2fe7.mp4,MƏNİM,,unknown,23,30.0,rec_2022-11-19
27f93c890b98473e86361a4c07db0565,data/raw/AzSLD_Words_100/MƏNİM/27f93c890b98473e86361a4c07db0565.mp4,MƏNİM,,unknown,19,30.0,rec_2022-12-20
288f3e83a87c4eb69e367fe1e3ccc47e,data/raw/AzSLD_Words_100/MƏNİM/288f3e83a87c4eb69e367fe1e3ccc47e.mp4,MƏNİM,,unknown,18,30.0,rec_2022-11-10
29faa14558c4439eb93125434a671394,data/raw/AzSLD_Words_100/MƏNİM/29faa14558c4439eb93125434a671394.mp4,MƏNİM,,unknown,24,30.0,rec_2022-12-22
2a4cf397d7e8485f95dda6041682af42,data/raw/AzSLD_Words_100/MƏNİM/2a4cf397d7e8485f95dda6041682af42.mp4,MƏNİM,,unknown,12,30.0,rec_2022-11-18
2c67d62d1b554ae696cd004c03c278cc,data/raw/AzSLD_Words_100/MƏNİM/2c67d62d1b554ae696cd004c03c278cc.mp4,MƏNİM,,unknown,16,30.0,rec_2022-10-28
2fb7e280249846eda046c7e36e7b89a7,data/raw/AzSLD_Words_100/MƏNİM/2fb7e280249846eda046c7e36e7b89a7.mp4,MƏNİM,,unknown,18,30.0,rec_2022-11-10
305082006319499293c2521ce1acc62e,data/raw/AzSLD_Words_100/MƏNİM/305082006319499293c2521ce1acc62e.mp4,MƏNİM,,unknown,12,30.0,rec_2022-12-15
33923622b5f04bbfaff92d87d22075b9,data/raw/AzSLD_Words_100/MƏNİM/33923622b5f04bbfaff92d87d22075b9.mp4,MƏNİM,,unknown,17,30.0,rec_2022-12-22
33d59dc6a56c47c3ba0c547829128783,data/raw/AzSLD_Words_100/MƏNİM/33d59dc6a56c47c3ba0c547829128783.mp4,MƏNİM,,unknown,22,30.0,rec_2022-12-28
37c7f17f0c5948de82d2d991c287dcf6,data/raw/AzSLD_Words_100/MƏNİM/37c7f17f0c5948de82d2d991c287dcf6.mp4,MƏNİM,,unknown,14,30.0,rec_2022-12-15
37cacedcb98947329e1ce11c7d20e369,data/raw/AzSLD_Words_100/MƏNİM/37cacedcb98947329e1ce11c7d20e369.mp4,MƏNİM,,unknown,13,30.0,rec_2022-11-10
388a4636d602436ea6095917cfdb080c,data/raw/AzSLD_Words_100/MƏNİM/388a4636d602436ea6095917cfdb080c.mp4,MƏNİM,,unknown,17,30.0,rec_2022-10-28
398e7babbbe8431a9db85fbd8f557006,data/raw/AzSLD_Words_100/MƏNİM/398e7babbbe8431a9db85fbd8f557006.mp4,MƏNİM,,unknown,12,30.0,rec_2022-12-28
3dec8f2eda8b46cfa98dcdec9a977387,data/raw/AzSLD_Words_100/MƏNİM/3dec8f2eda8b46cfa98dcdec9a977387.mp4,MƏNİM,,unknown,12,30.0,rec_2022-11-17
3df9726181914f52bab0648f9b3b9db8,data/raw/AzSLD_Words_100/MƏNİM/3df9726181914f52bab0648f9b3b9db8.mp4,MƏNİM,,unknown,17,30.0,rec_2022-11-19
4ad391cf2cc04709a23c9b57b0d0faa6,data/raw/AzSLD_Words_100/MƏNİM/4ad391cf2cc04709a23c9b57b0d0faa6.mp4,MƏNİM,,unknown,18,30.0,rec_2022-10-26
4b7a3db6093440a7beb4541fc8985a9a,data/raw/AzSLD_Words_100/MƏNİM/4b7a3db6093440a7beb4541fc8985a9a.mp4,MƏNİM,,unknown,9,30.0,rec_2022-12-16
4b806e31a33544a0b75bdee0747df8d2,data/raw/AzSLD_Words_100/MƏNİM/4b806e31a33544a0b75bdee0747df8d2.mp4,MƏNİM,,unknown,26,30.0,rec_2022-12-15
4f522cb97835468fb1d011fdeed95456,data/raw/AzSLD_Words_100/MƏNİM/4f522cb97835468fb1d011fdeed95456.mp4,MƏNİM,,unknown,14,30.0,rec_2022-11-02
512e7e5fc7bc44d1804d6c3dfe1d7f43,data/raw/AzSLD_Words_100/MƏNİM/512e7e5fc7bc44d1804d6c3dfe1d7f43.mp4,MƏNİM,,unknown,26,30.0,rec_2022-11-22
537a6010e77c4cf4bb9af4be71c2ad06,data/raw/AzSLD_Words_100/MƏNİM/537a6010e77c4cf4bb9af4be71c2ad06.mp4,MƏNİM,,unknown,16,30.0,rec_2023-01-18
539c72f696494168bda59dae07c7bd9c,data/raw/AzSLD_Words_100/MƏNİM/539c72f696494168bda59dae07c7bd9c.mp4,MƏNİM,,unknown,19,30.0,rec_2022-12-20
54a0e6f09d324107865a6d00fec61762,data/raw/AzSLD_Words_100/MƏNİM/54a0e6f09d324107865a6d00fec61762.mp4,MƏNİM,,unknown,17,30.0,rec_2022-12-20
54d74e203f8c430e9f5a64449d4947c0,data/raw/AzSLD_Words_100/MƏNİM/54d74e203f8c430e9f5a64449d4947c0.mp4,MƏNİM,,unknown,18,30.0,rec_2022-12-24
56b60c4388a841fba65f99be22e02afb,data/raw/AzSLD_Words_100/MƏNİM/56b60c4388a841fba65f99be22e02afb.mp4,MƏNİM,,unknown,22,30.0,rec_2022-12-15
5a21247cf9114fa4a6d54e13d9db62aa,data/raw/AzSLD_Words_100/MƏNİM/5a21247cf9114fa4a6d54e13d9db62aa.mp4,MƏNİM,,unknown,22,30.0,rec_2022-12-15
5ca83f812d5446c99f59d663fb2e3206,data/raw/AzSLD_Words_100/MƏNİM/5ca83f812d5446c99f59d663fb2e3206.mp4,MƏNİM,,unknown,16,30.0,rec_2022-12-20
637f716472194d1d9e84bdc38a3f64c4,data/raw/AzSLD_Words_100/MƏNİM/637f716472194d1d9e84bdc38a3f64c4.mp4,MƏNİM,,unknown,17,30.0,rec_2022-10-26
6b2676a4a5be489aac942c6ed636c844,data/raw/AzSLD_Words_100/MƏNİM/6b2676a4a5be489aac942c6ed636c844.mp4,MƏNİM,,unknown,14,30.0,rec_2022-12-13
6cb7423a91674b80b4d7ee902bd64c42,data/raw/AzSLD_Words_100/MƏNİM/6cb7423a91674b80b4d7ee902bd64c42.mp4,MƏNİM,,unknown,16,30.0,rec_2022-12-20
6dbe5f42bc0549d7baa0e7d3b7dedc67,data/raw/AzSLD_Words_100/MƏNİM/6dbe5f42bc0549d7baa0e7d3b7dedc67.mp4,MƏNİM,,unknown,21,30.0,rec_2022-11-22
6dfb8213b8e04db1b12ff9f345d0d33a,data/raw/AzSLD_Words_100/MƏNİM/6dfb8213b8e04db1b12ff9f345d0d33a.mp4,MƏNİM,,unknown,16,30.0,rec_2022-12-23
709c5c6e442d45389e0557d780967a6a,data/raw/AzSLD_Words_100/MƏNİM/709c5c6e442d45389e0557d780967a6a.mp4,MƏNİM,,unknown,13,30.0,rec_2022-07-21
713b2a5ff33f4b51a1306cea30819ebd,data/raw/AzSLD_Words_100/MƏNİM/713b2a5ff33f4b51a1306cea30819ebd.mp4,MƏNİM,,unknown,10,30.0,rec_2022-11-02
7176ffb10fd640d98234e30d1f3d2bc7,data/raw/AzSLD_Words_100/MƏNİM/7176ffb10fd640d98234e30d1f3d2bc7.mp4,MƏNİM,,unknown,1,30.0,rec_2023-01-19
71909887739b43bba5b5fc527f541d5c,data/raw/AzSLD_Words_100/MƏNİM/71909887739b43bba5b5fc527f541d5c.mp4,MƏNİM,,unknown,18,30.0,rec_2022-12-22
723ac901f64a43019606c4c8696080ec,data/raw/AzSLD_Words_100/MƏNİM/723ac901f64a43019606c4c8696080ec.mp4,MƏNİM,,unknown,25,30.0,rec_2022-12-15
74cce4c35dde4b0fbcadbcd8ac2ecf41,data/raw/AzSLD_Words_100/MƏNİM/74cce4c35dde4b0fbcadbcd8ac2ecf41.mp4,MƏNİM,,unknown,18,30.0,rec_2022-11-18
753f099d325e4f0d8918c41d783b6fb4,data/raw/AzSLD_Words_100/MƏNİM/753f099d325e4f0d8918c41d783b6fb4.mp4,MƏNİM,,unknown,14,30.0,rec_2022-12-27
764d237dd2b844128d4c2d2882aac9bd,data/raw/AzSLD_Words_100/MƏNİM/764d237dd2b844128d4c2d2882aac9bd.mp4,MƏNİM,,unknown,20,30.0,rec_2022-12-24
7759e2426a644ce4944b1851e561176b,data/raw/AzSLD_Words_100/MƏNİM/7759e2426a644ce4944b1851e561176b.mp4,MƏNİM,,unknown,21,30.0,rec_2022-12-24
785d041183e541dea0c3b454d0c6f800,data/raw/AzSLD_Words_100/MƏNİM/785d041183e541dea0c3b454d0c6f800.mp4,MƏNİM,,unknown,14,30.0,rec_2022-12-17
788be17c4f874b6584e1a0980b2a48e6,data/raw/AzSLD_Words_100/MƏNİM/788be17c4f874b6584e1a0980b2a48e6.mp4,MƏNİM,,unknown,13,30.0,rec_2022-12-23
79294c69396c4dd89fd12589f6e459c5,data/raw/AzSLD_Words_100/MƏNİM/79294c69396c4dd89fd12589f6e459c5.mp4,MƏNİM,,unknown,13,30.0,rec_2022-11-10
7c6aab5a32e04f809f79aa570de12de1,data/raw/AzSLD_Words_100/MƏNİM/7c6aab5a32e04f809f79aa570de12de1.mp4,MƏNİM,,unknown,21,30.0,rec_2022-11-19
7e62fd632fe3406da027b926366d24c9,data/raw/AzSLD_Words_100/MƏNİM/7e62fd632fe3406da027b926366d24c9.mp4,MƏNİM,,unknown,18,30.0,rec_2022-11-04
7f461096cc0f4c49aa3c08dfa8fea625,data/raw/AzSLD_Words_100/MƏNİM/7f461096cc0f4c49aa3c08dfa8fea625.mp4,MƏNİM,,unknown,17,30.0,rec_2022-11-17
7f54b91044574712ad108e50744561ca,data/raw/AzSLD_Words_100/MƏNİM/7f54b91044574712ad108e50744561ca.mp4,MƏNİM,,unknown,28,30.0,rec_2022-11-22
809282721b2c49d88ffeddaf9e7d81f2,data/raw/AzSLD_Words_100/MƏNİM/809282721b2c49d88ffeddaf9e7d81f2.mp4,MƏNİM,,unknown,18,30.0,rec_2022-12-23
81f111fb8576423fa467792c92ed15c1,data/raw/AzSLD_Words_100/MƏNİM/81f111fb8576423fa467792c92ed15c1.mp4,MƏNİM,,unknown,12,30.0,rec_2022-11-05
841d85df9ca94f4e804f12559df1ea82,data/raw/AzSLD_Words_100/MƏNİM/841d85df9ca94f4e804f12559df1ea82.mp4,MƏNİM,,unknown,17,30.0,rec_2022-12-24
850f70d20ac44b6eb75d48752bef20ea,data/raw/AzSLD_Words_100/MƏNİM/850f70d20ac44b6eb75d48752bef20ea.mp4,MƏNİM,,unknown,12,30.0,rec_2022-12-17
86fbfa14bd894f6396e3092ca2e7e6f9,data/raw/AzSLD_Words_100/MƏNİM/86fbfa14bd894f6396e3092ca2e7e6f9.mp4,MƏNİM,,unknown,17,30.0,rec_2022-12-28
87dda399a1174941a962a552f7002722,data/raw/AzSLD_Words_100/MƏNİM/87dda399a1174941a962a552f7002722.mp4,MƏNİM,,unknown,18,30.0,rec_2022-12-20
8b2ea304c9144567b5efc8889f18551e,data/raw/AzSLD_Words_100/MƏNİM/8b2ea304c9144567b5efc8889f18551e.mp4,MƏNİM,,unknown,22,30.0,rec_2022-11-17
8d5f8d1a0d5c4d279cca1f7d245be202,data/raw/AzSLD_Words_100/MƏNİM/8d5f8d1a0d5c4d279cca1f7d245be202.mp4,MƏNİM,,unknown,12,30.0,rec_2022-11-18
8ec542bd3ac84a31b2b4e46001b8a2e8,data/raw/AzSLD_Words_100/MƏNİM/8ec542bd3ac84a31b2b4e46001b8a2e8.mp4,MƏNİM,,unknown,16,30.0,rec_2022-11-04
8f4ac7dc044046d7861d9deb04f11b30,data/raw/AzSLD_Words_100/MƏNİM/8f4ac7dc044046d7861d9deb04f11b30.mp4,MƏNİM,,unknown,17,30.0,rec_2022-11-19
8fd4b4c032bf499ebe76667af2246787,data/raw/AzSLD_Words_100/MƏNİM/8fd4b4c032bf499ebe76667af2246787.mp4,MƏNİM,,unknown,26,30.0,rec_2022-10-26
903541205d504d2a869cbd07ce28bda3,data/raw/AzSLD_Words_100/MƏNİM/903541205d504d2a869cbd07ce28bda3.mp4,MƏNİM,,unknown,21,30.0,rec_2022-11-17
90c402c5e37b4083aca3e23f15c96244,data/raw/AzSLD_Words_100/MƏNİM/90c402c5e37b4083aca3e23f15c96244.mp4,MƏNİM,,unknown,15,30.0,rec_2022-12-27
92d5a629a4874fe4b2045da1a3f71761,data/raw/AzSLD_Words_100/MƏNİM/92d5a629a4874fe4b2045da1a3f71761.mp4,MƏNİM,,unknown,19,30.0,rec_2023-01-19
945f0a6c294f433ab8f5e8e4c0b9a2e3,data/raw/AzSLD_Words_100/MƏNİM/945f0a6c294f433ab8f5e8e4c0b9a2e3.mp4,MƏNİM,,unknown,23,30.0,rec_2022-10-28
94aaa8bc1f5e4518b9d9382e628c88b5,data/raw/AzSLD_Words_100/MƏNİM/94aaa8bc1f5e4518b9d9382e628c88b5.mp4,MƏNİM,,unknown,18,30.0,rec_2022-12-28
94ea2350a6724514902fd168c26a57b0,data/raw/AzSLD_Words_100/MƏNİM/94ea2350a6724514902fd168c26a57b0.mp4,MƏNİM,,unknown,20,30.0,rec_2022-12-22
9caa35696a1b45a7840f4781cf494fa0,data/raw/AzSLD_Words_100/MƏNİM/9caa35696a1b45a7840f4781cf494fa0.mp4,MƏNİM,,unknown,16,30.0,rec_2022-12-27
a06aa8746a6446d3a5940b17f7ed0bf9,data/raw/AzSLD_Words_100/MƏNİM/a06aa8746a6446d3a5940b17f7ed0bf9.mp4,MƏNİM,,unknown,28,30.0,rec_2022-11-22
a0a9516236b24ef4a74d680efaeab54f,data/raw/AzSLD_Words_100/MƏNİM/a0a9516236b24ef4a74d680efaeab54f.mp4,MƏNİM,,unknown,14,30.0,rec_2022-12-20
a7d1ef8bf5484d78bbe03aaf8a6f4f53,data/raw/AzSLD_Words_100/MƏNİM/a7d1ef8bf5484d78bbe03aaf8a6f4f53.mp4,MƏNİM,,unknown,21,30.0,rec_2022-11-04
a835666e8e9544a8ba8adf015e818b0a,data/raw/AzSLD_Words_100/MƏNİM/a835666e8e9544a8ba8adf015e818b0a.mp4,MƏNİM,,unknown,9,30.0,rec_2022-11-18
a9061690182249b0b009591815e6caec,data/raw/AzSLD_Words_100/MƏNİM/a9061690182249b0b009591815e6caec.mp4,MƏNİM,,unknown,12,30.0,rec_2022-12-16
aa605546ae214dea9e61ec6955f552dd,data/raw/AzSLD_Words_100/MƏNİM/aa605546ae214dea9e61ec6955f552dd.mp4,MƏNİM,,unknown,16,30.0,rec_2022-12-17
ab4cb124198b4dd2b1acbdb3ddefa21e,data/raw/AzSLD_Words_100/MƏNİM/ab4cb124198b4dd2b1acbdb3ddefa21e.mp4,MƏNİM,,unknown,20,30.0,rec_2022-11-17
ab5435b903424868bc968cb93129d3ba,data/raw/AzSLD_Words_100/MƏNİM/ab5435b903424868bc968cb93129d3ba.mp4,MƏNİM,,unknown,13,30.0,rec_2022-11-10
ab5bab5fbd4441ababc7127e87c5e29f,data/raw/AzSLD_Words_100/MƏNİM/ab5bab5fbd4441ababc7127e87c5e29f.mp4,MƏNİM,,unknown,24,30.0,rec_2022-11-17
acee297f003c4a3cbb907d3ff8ce1edf,data/raw/AzSLD_Words_100/MƏNİM/acee297f003c4a3cbb907d3ff8ce1edf.mp4,MƏNİM,,unknown,20,30.0,rec_2022-11-02
adb624f56a264239b3380aa2bfcc0203,data/raw/AzSLD_Words_100/MƏNİM/adb624f56a264239b3380aa2bfcc0203.mp4,MƏNİM,,unknown,26,30.0,rec_2022-12-23
af6432b43d054f14adc75eda7e68fcd1,data/raw/AzSLD_Words_100/MƏNİM/af6432b43d054f14adc75eda7e68fcd1.mp4,MƏNİM,,unknown,14,30.0,rec_2022-11-10
b1ef6476bc3943168b41e6a9d7c9cca1,data/raw/AzSLD_Words_100/MƏNİM/b1ef6476bc3943168b41e6a9d7c9cca1.mp4,MƏNİM,,unknown,18,30.0,rec_2022-12-23
b3596e2cf9004b40beaaa4ab21b9ace1,data/raw/AzSLD_Words_100/MƏNİM/b3596e2cf9004b40beaaa4ab21b9ace1.mp4,MƏNİM,,unknown,17,30.0,rec_2022-12-23
b6469605b99e4678a90df6059a6a9019,data/raw/AzSLD_Words_100/MƏNİM/b6469605b99e4678a90df6059a6a9019.mp4,MƏNİM,,unknown,16,30.0,rec_2022-12-22
b67084105cf74f3c92e82fbc1d178972,data/raw/AzSLD_Words_100/MƏNİM/b67084105cf74f3c92e82fbc1d178972.mp4,MƏNİM,,unknown,20,30.0,rec_2022-11-17
b967b62a0cdc47d4ad35d342c1b1a65f,data/raw/AzSLD_Words_100/MƏNİM/b967b62a0cdc47d4ad35d342c1b1a65f.mp4,MƏNİM,,unknown,14,30.0,rec_2022-11-10
ba5eb8c838184636a906cb4544a412fa,data/raw/AzSLD_Words_100/MƏNİM/ba5eb8c838184636a906cb4544a412fa.mp4,MƏNİM,,unknown,14,30.0,rec_2022-11-02
bc8617e921584262a7f7f17758449148,data/raw/AzSLD_Words_100/MƏNİM/bc8617e921584262a7f7f17758449148.mp4,MƏNİM,,unknown,20,30.0,rec_2022-12-22
bd5a1dd8b8dd47b0a9170e64cbb8012e,data/raw/AzSLD_Words_100/MƏNİM/bd5a1dd8b8dd47b0a9170e64cbb8012e.mp4,MƏNİM,,unknown,19,30.0,rec_2022-11-22
bfcf105cdc0140c694fe1f2b5e95e8ac,data/raw/AzSLD_Words_100/MƏNİM/bfcf105cdc0140c694fe1f2b5e95e8ac.mp4,MƏNİM,,unknown,16,30.0,rec_2022-12-17
c0aa1964c1e84566b44c33d5c678c3a8,data/raw/AzSLD_Words_100/MƏNİM/c0aa1964c1e84566b44c33d5c678c3a8.mp4,MƏNİM,,unknown,14,30.0,rec_2022-12-23
c24bb17cfb0b41abb78d12cf4353b248,data/raw/AzSLD_Words_100/MƏNİM/c24bb17cfb0b41abb78d12cf4353b248.mp4,MƏNİM,,unknown,16,30.0,rec_2022-12-27
c26001fa74a840d881a7138fc9d2ad1f,data/raw/AzSLD_Words_100/MƏNİM/c26001fa74a840d881a7138fc9d2ad1f.mp4,MƏNİM,,unknown,16,30.0,rec_2022-12-27
c96774970e7845f9a082a7be7d6928c8,data/raw/AzSLD_Words_100/MƏNİM/c96774970e7845f9a082a7be7d6928c8.mp4,MƏNİM,,unknown,13,30.0,rec_2022-12-20
c97e533b673a43ffae831fe638802d94,data/raw/AzSLD_Words_100/MƏNİM/c97e533b673a43ffae831fe638802d94.mp4,MƏNİM,,unknown,21,30.0,rec_2022-12-28
cb62c4fa052e40fcbdd54ee17419a2d7,data/raw/AzSLD_Words_100/MƏNİM/cb62c4fa052e40fcbdd54ee17419a2d7.mp4,MƏNİM,,unknown,19,30.0,rec_2022-12-27
cc1a3c3c3ba44abaaba9da5e71c9969c,data/raw/AzSLD_Words_100/MƏNİM/cc1a3c3c3ba44abaaba9da5e71c9969c.mp4,MƏNİM,,unknown,13,30.0,rec_2022-12-17
cdfe7e4ee3f34552a8de4b27fdae2e92,data/raw/AzSLD_Words_100/MƏNİM/cdfe7e4ee3f34552a8de4b27fdae2e92.mp4,MƏNİM,,unknown,9,30.0,rec_2022-12-17
ce6d54fd1cd340579ae67da15ab05d8f,data/raw/AzSLD_Words_100/MƏNİM/ce6d54fd1cd340579ae67da15ab05d8f.mp4,MƏNİM,,unknown,14,30.0,rec_2022-12-27
cf4300078acf48ca890104d83bd0401a,data/raw/AzSLD_Words_100/MƏNİM/cf4300078acf48ca890104d83bd0401a.mp4,MƏNİM,,unknown,15,30.0,rec_2022-11-19
d1196d89f006442e9e7174bd31762236,data/raw/AzSLD_Words_100/MƏNİM/d1196d89f006442e9e7174bd31762236.mp4,MƏNİM,,unknown,16,30.0,rec_2023-01-18
d148ba7b89d94561bf3f7d5469033818,data/raw/AzSLD_Words_100/MƏNİM/d148ba7b89d94561bf3f7d5469033818.mp4,MƏNİM,,unknown,16,30.0,rec_2022-12-20
d35a6ba93562408fbf836b238aef8130,data/raw/AzSLD_Words_100/MƏNİM/d35a6ba93562408fbf836b238aef8130.mp4,MƏNİM,,unknown,14,30.0,rec_2022-11-18
d46412426a414a7ca361fac206ef7e2e,data/raw/AzSLD_Words_100/MƏNİM/d46412426a414a7ca361fac206ef7e2e.mp4,MƏNİM,,unknown,20,30.0,rec_2022-10-26
d5ab18e2c1024aa1b813103498922b58,data/raw/AzSLD_Words_100/MƏNİM/d5ab18e2c1024aa1b813103498922b58.mp4,MƏNİM,,unknown,19,30.0,rec_2022-10-26
d5eb847b2805433585d57fbf932cae3e,data/raw/AzSLD_Words_100/MƏNİM/d5eb847b2805433585d57fbf932cae3e.mp4,MƏNİM,,unknown,16,30.0,rec_2022-11-02
d97a9cc201484e028b5947b8335f494b,data/raw/AzSLD_Words_100/MƏNİM/d97a9cc201484e028b5947b8335f494b.mp4,MƏNİM,,unknown,18,30.0,rec_2022-12-17
da61c4037a22411c84122fc9ebc7e9f9,data/raw/AzSLD_Words_100/MƏNİM/da61c4037a22411c84122fc9ebc7e9f9.mp4,MƏNİM,,unknown,9,30.0,rec_2022-12-27
da688aef49124e129832abc81eeb9a8f,data/raw/AzSLD_Words_100/MƏNİM/da688aef49124e129832abc81eeb9a8f.mp4,MƏNİM,,unknown,10,30.0,rec_2022-12-22
dc8cb1caee664055986cf67df807e96d,data/raw/AzSLD_Words_100/MƏNİM/dc8cb1caee664055986cf67df807e96d.mp4,MƏNİM,,unknown,14,30.0,rec_2022-12-20
ddbb6e4189534e23a14ee5eb14e759ec,data/raw/AzSLD_Words_100/MƏNİM/ddbb6e4189534e23a14ee5eb14e759ec.mp4,MƏNİM,,unknown,14,30.0,rec_2022-12-24
df81987f6ed94757abaabd71dbba621a,data/raw/AzSLD_Words_100/MƏNİM/df81987f6ed94757abaabd71dbba621a.mp4,MƏNİM,,unknown,26,30.0,rec_2022-11-19
dffcf349aec14d2e995a07d60b980ad3,data/raw/AzSLD_Words_100/MƏNİM/dffcf349aec14d2e995a07d60b980ad3.mp4,MƏNİM,,unknown,18,30.0,rec_2022-12-23
e091447be4f742fb9696fc9b77a40516,data/raw/AzSLD_Words_100/MƏNİM/e091447be4f742fb9696fc9b77a40516.mp4,MƏNİM,,unknown,15,30.0,rec_2022-12-20
e16ac6c577814bf4b8829f7609890a35,data/raw/AzSLD_Words_100/MƏNİM/e16ac6c577814bf4b8829f7609890a35.mp4,MƏNİM,,unknown,17,30.0,rec_2022-12-23
e1bc6a9c1a294eb7b6ecbad8a4507dae,data/raw/AzSLD_Words_100/MƏNİM/e1bc6a9c1a294eb7b6ecbad8a4507dae.mp4,MƏNİM,,unknown,26,30.0,rec_2022-10-26
e1c51a3315bb492e9004069a87623f9a,data/raw/AzSLD_Words_100/MƏNİM/e1c51a3315bb492e9004069a87623f9a.mp4,MƏNİM,,unknown,25,30.0,rec_2022-12-22
e1f7143a1ffe48bba86e58a46d8bbf5b,data/raw/AzSLD_Words_100/MƏNİM/e1f7143a1ffe48bba86e58a46d8bbf5b.mp4,MƏNİM,,unknown,12,30.0,rec_2022-11-05
e3378083aeca4575a49b8a4abe82982c,data/raw/AzSLD_Words_100/MƏNİM/e3378083aeca4575a49b8a4abe82982c.mp4,MƏNİM,,unknown,15,30.0,rec_2022-12-22
e36ca8872fe847d4872b2f3d2875eca6,data/raw/AzSLD_Words_100/MƏNİM/e36ca8872fe847d4872b2f3d2875eca6.mp4,MƏNİM,,unknown,17,30.0,rec_2022-10-26
e3d1965943c543ee888fb5c870fc842c,data/raw/AzSLD_Words_100/MƏNİM/e3d1965943c543ee888fb5c870fc842c.mp4,MƏNİM,,unknown,17,30.0,rec_2022-11-04
e4520c072a7a4095a3f8322da6e4a3c0,data/raw/AzSLD_Words_100/MƏNİM/e4520c072a7a4095a3f8322da6e4a3c0.mp4,MƏNİM,,unknown,16,30.0,rec_2022-12-16
e7185f8e7d9d4bf8b7346e0bbd1f33e0,data/raw/AzSLD_Words_100/MƏNİM/e7185f8e7d9d4bf8b7346e0bbd1f33e0.mp4,MƏNİM,,unknown,12,30.0,rec_2022-11-18
e92fae17eb17457eb048f7005ab07c52,data/raw/AzSLD_Words_100/MƏNİM/e92fae17eb17457eb048f7005ab07c52.mp4,MƏNİM,,unknown,16,30.0,rec_2022-12-28
ea571905c70248efb3e453a7936f458d,data/raw/AzSLD_Words_100/MƏNİM/ea571905c70248efb3e453a7936f458d.mp4,MƏNİM,,unknown,29,30.0,rec_2022-10-26
eb7e886094574ec795c3593afabbf971,data/raw/AzSLD_Words_100/MƏNİM/eb7e886094574ec795c3593afabbf971.mp4,MƏNİM,,unknown,14,30.0,rec_2022-11-18
ec7977e1d3544f2385004ccbff8edb71,data/raw/AzSLD_Words_100/MƏNİM/ec7977e1d3544f2385004ccbff8edb71.mp4,MƏNİM,,unknown,21,30.0,rec_2022-12-20
ecdbdd40ea7d4c9bbdf40ece55e2abc9,data/raw/AzSLD_Words_100/MƏNİM/ecdbdd40ea7d4c9bbdf40ece55e2abc9.mp4,MƏNİM,,unknown,9,30.0,rec_2022-12-17
edadaccc5b31466e8745d6dba250d3ca,data/raw/AzSLD_Words_100/MƏNİM/edadaccc5b31466e8745d6dba250d3ca.mp4,MƏNİM,,unknown,20,30.0,rec_2022-11-22
efb2371eb7554d6d90aab8d04497108d,data/raw/AzSLD_Words_100/MƏNİM/efb2371eb7554d6d90aab8d04497108d.mp4,MƏNİM,,unknown,34,30.0,rec_2022-11-22
efbb818d5a25485e98e22626f3391d8e,data/raw/AzSLD_Words_100/MƏNİM/efbb818d5a25485e98e22626f3391d8e.mp4,MƏNİM,,unknown,15,30.0,rec_2022-12-23
f04a4836a8774997bd662a8c0b831c0f,data/raw/AzSLD_Words_100/MƏNİM/f04a4836a8774997bd662a8c0b831c0f.mp4,MƏNİM,,unknown,14,30.0,rec_2022-12-15
f185077a0db94138ae91c19b5f556d68,data/raw/AzSLD_Words_100/MƏNİM/f185077a0db94138ae91c19b5f556d68.mp4,MƏNİM,,unknown,18,30.0,rec_2022-11-10
f31b44c9b9334e8589a62800d148a008,data/raw/AzSLD_Words_100/MƏNİM/f31b44c9b9334e8589a62800d148a008.mp4,MƏNİM,,unknown,16,30.0,rec_2022-12-20
f33b593a17424d2f8c4500b3cfc0f10d,data/raw/AzSLD_Words_100/MƏNİM/f33b593a17424d2f8c4500b3cfc0f10d.mp4,MƏNİM,,unknown,13,30.0,rec_2022-12-23
f3ff5730befe40998375d55452e3fef4,data/raw/AzSLD_Words_100/MƏNİM/f3ff5730befe40998375d55452e3fef4.mp4,MƏNİM,,unknown,26,30.0,rec_2022-11-18
f45837e8cbdc4363bdc6a0d009569eff,data/raw/AzSLD_Words_100/MƏNİM/f45837e8cbdc4363bdc6a0d009569eff.mp4,MƏNİM,,unknown,17,30.0,rec_2022-12-22
f4f99d65c9c349b18225ae577c74c9de,data/raw/AzSLD_Words_100/MƏNİM/f4f99d65c9c349b18225ae577c74c9de.mp4,MƏNİM,,unknown,19,30.0,rec_2022-11-17
f53ea53e1a804f64a2a6d313d2ea2a27,data/raw/AzSLD_Words_100/MƏNİM/f53ea53e1a804f64a2a6d313d2ea2a27.mp4,MƏNİM,,unknown,15,30.0,rec_2023-01-19
f904e551e9574225b4eb0c01513c7a49,data/raw/AzSLD_Words_100/MƏNİM/f904e551e9574225b4eb0c01513c7a49.mp4,MƏNİM,,unknown,9,30.0,rec_2022-12-27
fb13b539d4d64214bf534c59983dd3d7,data/raw/AzSLD_Words_100/MƏNİM/fb13b539d4d64214bf534c59983dd3d7.mp4,MƏNİM,,unknown,18,30.0,rec_2022-12-24
fd08e4fb1f504b629172e8ca80bfd725,data/raw/AzSLD_Words_100/MƏNİM/fd08e4fb1f504b629172e8ca80bfd725.mp4,MƏNİM,,unknown,16,30.0,rec_2022-11-18
fe84c8e021634f228889c153178fe001,data/raw/AzSLD_Words_100/MƏNİM/fe84c8e021634f228889c153178fe001.mp4,MƏNİM,,unknown,22,30.0,rec_2022-12-17
018334f816f74dc39104c0574f42f997,data/raw/AzSLD_Words_100/MƏNƏ/018334f816f74dc39104c0574f42f997.mp4,MƏNƏ,,unknown,20,30.0,rec_2023-01-18
0688b0ef5509409ba7e7d3f79272ed85,data/raw/AzSLD_Words_100/MƏNƏ/0688b0ef5509409ba7e7d3f79272ed85.mp4,MƏNƏ,,unknown,12,30.0,rec_2022-11-04
068fcd669ffa4483b922198ef4c126db,data/raw/AzSLD_Words_100/MƏNƏ/068fcd669ffa4483b922198ef4c126db.mp4,MƏNƏ,,unknown,22,30.0,rec_2022-12-17
0886859572fe47e38b066a6db4d5fc9c,data/raw/AzSLD_Words_100/MƏNƏ/0886859572fe47e38b066a6db4d5fc9c.mp4,MƏNƏ,,unknown,19,30.0,rec_2022-12-24
0f21a5a145454647b3ddff46da0c7725,data/raw/AzSLD_Words_100/MƏNƏ/0f21a5a145454647b3ddff46da0c7725.mp4,MƏNƏ,,unknown,14,30.0,rec_2022-12-28
103b557099b74db6a63cd2bd1ac90c17,data/raw/AzSLD_Words_100/MƏNƏ/103b557099b74db6a63cd2bd1ac90c17.mp4,MƏNƏ,,unknown,17,30.0,rec_2022-12-20
157a97531f2949ac82f1a4070bb335d1,data/raw/AzSLD_Words_100/MƏNƏ/157a97531f2949ac82f1a4070bb335d1.mp4,MƏNƏ,,unknown,18,30.0,rec_2022-11-17
22926d6bc227425cbc618afa681f63c8,data/raw/AzSLD_Words_100/MƏNƏ/22926d6bc227425cbc618afa681f63c8.mp4,MƏNƏ,,unknown,20,30.0,rec_2022-10-28
2494a345a382450987f5e1023b6311ac,data/raw/AzSLD_Words_100/MƏNƏ/2494a345a382450987f5e1023b6311ac.mp4,MƏNƏ,,unknown,21,30.0,rec_2022-12-23
24ec96cf54e34a4797c388611ee77896,data/raw/AzSLD_Words_100/MƏNƏ/24ec96cf54e34a4797c388611ee77896.mp4,MƏNƏ,,unknown,13,30.0,rec_2022-12-27
2d268fa871f3489b9d685ba49f105eb5,data/raw/AzSLD_Words_100/MƏNƏ/2d268fa871f3489b9d685ba49f105eb5.mp4,MƏNƏ,,unknown,16,30.0,rec_2022-11-10
2ea82e4f817446c6907070a67b0e1aae,data/raw/AzSLD_Words_100/MƏNƏ/2ea82e4f817446c6907070a67b0e1aae.mp4,MƏNƏ,,unknown,11,30.0,rec_2022-11-10
3d5ce3140d0447ad89844c689f921e67,data/raw/AzSLD_Words_100/MƏNƏ/3d5ce3140d0447ad89844c689f921e67.mp4,MƏNƏ,,unknown,21,30.0,rec_2022-11-17
4531ff77fcc84bd58682ff600d1d6a2c,data/raw/AzSLD_Words_100/MƏNƏ/4531ff77fcc84bd58682ff600d1d6a2c.mp4,MƏNƏ,,unknown,9,30.0,rec_2022-12-22
48bbdbffef984a389d3e128ae6ed08c2,data/raw/AzSLD_Words_100/MƏNƏ/48bbdbffef984a389d3e128ae6ed08c2.mp4,MƏNƏ,,unknown,15,30.0,rec_2022-11-04
48f6bc06f3cf4677a389766489363f85,data/raw/AzSLD_Words_100/MƏNƏ/48f6bc06f3cf4677a389766489363f85.mp4,MƏNƏ,,unknown,19,30.0,rec_2022-12-28
491adbb159c843c5b48ee2bb522180bd,data/raw/AzSLD_Words_100/MƏNƏ/491adbb159c843c5b48ee2bb522180bd.mp4,MƏNƏ,,unknown,17,30.0,rec_2022-11-19
4f16f3c03fd24bf484991f21f7d7ccdb,data/raw/AzSLD_Words_100/MƏNƏ/4f16f3c03fd24bf484991f21f7d7ccdb.mp4,MƏNƏ,,unknown,20,30.0,rec_2022-12-20
5421f4602e2b4454be155336fd20bd08,data/raw/AzSLD_Words_100/MƏNƏ/5421f4602e2b4454be155336fd20bd08.mp4,MƏNƏ,,unknown,12,30.0,rec_2022-12-27
5e3bd873cb5f480b8a21137241238f2f,data/raw/AzSLD_Words_100/MƏNƏ/5e3bd873cb5f480b8a21137241238f2f.mp4,MƏNƏ,,unknown,12,30.0,rec_2022-12-15
61ef71549b864a72a74979df516b9844,data/raw/AzSLD_Words_100/MƏNƏ/61ef71549b864a72a74979df516b9844.mp4,MƏNƏ,,unknown,12,30.0,rec_2022-12-22
62834d7158774d95807dad85867669b7,data/raw/AzSLD_Words_100/MƏNƏ/62834d7158774d95807dad85867669b7.mp4,MƏNƏ,,unknown,14,30.0,rec_2022-12-24
62d6c3f92f974c3a9121dd292679a9e7,data/raw/AzSLD_Words_100/MƏNƏ/62d6c3f92f974c3a9121dd292679a9e7.mp4,MƏNƏ,,unknown,16,30.0,rec_2022-12-24
6e2c93acfcd943789b402655ac237737,data/raw/AzSLD_Words_100/MƏNƏ/6e2c93acfcd943789b402655ac237737.mp4,MƏNƏ,,unknown,20,30.0,rec_2022-12-27
7567b8e4c51542fa9d30f90cb472fe2e,data/raw/AzSLD_Words_100/MƏNƏ/7567b8e4c51542fa9d30f90cb472fe2e.mp4,MƏNƏ,,unknown,21,30.0,rec_2022-11-22
7bf3416740bd4989a760778aeb012c77,data/raw/AzSLD_Words_100/MƏNƏ/7bf3416740bd4989a760778aeb012c77.mp4,MƏNƏ,,unknown,20,30.0,rec_2022-11-18
7c2674ab30cb44d687d02b8e50014a14,data/raw/AzSLD_Words_100/MƏNƏ/7c2674ab30cb44d687d02b8e50014a14.mp4,MƏNƏ,,unknown,18,30.0,rec_2022-12-27
7f2079f4ac574d8da1d60dff8fb0af7a,data/raw/AzSLD_Words_100/MƏNƏ/7f2079f4ac574d8da1d60dff8fb0af7a.mp4,MƏNƏ,,unknown,11,30.0,rec_2022-12-23
80b11e9ea45e48c4af357e4fc14fc6f5,data/raw/AzSLD_Words_100/MƏNƏ/80b11e9ea45e48c4af357e4fc14fc6f5.mp4,MƏNƏ,,unknown,17,30.0,rec_2022-10-28
94f1a2d8d2ca47c7bb48fcc957aa6568,data/raw/AzSLD_Words_100/MƏNƏ/94f1a2d8d2ca47c7bb48fcc957aa6568.mp4,MƏNƏ,,unknown,16,30.0,rec_2022-12-20
961b4596966947c992ad5d7f298fdc89,data/raw/AzSLD_Words_100/MƏNƏ/961b4596966947c992ad5d7f298fdc89.mp4,MƏNƏ,,unknown,15,30.0,rec_2022-11-04
97b3295012bc46b596e7fc0281b2849c,data/raw/AzSLD_Words_100/MƏNƏ/97b3295012bc46b596e7fc0281b2849c.mp4,MƏNƏ,,unknown,15,30.0,rec_2022-12-23
9fbc2e8b31c44eb7ab3f4647865f54e0,data/raw/AzSLD_Words_100/MƏNƏ/9fbc2e8b31c44eb7ab3f4647865f54e0.mp4,MƏNƏ,,unknown,22,30.0,rec_2022-10-28
a7794a3942814aec88d8bcb9bac07531,data/raw/AzSLD_Words_100/MƏNƏ/a7794a3942814aec88d8bcb9bac07531.mp4,MƏNƏ,,unknown,17,30.0,rec_2022-12-23
aa0e9821632345f3bd523ee63b19fc2e,data/raw/AzSLD_Words_100/MƏNƏ/aa0e9821632345f3bd523ee63b19fc2e.mp4,MƏNƏ,,unknown,25,30.0,rec_2022-11-22
aed64e0102364efb8c2820335bc94e12,data/raw/AzSLD_Words_100/MƏNƏ/aed64e0102364efb8c2820335bc94e12.mp4,MƏNƏ,,unknown,17,30.0,rec_2022-12-23
b8e346a8c4354e7094c25049450d771b,data/raw/AzSLD_Words_100/MƏNƏ/b8e346a8c4354e7094c25049450d771b.mp4,MƏNƏ,,unknown,21,30.0,rec_2022-12-28
c6137c4819474b86b04659e0a0c73fbf,data/raw/AzSLD_Words_100/MƏNƏ/c6137c4819474b86b04659e0a0c73fbf.mp4,MƏNƏ,,unknown,22,30.0,rec_2022-12-22
c716f766c2a145359d142ff6b06acc5e,data/raw/AzSLD_Words_100/MƏNƏ/c716f766c2a145359d142ff6b06acc5e.mp4,MƏNƏ,,unknown,24,30.0,rec_2022-12-24
d373f364d4d9471f9a81db676a727f02,data/raw/AzSLD_Words_100/MƏNƏ/d373f364d4d9471f9a81db676a727f02.mp4,MƏNƏ,,unknown,10,30.0,rec_2022-12-20
e2c21b2040c2464f932dcec3b1de4960,data/raw/AzSLD_Words_100/MƏNƏ/e2c21b2040c2464f932dcec3b1de4960.mp4,MƏNƏ,,unknown,11,30.0,rec_2022-12-16
e8df90a33ae84e95851b406ac6ecf879,data/raw/AzSLD_Words_100/MƏNƏ/e8df90a33ae84e95851b406ac6ecf879.mp4,MƏNƏ,,unknown,16,30.0,rec_2022-11-05
ed68ed433fca41f398be285805b065f4,data/raw/AzSLD_Words_100/MƏNƏ/ed68ed433fca41f398be285805b065f4.mp4,MƏNƏ,,unknown,16,30.0,rec_2022-12-22
ef188c9451e242a3babd754e94c2c5e0,data/raw/AzSLD_Words_100/MƏNƏ/ef188c9451e242a3babd754e94c2c5e0.mp4,MƏNƏ,,unknown,17,30.0,rec_2022-11-19
f3f847fe42064a65ba805eaa92de7075,data/raw/AzSLD_Words_100/MƏNƏ/f3f847fe42064a65ba805eaa92de7075.mp4,MƏNƏ,,unknown,13,30.0,rec_2022-10-28
fd5c001899e84458bb1878385561f070,data/raw/AzSLD_Words_100/MƏNƏ/fd5c001899e84458bb1878385561f070.mp4,MƏNƏ,,unknown,20,30.0,rec_2022-12-22
1125d063935b485e8c5f5fd1b81f163e,data/raw/AzSLD_Words_100/NECƏ/1125d063935b485e8c5f5fd1b81f163e.mp4,NECƏ,,unknown,14,30.0,rec_2022-07-02
143ba5d329604e4e99ff34fabb0ab7ce,data/raw/AzSLD_Words_100/NECƏ/143ba5d329604e4e99ff34fabb0ab7ce.mp4,NECƏ,,unknown,21,30.0,rec_2022-07-21
210812adc65441968fc28502281be5b4,data/raw/AzSLD_Words_100/NECƏ/210812adc65441968fc28502281be5b4.mp4,NECƏ,,unknown,14,30.0,rec_2022-07-18
3238622c68974a888ab6368a4f873e61,data/raw/AzSLD_Words_100/NECƏ/3238622c68974a888ab6368a4f873e61.mp4,NECƏ,,unknown,12,30.0,rec_2022-07-15
35775eec646144a3b0c1d3c4c095381a,data/raw/AzSLD_Words_100/NECƏ/35775eec646144a3b0c1d3c4c095381a.mp4,NECƏ,,unknown,18,30.0,rec_2022-12-22
59af3d6364b844ed8e85ead7df943de2,data/raw/AzSLD_Words_100/NECƏ/59af3d6364b844ed8e85ead7df943de2.mp4,NECƏ,,unknown,24,30.0,rec_2022-07-02
62bd742bdc024e699cfcfb2a3b7da3d5,data/raw/AzSLD_Words_100/NECƏ/62bd742bdc024e699cfcfb2a3b7da3d5.mp4,NECƏ,,unknown,20,30.0,rec_2022-12-24
6f5c314530ab4d5283a92d9f3e35b54d,data/raw/AzSLD_Words_100/NECƏ/6f5c314530ab4d5283a92d9f3e35b54d.mp4,NECƏ,,unknown,21,30.0,rec_2022-06-11
7aaf40f4b7f844acae27c3be3e41d6ec,data/raw/AzSLD_Words_100/NECƏ/7aaf40f4b7f844acae27c3be3e41d6ec.mp4,NECƏ,,unknown,9,30.0,rec_2022-07-20
7ba31f66baf547efba8ab99d5e4e578e,data/raw/AzSLD_Words_100/NECƏ/7ba31f66baf547efba8ab99d5e4e578e.mp4,NECƏ,,unknown,20,30.0,rec_2022-05-26
945b68f74c02462ca13ae4ac9a1226f5,data/raw/AzSLD_Words_100/NECƏ/945b68f74c02462ca13ae4ac9a1226f5.mp4,NECƏ,,unknown,8,30.0,rec_2022-07-20
9bcfec59ccdd43118f4d4eead0de6890,data/raw/AzSLD_Words_100/NECƏ/9bcfec59ccdd43118f4d4eead0de6890.mp4,NECƏ,,unknown,11,30.0,rec_2022-07-20
9dd5c971177e4cdca7fc2da4671d4271,data/raw/AzSLD_Words_100/NECƏ/9dd5c971177e4cdca7fc2da4671d4271.mp4,NECƏ,,unknown,14,30.0,rec_2022-12-23
9e27f85d48414482a9b2db3b8a3960a7,data/raw/AzSLD_Words_100/NECƏ/9e27f85d48414482a9b2db3b8a3960a7.mp4,NECƏ,,unknown,9,30.0,rec_2022-06-01
af13867b623349d1aa0253697403d56c,data/raw/AzSLD_Words_100/NECƏ/af13867b623349d1aa0253697403d56c.mp4,NECƏ,,unknown,20,30.0,rec_2023-01-19
ba1e0da2753a491887decbb463eafc7b,data/raw/AzSLD_Words_100/NECƏ/ba1e0da2753a491887decbb463eafc7b.mp4,NECƏ,,unknown,16,30.0,rec_2022-08-01
ba2602e5647140beadf06304e8580191,data/raw/AzSLD_Words_100/NECƏ/ba2602e5647140beadf06304e8580191.mp4,NECƏ,,unknown,23,30.0,rec_2022-07-16
bb025569e8cf4460ac1152944b5cbfaf,data/raw/AzSLD_Words_100/NECƏ/bb025569e8cf4460ac1152944b5cbfaf.mp4,NECƏ,,unknown,26,30.0,rec_2022-12-20
c4fbeae2666346f9bdf219bad1e2a929,data/raw/AzSLD_Words_100/NECƏ/c4fbeae2666346f9bdf219bad1e2a929.mp4,NECƏ,,unknown,11,30.0,rec_2022-06-18
c70ae527c93046d8ab33b01c56fd200a,data/raw/AzSLD_Words_100/NECƏ/c70ae527c93046d8ab33b01c56fd200a.mp4,NECƏ,,unknown,12,30.0,rec_2022-07-13
d338340270c3475dade517ee1ecd2494,data/raw/AzSLD_Words_100/NECƏ/d338340270c3475dade517ee1ecd2494.mp4,NECƏ,,unknown,15,30.0,rec_2022-07-02
da35d6a08bf1440d8fb08b79ba5dd7f8,data/raw/AzSLD_Words_100/NECƏ/da35d6a08bf1440d8fb08b79ba5dd7f8.mp4,NECƏ,,unknown,15,30.0,rec_2022-07-16
e66596c1083440aca3a0b1b44686bd79,data/raw/AzSLD_Words_100/NECƏ/e66596c1083440aca3a0b1b44686bd79.mp4,NECƏ,,unknown,17,30.0,rec_2022-07-22
e6a34dc14cdd4d919f5f636873a7aed2,data/raw/AzSLD_Words_100/NECƏ/e6a34dc14cdd4d919f5f636873a7aed2.mp4,NECƏ,,unknown,34,30.0,rec_2022-12-17
f1c6dd0bb2ec413aae5ce814b61a66a8,data/raw/AzSLD_Words_100/NECƏ/f1c6dd0bb2ec413aae5ce814b61a66a8.mp4,NECƏ,,unknown,23,30.0,rec_2022-12-23
f254e33902e34bbd9ce9bde2ec4da403,data/raw/AzSLD_Words_100/NECƏ/f254e33902e34bbd9ce9bde2ec4da403.mp4,NECƏ,,unknown,9,30.0,rec_2022-07-18
f4127d3972fb4d0ca525b1d329e66128,data/raw/AzSLD_Words_100/NECƏ/f4127d3972fb4d0ca525b1d329e66128.mp4,NECƏ,,unknown,17,30.0,rec_2022-12-22
02ba6e7c679b478ca4fb283091f02ce0,data/raw/AzSLD_Words_100/NƏDİR/02ba6e7c679b478ca4fb283091f02ce0.mp4,NƏDİR,,unknown,14,30.0,rec_2022-07-20
0f38945d45b04f2eb3d9e32c6f5255a5,data/raw/AzSLD_Words_100/NƏDİR/0f38945d45b04f2eb3d9e32c6f5255a5.mp4,NƏDİR,,unknown,30,30.0,rec_2022-05-31
1553dfd4fb9341f4b6ceb688855fe5a6,data/raw/AzSLD_Words_100/NƏDİR/1553dfd4fb9341f4b6ceb688855fe5a6.mp4,NƏDİR,,unknown,20,30.0,rec_2022-11-10
187591e18d1446f4bb726fe1fcd4801e,data/raw/AzSLD_Words_100/NƏDİR/187591e18d1446f4bb726fe1fcd4801e.mp4,NƏDİR,,unknown,25,30.0,rec_2022-05-31
35db1200291b44aa82eeb71ae6b18752,data/raw/AzSLD_Words_100/NƏDİR/35db1200291b44aa82eeb71ae6b18752.mp4,NƏDİR,,unknown,29,30.0,rec_2022-06-16
449985c216fd405ca30277c0179efa71,data/raw/AzSLD_Words_100/NƏDİR/449985c216fd405ca30277c0179efa71.mp4,NƏDİR,,unknown,28,30.0,rec_2022-07-22
4a6d438b0a1d416791c44b979af0c2e2,data/raw/AzSLD_Words_100/NƏDİR/4a6d438b0a1d416791c44b979af0c2e2.mp4,NƏDİR,,unknown,34,30.0,rec_2022-07-19
5a948f5415b0481dbe50fda8ebcd07cd,data/raw/AzSLD_Words_100/NƏDİR/5a948f5415b0481dbe50fda8ebcd07cd.mp4,NƏDİR,,unknown,30,30.0,rec_2022-07-18
72508ff2dd0847a5951035e4e06cd28c,data/raw/AzSLD_Words_100/NƏDİR/72508ff2dd0847a5951035e4e06cd28c.mp4,NƏDİR,,unknown,25,30.0,rec_2022-07-18
7f6a3506224c4376998e0f14dabd3572,data/raw/AzSLD_Words_100/NƏDİR/7f6a3506224c4376998e0f14dabd3572.mp4,NƏDİR,,unknown,38,30.0,rec_2022-07-22
815b832e2bec4f46b57819b2c0d83a1e,data/raw/AzSLD_Words_100/NƏDİR/815b832e2bec4f46b57819b2c0d83a1e.mp4,NƏDİR,,unknown,36,30.0,rec_2022-08-01
9bbb4cc02037424b8a6fad21ab8fa23c,data/raw/AzSLD_Words_100/NƏDİR/9bbb4cc02037424b8a6fad21ab8fa23c.mp4,NƏDİR,,unknown,25,30.0,rec_2022-08-02
9f3aa46767a240da86545bf2f8429f56,data/raw/AzSLD_Words_100/NƏDİR/9f3aa46767a240da86545bf2f8429f56.mp4,NƏDİR,,unknown,21,30.0,rec_2022-06-13
b35f3f6f90984b2ea552211541821617,data/raw/AzSLD_Words_100/NƏDİR/b35f3f6f90984b2ea552211541821617.mp4,NƏDİR,,unknown,31,30.0,rec_2022-05-31
c0845174086b46639a58c72ff7c11dd4,data/raw/AzSLD_Words_100/NƏDİR/c0845174086b46639a58c72ff7c11dd4.mp4,NƏDİR,,unknown,28,30.0,rec_2022-07-15
ce67903592894947b5d5aebc8a2ac1a7,data/raw/AzSLD_Words_100/NƏDİR/ce67903592894947b5d5aebc8a2ac1a7.mp4,NƏDİR,,unknown,25,30.0,rec_2022-07-13
da2bd5957e97459e90c559b470f698c4,data/raw/AzSLD_Words_100/NƏDİR/da2bd5957e97459e90c559b470f698c4.mp4,NƏDİR,,unknown,21,30.0,rec_2022-07-02
ec9deaca15ce46b5b2994b69d672a340,data/raw/AzSLD_Words_100/NƏDİR/ec9deaca15ce46b5b2994b69d672a340.mp4,NƏDİR,,unknown,27,30.0,rec_2022-07-16
fcee48e86dec43d7853f16f38ce6eb3b,data/raw/AzSLD_Words_100/NƏDİR/fcee48e86dec43d7853f16f38ce6eb3b.mp4,NƏDİR,,unknown,45,30.0,rec_2022-07-16
01113ce25007448cb7c8a0e4de474311,data/raw/AzSLD_Words_100/O/01113ce25007448cb7c8a0e4de474311.mp4,O,,unknown,15,30.0,rec_2023-01-25
01536e4f856b4852843468586ab5c092,data/raw/AzSLD_Words_100/O/01536e4f856b4852843468586ab5c092.mp4,O,,unknown,17,30.0,rec_2022-10-28
02c3b1c82ab040589fa33c0c702ba339,data/raw/AzSLD_Words_100/O/02c3b1c82ab040589fa33c0c702ba339.mp4,O,,unknown,20,30.0,rec_2022-12-28
0316ca5ea67a43458cfbdb6fafb14563,data/raw/AzSLD_Words_100/O/0316ca5ea67a43458cfbdb6fafb14563.mp4,O,,unknown,10,30.0,rec_2022-12-23
0408010b4d5d414f84db4b1d3bd2c106,data/raw/AzSLD_Words_100/O/0408010b4d5d414f84db4b1d3bd2c106.mp4,O,,unknown,18,30.0,rec_2022-12-17
04bbadbea0d04ba9a0375183a9ad6c7e,data/raw/AzSLD_Words_100/O/04bbadbea0d04ba9a0375183a9ad6c7e.mp4,O,,unknown,14,30.0,rec_2022-11-19
056bb3f3cf334cbdb3cc981225996d7d,data/raw/AzSLD_Words_100/O/056bb3f3cf334cbdb3cc981225996d7d.mp4,O,,unknown,22,30.0,rec_2022-12-16
0582e45ee3424aeab0d6ae4e01930009,data/raw/AzSLD_Words_100/O/0582e45ee3424aeab0d6ae4e01930009.mp4,O,,unknown,26,30.0,rec_2022-11-04
059f33c099bf48aaaeb66060f602b95b,data/raw/AzSLD_Words_100/O/059f33c099bf48aaaeb66060f602b95b.mp4,O,,unknown,15,30.0,rec_2023-01-18
099fc47f8b45479282f8730a87221d05,data/raw/AzSLD_Words_100/O/099fc47f8b45479282f8730a87221d05.mp4,O,,unknown,26,30.0,rec_2022-12-24
0a9193eacb464f1cad47d3d75621ef7b,data/raw/AzSLD_Words_100/O/0a9193eacb464f1cad47d3d75621ef7b.mp4,O,,unknown,15,30.0,rec_2022-12-22
0c08e27d74a9421f87729c69ee476576,data/raw/AzSLD_Words_100/O/0c08e27d74a9421f87729c69ee476576.mp4,O,,unknown,16,30.0,rec_2022-11-10
0c39cbba63724ac285380ba99566bbf5,data/raw/AzSLD_Words_100/O/0c39cbba63724ac285380ba99566bbf5.mp4,O,,unknown,11,30.0,rec_2022-12-20
0df8105402b144298b6b21ee94bf25ad,data/raw/AzSLD_Words_100/O/0df8105402b144298b6b21ee94bf25ad.mp4,O,,unknown,17,30.0,rec_2022-12-23
0ec4040ac2704e0b94c7df5324faf6af,data/raw/AzSLD_Words_100/O/0ec4040ac2704e0b94c7df5324faf6af.mp4,O,,unknown,19,30.0,
0fc40b513a9b496c9ecaf0cff7e6165b,data/raw/AzSLD_Words_100/O/0fc40b513a9b496c9ecaf0cff7e6165b.mp4,O,,unknown,9,30.0,rec_2022-12-27
0fdfc71db08d4dd6a340b502d99abc09,data/raw/AzSLD_Words_100/O/0fdfc71db08d4dd6a340b502d99abc09.mp4,O,,unknown,13,30.0,rec_2022-12-27
10588c40d0ce4716bb34a6ed1dbba4d2,data/raw/AzSLD_Words_100/O/10588c40d0ce4716bb34a6ed1dbba4d2.mp4,O,,unknown,14,30.0,rec_2022-07-27
110ca70acba749009069946472cf476a,data/raw/AzSLD_Words_100/O/110ca70acba749009069946472cf476a.mp4,O,,unknown,17,30.0,rec_2022-11-17
11a56fd1a5fa4a6d9e7dfa35f498f2ef,data/raw/AzSLD_Words_100/O/11a56fd1a5fa4a6d9e7dfa35f498f2ef.mp4,O,,unknown,10,30.0,rec_2022-07-22
12e0b83a408f4c63b894e54079a0fe9c,data/raw/AzSLD_Words_100/O/12e0b83a408f4c63b894e54079a0fe9c.mp4,O,,unknown,30,30.0,rec_2022-12-15
14fcc7e2437740f0bb0db9eb8e94a861,data/raw/AzSLD_Words_100/O/14fcc7e2437740f0bb0db9eb8e94a861.mp4,O,,unknown,16,30.0,rec_2022-12-23
172be1ed3d2740a2ace4ce0a96c23d09,data/raw/AzSLD_Words_100/O/172be1ed3d2740a2ace4ce0a96c23d09.mp4,O,,unknown,20,30.0,rec_2022-11-22
18180d5bcc004a7da913fda532ba8d10,data/raw/AzSLD_Words_100/O/18180d5bcc004a7da913fda532ba8d10.mp4,O,,unknown,24,30.0,
1838eef0b6ac4281b78b92a47affe537,data/raw/AzSLD_Words_100/O/1838eef0b6ac4281b78b92a47affe537.mp4,O,,unknown,19,30.0,rec_2022-12-22
185811c093d84a959d15d1dd16a76b54,data/raw/AzSLD_Words_100/O/185811c093d84a959d15d1dd16a76b54.mp4,O,,unknown,21,30.0,rec_2022-07-18
19562a7059004e839ef356790e983c2c,data/raw/AzSLD_Words_100/O/19562a7059004e839ef356790e983c2c.mp4,O,,unknown,15,30.0,rec_2022-11-10
19602a9028e44acf80176c0d5d198d18,data/raw/AzSLD_Words_100/O/19602a9028e44acf80176c0d5d198d18.mp4,O,,unknown,23,30.0,rec_2022-12-23
19bfaec0c6fe4b10bcbc834ff7c03b13,data/raw/AzSLD_Words_100/O/19bfaec0c6fe4b10bcbc834ff7c03b13.mp4,O,,unknown,10,30.0,rec_2023-01-17
1ac38f8ffbf94f159a3dd64d121f2500,data/raw/AzSLD_Words_100/O/1ac38f8ffbf94f159a3dd64d121f2500.mp4,O,,unknown,26,30.0,rec_2022-12-22
1b484cf2962049b19c6c2ea415dbcafc,data/raw/AzSLD_Words_100/O/1b484cf2962049b19c6c2ea415dbcafc.mp4,O,,unknown,12,30.0,rec_2022-11-10
1d971ea209c040f3bd6c169beed490ad,data/raw/AzSLD_Words_100/O/1d971ea209c040f3bd6c169beed490ad.mp4,O,,unknown,24,30.0,rec_2022-12-20
212e4ddac26b4b288015f0a2825dad36,data/raw/AzSLD_Words_100/O/212e4ddac26b4b288015f0a2825dad36.mp4,O,,unknown,26,30.0,rec_2022-11-22
21eba1fbbdbf435e8be6e52e6665c749,data/raw/AzSLD_Words_100/O/21eba1fbbdbf435e8be6e52e6665c749.mp4,O,,unknown,18,30.0,rec_2022-12-15
21ec504f34524fa8a76cd554fdd51804,data/raw/AzSLD_Words_100/O/21ec504f34524fa8a76cd554fdd51804.mp4,O,,unknown,17,30.0,rec_2022-10-26
220388f8abd34a24bcbd2f2edd3fc762,data/raw/AzSLD_Words_100/O/220388f8abd34a24bcbd2f2edd3fc762.mp4,O,,unknown,23,30.0,rec_2022-06-03
229fe7977f9f4712bf29742dab0a27cc,data/raw/AzSLD_Words_100/O/229fe7977f9f4712bf29742dab0a27cc.mp4,O,,unknown,21,30.0,rec_2022-12-20
236bfe1f5eb84bad88b0b451bc88e51c,data/raw/AzSLD_Words_100/O/236bfe1f5eb84bad88b0b451bc88e51c.mp4,O,,unknown,13,30.0,rec_2022-11-10
2438f8c4942b44b49f9a32aed5240b5a,data/raw/AzSLD_Words_100/O/2438f8c4942b44b49f9a32aed5240b5a.mp4,O,,unknown,28,30.0,rec_2022-06-01
25239296f47a42bf918349006cd8f2f2,data/raw/AzSLD_Words_100/O/25239296f47a42bf918349006cd8f2f2.mp4,O,,unknown,5,30.0,rec_2022-12-28
252bd100ed1845ce85908c3168dc77c2,data/raw/AzSLD_Words_100/O/252bd100ed1845ce85908c3168dc77c2.mp4,O,,unknown,10,30.0,rec_2022-12-27
2681006703f2499da4458bc894cb3b33,data/raw/AzSLD_Words_100/O/2681006703f2499da4458bc894cb3b33.mp4,O,,unknown,18,30.0,rec_2022-11-05
272878b66f9045b3848436a131b62e9a,data/raw/AzSLD_Words_100/O/272878b66f9045b3848436a131b62e9a.mp4,O,,unknown,25,30.0,
27498a12d13c41ed93769ef65062e4df,data/raw/AzSLD_Words_100/O/27498a12d13c41ed93769ef65062e4df.mp4,O,,unknown,20,30.0,rec_2022-12-27
29ad0107c7c348a696ee5915d5075393,data/raw/AzSLD_Words_100/O/29ad0107c7c348a696ee5915d5075393.mp4,O,,unknown,16,30.0,rec_2022-12-24
29ae9f1b550a433d8dd4341a122ecce0,data/raw/AzSLD_Words_100/O/29ae9f1b550a433d8dd4341a122ecce0.mp4,O,,unknown,36,30.0,rec_2022-12-20
2aca5b540e244822b8ed9dfb496970b8,data/raw/AzSLD_Words_100/O/2aca5b540e244822b8ed9dfb496970b8.mp4,O,,unknown,19,30.0,rec_2022-12-28
2addedbb96134233800aa85eebf9df84,data/raw/AzSLD_Words_100/O/2addedbb96134233800aa85eebf9df84.mp4,O,,unknown,20,30.0,rec_2022-11-04
2b0bcb892f274226a5601f67ba192ad9,data/raw/AzSLD_Words_100/O/2b0bcb892f274226a5601f67ba192ad9.mp4,O,,unknown,13,30.0,rec_2022-07-22
2b2701bb140049c0a9e13d0a42b7fea2,data/raw/AzSLD_Words_100/O/2b2701bb140049c0a9e13d0a42b7fea2.mp4,O,,unknown,18,30.0,rec_2022-12-23
2b2720f21e5c412097a71a523e5cb51a,data/raw/AzSLD_Words_100/O/2b2720f21e5c412097a71a523e5cb51a.mp4,O,,unknown,22,30.0,rec_2022-12-24
2b2fd2d634944315bb9bafb599aa3321,data/raw/AzSLD_Words_100/O/2b2fd2d634944315bb9bafb599aa3321.mp4,O,,unknown,9,30.0,rec_2022-12-20
2b59ff49c4324ef69bbe05f1c3af4728,data/raw/AzSLD_Words_100/O/2b59ff49c4324ef69bbe05f1c3af4728.mp4,O,,unknown,21,30.0,rec_2022-12-17
2c92aa1f0d5844f2b765ef43afd19ed8,data/raw/AzSLD_Words_100/O/2c92aa1f0d5844f2b765ef43afd19ed8.mp4,O,,unknown,22,30.0,rec_2022-11-19
2d216641700f4d0aac0d20fdebad63b5,data/raw/AzSLD_Words_100/O/2d216641700f4d0aac0d20fdebad63b5.mp4,O,,unknown,18,30.0,rec_2022-11-19
2e00d6fdd1ef405696dc1ed8d1427f97,data/raw/AzSLD_Words_100/O/2e00d6fdd1ef405696dc1ed8d1427f97.mp4,O,,unknown,7,30.0,rec_2022-07-21
2e9a1fd4a8424c17921246e50474682a,data/raw/AzSLD_Words_100/O/2e9a1fd4a8424c17921246e50474682a.mp4,O,,unknown,11,30.0,rec_2022-12-20
2f0221da16eb427cb49e3a068f0b343c,data/raw/AzSLD_Words_100/O/2f0221da16eb427cb49e3a068f0b343c.mp4,O,,unknown,20,30.0,rec_2022-11-19
2f70bb5c6d2f41f4b94d486b1f5a97af,data/raw/AzSLD_Words_100/O/2f70bb5c6d2f41f4b94d486b1f5a97af.mp4,O,,unknown,20,30.0,rec_2022-12-20
30531756a4f94d5bbf27444b872664a4,data/raw/AzSLD_Words_100/O/30531756a4f94d5bbf27444b872664a4.mp4,O,,unknown,23,30.0,
30655aa62e214d828394b76342ee8354,data/raw/AzSLD_Words_100/O/30655aa62e214d828394b76342ee8354.mp4,O,,unknown,24,30.0,rec_2022-12-27
31052d521ca147118600b74d1bbca11b,data/raw/AzSLD_Words_100/O/31052d521ca147118600b74d1bbca11b.mp4,O,,unknown,14,30.0,rec_2022-12-15
3163141169ae49219633ac78467331af,data/raw/AzSLD_Words_100/O/3163141169ae49219633ac78467331af.mp4,O,,unknown,22,30.0,rec_2022-11-19
322babb7dc1d4fc7b0bdd26368a9f9b6,data/raw/AzSLD_Words_100/O/322babb7dc1d4fc7b0bdd26368a9f9b6.mp4,O,,unknown,27,30.0,rec_2022-11-19
32678103dde44a27947db1509fd60ad8,data/raw/AzSLD_Words_100/O/32678103dde44a27947db1509fd60ad8.mp4,O,,unknown,18,30.0,rec_2022-12-23
339dfeb6e0cb48bf8df475217e5236d2,data/raw/AzSLD_Words_100/O/339dfeb6e0cb48bf8df475217e5236d2.mp4,O,,unknown,13,30.0,rec_2022-12-28
3577772e028c4f609cb77a652e30241f,data/raw/AzSLD_Words_100/O/3577772e028c4f609cb77a652e30241f.mp4,O,,unknown,10,30.0,rec_2022-12-28
378bf821cd0944d0a3e894ceadf17a8c,data/raw/AzSLD_Words_100/O/378bf821cd0944d0a3e894ceadf17a8c.mp4,O,,unknown,19,30.0,rec_2022-11-17
37916e8f652d4773a8a4a48f7cedc63d,data/raw/AzSLD_Words_100/O/37916e8f652d4773a8a4a48f7cedc63d.mp4,O,,unknown,20,30.0,rec_2022-12-22
396f955b584c4ec89ee4e79d0e1826f1,data/raw/AzSLD_Words_100/O/396f955b584c4ec89ee4e79d0e1826f1.mp4,O,,unknown,14,30.0,rec_2022-12-22
398ca685236d4d8b8a49b326a2aba911,data/raw/AzSLD_Words_100/O/398ca685236d4d8b8a49b326a2aba911.mp4,O,,unknown,16,30.0,rec_2022-11-17
39f39fb3670a45788cd0c3d25c5c3597,data/raw/AzSLD_Words_100/O/39f39fb3670a45788cd0c3d25c5c3597.mp4,O,,unknown,16,30.0,rec_2022-10-28
3a08e7cb2e3c4a97b6052d02700a41d4,data/raw/AzSLD_Words_100/O/3a08e7cb2e3c4a97b6052d02700a41d4.mp4,O,,unknown,22,30.0,rec_2022-12-23
3a932e90a7dc4e6d9923b65fe2313bf4,data/raw/AzSLD_Words_100/O/3a932e90a7dc4e6d9923b65fe2313bf4.mp4,O,,unknown,18,30.0,rec_2022-12-17
3c3baee8b6af4679939092ce0bed8a81,data/raw/AzSLD_Words_100/O/3c3baee8b6af4679939092ce0bed8a81.mp4,O,,unknown,9,30.0,rec_2022-07-23
3d457231c47d460ea12ce1581c3bef72,data/raw/AzSLD_Words_100/O/3d457231c47d460ea12ce1581c3bef72.mp4,O,,unknown,24,30.0,
40c5e1d6d2f84f16aafc0edb62f8aa9e,data/raw/AzSLD_Words_100/O/40c5e1d6d2f84f16aafc0edb62f8aa9e.mp4,O,,unknown,26,30.0,
40cf9b0176e14263a6dcc83fc926c459,data/raw/AzSLD_Words_100/O/40cf9b0176e14263a6dcc83fc926c459.mp4,O,,unknown,16,30.0,rec_2022-12-20
426077edd67b492ca59bddfa70a2c60c,data/raw/AzSLD_Words_100/O/426077edd67b492ca59bddfa70a2c60c.mp4,O,,unknown,9,30.0,rec_2022-12-27
428b1599870f4fa0a7791fd158966a1e,data/raw/AzSLD_Words_100/O/428b1599870f4fa0a7791fd158966a1e.mp4,O,,unknown,27,30.0,rec_2022-11-22
431163625b54482183d908619bda9bcf,data/raw/AzSLD_Words_100/O/431163625b54482183d908619bda9bcf.mp4,O,,unknown,18,30.0,
43918d6e3c324043932a21035bba4153,data/raw/AzSLD_Words_100/O/43918d6e3c324043932a21035bba4153.mp4,O,,unknown,11,30.0,rec_2022-12-16
43cb720cb5344c3ba920e85f660e5e4f,data/raw/AzSLD_Words_100/O/43cb720cb5344c3ba920e85f660e5e4f.mp4,O,,unknown,18,30.0,rec_2022-11-10
4777a952d6494846ae56b3213dc067d4,data/raw/AzSLD_Words_100/O/4777a952d6494846ae56b3213dc067d4.mp4,O,,unknown,15,30.0,rec_2022-12-23
47b3a928e9c840ac8e01b4c0a8bae4a5,data/raw/AzSLD_Words_100/O/47b3a928e9c840ac8e01b4c0a8bae4a5.mp4,O,,unknown,14,30.0,rec_2022-11-10
47cf9e530bbd4147a5769242e3731af2,data/raw/AzSLD_Words_100/O/47cf9e530bbd4147a5769242e3731af2.mp4,O,,unknown,9,30.0,rec_2022-12-27
48930e1371a94612a7dc7cae53a388cb,data/raw/AzSLD_Words_100/O/48930e1371a94612a7dc7cae53a388cb.mp4,O,,unknown,16,30.0,rec_2022-06-13
49d73265f923415cbb8d023b094d7466,data/raw/AzSLD_Words_100/O/49d73265f923415cbb8d023b094d7466.mp4,O,,unknown,12,30.0,rec_2022-11-18
49e28e9debc34dcc98492d041b88b13f,data/raw/AzSLD_Words_100/O/49e28e9debc34dcc98492d041b88b13f.mp4,O,,unknown,29,30.0,rec_2022-12-15
4a4917c7a2b94a82a3cd10e373fc0e52,data/raw/AzSLD_Words_100/O/4a4917c7a2b94a82a3cd10e373fc0e52.mp4,O,,unknown,19,30.0,rec_2022-08-02
4a75f27cac534543a9ae13a321c13597,data/raw/AzSLD_Words_100/O/4a75f27cac534543a9ae13a321c13597.mp4,O,,unknown,14,30.0,rec_2022-06-01
4b125ef164144972b22204809211ccb9,data/raw/AzSLD_Words_100/O/4b125ef164144972b22204809211ccb9.mp4,O,,unknown,22,30.0,rec_2022-10-28
4c76075a60a14c3a98b7ad1de43af74b,data/raw/AzSLD_Words_100/O/4c76075a60a14c3a98b7ad1de43af74b.mp4,O,,unknown,8,30.0,rec_2022-07-20
4ce9301e587941da9d44d31a33aefef0,data/raw/AzSLD_Words_100/O/4ce9301e587941da9d44d31a33aefef0.mp4,O,,unknown,16,30.0,rec_2022-07-18
4e13573649504dc6ab8145c6a4eb0923,data/raw/AzSLD_Words_100/O/4e13573649504dc6ab8145c6a4eb0923.mp4,O,,unknown,9,30.0,rec_2022-12-22
4f2c272070464de4a67e0481d94c6ed8,data/raw/AzSLD_Words_100/O/4f2c272070464de4a67e0481d94c6ed8.mp4,O,,unknown,8,30.0,rec_2022-12-24
50272589a490457ea75c8c09b98b8b9d,data/raw/AzSLD_Words_100/O/50272589a490457ea75c8c09b98b8b9d.mp4,O,,unknown,20,30.0,rec_2023-01-18
5409ae6df74c4c739b471f21444dc08a,data/raw/AzSLD_Words_100/O/5409ae6df74c4c739b471f21444dc08a.mp4,O,,unknown,17,30.0,rec_2022-12-23
554bd2d486634b4da9aeedf1f3dd5420,data/raw/AzSLD_Words_100/O/554bd2d486634b4da9aeedf1f3dd5420.mp4,O,,unknown,15,30.0,rec_2022-12-15
56a9f570f3cb4874a510af5438c19c65,data/raw/AzSLD_Words_100/O/56a9f570f3cb4874a510af5438c19c65.mp4,O,,unknown,24,30.0,
56b8419e157d4f3594827da282a200c5,data/raw/AzSLD_Words_100/O/56b8419e157d4f3594827da282a200c5.mp4,O,,unknown,15,30.0,rec_2022-12-24
580acabbf55b4e5dbd7a372fe42a61e7,data/raw/AzSLD_Words_100/O/580acabbf55b4e5dbd7a372fe42a61e7.mp4,O,,unknown,12,30.0,rec_2022-12-17
58cc692586bf4bd9812868561e8e444e,data/raw/AzSLD_Words_100/O/58cc692586bf4bd9812868561e8e444e.mp4,O,,unknown,21,30.0,rec_2022-12-20
5908167474f4447d8f583f6ede7e98e4,data/raw/AzSLD_Words_100/O/5908167474f4447d8f583f6ede7e98e4.mp4,O,,unknown,23,30.0,rec_2022-06-01
5bd171a8940747b696569a5d817ef003,data/raw/AzSLD_Words_100/O/5bd171a8940747b696569a5d817ef003.mp4,O,,unknown,14,30.0,rec_2022-12-22
5df9a5bee15546d6b0f09064bbd6c5d5,data/raw/AzSLD_Words_100/O/5df9a5bee15546d6b0f09064bbd6c5d5.mp4,O,,unknown,15,30.0,rec_2022-12-22
5e3e5025f1264c609695cc3985546478,data/raw/AzSLD_Words_100/O/5e3e5025f1264c609695cc3985546478.mp4,O,,unknown,20,30.0,rec_2022-10-28
5e8211f3542b45fca521e58dffbdd3a2,data/raw/AzSLD_Words_100/O/5e8211f3542b45fca521e58dffbdd3a2.mp4,O,,unknown,15,30.0,rec_2022-12-22
5e83038021e24e7f803990e7668606f5,data/raw/AzSLD_Words_100/O/5e83038021e24e7f803990e7668606f5.mp4,O,,unknown,16,30.0,rec_2022-12-16
5ef8dd76f22d40afb74d325cea316236,data/raw/AzSLD_Words_100/O/5ef8dd76f22d40afb74d325cea316236.mp4,O,,unknown,14,30.0,rec_2022-12-17
616c183ef62645cc81103c18c5bd5301,data/raw/AzSLD_Words_100/O/616c183ef62645cc81103c18c5bd5301.mp4,O,,unknown,13,30.0,rec_2022-12-23
61e790919f44404e95ff33954d596973,data/raw/AzSLD_Words_100/O/61e790919f44404e95ff33954d596973.mp4,O,,unknown,5,30.0,rec_2022-08-01
62d593c42bc04d61a82c289220557427,data/raw/AzSLD_Words_100/O/62d593c42bc04d61a82c289220557427.mp4,O,,unknown,13,30.0,rec_2022-12-23
642c571c1dcd4cb19d2581b54f74d9a5,data/raw/AzSLD_Words_100/O/642c571c1dcd4cb19d2581b54f74d9a5.mp4,O,,unknown,13,30.0,rec_2022-11-17
652f3702bb8a4d1480852d91d6a60cd6,data/raw/AzSLD_Words_100/O/652f3702bb8a4d1480852d91d6a60cd6.mp4,O,,unknown,22,30.0,rec_2022-12-13
65fba04956f54e2b95cd6de0bb8a2586,data/raw/AzSLD_Words_100/O/65fba04956f54e2b95cd6de0bb8a2586.mp4,O,,unknown,19,30.0,rec_2022-11-18
681d20fb597e4f8585d2fbea91b4e635,data/raw/AzSLD_Words_100/O/681d20fb597e4f8585d2fbea91b4e635.mp4,O,,unknown,13,30.0,rec_2022-12-22
6a67733f2f65414d93106403406165bb,data/raw/AzSLD_Words_100/O/6a67733f2f65414d93106403406165bb.mp4,O,,unknown,22,30.0,rec_2022-12-17
6ade4423240e4dbd8d46a2b66a300fdb,data/raw/AzSLD_Words_100/O/6ade4423240e4dbd8d46a2b66a300fdb.mp4,O,,unknown,14,30.0,rec_2022-12-15
6b59002b207b48209cc182238e61e4a0,data/raw/AzSLD_Words_100/O/6b59002b207b48209cc182238e61e4a0.mp4,O,,unknown,16,30.0,rec_2022-12-22
6bc177b99ca14caaa169fdbe7ae47d30,data/raw/AzSLD_Words_100/O/6bc177b99ca14caaa169fdbe7ae47d30.mp4,O,,unknown,9,30.0,rec_2022-12-16
6beff370de4843e194f71871ed79f651,data/raw/AzSLD_Words_100/O/6beff370de4843e194f71871ed79f651.mp4,O,,unknown,15,30.0,rec_2022-12-28
6bfb6b67c8504c9ba22aea37eb64ef75,data/raw/AzSLD_Words_100/O/6bfb6b67c8504c9ba22aea37eb64ef75.mp4,O,,unknown,20,30.0,rec_2022-10-26
6f575d4fa1064215b82d31333256c40a,data/raw/AzSLD_Words_100/O/6f575d4fa1064215b82d31333256c40a.mp4,O,,unknown,27,30.0,rec_2022-06-10
7115d51712b1425cb65427014e60871d,data/raw/AzSLD_Words_100/O/7115d51712b1425cb65427014e60871d.mp4,O,,unknown,27,30.0,rec_2022-06-09
715d603da7b748a0bfe72774d34fbe86,data/raw/AzSLD_Words_100/O/715d603da7b748a0bfe72774d34fbe86.mp4,O,,unknown,21,30.0,rec_2022-12-27
723ca6a867ba4aea88ca45f0be2e6b3f,data/raw/AzSLD_Words_100/O/723ca6a867ba4aea88ca45f0be2e6b3f.mp4,O,,unknown,16,30.0,rec_2022-12-28
74203d00f30d4525b807bd17736c84c3,data/raw/AzSLD_Words_100/O/74203d00f30d4525b807bd17736c84c3.mp4,O,,unknown,14,30.0,rec_2022-12-22
744e72ebffbb4c6c875ec98a741e44d2,data/raw/AzSLD_Words_100/O/744e72ebffbb4c6c875ec98a741e44d2.mp4,O,,unknown,15,30.0,rec_2022-07-13
77dd865437e74264a86a6888ff29d560,data/raw/AzSLD_Words_100/O/77dd865437e74264a86a6888ff29d560.mp4,O,,unknown,25,30.0,rec_2022-11-04
789d2d22fea1479c9c6cfd705149ec45,data/raw/AzSLD_Words_100/O/789d2d22fea1479c9c6cfd705149ec45.mp4,O,,unknown,12,30.0,rec_2022-12-20
7932dced4cb846cd97432bae190fadb0,data/raw/AzSLD_Words_100/O/7932dced4cb846cd97432bae190fadb0.mp4,O,,unknown,23,30.0,
795d0902e25d4fcf937cd68ff53bf8f1,data/raw/AzSLD_Words_100/O/795d0902e25d4fcf937cd68ff53bf8f1.mp4,O,,unknown,21,30.0,rec_2022-08-02
7a07d54af44e4d0d825b9e58ddd15a53,data/raw/AzSLD_Words_100/O/7a07d54af44e4d0d825b9e58ddd15a53.mp4,O,,unknown,25,30.0,rec_2022-11-19
7accb5dfc1d04ba48163fa8d22a4ce67,data/raw/AzSLD_Words_100/O/7accb5dfc1d04ba48163fa8d22a4ce67.mp4,O,,unknown,22,30.0,rec_2022-11-04
7be77f72e9a745f4b071173b376116a8,data/raw/AzSLD_Words_100/O/7be77f72e9a745f4b071173b376116a8.mp4,O,,unknown,21,30.0,rec_2022-12-27
7beea783fdca473382b93d4441b519c3,data/raw/AzSLD_Words_100/O/7beea783fdca473382b93d4441b519c3.mp4,O,,unknown,23,30.0,rec_2022-12-15
7c2bae2588d842f5ba1149e8839b4b2c,data/raw/AzSLD_Words_100/O/7c2bae2588d842f5ba1149e8839b4b2c.mp4,O,,unknown,14,30.0,rec_2022-12-22
7dda94378dd24e66ad8c2b457d109b15,data/raw/AzSLD_Words_100/O/7dda94378dd24e66ad8c2b457d109b15.mp4,O,,unknown,8,30.0,rec_2022-07-19
7e32889cc51746b08abc33d5fc30bcfe,data/raw/AzSLD_Words_100/O/7e32889cc51746b08abc33d5fc30bcfe.mp4,O,,unknown,12,30.0,rec_2022-07-25
7e7b0c0ee22e49b282d880505d795003,data/raw/AzSLD_Words_100/O/7e7b0c0ee22e49b282d880505d795003.mp4,O,,unknown,12,30.0,rec_2022-12-27
7e96ffb57b0943168f4704b3dfc96357,data/raw/AzSLD_Words_100/O/7e96ffb57b0943168f4704b3dfc96357.mp4,O,,unknown,20,30.0,rec_2022-12-15
7f096b53ddc24fbca2c095a0441fd256,data/raw/AzSLD_Words_100/O/7f096b53ddc24fbca2c095a0441fd256.mp4,O,,unknown,15,30.0,rec_2022-11-18
7fcd0df2ceb04d9bb8b1b29b80aa8eaf,data/raw/AzSLD_Words_100/O/7fcd0df2ceb04d9bb8b1b29b80aa8eaf.mp4,O,,unknown,26,30.0,rec_2022-07-21
80236b0d18004bd9b178e7351412f52a,data/raw/AzSLD_Words_100/O/80236b0d18004bd9b178e7351412f52a.mp4,O,,unknown,6,30.0,rec_2022-12-20
8290c76b483e400398b7c714d6e142a3,data/raw/AzSLD_Words_100/O/8290c76b483e400398b7c714d6e142a3.mp4,O,,unknown,30,30.0,rec_2022-11-04
82945ea4745e43e5b72f9c0d5437a221,data/raw/AzSLD_Words_100/O/82945ea4745e43e5b72f9c0d5437a221.mp4,O,,unknown,15,30.0,rec_2022-12-20
82f5cd3df4fd4c35bc3d136dfa757bab,data/raw/AzSLD_Words_100/O/82f5cd3df4fd4c35bc3d136dfa757bab.mp4,O,,unknown,33,30.0,rec_2022-11-01
835c581465a04150838b3109d1e593ec,data/raw/AzSLD_Words_100/O/835c581465a04150838b3109d1e593ec.mp4,O,,unknown,20,30.0,rec_2022-12-23
837ca62d4e474d01bb5450ea1dd1f3a5,data/raw/AzSLD_Words_100/O/837ca62d4e474d01bb5450ea1dd1f3a5.mp4,O,,unknown,20,30.0,rec_2022-12-16
844070cac8b347c5a11589d8dd029379,data/raw/AzSLD_Words_100/O/844070cac8b347c5a11589d8dd029379.mp4,O,,unknown,13,30.0,rec_2022-11-18
84fd9a7baaec440ea94566d57a87ee32,data/raw/AzSLD_Words_100/O/84fd9a7baaec440ea94566d57a87ee32.mp4,O,,unknown,11,30.0,rec_2022-12-16
8618eaf54704442c9fed4827e1a0b3d3,data/raw/AzSLD_Words_100/O/8618eaf54704442c9fed4827e1a0b3d3.mp4,O,,unknown,24,30.0,rec_2022-12-24
86e5c26ccaa149f5855f3491b2ec49ae,data/raw/AzSLD_Words_100/O/86e5c26ccaa149f5855f3491b2ec49ae.mp4,O,,unknown,20,30.0,rec_2022-11-22
876148190c5341e79515a1fcac3e369d,data/raw/AzSLD_Words_100/O/876148190c5341e79515a1fcac3e369d.mp4,O,,unknown,17,30.0,rec_2022-12-24
877b15b670084d03bfb46d0f35ed437c,data/raw/AzSLD_Words_100/O/877b15b670084d03bfb46d0f35ed437c.mp4,O,,unknown,18,30.0,rec_2022-11-10
87a91e47e2e44d72a0a43967ac7548bb,data/raw/AzSLD_Words_100/O/87a91e47e2e44d72a0a43967ac7548bb.mp4,O,,unknown,31,30.0,rec_2022-07-25
88ff36b6c91c474590755457addc1331,data/raw/AzSLD_Words_100/O/88ff36b6c91c474590755457addc1331.mp4,O,,unknown,10,30.0,rec_2022-08-02
8939bc1e9671489b980b1213204ed0a7,data/raw/AzSLD_Words_100/O/8939bc1e9671489b980b1213204ed0a7.mp4,O,,unknown,17,30.0,rec_2022-11-17
8b7f7849a7c0410c9e2268e8c97ca512,data/raw/AzSLD_Words_100/O/8b7f7849a7c0410c9e2268e8c97ca512.mp4,O,,unknown,15,30.0,rec_2022-12-20
8bc4b83921d54037a6762cccd413fe59,data/raw/AzSLD_Words_100/O/8bc4b83921d54037a6762cccd413fe59.mp4,O,,unknown,12,30.0,rec_2022-08-02
8bf441dbf5fa4dbfa1b6b79566e7f313,data/raw/AzSLD_Words_100/O/8bf441dbf5fa4dbfa1b6b79566e7f313.mp4,O,,unknown,18,30.0,rec_2022-12-17
8c3e9cfeecda48cb987f5ad5a843548c,data/raw/AzSLD_Words_100/O/8c3e9cfeecda48cb987f5ad5a843548c.mp4,O,,unknown,13,30.0,rec_2022-12-27
8c79b7a9d60441c0bc92f4249e9e89bb,data/raw/AzSLD_Words_100/O/8c79b7a9d60441c0bc92f4249e9e89bb.mp4,O,,unknown,28,30.0,
8d19b4f4227b4cac95532eb48cd1b372,data/raw/AzSLD_Words_100/O/8d19b4f4227b4cac95532eb48cd1b372.mp4,O,,unknown,19,30.0,rec_2022-12-17
8d4f794414424ad8815af269533c3fba,data/raw/AzSLD_Words_100/O/8d4f794414424ad8815af269533c3fba.mp4,O,,unknown,22,30.0,rec_2022-11-17
8e5c1e8aee9c427a8ea0de148a5082b4,data/raw/AzSLD_Words_100/O/8e5c1e8aee9c427a8ea0de148a5082b4.mp4,O,,unknown,29,30.0,rec_2022-12-22
8ed9dbf983b44f088d47ca920adc59c2,data/raw/AzSLD_Words_100/O/8ed9dbf983b44f088d47ca920adc59c2.mp4,O,,unknown,24,30.0,rec_2022-12-22
901223b86180439fae1f8eac942b71e9,data/raw/AzSLD_Words_100/O/901223b86180439fae1f8eac942b71e9.mp4,O,,unknown,17,30.0,rec_2022-12-15
94b9626cbef44074801edabee7c54a76,data/raw/AzSLD_Words_100/O/94b9626cbef44074801edabee7c54a76.mp4,O,,unknown,20,30.0,rec_2022-12-20
95f26acb5ba540a0986ef8b8765ab725,data/raw/AzSLD_Words_100/O/95f26acb5ba540a0986ef8b8765ab725.mp4,O,,unknown,15,30.0,rec_2022-12-28
997404b07b834b43b6ead1f6abc501b5,data/raw/AzSLD_Words_100/O/997404b07b834b43b6ead1f6abc501b5.mp4,O,,unknown,23,30.0,rec_2023-01-18
9a431747ba5f416facf0c96fe458a407,data/raw/AzSLD_Words_100/O/9a431747ba5f416facf0c96fe458a407.mp4,O,,unknown,31,30.0,rec_2022-10-26
9b189011483e4466b6aa35715cc28119,data/raw/AzSLD_Words_100/O/9b189011483e4466b6aa35715cc28119.mp4,O,,unknown,10,30.0,rec_2022-12-23
9b1996f389504a6884f39ecd9d3b77e7,data/raw/AzSLD_Words_100/O/9b1996f389504a6884f39ecd9d3b77e7.mp4,O,,unknown,17,30.0,rec_2022-11-17
9b4f2140c9364128b13a279e4305ca8a,data/raw/AzSLD_Words_100/O/9b4f2140c9364128b13a279e4305ca8a.mp4,O,,unknown,22,30.0,
9b9330c443464c8badb5053d75f9a728,data/raw/AzSLD_Words_100/O/9b9330c443464c8badb5053d75f9a728.mp4,O,,unknown,22,30.0,rec_2022-10-26
9ce6a17aa639492e98dfe61b18499dd0,data/raw/AzSLD_Words_100/O/9ce6a17aa639492e98dfe61b18499dd0.mp4,O,,unknown,1,30.0,rec_2022-12-23
9f06d249fde541538a8069071e90dfd0,data/raw/AzSLD_Words_100/O/9f06d249fde541538a8069071e90dfd0.mp4,O,,unknown,26,30.0,
9fd12ecb50554895b699df1a0eb4f0e0,data/raw/AzSLD_Words_100/O/9fd12ecb50554895b699df1a0eb4f0e0.mp4,O,,unknown,11,30.0,rec_2022-12-22
a064d26e506e4011a584039a21ded656,data/raw/AzSLD_Words_100/O/a064d26e506e4011a584039a21ded656.mp4,O,,unknown,16,30.0,rec_2022-12-20
a17b1d6b0e8a4f53ae882f9cfce377a2,data/raw/AzSLD_Words_100/O/a17b1d6b0e8a4f53ae882f9cfce377a2.mp4,O,,unknown,17,30.0,rec_2022-11-17
a1808324b87941bd9c7b9e430b7e07bb,data/raw/AzSLD_Words_100/O/a1808324b87941bd9c7b9e430b7e07bb.mp4,O,,unknown,13,30.0,rec_2022-12-16
a358aa501882457e90d1d9f9c7d1e066,data/raw/AzSLD_Words_100/O/a358aa501882457e90d1d9f9c7d1e066.mp4,O,,unknown,18,30.0,rec_2022-12-24
a49d0b68960a406f88d6458f8d400f4b,data/raw/AzSLD_Words_100/O/a49d0b68960a406f88d6458f8d400f4b.mp4,O,,unknown,13,30.0,rec_2022-12-28
a4fdadf45218424faf76d46c9102227b,data/raw/AzSLD_Words_100/O/a4fdadf45218424faf76d46c9102227b.mp4,O,,unknown,20,30.0,rec_2022-12-22
a545a460bc694d368da79784acc29b2a,data/raw/AzSLD_Words_100/O/a545a460bc694d368da79784acc29b2a.mp4,O,,unknown,19,30.0,rec_2022-06-02
a5b0121e73e14e77a84368039f2b9ccf,data/raw/AzSLD_Words_100/O/a5b0121e73e14e77a84368039f2b9ccf.mp4,O,,unknown,11,30.0,rec_2022-07-23
a5bc23491c4d48dc9755cf0db16fc427,data/raw/AzSLD_Words_100/O/a5bc23491c4d48dc9755cf0db16fc427.mp4,O,,unknown,9,30.0,rec_2022-12-20
a673ebb67ea8414d8ba62155c07507a2,data/raw/AzSLD_Words_100/O/a673ebb67ea8414d8ba62155c07507a2.mp4,O,,unknown,12,30.0,rec_2022-12-16
a6d3cb242d0c4d61bff6dac250860e1e,data/raw/AzSLD_Words_100/O/a6d3cb242d0c4d61bff6dac250860e1e.mp4,O,,unknown,9,30.0,rec_2022-12-23
a7dfe79c34214ba2aa10a813f3e8c57a,data/raw/AzSLD_Words_100/O/a7dfe79c34214ba2aa10a813f3e8c57a.mp4,O,,unknown,12,30.0,rec_2022-12-20
a8dfb1dc55e241e488dab8118b224552,data/raw/AzSLD_Words_100/O/a8dfb1dc55e241e488dab8118b224552.mp4,O,,unknown,29,30.0,rec_2022-11-22
a90d9d143b9d4f32ad79c833d5af7c76,data/raw/AzSLD_Words_100/O/a90d9d143b9d4f32ad79c833d5af7c76.mp4,O,,unknown,11,30.0,rec_2022-12-23
a99fe5cc13044dc39c12eb825ff33ab5,data/raw/AzSLD_Words_100/O/a99fe5cc13044dc39c12eb825ff33ab5.mp4,O,,unknown,8,30.0,rec_2022-07-13
a9a195dd8e6c4eab9bde1b712f32b0f9,data/raw/AzSLD_Words_100/O/a9a195dd8e6c4eab9bde1b712f32b0f9.mp4,O,,unknown,21,30.0,rec_2022-11-18
aa4ec61af4ae485fa19ded738a1e8e31,data/raw/AzSLD_Words_100/O/aa4ec61af4ae485fa19ded738a1e8e31.mp4,O,,unknown,16,30.0,rec_2022-12-23
ac3b4bb5ad4c42669167ce08fd9141e9,data/raw/AzSLD_Words_100/O/ac3b4bb5ad4c42669167ce08fd9141e9.mp4,O,,unknown,11,30.0,rec_2022-12-17
acfcb5efc5c14ca68511f961f7b7a696,data/raw/AzSLD_Words_100/O/acfcb5efc5c14ca68511f961f7b7a696.mp4,O,,unknown,12,30.0,rec_2022-12-23
ad04c7529a2b4f319c9f28addaf68a0b,data/raw/AzSLD_Words_100/O/ad04c7529a2b4f319c9f28addaf68a0b.mp4,O,,unknown,24,30.0,rec_2022-12-23
ad41bc49325d4f7aade75053022195a1,data/raw/AzSLD_Words_100/O/ad41bc49325d4f7aade75053022195a1.mp4,O,,unknown,24,30.0,rec_2022-11-18
b098be2dafa949f3aea90d30c8a4f443,data/raw/AzSLD_Words_100/O/b098be2dafa949f3aea90d30c8a4f443.mp4,O,,unknown,13,30.0,rec_2022-12-27
b0d3a62a85fe402db1dc912030cb7969,data/raw/AzSLD_Words_100/O/b0d3a62a85fe402db1dc912030cb7969.mp4,O,,unknown,17,30.0,rec_2022-12-20
b188e0969d304839a686e611eb5409e9,data/raw/AzSLD_Words_100/O/b188e0969d304839a686e611eb5409e9.mp4,O,,unknown,20,30.0,rec_2022-12-22
b1e9ffd8734e4dfdad53ace69f1dd017,data/raw/AzSLD_Words_100/O/b1e9ffd8734e4dfdad53ace69f1dd017.mp4,O,,unknown,14,30.0,rec_2022-12-23
b42396bd933e40c5b684ae208df641b8,data/raw/AzSLD_Words_100/O/b42396bd933e40c5b684ae208df641b8.mp4,O,,unknown,14,30.0,rec_2022-12-23
b48cca773160451690f694c0464b128f,data/raw/AzSLD_Words_100/O/b48cca773160451690f694c0464b128f.mp4,O,,unknown,28,30.0,rec_2022-10-28
b4d451e70d9a44a3b218bef38c271440,data/raw/AzSLD_Words_100/O/b4d451e70d9a44a3b218bef38c271440.mp4,O,,unknown,12,30.0,rec_2022-12-23
b5af55f33fd4489c9e291d5bcb9f0d8f,data/raw/AzSLD_Words_100/O/b5af55f33fd4489c9e291d5bcb9f0d8f.mp4,O,,unknown,16,30.0,rec_2022-11-10
b6410b1cbbf14de5846df249c7273dc4,data/raw/AzSLD_Words_100/O/b6410b1cbbf14de5846df249c7273dc4.mp4,O,,unknown,19,30.0,rec_2022-11-01
b675fb33d6114fe985870010c42768c8,data/raw/AzSLD_Words_100/O/b675fb33d6114fe985870010c42768c8.mp4,O,,unknown,20,30.0,rec_2022-11-01
b7f3505150b942ae8eb0e6ed4a670043,data/raw/AzSLD_Words_100/O/b7f3505150b942ae8eb0e6ed4a670043.mp4,O,,unknown,13,30.0,rec_2022-12-27
ba989095a0e34b8da3a0848ffa30d25b,data/raw/AzSLD_Words_100/O/ba989095a0e34b8da3a0848ffa30d25b.mp4,O,,unknown,26,30.0,rec_2022-12-20
baff8b911c554b1ba8e547bb424b598f,data/raw/AzSLD_Words_100/O/baff8b911c554b1ba8e547bb424b598f.mp4,O,,unknown,14,30.0,rec_2022-12-28
bb8dc9ce780a49b3a4850c2a950d4257,data/raw/AzSLD_Words_100/O/bb8dc9ce780a49b3a4850c2a950d4257.mp4,O,,unknown,9,30.0,rec_2022-12-28
bcd2307c787e41089b842b73170f9c7e,data/raw/AzSLD_Words_100/O/bcd2307c787e41089b842b73170f9c7e.mp4,O,,unknown,16,30.0,rec_2022-07-15
bdb06ab5dfa14c06b5d063f2278f80f3,data/raw/AzSLD_Words_100/O/bdb06ab5dfa14c06b5d063f2278f80f3.mp4,O,,unknown,8,30.0,rec_2022-12-20
bdc4f1d9171045f1bc95c92231be3a05,data/raw/AzSLD_Words_100/O/bdc4f1d9171045f1bc95c92231be3a05.mp4,O,,unknown,28,30.0,rec_2022-12-23
be508b8f9abb44ed86e3cf61c50fc474,data/raw/AzSLD_Words_100/O/be508b8f9abb44ed86e3cf61c50fc474.mp4,O,,unknown,19,30.0,rec_2022-11-10
bed9f70057eb48f8bf840588158eed8e,data/raw/AzSLD_Words_100/O/bed9f70057eb48f8bf840588158eed8e.mp4,O,,unknown,15,30.0,rec_2022-10-26
c04beddb99f04ef39823f03f70b1aad7,data/raw/AzSLD_Words_100/O/c04beddb99f04ef39823f03f70b1aad7.mp4,O,,unknown,15,30.0,rec_2022-12-22
c095cda7f10443949038715ed0dd965c,data/raw/AzSLD_Words_100/O/c095cda7f10443949038715ed0dd965c.mp4,O,,unknown,22,30.0,rec_2022-12-28
c1b5ec06d4794057acf2715ff47195b3,data/raw/AzSLD_Words_100/O/c1b5ec06d4794057acf2715ff47195b3.mp4,O,,unknown,14,30.0,rec_2022-11-17
c21b60c3a29447d2b9522f5ee93d60a0,data/raw/AzSLD_Words_100/O/c21b60c3a29447d2b9522f5ee93d60a0.mp4,O,,unknown,16,30.0,rec_2022-11-17
c78c935977384b77be3cc903a0f6e040,data/raw/AzSLD_Words_100/O/c78c935977384b77be3cc903a0f6e040.mp4,O,,unknown,24,30.0,rec_2022-11-01
c834e7e9c92e4be9b507914115a6610b,data/raw/AzSLD_Words_100/O/c834e7e9c92e4be9b507914115a6610b.mp4,O,,unknown,10,30.0,rec_2022-12-20
cbbb91925e40472a8af061784c32bfd8,data/raw/AzSLD_Words_100/O/cbbb91925e40472a8af061784c32bfd8.mp4,O,,unknown,28,30.0,rec_2022-12-24
ccbe5be8e71a4ad9af70cc0137a2f13b,data/raw/AzSLD_Words_100/O/ccbe5be8e71a4ad9af70cc0137a2f13b.mp4,O,,unknown,19,30.0,rec_2022-12-24
ce6da976306646a3a00372e23ab9c8c0,data/raw/AzSLD_Words_100/O/ce6da976306646a3a00372e23ab9c8c0.mp4,O,,unknown,25,30.0,rec_2022-10-26
d11ddd2026d1494db637fa314c53d798,data/raw/AzSLD_Words_100/O/d11ddd2026d1494db637fa314c53d798.mp4,O,,unknown,24,30.0,rec_2022-10-26
d13373dc672b42e89000760d28155424,data/raw/AzSLD_Words_100/O/d13373dc672b42e89000760d28155424.mp4,O,,unknown,33,30.0,rec_2022-11-22
d28ab15b9c294d6e95e103cce45df95b,data/raw/AzSLD_Words_100/O/d28ab15b9c294d6e95e103cce45df95b.mp4,O,,unknown,26,30.0,rec_2022-12-15
d292bcfc2ccb47bc8772217a5d7b9772,data/raw/AzSLD_Words_100/O/d292bcfc2ccb47bc8772217a5d7b9772.mp4,O,,unknown,7,30.0,rec_2022-04-26
d2eaa86d7bf240ae9837b49a47e0492b,data/raw/AzSLD_Words_100/O/d2eaa86d7bf240ae9837b49a47e0492b.mp4,O,,unknown,25,30.0,rec_2022-12-15
d2f7e78860be4cbe8919fc3232e2a712,data/raw/AzSLD_Words_100/O/d2f7e78860be4cbe8919fc3232e2a712.mp4,O,,unknown,28,30.0,rec_2022-07-21
d487927e237345e9ac1306fcc48db0a3,data/raw/AzSLD_Words_100/O/d487927e237345e9ac1306fcc48db0a3.mp4,O,,unknown,23,30.0,rec_2022-12-27
d4bd226d334b425a9723435c9de25396,data/raw/AzSLD_Words_100/O/d4bd226d334b425a9723435c9de25396.mp4,O,,unknown,10,30.0,rec_2022-12-22
d4db86aa30524e9cbbf9a30e92aa1376,data/raw/AzSLD_Words_100/O/d4db86aa30524e9cbbf9a30e92aa1376.mp4,O,,unknown,21,30.0,rec_2022-11-22
d4e6826172844037ac4f58123f6d4d1d,data/raw/AzSLD_Words_100/O/d4e6826172844037ac4f58123f6d4d1d.mp4,O,,unknown,11,30.0,rec_2022-12-23
d564f6b495594ebc9b048aaf71ba7cdd,data/raw/AzSLD_Words_100/O/d564f6b495594ebc9b048aaf71ba7cdd.mp4,O,,unknown,20,30.0,rec_2022-08-02
d629f2ddebd24e29920cfd824448ae3f,data/raw/AzSLD_Words_100/O/d629f2ddebd24e29920cfd824448ae3f.mp4,O,,unknown,11,30.0,rec_2022-12-20
d6eed3d4a26d4ce5a2554cf776b0e176,data/raw/AzSLD_Words_100/O/d6eed3d4a26d4ce5a2554cf776b0e176.mp4,O,,unknown,18,30.0,rec_2022-12-22
d711c09ffb124a1aa5c7c07287b6e138,data/raw/AzSLD_Words_100/O/d711c09ffb124a1aa5c7c07287b6e138.mp4,O,,unknown,30,30.0,rec_2022-11-19
d73a0b6e3a9e45ff8c421a1ee67f7deb,data/raw/AzSLD_Words_100/O/d73a0b6e3a9e45ff8c421a1ee67f7deb.mp4,O,,unknown,21,30.0,
d74fc0164b6546a1af0754832f932753,data/raw/AzSLD_Words_100/O/d74fc0164b6546a1af0754832f932753.mp4,O,,unknown,18,30.0,
d77cc3b9be9544b3979f2ee3c10eca95,data/raw/AzSLD_Words_100/O/d77cc3b9be9544b3979f2ee3c10eca95.mp4,O,,unknown,1,30.0,rec_2022-12-20
d8358e55713f4c01a20b9f363a0e62d5,data/raw/AzSLD_Words_100/O/d8358e55713f4c01a20b9f363a0e62d5.mp4,O,,unknown,10,30.0,rec_2022-12-20
d9408f42a2a7498fb6e1f1989246ec9d,data/raw/AzSLD_Words_100/O/d9408f42a2a7498fb6e1f1989246ec9d.mp4,O,,unknown,15,30.0,rec_2022-12-22
dab28f13260041168a0a64bec8cf0ca4,data/raw/AzSLD_Words_100/O/dab28f13260041168a0a64bec8cf0ca4.mp4,O,,unknown,20,30.0,rec_2022-10-26
db2868ad0f4f4d81bc66d0fe7920db44,data/raw/AzSLD_Words_100/O/db2868ad0f4f4d81bc66d0fe7920db44.mp4,O,,unknown,16,30.0,rec_2022-07-02
dbc4b16345d24b1f88d310672ad4e9d9,data/raw/AzSLD_Words_100/O/dbc4b16345d24b1f88d310672ad4e9d9.mp4,O,,unknown,20,30.0,rec_2022-10-26
dc97665caa0140c69c6a8743d89e0bbe,data/raw/AzSLD_Words_100/O/dc97665caa0140c69c6a8743d89e0bbe.mp4,O,,unknown,23,30.0,rec_2022-11-19
dcc456acac354e87abcbf07c03915451,data/raw/AzSLD_Words_100/O/dcc456acac354e87abcbf07c03915451.mp4,O,,unknown,18,30.0,rec_2022-12-20
dea950532c4e4f4fa2b379c6acd131df,data/raw/AzSLD_Words_100/O/dea950532c4e4f4fa2b379c6acd131df.mp4,O,,unknown,16,30.0,rec_2022-11-04
debfc65c5a134f55b9aa678ae9bcbce3,data/raw/AzSLD_Words_100/O/debfc65c5a134f55b9aa678ae9bcbce3.mp4,O,,unknown,18,30.0,rec_2022-11-18
ded330726f164d4d9d17cdf259735a0f,data/raw/AzSLD_Words_100/O/ded330726f164d4d9d17cdf259735a0f.mp4,O,,unknown,9,30.0,rec_2022-05-25
df0ae941b4ae46baa350272dac0d40bb,data/raw/AzSLD_Words_100/O/df0ae941b4ae46baa350272dac0d40bb.mp4,O,,unknown,21,30.0,rec_2022-12-20
df918ac3da36458cbe7a07cb92ffa949,data/raw/AzSLD_Words_100/O/df918ac3da36458cbe7a07cb92ffa949.mp4,O,,unknown,11,30.0,rec_2022-12-22
e14ce6ac78b14a0caa27591bbee072f6,data/raw/AzSLD_Words_100/O/e14ce6ac78b14a0caa27591bbee072f6.mp4,O,,unknown,15,30.0,rec_2022-12-20
e14f7482ceff4eb99e8ca3c26c2bf27b,data/raw/AzSLD_Words_100/O/e14f7482ceff4eb99e8ca3c26c2bf27b.mp4,O,,unknown,7,30.0,rec_2022-07-16
e1661ccf7a7141d48b3ab8308506740c,data/raw/AzSLD_Words_100/O/e1661ccf7a7141d48b3ab8308506740c.mp4,O,,unknown,16,30.0,rec_2022-12-22
e23e5c618e4a450597e42461761920cf,data/raw/AzSLD_Words_100/O/e23e5c618e4a450597e42461761920cf.mp4,O,,unknown,20,30.0,rec_2022-11-22
e2c5434088684b76b1dfbdfdc7c38e64,data/raw/AzSLD_Words_100/O/e2c5434088684b76b1dfbdfdc7c38e64.mp4,O,,unknown,28,30.0,rec_2022-11-04
e2db85c2e2ae42a5b1dd1b449585e26f,data/raw/AzSLD_Words_100/O/e2db85c2e2ae42a5b1dd1b449585e26f.mp4,O,,unknown,14,30.0,rec_2022-12-23
e3213794d09343b983ae79fe74c9a64a,data/raw/AzSLD_Words_100/O/e3213794d09343b983ae79fe74c9a64a.mp4,O,,unknown,4,30.0,rec_2022-07-18
e32999f1244b4bf2acc95b984ed99d45,data/raw/AzSLD_Words_100/O/e32999f1244b4bf2acc95b984ed99d45.mp4,O,,unknown,15,30.0,rec_2022-11-10
e37122c515ee4e1baa49c7653c650af9,data/raw/AzSLD_Words_100/O/e37122c515ee4e1baa49c7653c650af9.mp4,O,,unknown,11,30.0,rec_2022-12-23
e696015316db4d90ac57f4e1c0a66cc0,data/raw/AzSLD_Words_100/O/e696015316db4d90ac57f4e1c0a66cc0.mp4,O,,unknown,11,30.0,rec_2023-01-19
e6ef0578295f4913bcface48e4090f05,data/raw/AzSLD_Words_100/O/e6ef0578295f4913bcface48e4090f05.mp4,O,,unknown,15,30.0,rec_2022-11-10
e72cdcb8394a42a5bf5cae050aa699e0,data/raw/AzSLD_Words_100/O/e72cdcb8394a42a5bf5cae050aa699e0.mp4,O,,unknown,15,30.0,rec_2022-12-22
e8450b1d86324947ad4f032f50da0ea0,data/raw/AzSLD_Words_100/O/e8450b1d86324947ad4f032f50da0ea0.mp4,O,,unknown,35,30.0,rec_2022-11-22
e87499d252854e6f8d2786055a9d86d5,data/raw/AzSLD_Words_100/O/e87499d252854e6f8d2786055a9d86d5.mp4,O,,unknown,15,30.0,rec_2022-11-18
e9020d180e414aa0b77ee164bc0fdb9f,data/raw/AzSLD_Words_100/O/e9020d180e414aa0b77ee164bc0fdb9f.mp4,O,,unknown,19,30.0,rec_2022-12-23
e9ac04dd297648f9a4f8f87f2d7bc9c8,data/raw/AzSLD_Words_100/O/e9ac04dd297648f9a4f8f87f2d7bc9c8.mp4,O,,unknown,16,30.0,rec_2022-12-28
ec59ad72669d415ab66e5215170a67e8,data/raw/AzSLD_Words_100/O/ec59ad72669d415ab66e5215170a67e8.mp4,O,,unknown,28,30.0,rec_2022-12-24
ed65d152355e45b586754831f1bfaf29,data/raw/AzSLD_Words_100/O/ed65d152355e45b586754831f1bfaf29.mp4,O,,unknown,14,30.0,rec_2022-12-17
ed7f41edfe5c400cacee590fba574298,data/raw/AzSLD_Words_100/O/ed7f41edfe5c400cacee590fba574298.mp4,O,,unknown,19,30.0,rec_2022-10-28
edba835a63f84a4188be44c8f6d67e0a,data/raw/AzSLD_Words_100/O/edba835a63f84a4188be44c8f6d67e0a.mp4,O,,unknown,10,30.0,rec_2022-12-17
edbb861a4b5a4e6d97dfd59453a3a2d9,data/raw/AzSLD_Words_100/O/edbb861a4b5a4e6d97dfd59453a3a2d9.mp4,O,,unknown,13,30.0,rec_2022-12-23
edd4a44bd9e744e3a63e477f664d73bd,data/raw/AzSLD_Words_100/O/edd4a44bd9e744e3a63e477f664d73bd.mp4,O,,unknown,13,30.0,rec_2022-12-22
eeeb2a8dd9eb4ba08d24fac93452eb27,data/raw/AzSLD_Words_100/O/eeeb2a8dd9eb4ba08d24fac93452eb27.mp4,O,,unknown,18,30.0,rec_2022-06-11
ef595daf0ff74c908c0f5aecf8e17141,data/raw/AzSLD_Words_100/O/ef595daf0ff74c908c0f5aecf8e17141.mp4,O,,unknown,27,30.0,rec_2022-07-01
ef7dbf68a8ef48e9b0d0a1045de9545b,data/raw/AzSLD_Words_100/O/ef7dbf68a8ef48e9b0d0a1045de9545b.mp4,O,,unknown,14,30.0,
f04e33e21c504344a997d0e65c526f20,data/raw/AzSLD_Words_100/O/f04e33e21c504344a997d0e65c526f20.mp4,O,,unknown,10,30.0,rec_2022-12-23
f204dd5401ce4d2c8ebf78c29fe81f82,data/raw/AzSLD_Words_100/O/f204dd5401ce4d2c8ebf78c29fe81f82.mp4,O,,unknown,17,30.0,rec_2022-12-17
f3bbc68d4cd14a0ca6e8e07c69e1441b,data/raw/AzSLD_Words_100/O/f3bbc68d4cd14a0ca6e8e07c69e1441b.mp4,O,,unknown,22,30.0,rec_2022-12-22
f4b477d701f641da882192e3eeeb4465,data/raw/AzSLD_Words_100/O/f4b477d701f641da882192e3eeeb4465.mp4,O,,unknown,17,30.0,rec_2022-12-15
f51c525baacc4f2b9388a31fb53e5079,data/raw/AzSLD_Words_100/O/f51c525baacc4f2b9388a31fb53e5079.mp4,O,,unknown,23,30.0,rec_2022-11-18
f529597c9d3d4ddfb6afe27703d4ae70,data/raw/AzSLD_Words_100/O/f529597c9d3d4ddfb6afe27703d4ae70.mp4,O,,unknown,19,30.0,rec_2022-12-28
f70a4426da2b4c969c7b92d9fe17c77f,data/raw/AzSLD_Words_100/O/f70a4426da2b4c969c7b92d9fe17c77f.mp4,O,,unknown,14,30.0,rec_2022-12-24
f728fbf3e83b4123ba59fea14f65295e,data/raw/AzSLD_Words_100/O/f728fbf3e83b4123ba59fea14f65295e.mp4,O,,unknown,17,30.0,rec_2022-12-27
f7dfec1929dc4753821c124ace3b307b,data/raw/AzSLD_Words_100/O/f7dfec1929dc4753821c124ace3b307b.mp4,O,,unknown,18,30.0,rec_2022-11-17
f8fc41d098cf417285bfaffbd459b746,data/raw/AzSLD_Words_100/O/f8fc41d098cf417285bfaffbd459b746.mp4,O,,unknown,26,30.0,rec_2022-12-20
f92e218fb9d44491918b45f16ab4aac6,data/raw/AzSLD_Words_100/O/f92e218fb9d44491918b45f16ab4aac6.mp4,O,,unknown,18,30.0,rec_2022-07-23
fa3b67413a9d44ff9233ddc95080bf54,data/raw/AzSLD_Words_100/O/fa3b67413a9d44ff9233ddc95080bf54.mp4,O,,unknown,15,30.0,rec_2022-12-22
fb8c553b46654be3b89681d389ab8839,data/raw/AzSLD_Words_100/O/fb8c553b46654be3b89681d389ab8839.mp4,O,,unknown,18,30.0,rec_2022-10-28
fc66dcdeb16c46beb2456d000ad88cb9,data/raw/AzSLD_Words_100/O/fc66dcdeb16c46beb2456d000ad88cb9.mp4,O,,unknown,19,30.0,rec_2022-11-05
fc86df9c6b124afb9ea2ec8fa3aa70d3,data/raw/AzSLD_Words_100/O/fc86df9c6b124afb9ea2ec8fa3aa70d3.mp4,O,,unknown,29,30.0,rec_2022-11-22
fd6ef272269a49f784d76c73613541f0,data/raw/AzSLD_Words_100/O/fd6ef272269a49f784d76c73613541f0.mp4,O,,unknown,26,30.0,rec_2022-11-04
fdfc42fc834a4580a063761be7046eff,data/raw/AzSLD_Words_100/O/fdfc42fc834a4580a063761be7046eff.mp4,O,,unknown,11,30.0,rec_2022-12-22
fe06ac6e7c3c487783c1f926cc8e07b3,data/raw/AzSLD_Words_100/O/fe06ac6e7c3c487783c1f926cc8e07b3.mp4,O,,unknown,12,30.0,rec_2022-12-20
ff1c961ec75b49fc92d7352c6e5bde11,data/raw/AzSLD_Words_100/O/ff1c961ec75b49fc92d7352c6e5bde11.mp4,O,,unknown,14,30.0,rec_2022-11-10
ff509d95677f4a9cba4f384d80e259f4,data/raw/AzSLD_Words_100/O/ff509d95677f4a9cba4f384d80e259f4.mp4,O,,unknown,27,30.0,rec_2022-12-20
11d7dfe020fd426cb4a6cfa389e31920,data/raw/AzSLD_Words_100/OLAR/11d7dfe020fd426cb4a6cfa389e31920.mp4,OLAR,,unknown,23,30.0,rec_2022-12-23
1555672b5af941c4b485bcc9a1b10182,data/raw/AzSLD_Words_100/OLAR/1555672b5af941c4b485bcc9a1b10182.mp4,OLAR,,unknown,19,30.0,rec_2022-11-10
1a316ad9c6c248adaaa7d7a70b5e8ff4,data/raw/AzSLD_Words_100/OLAR/1a316ad9c6c248adaaa7d7a70b5e8ff4.mp4,OLAR,,unknown,17,30.0,rec_2022-12-17
247789f3d5504714822d4a6ae2e0ef8c,data/raw/AzSLD_Words_100/OLAR/247789f3d5504714822d4a6ae2e0ef8c.mp4,OLAR,,unknown,18,30.0,rec_2022-12-28
25b262d7e392499bbc4ac125e1080ee2,data/raw/AzSLD_Words_100/OLAR/25b262d7e392499bbc4ac125e1080ee2.mp4,OLAR,,unknown,25,30.0,rec_2022-11-05
4ce28b9502794d2ca1efed742fa3904a,data/raw/AzSLD_Words_100/OLAR/4ce28b9502794d2ca1efed742fa3904a.mp4,OLAR,,unknown,26,30.0,rec_2022-12-24
55363f7d389a438098b6ed883e355fb6,data/raw/AzSLD_Words_100/OLAR/55363f7d389a438098b6ed883e355fb6.mp4,OLAR,,unknown,17,30.0,rec_2022-11-04
59bda47f468748d8bcbd5dd983a30577,data/raw/AzSLD_Words_100/OLAR/59bda47f468748d8bcbd5dd983a30577.mp4,OLAR,,unknown,22,30.0,rec_2022-12-22
5fc79a5bf49f4358aef48eb2b8670a17,data/raw/AzSLD_Words_100/OLAR/5fc79a5bf49f4358aef48eb2b8670a17.mp4,OLAR,,unknown,22,30.0,rec_2022-11-19
7018bcd32ba340e694d39f1a4b4dd3e1,data/raw/AzSLD_Words_100/OLAR/7018bcd32ba340e694d39f1a4b4dd3e1.mp4,OLAR,,unknown,22,30.0,rec_2022-10-28
7337c33b828642fcb680e9408a4f0580,data/raw/AzSLD_Words_100/OLAR/7337c33b828642fcb680e9408a4f0580.mp4,OLAR,,unknown,20,30.0,rec_2022-12-27
776364d03ec04e8c9356351a0b5ef5c9,data/raw/AzSLD_Words_100/OLAR/776364d03ec04e8c9356351a0b5ef5c9.mp4,OLAR,,unknown,17,30.0,rec_2022-11-17
80b95614c0b9459686d9619db4de21fd,data/raw/AzSLD_Words_100/OLAR/80b95614c0b9459686d9619db4de21fd.mp4,OLAR,,unknown,20,30.0,rec_2022-12-22
89fdb30b435f48d5ab67013ff6082b83,data/raw/AzSLD_Words_100/OLAR/89fdb30b435f48d5ab67013ff6082b83.mp4,OLAR,,unknown,22,30.0,rec_2022-12-20
95cc3f6a8af948da975cfc30d443cf72,data/raw/AzSLD_Words_100/OLAR/95cc3f6a8af948da975cfc30d443cf72.mp4,OLAR,,unknown,24,30.0,rec_2022-12-15
9d1786f2e9d64e3d99d8f5d36ac98770,data/raw/AzSLD_Words_100/OLAR/9d1786f2e9d64e3d99d8f5d36ac98770.mp4,OLAR,,unknown,17,30.0,rec_2022-11-18
b161fad1e17d4546882ec398b35f66a3,data/raw/AzSLD_Words_100/OLAR/b161fad1e17d4546882ec398b35f66a3.mp4,OLAR,,unknown,28,30.0,rec_2022-11-19
b1ce056b1b294f649c612b556025890d,data/raw/AzSLD_Words_100/OLAR/b1ce056b1b294f649c612b556025890d.mp4,OLAR,,unknown,22,30.0,rec_2022-12-15
d5b9a2bafbca4fa5921cfc81e4cb5a5e,data/raw/AzSLD_Words_100/OLAR/d5b9a2bafbca4fa5921cfc81e4cb5a5e.mp4,OLAR,,unknown,17,30.0,rec_2022-12-20
d7d3388b794b43c4bbcd8895621bd375,data/raw/AzSLD_Words_100/OLAR/d7d3388b794b43c4bbcd8895621bd375.mp4,OLAR,,unknown,23,30.0,rec_2022-10-28
f5324296eee843b4980ac937db0ead29,data/raw/AzSLD_Words_100/OLAR/f5324296eee843b4980ac937db0ead29.mp4,OLAR,,unknown,21,30.0,rec_2022-12-22
f5d204ea2a1641e9931a8a10bb11aa9d,data/raw/AzSLD_Words_100/OLAR/f5d204ea2a1641e9931a8a10bb11aa9d.mp4,OLAR,,unknown,28,30.0,rec_2022-11-22
f5f63c046d114fb0b7971a9120576346,data/raw/AzSLD_Words_100/OLAR/f5f63c046d114fb0b7971a9120576346.mp4,OLAR,,unknown,17,30.0,rec_2022-12-23
03fbbb5ad07849c188abc6c88805619a,data/raw/AzSLD_Words_100/OLMAQ/03fbbb5ad07849c188abc6c88805619a.mp4,OLMAQ,,unknown,22,30.0,rec_2022-07-18
0f5b01b0c1b64300a22fde602f906814,data/raw/AzSLD_Words_100/OLMAQ/0f5b01b0c1b64300a22fde602f906814.mp4,OLMAQ,,unknown,21,30.0,rec_2022-07-20
20fec0d0715a4ada912530a1edebebca,data/raw/AzSLD_Words_100/OLMAQ/20fec0d0715a4ada912530a1edebebca.mp4,OLMAQ,,unknown,26,30.0,rec_2022-11-19
2c1939ea4ff548779bd5b32618c6d439,data/raw/AzSLD_Words_100/OLMAQ/2c1939ea4ff548779bd5b32618c6d439.mp4,OLMAQ,,unknown,10,30.0,rec_2022-07-19
2f1d1d967e0545f1acbcf080eac0b6c0,data/raw/AzSLD_Words_100/OLMAQ/2f1d1d967e0545f1acbcf080eac0b6c0.mp4,OLMAQ,,unknown,24,30.0,rec_2022-07-21
2fbdd2a42546494e891953640eefe4d9,data/raw/AzSLD_Words_100/OLMAQ/2fbdd2a42546494e891953640eefe4d9.mp4,OLMAQ,,unknown,19,30.0,rec_2022-07-20
3816a9a231614bde83050e98df2d0d4c,data/raw/AzSLD_Words_100/OLMAQ/3816a9a231614bde83050e98df2d0d4c.mp4,OLMAQ,,unknown,28,30.0,rec_2022-07-22
38fb0df727c44087b2a8bda7c7189fe5,data/raw/AzSLD_Words_100/OLMAQ/38fb0df727c44087b2a8bda7c7189fe5.mp4,OLMAQ,,unknown,20,30.0,rec_2022-06-01
4a6abf93c21f49e7b563dcdf8613301f,data/raw/AzSLD_Words_100/OLMAQ/4a6abf93c21f49e7b563dcdf8613301f.mp4,OLMAQ,,unknown,27,30.0,rec_2022-07-01
4e27455ab0b0487a8d099dff1854fe07,data/raw/AzSLD_Words_100/OLMAQ/4e27455ab0b0487a8d099dff1854fe07.mp4,OLMAQ,,unknown,24,30.0,rec_2022-07-20
56afa7dad343458b9b38f19849665b5b,data/raw/AzSLD_Words_100/OLMAQ/56afa7dad343458b9b38f19849665b5b.mp4,OLMAQ,,unknown,15,30.0,rec_2022-07-23
570393e3ee61498f94a085240b1d72a4,data/raw/AzSLD_Words_100/OLMAQ/570393e3ee61498f94a085240b1d72a4.mp4,OLMAQ,,unknown,25,30.0,rec_2022-07-18
60ea827976a74e419d06c6b6399b0d3b,data/raw/AzSLD_Words_100/OLMAQ/60ea827976a74e419d06c6b6399b0d3b.mp4,OLMAQ,,unknown,22,30.0,rec_2022-06-13
6e0d581ef00f4759b5a57a4663748b46,data/raw/AzSLD_Words_100/OLMAQ/6e0d581ef00f4759b5a57a4663748b46.mp4,OLMAQ,,unknown,26,30.0,rec_2022-07-16
6e38a9cd42bb4cc894f60eb345b33024,data/raw/AzSLD_Words_100/OLMAQ/6e38a9cd42bb4cc894f60eb345b33024.mp4,OLMAQ,,unknown,21,30.0,rec_2022-07-01
7d401ba809e64b5b9724a1af09c487b5,data/raw/AzSLD_Words_100/OLMAQ/7d401ba809e64b5b9724a1af09c487b5.mp4,OLMAQ,,unknown,23,30.0,rec_2022-07-14
7f6db0c4028d496abda901a1670f611b,data/raw/AzSLD_Words_100/OLMAQ/7f6db0c4028d496abda901a1670f611b.mp4,OLMAQ,,unknown,17,30.0,rec_2022-12-23
91c0c9d46e474afdb03aa3d9243870ae,data/raw/AzSLD_Words_100/OLMAQ/91c0c9d46e474afdb03aa3d9243870ae.mp4,OLMAQ,,unknown,27,30.0,rec_2022-07-13
9fd08d256aa94c7db9e4cc38467158b2,data/raw/AzSLD_Words_100/OLMAQ/9fd08d256aa94c7db9e4cc38467158b2.mp4,OLMAQ,,unknown,30,30.0,rec_2022-08-02
a106be23f3964c2fadff1d9b70c702f8,data/raw/AzSLD_Words_100/OLMAQ/a106be23f3964c2fadff1d9b70c702f8.mp4,OLMAQ,,unknown,25,30.0,rec_2022-06-13
ac152d1f668d42f1acd0904992c9e644,data/raw/AzSLD_Words_100/OLMAQ/ac152d1f668d42f1acd0904992c9e644.mp4,OLMAQ,,unknown,29,30.0,rec_2022-07-23
b43597d61bdd42ee86e28f5d859254c6,data/raw/AzSLD_Words_100/OLMAQ/b43597d61bdd42ee86e28f5d859254c6.mp4,OLMAQ,,unknown,18,30.0,rec_2022-08-02
bc85fcaad68440c89e7e865347037451,data/raw/AzSLD_Words_100/OLMAQ/bc85fcaad68440c89e7e865347037451.mp4,OLMAQ,,unknown,14,30.0,rec_2023-01-19
c087ac229ac842ffb0ae6c9789cc64fc,data/raw/AzSLD_Words_100/OLMAQ/c087ac229ac842ffb0ae6c9789cc64fc.mp4,OLMAQ,,unknown,13,30.0,rec_2022-06-01
cb98485761594c42a56043049ba79f77,data/raw/AzSLD_Words_100/OLMAQ/cb98485761594c42a56043049ba79f77.mp4,OLMAQ,,unknown,22,30.0,rec_2022-07-02
ccd728f0087c44818e750624bc162c43,data/raw/AzSLD_Words_100/OLMAQ/ccd728f0087c44818e750624bc162c43.mp4,OLMAQ,,unknown,23,30.0,rec_2022-07-18
cd6e1a8410d64d7d805a3cfa3605fcdc,data/raw/AzSLD_Words_100/OLMAQ/cd6e1a8410d64d7d805a3cfa3605fcdc.mp4,OLMAQ,,unknown,26,30.0,rec_2022-06-18
ce768a2e7f794c4a8ac5bda7b0095589,data/raw/AzSLD_Words_100/OLMAQ/ce768a2e7f794c4a8ac5bda7b0095589.mp4,OLMAQ,,unknown,12,30.0,rec_2022-06-13
d0726a1189d5469b86097b47d80e929d,data/raw/AzSLD_Words_100/OLMAQ/d0726a1189d5469b86097b47d80e929d.mp4,OLMAQ,,unknown,32,30.0,rec_2022-08-01
e038e804069e46a7bb19bbf34f648d1e,data/raw/AzSLD_Words_100/OLMAQ/e038e804069e46a7bb19bbf34f648d1e.mp4,OLMAQ,,unknown,32,30.0,rec_2022-08-02
e2db919ea6604425bdeb9c48ca737031,data/raw/AzSLD_Words_100/OLMAQ/e2db919ea6604425bdeb9c48ca737031.mp4,OLMAQ,,unknown,27,30.0,rec_2022-07-22
e42acd1d5faa4d7291c4219913e69682,data/raw/AzSLD_Words_100/OLMAQ/e42acd1d5faa4d7291c4219913e69682.mp4,OLMAQ,,unknown,30,30.0,rec_2022-07-21
e6ff63e7c92947f9aff0424758708bdb,data/raw/AzSLD_Words_100/OLMAQ/e6ff63e7c92947f9aff0424758708bdb.mp4,OLMAQ,,unknown,20,30.0,rec_2022-07-22
e8eeaae3b270475aba37ad2d1b97487a,data/raw/AzSLD_Words_100/OLMAQ/e8eeaae3b270475aba37ad2d1b97487a.mp4,OLMAQ,,unknown,34,30.0,rec_2022-06-11
ebdd6137fcda4c60afb6ad6a52f755d2,data/raw/AzSLD_Words_100/OLMAQ/ebdd6137fcda4c60afb6ad6a52f755d2.mp4,OLMAQ,,unknown,14,30.0,rec_2022-06-18
ec7b36b97f514556b774285b3cd938bf,data/raw/AzSLD_Words_100/OLMAQ/ec7b36b97f514556b774285b3cd938bf.mp4,OLMAQ,,unknown,44,30.0,rec_2022-05-25
eef59a4c473b47e0b62bbd5dd7752a53,data/raw/AzSLD_Words_100/OLMAQ/eef59a4c473b47e0b62bbd5dd7752a53.mp4,OLMAQ,,unknown,29,30.0,rec_2022-07-21
f4244a3178984be2b1b8d474b55d490d,data/raw/AzSLD_Words_100/OLMAQ/f4244a3178984be2b1b8d474b55d490d.mp4,OLMAQ,,unknown,22,30.0,rec_2022-07-13
f504c7e20e4340fca5ea6d6ed06219f4,data/raw/AzSLD_Words_100/OLMAQ/f504c7e20e4340fca5ea6d6ed06219f4.mp4,OLMAQ,,unknown,25,30.0,rec_2022-08-02
f6a850b441a6459c8f489ffeed3a1942,data/raw/AzSLD_Words_100/OLMAQ/f6a850b441a6459c8f489ffeed3a1942.mp4,OLMAQ,,unknown,20,30.0,rec_2022-08-02
00304d73505c47da8db39a39084e1d92,data/raw/AzSLD_Words_100/ONUN/00304d73505c47da8db39a39084e1d92.mp4,ONUN,,unknown,23,30.0,rec_2022-12-27
05fec11da85147b4bdf61b89288f14f5,data/raw/AzSLD_Words_100/ONUN/05fec11da85147b4bdf61b89288f14f5.mp4,ONUN,,unknown,27,30.0,rec_2022-10-28
0989673d22e645e9b1613e13306b5fb3,data/raw/AzSLD_Words_100/ONUN/0989673d22e645e9b1613e13306b5fb3.mp4,ONUN,,unknown,11,30.0,rec_2022-12-20
0ede09ec4d7a4c0ba68699fcb36da379,data/raw/AzSLD_Words_100/ONUN/0ede09ec4d7a4c0ba68699fcb36da379.mp4,ONUN,,unknown,17,30.0,rec_2022-12-17
0f2c1aa486f64fa190e44d381fa7f111,data/raw/AzSLD_Words_100/ONUN/0f2c1aa486f64fa190e44d381fa7f111.mp4,ONUN,,unknown,14,30.0,rec_2022-12-22
0fbbf498b5e94fda85f66881498afc13,data/raw/AzSLD_Words_100/ONUN/0fbbf498b5e94fda85f66881498afc13.mp4,ONUN,,unknown,28,30.0,rec_2022-11-22
1400659432b341038d45653ecaedb248,data/raw/AzSLD_Words_100/ONUN/1400659432b341038d45653ecaedb248.mp4,ONUN,,unknown,26,30.0,rec_2022-12-22
167d593559914ca4825d42573412d5e1,data/raw/AzSLD_Words_100/ONUN/167d593559914ca4825d42573412d5e1.mp4,ONUN,,unknown,16,30.0,rec_2022-12-22
1694c07f3f734fc7a74749ab4eba51ec,data/raw/AzSLD_Words_100/ONUN/1694c07f3f734fc7a74749ab4eba51ec.mp4,ONUN,,unknown,9,30.0,rec_2022-12-17
16d138a59b9a40cf82cc1d18b3d8face,data/raw/AzSLD_Words_100/ONUN/16d138a59b9a40cf82cc1d18b3d8face.mp4,ONUN,,unknown,25,30.0,rec_2022-11-19
17279d8b96c14b63b173f5f4ac1ca27e,data/raw/AzSLD_Words_100/ONUN/17279d8b96c14b63b173f5f4ac1ca27e.mp4,ONUN,,unknown,28,30.0,rec_2022-12-22
1ad07c2ae29c4fe6b52c447111c6f86a,data/raw/AzSLD_Words_100/ONUN/1ad07c2ae29c4fe6b52c447111c6f86a.mp4,ONUN,,unknown,23,30.0,rec_2022-12-22
20a82901ff85487a801a1daccddcba40,data/raw/AzSLD_Words_100/ONUN/20a82901ff85487a801a1daccddcba40.mp4,ONUN,,unknown,12,30.0,rec_2022-11-10
229a025beac44e188ca8b295eb261f5b,data/raw/AzSLD_Words_100/ONUN/229a025beac44e188ca8b295eb261f5b.mp4,ONUN,,unknown,12,30.0,rec_2022-11-18
23c88af1315a40aaa29e2bf23b1bd94c,data/raw/AzSLD_Words_100/ONUN/23c88af1315a40aaa29e2bf23b1bd94c.mp4,ONUN,,unknown,16,30.0,rec_2022-12-22
23d3e1b5f2684f699c69c721d9207557,data/raw/AzSLD_Words_100/ONUN/23d3e1b5f2684f699c69c721d9207557.mp4,ONUN,,unknown,30,30.0,rec_2022-10-28
2413ae73446744d9a0370b27c4898a5f,data/raw/AzSLD_Words_100/ONUN/2413ae73446744d9a0370b27c4898a5f.mp4,ONUN,,unknown,13,30.0,rec_2022-11-10
241ee3e8293a43feb42d5dc0ce18223b,data/raw/AzSLD_Words_100/ONUN/241ee3e8293a43feb42d5dc0ce18223b.mp4,ONUN,,unknown,8,30.0,rec_2022-12-28
259dcbe82c124b568819acc07fa36f7d,data/raw/AzSLD_Words_100/ONUN/259dcbe82c124b568819acc07fa36f7d.mp4,ONUN,,unknown,28,30.0,rec_2022-12-22
273fe8e0fc394b80957467de1070f039,data/raw/AzSLD_Words_100/ONUN/273fe8e0fc394b80957467de1070f039.mp4,ONUN,,unknown,21,30.0,rec_2022-11-04
29a48edc50dc4344a22519a9536611d3,data/raw/AzSLD_Words_100/ONUN/29a48edc50dc4344a22519a9536611d3.mp4,ONUN,,unknown,22,30.0,rec_2022-12-23
29a80e157cd04b099b1fe9acaf59d387,data/raw/AzSLD_Words_100/ONUN/29a80e157cd04b099b1fe9acaf59d387.mp4,ONUN,,unknown,11,30.0,rec_2022-12-27
2a140f4302114866bfd9982a3f9eced3,data/raw/AzSLD_Words_100/ONUN/2a140f4302114866bfd9982a3f9eced3.mp4,ONUN,,unknown,21,30.0,rec_2022-12-27
2ba380695288498d9981db6711d4bee9,data/raw/AzSLD_Words_100/ONUN/2ba380695288498d9981db6711d4bee9.mp4,ONUN,,unknown,22,30.0,rec_2022-12-27
2cf5566dec614903a6e47c4097a5583c,data/raw/AzSLD_Words_100/ONUN/2cf5566dec614903a6e47c4097a5583c.mp4,ONUN,,unknown,11,30.0,rec_2022-12-27
2dde4aa282924d4c8ad3345507bb117e,data/raw/AzSLD_Words_100/ONUN/2dde4aa282924d4c8ad3345507bb117e.mp4,ONUN,,unknown,32,30.0,rec_2022-12-20
2e4c929be1e14ac893f43b4b9a92982c,data/raw/AzSLD_Words_100/ONUN/2e4c929be1e14ac893f43b4b9a92982c.mp4,ONUN,,unknown,12,30.0,rec_2022-12-23
2f0d01dd8d5c47168808afb6dc6f7f6f,data/raw/AzSLD_Words_100/ONUN/2f0d01dd8d5c47168808afb6dc6f7f6f.mp4,ONUN,,unknown,10,30.0,rec_2022-12-23
321cd4eea49c48d089b3e5b3c4eef2f3,data/raw/AzSLD_Words_100/ONUN/321cd4eea49c48d089b3e5b3c4eef2f3.mp4,ONUN,,unknown,28,30.0,rec_2022-12-22
350e2ab69edd46ee9b80112534ec4486,data/raw/AzSLD_Words_100/ONUN/350e2ab69edd46ee9b80112534ec4486.mp4,ONUN,,unknown,28,30.0,rec_2022-12-15
35ea04818b0744d6bb75c9080bc31752,data/raw/AzSLD_Words_100/ONUN/35ea04818b0744d6bb75c9080bc31752.mp4,ONUN,,unknown,14,30.0,rec_2022-12-16
383689e3c0254e2dae700ebb7fd93bbb,data/raw/AzSLD_Words_100/ONUN/383689e3c0254e2dae700ebb7fd93bbb.mp4,ONUN,,unknown,26,30.0,rec_2022-10-26
38fb365e0a314499ac49488bf646cd23,data/raw/AzSLD_Words_100/ONUN/38fb365e0a314499ac49488bf646cd23.mp4,ONUN,,unknown,23,30.0,rec_2022-12-24
3bc6daa1951c4ce4a2f9b48d5a217f28,data/raw/AzSLD_Words_100/ONUN/3bc6daa1951c4ce4a2f9b48d5a217f28.mp4,ONUN,,unknown,30,30.0,rec_2022-12-22
42df9361133547e7b98243bab18266f1,data/raw/AzSLD_Words_100/ONUN/42df9361133547e7b98243bab18266f1.mp4,ONUN,,unknown,29,30.0,rec_2022-11-22
4d4616fda7e742e1ba72dd352f312f26,data/raw/AzSLD_Words_100/ONUN/4d4616fda7e742e1ba72dd352f312f26.mp4,ONUN,,unknown,11,30.0,rec_2022-12-23
508fcc778513496e808610e52e7843de,data/raw/AzSLD_Words_100/ONUN/508fcc778513496e808610e52e7843de.mp4,ONUN,,unknown,11,30.0,rec_2022-12-20
51f43088d81f4237ae25e5ad320434ec,data/raw/AzSLD_Words_100/ONUN/51f43088d81f4237ae25e5ad320434ec.mp4,ONUN,,unknown,12,30.0,rec_2022-12-16
55cdb7850b1b4eba9d5a6e4b39585e6e,data/raw/AzSLD_Words_100/ONUN/55cdb7850b1b4eba9d5a6e4b39585e6e.mp4,ONUN,,unknown,20,30.0,rec_2022-10-28
574290165aba463e99bb61dd176895ea,data/raw/AzSLD_Words_100/ONUN/574290165aba463e99bb61dd176895ea.mp4,ONUN,,unknown,38,30.0,rec_2022-12-24
5789655cc3774f9e957771346c49dff3,data/raw/AzSLD_Words_100/ONUN/5789655cc3774f9e957771346c49dff3.mp4,ONUN,,unknown,29,30.0,rec_2022-10-26
582733098c9d485eb0f02fa970b957b0,data/raw/AzSLD_Words_100/ONUN/582733098c9d485eb0f02fa970b957b0.mp4,ONUN,,unknown,14,30.0,rec_2022-12-22
59d539ab69bd454dadab536912d6b121,data/raw/AzSLD_Words_100/ONUN/59d539ab69bd454dadab536912d6b121.mp4,ONUN,,unknown,26,30.0,rec_2022-11-19
5aecd7d016a4465f8c991c4bc255138e,data/raw/AzSLD_Words_100/ONUN/5aecd7d016a4465f8c991c4bc255138e.mp4,ONUN,,unknown,10,30.0,rec_2022-12-20
5bb09e2e11f34bcca78f0a341222f97d,data/raw/AzSLD_Words_100/ONUN/5bb09e2e11f34bcca78f0a341222f97d.mp4,ONUN,,unknown,23,30.0,rec_2022-12-20
673517f70b564cb5925b56b286164761,data/raw/AzSLD_Words_100/ONUN/673517f70b564cb5925b56b286164761.mp4,ONUN,,unknown,16,30.0,rec_2022-10-28
68c35a563bf2495a87c579fc9d084b60,data/raw/AzSLD_Words_100/ONUN/68c35a563bf2495a87c579fc9d084b60.mp4,ONUN,,unknown,14,30.0,rec_2022-12-23
6b62e4d4cb614965a6f69a8181aa63f1,data/raw/AzSLD_Words_100/ONUN/6b62e4d4cb614965a6f69a8181aa63f1.mp4,ONUN,,unknown,28,30.0,rec_2022-12-15
6e3fc5e7abf44d06bffa847f89287991,data/raw/AzSLD_Words_100/ONUN/6e3fc5e7abf44d06bffa847f89287991.mp4,ONUN,,unknown,21,30.0,rec_2022-12-20
7009ef63600a4c74ba40b688e3994bda,data/raw/AzSLD_Words_100/ONUN/7009ef63600a4c74ba40b688e3994bda.mp4,ONUN,,unknown,28,30.0,rec_2022-12-20
71c59a76d6894f5ea997fdf41e5e4a64,data/raw/AzSLD_Words_100/ONUN/71c59a76d6894f5ea997fdf41e5e4a64.mp4,ONUN,,unknown,15,30.0,rec_2022-12-28
7ced92655a674ff298742f2cf356532a,data/raw/AzSLD_Words_100/ONUN/7ced92655a674ff298742f2cf356532a.mp4,ONUN,,unknown,28,30.0,rec_2022-10-28
7d3952bcfa4c4ddb839d99da6eefae21,data/raw/AzSLD_Words_100/ONUN/7d3952bcfa4c4ddb839d99da6eefae21.mp4,ONUN,,unknown,16,30.0,rec_2022-07-18
7e27ccbe959941419f603f46015d1981,data/raw/AzSLD_Words_100/ONUN/7e27ccbe959941419f603f46015d1981.mp4,ONUN,,unknown,12,30.0,rec_2023-01-18
7e814aadc2c74199bdbb380ac61aee4c,data/raw/AzSLD_Words_100/ONUN/7e814aadc2c74199bdbb380ac61aee4c.mp4,ONUN,,unknown,32,30.0,rec_2022-12-24
7f30aa48b1054f25b141ca319a0dec67,data/raw/AzSLD_Words_100/ONUN/7f30aa48b1054f25b141ca319a0dec67.mp4,ONUN,,unknown,28,30.0,rec_2022-12-20
82f19a07e772458dad2ae2e4dd567585,data/raw/AzSLD_Words_100/ONUN/82f19a07e772458dad2ae2e4dd567585.mp4,ONUN,,unknown,17,30.0,rec_2022-08-02
857efac7a75346a2914f134f4290f141,data/raw/AzSLD_Words_100/ONUN/857efac7a75346a2914f134f4290f141.mp4,ONUN,,unknown,31,30.0,rec_2022-12-17
86eff22f41e14e79a9da1256925d89b2,data/raw/AzSLD_Words_100/ONUN/86eff22f41e14e79a9da1256925d89b2.mp4,ONUN,,unknown,16,30.0,rec_2022-12-17
891a3ca930f24fbfb0569f98b24d6f3d,data/raw/AzSLD_Words_100/ONUN/891a3ca930f24fbfb0569f98b24d6f3d.mp4,ONUN,,unknown,13,30.0,rec_2022-07-13
8be93aa182a14e82b4f31d1f7223b8d0,data/raw/AzSLD_Words_100/ONUN/8be93aa182a14e82b4f31d1f7223b8d0.mp4,ONUN,,unknown,30,30.0,rec_2022-11-22
8f07caf546274869988d15c1cf871ba4,data/raw/AzSLD_Words_100/ONUN/8f07caf546274869988d15c1cf871ba4.mp4,ONUN,,unknown,18,30.0,rec_2022-12-15
916ba88c1b0f47e09a873fbe72ef6b41,data/raw/AzSLD_Words_100/ONUN/916ba88c1b0f47e09a873fbe72ef6b41.mp4,ONUN,,unknown,8,30.0,rec_2022-12-20
971b4c826428404fb49cdd156d28b8e2,data/raw/AzSLD_Words_100/ONUN/971b4c826428404fb49cdd156d28b8e2.mp4,ONUN,,unknown,15,30.0,rec_2022-12-24
98b4694464ce4a09abdee4dfe87adf7d,data/raw/AzSLD_Words_100/ONUN/98b4694464ce4a09abdee4dfe87adf7d.mp4,ONUN,,unknown,7,30.0,rec_2022-12-20
9b957bcf9e7c40d196c1040220ad3fc0,data/raw/AzSLD_Words_100/ONUN/9b957bcf9e7c40d196c1040220ad3fc0.mp4,ONUN,,unknown,24,30.0,rec_2022-12-15
9c5bfc74566d47b4ade006d9084233d8,data/raw/AzSLD_Words_100/ONUN/9c5bfc74566d47b4ade006d9084233d8.mp4,ONUN,,unknown,14,30.0,rec_2022-11-10
9fd0afc6a1ae4c9b9d8199893c807d41,data/raw/AzSLD_Words_100/ONUN/9fd0afc6a1ae4c9b9d8199893c807d41.mp4,ONUN,,unknown,31,30.0,rec_2022-11-22
a00f6509dcd345a5995d56402d03d59a,data/raw/AzSLD_Words_100/ONUN/a00f6509dcd345a5995d56402d03d59a.mp4,ONUN,,unknown,31,30.0,rec_2022-12-20
a075974e0d2e447ead6c5aa4bfa955bc,data/raw/AzSLD_Words_100/ONUN/a075974e0d2e447ead6c5aa4bfa955bc.mp4,ONUN,,unknown,31,30.0,rec_2022-11-17
a71bd70e60f542c6be7a707e9df432fa,data/raw/AzSLD_Words_100/ONUN/a71bd70e60f542c6be7a707e9df432fa.mp4,ONUN,,unknown,25,30.0,rec_2022-12-27
a9690c02164749759c4189455e0fd4b0,data/raw/AzSLD_Words_100/ONUN/a9690c02164749759c4189455e0fd4b0.mp4,ONUN,,unknown,13,30.0,rec_2022-12-23
acf9a170a0f54b1a8c440dfb7eb53cb6,data/raw/AzSLD_Words_100/ONUN/acf9a170a0f54b1a8c440dfb7eb53cb6.mp4,ONUN,,unknown,26,30.0,rec_2022-12-15
ad8bcf92c306459ca73e86e87e002bb9,data/raw/AzSLD_Words_100/ONUN/ad8bcf92c306459ca73e86e87e002bb9.mp4,ONUN,,unknown,25,30.0,rec_2022-11-17
ae580c74c4f243cd80e5afab7d4fd711,data/raw/AzSLD_Words_100/ONUN/ae580c74c4f243cd80e5afab7d4fd711.mp4,ONUN,,unknown,24,30.0,rec_2022-12-22
ae6e553222a741d9baad194527aee950,data/raw/AzSLD_Words_100/ONUN/ae6e553222a741d9baad194527aee950.mp4,ONUN,,unknown,15,30.0,rec_2022-12-24
afaf779f38c5460eb27c5aae19accb47,data/raw/AzSLD_Words_100/ONUN/afaf779f38c5460eb27c5aae19accb47.mp4,ONUN,,unknown,21,30.0,rec_2022-11-22
b1dbe057536248068a2b5ac7d1ced8dc,data/raw/AzSLD_Words_100/ONUN/b1dbe057536248068a2b5ac7d1ced8dc.mp4,ONUN,,unknown,17,30.0,rec_2022-11-10
b6075356035f4523a0fa7969ee751b63,data/raw/AzSLD_Words_100/ONUN/b6075356035f4523a0fa7969ee751b63.mp4,ONUN,,unknown,35,30.0,rec_2022-07-21
bad59588803147dc8ee188e93d7c732f,data/raw/AzSLD_Words_100/ONUN/bad59588803147dc8ee188e93d7c732f.mp4,ONUN,,unknown,10,30.0,rec_2022-11-10
bbb0c849973a4897a18a747b9ac9fc22,data/raw/AzSLD_Words_100/ONUN/bbb0c849973a4897a18a747b9ac9fc22.mp4,ONUN,,unknown,19,30.0,rec_2022-12-20
bbcba2e9be014d29a37175b87a0b7f59,data/raw/AzSLD_Words_100/ONUN/bbcba2e9be014d29a37175b87a0b7f59.mp4,ONUN,,unknown,14,30.0,rec_2022-11-18
bed5c8361b2d42f9995048c44a5d6b3b,data/raw/AzSLD_Words_100/ONUN/bed5c8361b2d42f9995048c44a5d6b3b.mp4,ONUN,,unknown,12,30.0,rec_2022-12-22
c4577caf7fee48cc8e37206bd9c3d556,data/raw/AzSLD_Words_100/ONUN/c4577caf7fee48cc8e37206bd9c3d556.mp4,ONUN,,unknown,23,30.0,rec_2022-11-04
c4b20b5683e54c14b48dd9ffb3f71d6e,data/raw/AzSLD_Words_100/ONUN/c4b20b5683e54c14b48dd9ffb3f71d6e.mp4,ONUN,,unknown,23,30.0,rec_2022-12-20
c73cd79e9ceb4d2384dc40afd13f963f,data/raw/AzSLD_Words_100/ONUN/c73cd79e9ceb4d2384dc40afd13f963f.mp4,ONUN,,unknown,16,30.0,rec_2022-11-17
c91d40dbf4bb47de864757749e7d7c55,data/raw/AzSLD_Words_100/ONUN/c91d40dbf4bb47de864757749e7d7c55.mp4,ONUN,,unknown,26,30.0,rec_2022-12-23
ca6f30cbe2e549ca8f335ad4d35cae23,data/raw/AzSLD_Words_100/ONUN/ca6f30cbe2e549ca8f335ad4d35cae23.mp4,ONUN,,unknown,22,30.0,rec_2022-11-19
cab5db67cf4d45d4b6fcded151b0c1e2,data/raw/AzSLD_Words_100/ONUN/cab5db67cf4d45d4b6fcded151b0c1e2.mp4,ONUN,,unknown,18,30.0,rec_2022-12-27
cb0434e1c8d54e40aa4a6f301dd84696,data/raw/AzSLD_Words_100/ONUN/cb0434e1c8d54e40aa4a6f301dd84696.mp4,ONUN,,unknown,25,30.0,rec_2022-12-15
cb461ee93aa44614a3c37b0178e16724,data/raw/AzSLD_Words_100/ONUN/cb461ee93aa44614a3c37b0178e16724.mp4,ONUN,,unknown,25,30.0,rec_2022-10-28
cbc766a19f694993b62db4042f91cfff,data/raw/AzSLD_Words_100/ONUN/cbc766a19f694993b62db4042f91cfff.mp4,ONUN,,unknown,31,30.0,rec_2022-11-04
cec4fcd6331644cbb87c2f0c58699f4f,data/raw/AzSLD_Words_100/ONUN/cec4fcd6331644cbb87c2f0c58699f4f.mp4,ONUN,,unknown,10,30.0,rec_2022-12-17
cf18a9092ef741f3900e4e03b6d0b4bd,data/raw/AzSLD_Words_100/ONUN/cf18a9092ef741f3900e4e03b6d0b4bd.mp4,ONUN,,unknown,22,30.0,rec_2022-12-28
d1b535ee37f94ecc97e22d00a499b020,data/raw/AzSLD_Words_100/ONUN/d1b535ee37f94ecc97e22d00a499b020.mp4,ONUN,,unknown,27,30.0,rec_2022-11-22
d1e7b5a5a3bf41f2902b07c7ffb390c4,data/raw/AzSLD_Words_100/ONUN/d1e7b5a5a3bf41f2902b07c7ffb390c4.mp4,ONUN,,unknown,18,30.0,rec_2022-12-24
d429081b6c8b4ce894a4c3c97797fc53,data/raw/AzSLD_Words_100/ONUN/d429081b6c8b4ce894a4c3c97797fc53.mp4,ONUN,,unknown,32,30.0,rec_2022-12-17
d53716013b654984ae2894217b3d56a1,data/raw/AzSLD_Words_100/ONUN/d53716013b654984ae2894217b3d56a1.mp4,ONUN,,unknown,33,30.0,rec_2022-12-23
d5fffa69897f40cf9e538b809ac64064,data/raw/AzSLD_Words_100/ONUN/d5fffa69897f40cf9e538b809ac64064.mp4,ONUN,,unknown,12,30.0,rec_2022-12-16
d6e8c055147d4c04ab96f1494e113d58,data/raw/AzSLD_Words_100/ONUN/d6e8c055147d4c04ab96f1494e113d58.mp4,ONUN,,unknown,27,30.0,rec_2022-10-28
da223c792a754178aa3795ac241bd0f1,data/raw/AzSLD_Words_100/ONUN/da223c792a754178aa3795ac241bd0f1.mp4,ONUN,,unknown,27,30.0,rec_2022-11-18
dbc093e004e341a1b25b389a3e20de03,data/raw/AzSLD_Words_100/ONUN/dbc093e004e341a1b25b389a3e20de03.mp4,ONUN,,unknown,20,30.0,rec_2022-11-04
e1669a16434a4d7d939fcda43895c0b3,data/raw/AzSLD_Words_100/ONUN/e1669a16434a4d7d939fcda43895c0b3.mp4,ONUN,,unknown,10,30.0,rec_2022-12-28
e3053ba5bbd34ec3bc242bc1fd1c52f9,data/raw/AzSLD_Words_100/ONUN/e3053ba5bbd34ec3bc242bc1fd1c52f9.mp4,ONUN,,unknown,22,30.0,rec_2022-10-28
e8ffcddd277d44c8877374933de95a87,data/raw/AzSLD_Words_100/ONUN/e8ffcddd277d44c8877374933de95a87.mp4,ONUN,,unknown,35,30.0,rec_2022-12-23
eda25c768bad491b9d4862694b6a2139,data/raw/AzSLD_Words_100/ONUN/eda25c768bad491b9d4862694b6a2139.mp4,ONUN,,unknown,30,30.0,rec_2022-12-15
ee8eadabf3f247cd8d17b4a1aaf8177c,data/raw/AzSLD_Words_100/ONUN/ee8eadabf3f247cd8d17b4a1aaf8177c.mp4,ONUN,,unknown,23,30.0,rec_2023-01-17
eef4ea47306f4489b9cdb34267bb893f,data/raw/AzSLD_Words_100/ONUN/eef4ea47306f4489b9cdb34267bb893f.mp4,ONUN,,unknown,23,30.0,rec_2022-11-04
ef12c2f78a8242c79c13160b0f631368,data/raw/AzSLD_Words_100/ONUN/ef12c2f78a8242c79c13160b0f631368.mp4,ONUN,,unknown,26,30.0,rec_2022-12-22
f16c0fa8fc564dba8e34c0359d297a95,data/raw/AzSLD_Words_100/ONUN/f16c0fa8fc564dba8e34c0359d297a95.mp4,ONUN,,unknown,21,30.0,rec_2022-12-17
f57c45d1bc424cfe874dafa66814623b,data/raw/AzSLD_Words_100/ONUN/f57c45d1bc424cfe874dafa66814623b.mp4,ONUN,,unknown,15,30.0,rec_2022-12-23
f59631db2fd84971a160b615c75071a9,data/raw/AzSLD_Words_100/ONUN/f59631db2fd84971a160b615c75071a9.mp4,ONUN,,unknown,30,30.0,rec_2022-12-16
f730958cb6324917a2499bc65bcfcd6f,data/raw/AzSLD_Words_100/ONUN/f730958cb6324917a2499bc65bcfcd6f.mp4,ONUN,,unknown,17,30.0,rec_2022-12-27
f855f4c3bbd547b18d31a552e5f16468,data/raw/AzSLD_Words_100/ONUN/f855f4c3bbd547b18d31a552e5f16468.mp4,ONUN,,unknown,21,30.0,rec_2022-11-18
f867b3af0c2640489e0263628158de3e,data/raw/AzSLD_Words_100/ONUN/f867b3af0c2640489e0263628158de3e.mp4,ONUN,,unknown,19,30.0,rec_2022-07-23
f9fd021ee710413a85806048501baefe,data/raw/AzSLD_Words_100/ONUN/f9fd021ee710413a85806048501baefe.mp4,ONUN,,unknown,27,30.0,rec_2022-12-23
fe5049b1e5904ae484c3b4bdae0fc8ca,data/raw/AzSLD_Words_100/ONUN/fe5049b1e5904ae484c3b4bdae0fc8ca.mp4,ONUN,,unknown,30,30.0,rec_2022-12-28
fe747896284041879996963aee9a8e47,data/raw/AzSLD_Words_100/ONUN/fe747896284041879996963aee9a8e47.mp4,ONUN,,unknown,15,30.0,rec_2022-12-27
180279bb5a874200b6e41510e8a13095,data/raw/AzSLD_Words_100/ORA/180279bb5a874200b6e41510e8a13095.mp4,ORA,,unknown,27,30.0,rec_2022-06-13
29ac305b766847bc8ea512cf112e633f,data/raw/AzSLD_Words_100/ORA/29ac305b766847bc8ea512cf112e633f.mp4,ORA,,unknown,21,30.0,rec_2022-05-21
3228d2103b564ed7859f9ae840c658fb,data/raw/AzSLD_Words_100/ORA/3228d2103b564ed7859f9ae840c658fb.mp4,ORA,,unknown,17,30.0,rec_2022-06-01
3377843c347e4051948f60877ebce0bc,data/raw/AzSLD_Words_100/ORA/3377843c347e4051948f60877ebce0bc.mp4,ORA,,unknown,19,30.0,rec_2022-06-13
3dbde452456e40ca863e800bced6e5f5,data/raw/AzSLD_Words_100/ORA/3dbde452456e40ca863e800bced6e5f5.mp4,ORA,,unknown,18,30.0,rec_2022-08-01
41efed3f533a4a8bb6f3deac894115b5,data/raw/AzSLD_Words_100/ORA/41efed3f533a4a8bb6f3deac894115b5.mp4,ORA,,unknown,27,30.0,rec_2022-07-19
44f77be695a44aa38ca1aa39ed36e4eb,data/raw/AzSLD_Words_100/ORA/44f77be695a44aa38ca1aa39ed36e4eb.mp4,ORA,,unknown,13,30.0,rec_2022-07-16
4c172e394aa4488e8cfcf1663485d81d,data/raw/AzSLD_Words_100/ORA/4c172e394aa4488e8cfcf1663485d81d.mp4,ORA,,unknown,17,30.0,rec_2022-06-01
4f100fa9a2de473abdbb09dfd8c9a49c,data/raw/AzSLD_Words_100/ORA/4f100fa9a2de473abdbb09dfd8c9a49c.mp4,ORA,,unknown,12,30.0,rec_2022-05-24
543ac2940e864b8992cd2f3a877bf047,data/raw/AzSLD_Words_100/ORA/543ac2940e864b8992cd2f3a877bf047.mp4,ORA,,unknown,14,30.0,rec_2022-07-14
6cb18aeb50ce4b12a89a21a80fce6ab2,data/raw/AzSLD_Words_100/ORA/6cb18aeb50ce4b12a89a21a80fce6ab2.mp4,ORA,,unknown,7,30.0,rec_2022-06-01
87d9bda907fa4be1a45af2d2b86a0cea,data/raw/AzSLD_Words_100/ORA/87d9bda907fa4be1a45af2d2b86a0cea.mp4,ORA,,unknown,17,30.0,rec_2022-07-23
8f0281e14ed14c20bd3777ab43fc8b9b,data/raw/AzSLD_Words_100/ORA/8f0281e14ed14c20bd3777ab43fc8b9b.mp4,ORA,,unknown,24,30.0,rec_2022-07-22
90278f54d549479991cad6f780487f94,data/raw/AzSLD_Words_100/ORA/90278f54d549479991cad6f780487f94.mp4,ORA,,unknown,24,30.0,rec_2022-07-23
a0327b45a5ef44a49a73c3ac93acd4fc,data/raw/AzSLD_Words_100/ORA/a0327b45a5ef44a49a73c3ac93acd4fc.mp4,ORA,,unknown,25,30.0,rec_2022-07-29
ab9279a11248403ea8a3623a0f45bb26,data/raw/AzSLD_Words_100/ORA/ab9279a11248403ea8a3623a0f45bb26.mp4,ORA,,unknown,22,30.0,rec_2022-05-31
b576bb61bcb044de89ab7530994c5fc9,data/raw/AzSLD_Words_100/ORA/b576bb61bcb044de89ab7530994c5fc9.mp4,ORA,,unknown,15,30.0,rec_2022-07-20
b58eb9ac5f1c43d2b95b437805448d5d,data/raw/AzSLD_Words_100/ORA/b58eb9ac5f1c43d2b95b437805448d5d.mp4,ORA,,unknown,35,30.0,rec_2022-05-21
b8b03657e5e84fd9b610310f0b09f857,data/raw/AzSLD_Words_100/ORA/b8b03657e5e84fd9b610310f0b09f857.mp4,ORA,,unknown,26,30.0,rec_2022-07-21
c5b9fffa589945fbacf8fc6066d5aad6,data/raw/AzSLD_Words_100/ORA/c5b9fffa589945fbacf8fc6066d5aad6.mp4,ORA,,unknown,25,30.0,rec_2022-07-16
d92b06c2a52f4acabd5d1a82d26b0171,data/raw/AzSLD_Words_100/ORA/d92b06c2a52f4acabd5d1a82d26b0171.mp4,ORA,,unknown,18,30.0,rec_2022-07-22
009419fa9b264007a2432ba7f3093837,data/raw/AzSLD_Words_100/ORDA/009419fa9b264007a2432ba7f3093837.mp4,ORDA,,unknown,28,30.0,rec_2022-12-24
04bde088726846dba00e919d6dea85fe,data/raw/AzSLD_Words_100/ORDA/04bde088726846dba00e919d6dea85fe.mp4,ORDA,,unknown,20,30.0,rec_2022-07-02
04dc456e4c1e40e883c8f2fde5cc3a3e,data/raw/AzSLD_Words_100/ORDA/04dc456e4c1e40e883c8f2fde5cc3a3e.mp4,ORDA,,unknown,30,30.0,rec_2022-12-23
08ce17c9e44b45d8a97dcec8634bee23,data/raw/AzSLD_Words_100/ORDA/08ce17c9e44b45d8a97dcec8634bee23.mp4,ORDA,,unknown,24,30.0,rec_2022-11-01
148ecef0ef2e4f1b8dfcd8d5e7db6fa5,data/raw/AzSLD_Words_100/ORDA/148ecef0ef2e4f1b8dfcd8d5e7db6fa5.mp4,ORDA,,unknown,16,30.0,rec_2023-01-18
1eda2c2b66884516b78c2838a639e4e5,data/raw/AzSLD_Words_100/ORDA/1eda2c2b66884516b78c2838a639e4e5.mp4,ORDA,,unknown,15,30.0,rec_2022-12-20
23cd7ae2acbf42458155e2bc6bbe6e4d,data/raw/AzSLD_Words_100/ORDA/23cd7ae2acbf42458155e2bc6bbe6e4d.mp4,ORDA,,unknown,20,30.0,rec_2022-11-10
2b901e13663d42ff9102742c7ea591e5,data/raw/AzSLD_Words_100/ORDA/2b901e13663d42ff9102742c7ea591e5.mp4,ORDA,,unknown,16,30.0,rec_2022-07-20
2ce262325c104fcd821701b82ab8da64,data/raw/AzSLD_Words_100/ORDA/2ce262325c104fcd821701b82ab8da64.mp4,ORDA,,unknown,20,30.0,rec_2022-07-16
2dfe4920f5c84198a3607c6155f83576,data/raw/AzSLD_Words_100/ORDA/2dfe4920f5c84198a3607c6155f83576.mp4,ORDA,,unknown,21,30.0,rec_2022-12-15
3016d4a3dc66497a8eb3ce1f5279078a,data/raw/AzSLD_Words_100/ORDA/3016d4a3dc66497a8eb3ce1f5279078a.mp4,ORDA,,unknown,12,30.0,rec_2022-07-18
3405d6f0c22a4bd8b4854569f0098bc7,data/raw/AzSLD_Words_100/ORDA/3405d6f0c22a4bd8b4854569f0098bc7.mp4,ORDA,,unknown,28,30.0,rec_2022-06-02
38997ccea0344f348db65d31d7ccd431,data/raw/AzSLD_Words_100/ORDA/38997ccea0344f348db65d31d7ccd431.mp4,ORDA,,unknown,23,30.0,rec_2022-06-18
3c11473d9ada4faba7863697467b5553,data/raw/AzSLD_Words_100/ORDA/3c11473d9ada4faba7863697467b5553.mp4,ORDA,,unknown,26,30.0,rec_2022-12-20
4e526ba5cd1144f9b37b284f9b205183,data/raw/AzSLD_Words_100/ORDA/4e526ba5cd1144f9b37b284f9b205183.mp4,ORDA,,unknown,27,30.0,rec_2022-05-21
55c4b6c8c7b84771b54952889368ba72,data/raw/AzSLD_Words_100/ORDA/55c4b6c8c7b84771b54952889368ba72.mp4,ORDA,,unknown,24,30.0,rec_2022-12-27
589068eff14f42ac8fd6e27a57f840fd,data/raw/AzSLD_Words_100/ORDA/589068eff14f42ac8fd6e27a57f840fd.mp4,ORDA,,unknown,29,30.0,rec_2022-12-23
596a734e0e7742b7be416f48e44404c6,data/raw/AzSLD_Words_100/ORDA/596a734e0e7742b7be416f48e44404c6.mp4,ORDA,,unknown,22,30.0,rec_2022-11-01
5a6cbfda9dd241c68caf0a1285083561,data/raw/AzSLD_Words_100/ORDA/5a6cbfda9dd241c68caf0a1285083561.mp4,ORDA,,unknown,21,30.0,rec_2022-08-02
5bfde61c56fb42a1997a36d98e613268,data/raw/AzSLD_Words_100/ORDA/5bfde61c56fb42a1997a36d98e613268.mp4,ORDA,,unknown,22,30.0,rec_2022-11-19
5ea3b6d3d86544ae81932d0dafda3245,data/raw/AzSLD_Words_100/ORDA/5ea3b6d3d86544ae81932d0dafda3245.mp4,ORDA,,unknown,10,30.0,rec_2022-05-24
6542a75eae544e3a99f6ad1bace8c66e,data/raw/AzSLD_Words_100/ORDA/6542a75eae544e3a99f6ad1bace8c66e.mp4,ORDA,,unknown,34,30.0,rec_2022-11-18
692a6fc687114413a963c581af13f3dc,data/raw/AzSLD_Words_100/ORDA/692a6fc687114413a963c581af13f3dc.mp4,ORDA,,unknown,22,30.0,rec_2022-05-31
71d0ccfce55344ee9e3e4e63f74ae6f6,data/raw/AzSLD_Words_100/ORDA/71d0ccfce55344ee9e3e4e63f74ae6f6.mp4,ORDA,,unknown,29,30.0,rec_2022-12-22
82b21aff1ccd40839eeb565183c995fd,data/raw/AzSLD_Words_100/ORDA/82b21aff1ccd40839eeb565183c995fd.mp4,ORDA,,unknown,22,30.0,rec_2022-10-28
8697aa06fc8c4daba0bb39c126f05ab9,data/raw/AzSLD_Words_100/ORDA/8697aa06fc8c4daba0bb39c126f05ab9.mp4,ORDA,,unknown,24,30.0,rec_2022-07-29
9e635a4997494aba9221d2811dfe9e04,data/raw/AzSLD_Words_100/ORDA/9e635a4997494aba9221d2811dfe9e04.mp4,ORDA,,unknown,32,30.0,rec_2022-12-24
a487f29bc7814db7bc0794818c9d4521,data/raw/AzSLD_Words_100/ORDA/a487f29bc7814db7bc0794818c9d4521.mp4,ORDA,,unknown,26,30.0,rec_2022-07-02
a7cd45704a6e465ba4f33a0f53b3eac9,data/raw/AzSLD_Words_100/ORDA/a7cd45704a6e465ba4f33a0f53b3eac9.mp4,ORDA,,unknown,22,30.0,rec_2022-11-05
b82e6a2be23e4ce4a88ed4e2b3b4d68c,data/raw/AzSLD_Words_100/ORDA/b82e6a2be23e4ce4a88ed4e2b3b4d68c.mp4,ORDA,,unknown,21,30.0,rec_2022-07-18
c9a842349e1642d3a95f0b6a4f950768,data/raw/AzSLD_Words_100/ORDA/c9a842349e1642d3a95f0b6a4f950768.mp4,ORDA,,unknown,19,30.0,rec_2022-11-17
db733dbffd114611bfad13c312c1fa78,data/raw/AzSLD_Words_100/ORDA/db733dbffd114611bfad13c312c1fa78.mp4,ORDA,,unknown,25,30.0,rec_2022-12-17
e4ef70a78b1a4effa1db6a97264455c0,data/raw/AzSLD_Words_100/ORDA/e4ef70a78b1a4effa1db6a97264455c0.mp4,ORDA,,unknown,24,30.0,rec_2022-08-02
e64684033b5243e3815cb90b7457131e,data/raw/AzSLD_Words_100/ORDA/e64684033b5243e3815cb90b7457131e.mp4,ORDA,,unknown,23,30.0,rec_2022-12-28
e7517795766f433cbb1d336bbe824838,data/raw/AzSLD_Words_100/ORDA/e7517795766f433cbb1d336bbe824838.mp4,ORDA,,unknown,15,30.0,rec_2022-07-21
f52adcd4081245cab68480f74fe158c2,data/raw/AzSLD_Words_100/ORDA/f52adcd4081245cab68480f74fe158c2.mp4,ORDA,,unknown,27,30.0,rec_2022-11-22
fbc9115e216c435897218ff1d44eec9d,data/raw/AzSLD_Words_100/ORDA/fbc9115e216c435897218ff1d44eec9d.mp4,ORDA,,unknown,28,30.0,rec_2022-12-22
0705ceb637ac4532b3138004e9fda0ef,data/raw/AzSLD_Words_100/OXUMAQ/0705ceb637ac4532b3138004e9fda0ef.mp4,OXUMAQ,,unknown,22,30.0,rec_2022-12-23
0893ef44ca0d4b52896a1327b1b08d3c,data/raw/AzSLD_Words_100/OXUMAQ/0893ef44ca0d4b52896a1327b1b08d3c.mp4,OXUMAQ,,unknown,9,30.0,rec_2022-07-18
170d0303f93c4c5abb66c09ab45c2e17,data/raw/AzSLD_Words_100/OXUMAQ/170d0303f93c4c5abb66c09ab45c2e17.mp4,OXUMAQ,,unknown,27,30.0,rec_2022-12-20
18677f87436e4edfab530c7cbba2dc51,data/raw/AzSLD_Words_100/OXUMAQ/18677f87436e4edfab530c7cbba2dc51.mp4,OXUMAQ,,unknown,29,30.0,rec_2022-07-18
27d9d9aac6dc4cc7a19bcbe99587fa89,data/raw/AzSLD_Words_100/OXUMAQ/27d9d9aac6dc4cc7a19bcbe99587fa89.mp4,OXUMAQ,,unknown,23,30.0,rec_2022-06-18
2e1a1fd0244446958e9988ed2d9fc50f,data/raw/AzSLD_Words_100/OXUMAQ/2e1a1fd0244446958e9988ed2d9fc50f.mp4,OXUMAQ,,unknown,21,30.0,rec_2022-05-31
32faa6f16a66481085e71f5a5ffdcc4d,data/raw/AzSLD_Words_100/OXUMAQ/32faa6f16a66481085e71f5a5ffdcc4d.mp4,OXUMAQ,,unknown,18,30.0,rec_2022-07-20
3843f3d0ec1c456288f7b5f4ca02b78a,data/raw/AzSLD_Words_100/OXUMAQ/3843f3d0ec1c456288f7b5f4ca02b78a.mp4,OXUMAQ,,unknown,24,30.0,rec_2022-11-18
40acd25c8ca34879a943a8cb34a2c6a8,data/raw/AzSLD_Words_100/OXUMAQ/40acd25c8ca34879a943a8cb34a2c6a8.mp4,OXUMAQ,,unknown,17,30.0,rec_2022-05-31
4d5cf7355e874038b845dfd5dc1f3c14,data/raw/AzSLD_Words_100/OXUMAQ/4d5cf7355e874038b845dfd5dc1f3c14.mp4,OXUMAQ,,unknown,12,30.0,rec_2022-08-02
5a00b8dede1941479945d0583678737f,data/raw/AzSLD_Words_100/OXUMAQ/5a00b8dede1941479945d0583678737f.mp4,OXUMAQ,,unknown,27,30.0,rec_2022-06-01
74b38610e12d42b6bb5830d192777d53,data/raw/AzSLD_Words_100/OXUMAQ/74b38610e12d42b6bb5830d192777d53.mp4,OXUMAQ,,unknown,13,30.0,rec_2022-06-13
798fde4956034072b4bdda1f6a2d06f1,data/raw/AzSLD_Words_100/OXUMAQ/798fde4956034072b4bdda1f6a2d06f1.mp4,OXUMAQ,,unknown,33,30.0,rec_2022-08-02
7d1a8a50311048bb8ef88df1e4291a0d,data/raw/AzSLD_Words_100/OXUMAQ/7d1a8a50311048bb8ef88df1e4291a0d.mp4,OXUMAQ,,unknown,14,30.0,rec_2022-07-13
7d5a8eacd0e9489885dd1dfffbf9934b,data/raw/AzSLD_Words_100/OXUMAQ/7d5a8eacd0e9489885dd1dfffbf9934b.mp4,OXUMAQ,,unknown,11,30.0,rec_2022-06-13
843dfda221a2402ca9274d8845ffeca0,data/raw/AzSLD_Words_100/OXUMAQ/843dfda221a2402ca9274d8845ffeca0.mp4,OXUMAQ,,unknown,27,30.0,rec_2022-07-16
94e807001d4640948d15522bcb32c4df,data/raw/AzSLD_Words_100/OXUMAQ/94e807001d4640948d15522bcb32c4df.mp4,OXUMAQ,,unknown,37,30.0,
99f334086df743c9b590b15fe3bd1a56,data/raw/AzSLD_Words_100/OXUMAQ/99f334086df743c9b590b15fe3bd1a56.mp4,OXUMAQ,,unknown,26,30.0,rec_2022-07-23
9bc77890793f43718e00d84de85ac95f,data/raw/AzSLD_Words_100/OXUMAQ/9bc77890793f43718e00d84de85ac95f.mp4,OXUMAQ,,unknown,19,30.0,rec_2022-07-23
ac33874b73b34ca28e2d119bd37fe1d5,data/raw/AzSLD_Words_100/OXUMAQ/ac33874b73b34ca28e2d119bd37fe1d5.mp4,OXUMAQ,,unknown,17,30.0,rec_2022-07-02
b47a2848f505406887c5aeee07cc9e27,data/raw/AzSLD_Words_100/OXUMAQ/b47a2848f505406887c5aeee07cc9e27.mp4,OXUMAQ,,unknown,11,30.0,rec_2022-07-18
d712e62e71044fdcb37205c8aaa11209,data/raw/AzSLD_Words_100/OXUMAQ/d712e62e71044fdcb37205c8aaa11209.mp4,OXUMAQ,,unknown,14,30.0,rec_2022-07-22
d7f2fbc169b84a07b5b26c2a256597db,data/raw/AzSLD_Words_100/OXUMAQ/d7f2fbc169b84a07b5b26c2a256597db.mp4,OXUMAQ,,unknown,26,30.0,rec_2022-12-22
e457a39e53984207808efa3eadd16cef,data/raw/AzSLD_Words_100/OXUMAQ/e457a39e53984207808efa3eadd16cef.mp4,OXUMAQ,,unknown,53,30.0,rec_2022-07-21
e77ab681296d4d81ba72fd3a66fc59b2,data/raw/AzSLD_Words_100/OXUMAQ/e77ab681296d4d81ba72fd3a66fc59b2.mp4,OXUMAQ,,unknown,18,30.0,rec_2022-07-13
ed213d63e2724e358b1dc2b2c9d2b360,data/raw/AzSLD_Words_100/OXUMAQ/ed213d63e2724e358b1dc2b2c9d2b360.mp4,OXUMAQ,,unknown,14,30.0,rec_2022-07-23
ee7a7c55fa47425ea4232acf0d59c786,data/raw/AzSLD_Words_100/OXUMAQ/ee7a7c55fa47425ea4232acf0d59c786.mp4,OXUMAQ,,unknown,34,30.0,rec_2022-07-25
1810754d463f4dc0b279c9ae12fc5221,data/raw/AzSLD_Words_100/OĞUL/1810754d463f4dc0b279c9ae12fc5221.mp4,OĞUL,,unknown,11,30.0,rec_2022-07-16
2a470ea684414fb9bd9d9fa8d7b1bbe0,data/raw/AzSLD_Words_100/OĞUL/2a470ea684414fb9bd9d9fa8d7b1bbe0.mp4,OĞUL,,unknown,25,30.0,rec_2022-05-31
2dc132393aa74224b404e55ccf64b7e7,data/raw/AzSLD_Words_100/OĞUL/2dc132393aa74224b404e55ccf64b7e7.mp4,OĞUL,,unknown,25,30.0,rec_2022-07-19
418764aed8cd409cb4ad37d98356877a,data/raw/AzSLD_Words_100/OĞUL/418764aed8cd409cb4ad37d98356877a.mp4,OĞUL,,unknown,24,30.0,rec_2022-07-14
4a460f77091e4f729246037bd93da590,data/raw/AzSLD_Words_100/OĞUL/4a460f77091e4f729246037bd93da590.mp4,OĞUL,,unknown,34,30.0,rec_2022-06-02
4d22b2ed40974c899d0ee0ec6abec3ac,data/raw/AzSLD_Words_100/OĞUL/4d22b2ed40974c899d0ee0ec6abec3ac.mp4,OĞUL,,unknown,40,30.0,rec_2022-05-26
5053689669444f4ab9246227ab928afd,data/raw/AzSLD_Words_100/OĞUL/5053689669444f4ab9246227ab928afd.mp4,OĞUL,,unknown,18,30.0,rec_2022-08-01
54e3f025922f456a8748f9930bc0b784,data/raw/AzSLD_Words_100/OĞUL/54e3f025922f456a8748f9930bc0b784.mp4,OĞUL,,unknown,13,30.0,rec_2022-07-20
7b97fa385b2d40b59a44a3f5471b5142,data/raw/AzSLD_Words_100/OĞUL/7b97fa385b2d40b59a44a3f5471b5142.mp4,OĞUL,,unknown,16,30.0,rec_2022-07-29
812402365e6741cbadf3f785a131119f,data/raw/AzSLD_Words_100/OĞUL/812402365e6741cbadf3f785a131119f.mp4,OĞUL,,unknown,18,30.0,rec_2022-07-15
8315379de9dc4f27a43445bd9d29333a,data/raw/AzSLD_Words_100/OĞUL/8315379de9dc4f27a43445bd9d29333a.mp4,OĞUL,,unknown,18,30.0,rec_2022-07-18
a8d10d114ef1479fa2d9b55859b5707e,data/raw/AzSLD_Words_100/OĞUL/a8d10d114ef1479fa2d9b55859b5707e.mp4,OĞUL,,unknown,20,30.0,rec_2022-06-13
ac65d6e3475f4fbba6235739c18c4b97,data/raw/AzSLD_Words_100/OĞUL/ac65d6e3475f4fbba6235739c18c4b97.mp4,OĞUL,,unknown,25,30.0,rec_2022-06-13
c0975fb02dfe4427ac9054939128c9b6,data/raw/AzSLD_Words_100/OĞUL/c0975fb02dfe4427ac9054939128c9b6.mp4,OĞUL,,unknown,23,30.0,rec_2022-05-31
c5db1a1f446f492895011c4e6ce8d35e,data/raw/AzSLD_Words_100/OĞUL/c5db1a1f446f492895011c4e6ce8d35e.mp4,OĞUL,,unknown,16,30.0,rec_2022-07-20
cb4774ed2f0c4f3798cf918aaa82a199,data/raw/AzSLD_Words_100/OĞUL/cb4774ed2f0c4f3798cf918aaa82a199.mp4,OĞUL,,unknown,23,30.0,rec_2022-07-13
d4048d4fd8514f04a82946153bb22e49,data/raw/AzSLD_Words_100/OĞUL/d4048d4fd8514f04a82946153bb22e49.mp4,OĞUL,,unknown,27,30.0,rec_2022-07-14
e657f888c05441dca646fdeb64720758,data/raw/AzSLD_Words_100/OĞUL/e657f888c05441dca646fdeb64720758.mp4,OĞUL,,unknown,13,30.0,rec_2022-05-24
ff623b99109841d498df563d2239c2d0,data/raw/AzSLD_Words_100/OĞUL/ff623b99109841d498df563d2239c2d0.mp4,OĞUL,,unknown,32,30.0,rec_2022-05-21
1083d9f0acc840f59a4e81406c64493d,data/raw/AzSLD_Words_100/PENSİYA/1083d9f0acc840f59a4e81406c64493d.mp4,PENSİYA,,unknown,19,30.0,rec_2022-11-10
1338538293cc4a129a1e24b1f3a94724,data/raw/AzSLD_Words_100/PENSİYA/1338538293cc4a129a1e24b1f3a94724.mp4,PENSİYA,,unknown,19,30.0,rec_2022-12-22
15fe2142b7dc451ba5ed728c2b2867c7,data/raw/AzSLD_Words_100/PENSİYA/15fe2142b7dc451ba5ed728c2b2867c7.mp4,PENSİYA,,unknown,28,30.0,rec_2022-12-24
18d08fe5b9234d6bbdc13543922421ea,data/raw/AzSLD_Words_100/PENSİYA/18d08fe5b9234d6bbdc13543922421ea.mp4,PENSİYA,,unknown,30,30.0,rec_2022-12-27
1bb10a44be7f4739b8c6e410d664a114,data/raw/AzSLD_Words_100/PENSİYA/1bb10a44be7f4739b8c6e410d664a114.mp4,PENSİYA,,unknown,21,30.0,rec_2022-12-22
1d7c89597b1e4c3babbf5708d8c78fef,data/raw/AzSLD_Words_100/PENSİYA/1d7c89597b1e4c3babbf5708d8c78fef.mp4,PENSİYA,,unknown,21,30.0,rec_2022-12-20
2146dc9240f044bfab3a62ef6e0fa702,data/raw/AzSLD_Words_100/PENSİYA/2146dc9240f044bfab3a62ef6e0fa702.mp4,PENSİYA,,unknown,21,30.0,rec_2022-11-22
229bcc59d4734b849828e5dfb10d9b21,data/raw/AzSLD_Words_100/PENSİYA/229bcc59d4734b849828e5dfb10d9b21.mp4,PENSİYA,,unknown,15,30.0,rec_2022-11-17
233ec9abd9a9439e9a06df3554be566b,data/raw/AzSLD_Words_100/PENSİYA/233ec9abd9a9439e9a06df3554be566b.mp4,PENSİYA,,unknown,22,30.0,rec_2022-11-05
277f074b4f134dc484d6782781a3e89e,data/raw/AzSLD_Words_100/PENSİYA/277f074b4f134dc484d6782781a3e89e.mp4,PENSİYA,,unknown,23,30.0,rec_2022-12-23
27f3c43f1b6b4914b09ff5af3d9086f9,data/raw/AzSLD_Words_100/PENSİYA/27f3c43f1b6b4914b09ff5af3d9086f9.mp4,PENSİYA,,unknown,26,30.0,rec_2022-11-01
2fee93dece09493db41ba4abb60e6fcf,data/raw/AzSLD_Words_100/PENSİYA/2fee93dece09493db41ba4abb60e6fcf.mp4,PENSİYA,,unknown,16,30.0,rec_2022-11-10
3552ab7c438244d2818cdc1ea62d0628,data/raw/AzSLD_Words_100/PENSİYA/3552ab7c438244d2818cdc1ea62d0628.mp4,PENSİYA,,unknown,23,30.0,rec_2022-12-17
38534de7383f46128635658f69c4de4f,data/raw/AzSLD_Words_100/PENSİYA/38534de7383f46128635658f69c4de4f.mp4,PENSİYA,,unknown,12,30.0,rec_2022-11-17
387cadac51fd40b8b2d671d60bfc654f,data/raw/AzSLD_Words_100/PENSİYA/387cadac51fd40b8b2d671d60bfc654f.mp4,PENSİYA,,unknown,25,30.0,rec_2022-12-22
39c9c72760284ec6819adf7e663c6a6b,data/raw/AzSLD_Words_100/PENSİYA/39c9c72760284ec6819adf7e663c6a6b.mp4,PENSİYA,,unknown,29,30.0,rec_2022-12-22
3e8dd02a67c347b58c12c42d4a2baa35,data/raw/AzSLD_Words_100/PENSİYA/3e8dd02a67c347b58c12c42d4a2baa35.mp4,PENSİYA,,unknown,29,30.0,rec_2022-12-28
3f84214ecd8e40518fd145ef5838f429,data/raw/AzSLD_Words_100/PENSİYA/3f84214ecd8e40518fd145ef5838f429.mp4,PENSİYA,,unknown,22,30.0,rec_2022-12-15
40daa58b9e114fbfad5c11623e9f2513,data/raw/AzSLD_Words_100/PENSİYA/40daa58b9e114fbfad5c11623e9f2513.mp4,PENSİYA,,unknown,19,30.0,rec_2022-12-20
53474fb725d649eb92107f67d6eaccb5,data/raw/AzSLD_Words_100/PENSİYA/53474fb725d649eb92107f67d6eaccb5.mp4,PENSİYA,,unknown,21,30.0,rec_2022-12-23
5ba15c7af1294b3c8877a9fac67f3a4f,data/raw/AzSLD_Words_100/PENSİYA/5ba15c7af1294b3c8877a9fac67f3a4f.mp4,PENSİYA,,unknown,21,30.0,rec_2022-12-27
60bc9761ed304dadaa9095a5f99ccaf6,data/raw/AzSLD_Words_100/PENSİYA/60bc9761ed304dadaa9095a5f99ccaf6.mp4,PENSİYA,,unknown,22,30.0,rec_2022-12-22
614fd36dcc9f4256af9795f148df16f3,data/raw/AzSLD_Words_100/PENSİYA/614fd36dcc9f4256af9795f148df16f3.mp4,PENSİYA,,unknown,27,30.0,rec_2022-11-19
63ad7b9fb2ea4df18d1852027e2259af,data/raw/AzSLD_Words_100/PENSİYA/63ad7b9fb2ea4df18d1852027e2259af.mp4,PENSİYA,,unknown,19,30.0,rec_2022-10-26
63aee0b4eff94285acf36725d46b5741,data/raw/AzSLD_Words_100/PENSİYA/63aee0b4eff94285acf36725d46b5741.mp4,PENSİYA,,unknown,24,30.0,rec_2022-11-01
73156431c6244d0eb08dd6e98bf84616,data/raw/AzSLD_Words_100/PENSİYA/73156431c6244d0eb08dd6e98bf84616.mp4,PENSİYA,,unknown,20,30.0,rec_2022-11-10
74dfc3cc838243e2ae1a468876731699,data/raw/AzSLD_Words_100/PENSİYA/74dfc3cc838243e2ae1a468876731699.mp4,PENSİYA,,unknown,22,30.0,rec_2022-11-01
761d5b04c1674259a3e0e943a295070b,data/raw/AzSLD_Words_100/PENSİYA/761d5b04c1674259a3e0e943a295070b.mp4,PENSİYA,,unknown,23,30.0,rec_2022-11-18
76d87dfcea4e4995b31b0869d99e1c00,data/raw/AzSLD_Words_100/PENSİYA/76d87dfcea4e4995b31b0869d99e1c00.mp4,PENSİYA,,unknown,24,30.0,rec_2022-11-10
774586b72218465c872b3d96618312ba,data/raw/AzSLD_Words_100/PENSİYA/774586b72218465c872b3d96618312ba.mp4,PENSİYA,,unknown,23,30.0,rec_2022-12-27
7ba208b6953b405e965affee4717658b,data/raw/AzSLD_Words_100/PENSİYA/7ba208b6953b405e965affee4717658b.mp4,PENSİYA,,unknown,21,30.0,rec_2022-11-19
805a4f256649499eba75783fd52e1b39,data/raw/AzSLD_Words_100/PENSİYA/805a4f256649499eba75783fd52e1b39.mp4,PENSİYA,,unknown,18,30.0,rec_2022-11-19
913c1c083e924776bc0d4297766e97ac,data/raw/AzSLD_Words_100/PENSİYA/913c1c083e924776bc0d4297766e97ac.mp4,PENSİYA,,unknown,17,30.0,rec_2022-11-19
9393c507a59e43679aa4a76988759a55,data/raw/AzSLD_Words_100/PENSİYA/9393c507a59e43679aa4a76988759a55.mp4,PENSİYA,,unknown,26,30.0,rec_2022-12-22
94a07943ceae4e1d8e9f79bfc85ec069,data/raw/AzSLD_Words_100/PENSİYA/94a07943ceae4e1d8e9f79bfc85ec069.mp4,PENSİYA,,unknown,15,30.0,rec_2022-11-18
97d7262216e44f2aa74d9289687cdc0b,data/raw/AzSLD_Words_100/PENSİYA/97d7262216e44f2aa74d9289687cdc0b.mp4,PENSİYA,,unknown,23,30.0,rec_2023-01-18
9cf48949d5a84215a84b331688324551,data/raw/AzSLD_Words_100/PENSİYA/9cf48949d5a84215a84b331688324551.mp4,PENSİYA,,unknown,22,30.0,rec_2022-12-22
a21df340cb6148eb996f028c792fa6ee,data/raw/AzSLD_Words_100/PENSİYA/a21df340cb6148eb996f028c792fa6ee.mp4,PENSİYA,,unknown,28,30.0,rec_2022-12-27
a3b085f2741e44ec91fac494a9ec2142,data/raw/AzSLD_Words_100/PENSİYA/a3b085f2741e44ec91fac494a9ec2142.mp4,PENSİYA,,unknown,16,30.0,rec_2022-11-22
a524a02247a84fcbb0d0b4d460057908,data/raw/AzSLD_Words_100/PENSİYA/a524a02247a84fcbb0d0b4d460057908.mp4,PENSİYA,,unknown,20,30.0,rec_2022-12-28
a69f914e76b4464f8f51cfb02cdf4f04,data/raw/AzSLD_Words_100/PENSİYA/a69f914e76b4464f8f51cfb02cdf4f04.mp4,PENSİYA,,unknown,23,30.0,rec_2022-11-22
ae9ae3ee2b6d4407a11c20c8b6d959d2,data/raw/AzSLD_Words_100/PENSİYA/ae9ae3ee2b6d4407a11c20c8b6d959d2.mp4,PENSİYA,,unknown,20,30.0,rec_2022-12-22
b3e4d260b2bc4cfda1d077d4ffbfbf68,data/raw/AzSLD_Words_100/PENSİYA/b3e4d260b2bc4cfda1d077d4ffbfbf68.mp4,PENSİYA,,unknown,19,30.0,rec_2022-12-15
b5a4eed43cfc41c3a5e1747993bfcae3,data/raw/AzSLD_Words_100/PENSİYA/b5a4eed43cfc41c3a5e1747993bfcae3.mp4,PENSİYA,,unknown,22,30.0,rec_2022-11-22
b80b65ccabe1453ea087d4eaae4b907f,data/raw/AzSLD_Words_100/PENSİYA/b80b65ccabe1453ea087d4eaae4b907f.mp4,PENSİYA,,unknown,21,30.0,rec_2022-11-01
b92946a61fbd4807b49871d8f5235596,data/raw/AzSLD_Words_100/PENSİYA/b92946a61fbd4807b49871d8f5235596.mp4,PENSİYA,,unknown,20,30.0,rec_2022-11-18
bedf655d21a645ee8f4b19c63a3d7cc1,data/raw/AzSLD_Words_100/PENSİYA/bedf655d21a645ee8f4b19c63a3d7cc1.mp4,PENSİYA,,unknown,20,30.0,rec_2023-01-18
c0aef427e00d426a8053e47ffa7db95a,data/raw/AzSLD_Words_100/PENSİYA/c0aef427e00d426a8053e47ffa7db95a.mp4,PENSİYA,,unknown,25,30.0,rec_2022-12-20
c23598703d5b4e35a6904f4101c4016f,data/raw/AzSLD_Words_100/PENSİYA/c23598703d5b4e35a6904f4101c4016f.mp4,PENSİYA,,unknown,17,30.0,rec_2022-11-17
c53b6792116a434f8bd5df3f2794c6d1,data/raw/AzSLD_Words_100/PENSİYA/c53b6792116a434f8bd5df3f2794c6d1.mp4,PENSİYA,,unknown,28,30.0,rec_2022-12-23
c5da292c0f1f40ec88bfc93a24f2b89c,data/raw/AzSLD_Words_100/PENSİYA/c5da292c0f1f40ec88bfc93a24f2b89c.mp4,PENSİYA,,unknown,19,30.0,rec_2022-11-19
caac159078044927b4440416c1a472d2,data/raw/AzSLD_Words_100/PENSİYA/caac159078044927b4440416c1a472d2.mp4,PENSİYA,,unknown,18,30.0,rec_2022-11-17
cec17b4a295848159996d60518bf1149,data/raw/AzSLD_Words_100/PENSİYA/cec17b4a295848159996d60518bf1149.mp4,PENSİYA,,unknown,21,30.0,rec_2022-12-20
d1a2eb27a7ef4f03946c829dd827dc19,data/raw/AzSLD_Words_100/PENSİYA/d1a2eb27a7ef4f03946c829dd827dc19.mp4,PENSİYA,,unknown,20,30.0,rec_2022-12-23
d6c20f528c2440db85dca8d8b235e4cf,data/raw/AzSLD_Words_100/PENSİYA/d6c20f528c2440db85dca8d8b235e4cf.mp4,PENSİYA,,unknown,14,30.0,rec_2022-12-15
d83b870c233448aa91350ebb1bc322a4,data/raw/AzSLD_Words_100/PENSİYA/d83b870c233448aa91350ebb1bc322a4.mp4,PENSİYA,,unknown,25,30.0,rec_2022-12-23
da32acd955cb4af989e8b231682f672b,data/raw/AzSLD_Words_100/PENSİYA/da32acd955cb4af989e8b231682f672b.mp4,PENSİYA,,unknown,25,30.0,rec_2022-12-28
de00e46fcd894e5d9832992bc53497c7,data/raw/AzSLD_Words_100/PENSİYA/de00e46fcd894e5d9832992bc53497c7.mp4,PENSİYA,,unknown,22,30.0,rec_2022-12-22
e01e54d7c4444ebb8036a98f23fcd6af,data/raw/AzSLD_Words_100/PENSİYA/e01e54d7c4444ebb8036a98f23fcd6af.mp4,PENSİYA,,unknown,18,30.0,rec_2022-12-17
e03dad56d6634187abaa0ac17143777e,data/raw/AzSLD_Words_100/PENSİYA/e03dad56d6634187abaa0ac17143777e.mp4,PENSİYA,,unknown,19,30.0,rec_2022-11-18
e271d0f54e7f449f85c24b45df17c79e,data/raw/AzSLD_Words_100/PENSİYA/e271d0f54e7f449f85c24b45df17c79e.mp4,PENSİYA,,unknown,25,30.0,rec_2022-11-19
e2eaadd654d9453197a65907a431d695,data/raw/AzSLD_Words_100/PENSİYA/e2eaadd654d9453197a65907a431d695.mp4,PENSİYA,,unknown,31,30.0,rec_2022-12-20
e2eed4031e1c40569fd261c7608cbbd1,data/raw/AzSLD_Words_100/PENSİYA/e2eed4031e1c40569fd261c7608cbbd1.mp4,PENSİYA,,unknown,23,30.0,rec_2022-12-20
e6ac6adf56f94cf0ae51ebe3dfe8128e,data/raw/AzSLD_Words_100/PENSİYA/e6ac6adf56f94cf0ae51ebe3dfe8128e.mp4,PENSİYA,,unknown,18,30.0,rec_2022-11-05
e8a7f1b946f14d3190c47409bd6d6536,data/raw/AzSLD_Words_100/PENSİYA/e8a7f1b946f14d3190c47409bd6d6536.mp4,PENSİYA,,unknown,18,30.0,rec_2022-12-16
f9f7eabf528c4044a822f56bb86bf724,data/raw/AzSLD_Words_100/PENSİYA/f9f7eabf528c4044a822f56bb86bf724.mp4,PENSİYA,,unknown,26,30.0,rec_2022-12-17
fe0a6cab5c554d01a8b9dfdb4c98db84,data/raw/AzSLD_Words_100/PENSİYA/fe0a6cab5c554d01a8b9dfdb4c98db84.mp4,PENSİYA,,unknown,25,30.0,rec_2022-12-24
00d38c2e7dec4d76946717c48427f2af,data/raw/AzSLD_Words_100/QAPI/00d38c2e7dec4d76946717c48427f2af.mp4,QAPI,,unknown,29,30.0,rec_2022-07-22
15d92694c6b04b2697228227a927d9f4,data/raw/AzSLD_Words_100/QAPI/15d92694c6b04b2697228227a927d9f4.mp4,QAPI,,unknown,35,30.0,rec_2022-07-13
191ee1c91e964d70a13741f483da3110,data/raw/AzSLD_Words_100/QAPI/191ee1c91e964d70a13741f483da3110.mp4,QAPI,,unknown,20,30.0,rec_2022-07-22
39d04086340743ae8d532b759df393e6,data/raw/AzSLD_Words_100/QAPI/39d04086340743ae8d532b759df393e6.mp4,QAPI,,unknown,22,30.0,rec_2022-05-31
3a9e1ab38b774f6aba222314c7e0ceca,data/raw/AzSLD_Words_100/QAPI/3a9e1ab38b774f6aba222314c7e0ceca.mp4,QAPI,,unknown,29,30.0,rec_2022-07-16
3b246d788c6d416aa375fb3b46284cc5,data/raw/AzSLD_Words_100/QAPI/3b246d788c6d416aa375fb3b46284cc5.mp4,QAPI,,unknown,28,30.0,rec_2022-08-02
481864698534403f89e940e675b0b421,data/raw/AzSLD_Words_100/QAPI/481864698534403f89e940e675b0b421.mp4,QAPI,,unknown,16,30.0,rec_2022-07-16
899713105df440f48213d606125522b9,data/raw/AzSLD_Words_100/QAPI/899713105df440f48213d606125522b9.mp4,QAPI,,unknown,16,30.0,rec_2022-07-15
a130ccf263984b0dbbcc0fedea447694,data/raw/AzSLD_Words_100/QAPI/a130ccf263984b0dbbcc0fedea447694.mp4,QAPI,,unknown,16,30.0,rec_2022-07-15
a24b431534224c65827689ff9ad45427,data/raw/AzSLD_Words_100/QAPI/a24b431534224c65827689ff9ad45427.mp4,QAPI,,unknown,35,30.0,rec_2022-05-31
b0762cf63d4a43a99ad1f6586b5621dc,data/raw/AzSLD_Words_100/QAPI/b0762cf63d4a43a99ad1f6586b5621dc.mp4,QAPI,,unknown,17,30.0,rec_2022-07-16
b60f7a1b61104154bdc80975a15e191c,data/raw/AzSLD_Words_100/QAPI/b60f7a1b61104154bdc80975a15e191c.mp4,QAPI,,unknown,22,30.0,rec_2022-07-13
bb9aa890c1214902a1c2257dfd4a102a,data/raw/AzSLD_Words_100/QAPI/bb9aa890c1214902a1c2257dfd4a102a.mp4,QAPI,,unknown,19,30.0,rec_2022-05-31
c8e3e095231445dabcae61e65f32a321,data/raw/AzSLD_Words_100/QAPI/c8e3e095231445dabcae61e65f32a321.mp4,QAPI,,unknown,38,30.0,rec_2022-05-31
d21a416c9bd44d4cabb919a9e236072d,data/raw/AzSLD_Words_100/QAPI/d21a416c9bd44d4cabb919a9e236072d.mp4,QAPI,,unknown,27,30.0,rec_2022-07-01
d5ab33ab7c6849988553b8abc8e2db55,data/raw/AzSLD_Words_100/QAPI/d5ab33ab7c6849988553b8abc8e2db55.mp4,QAPI,,unknown,13,30.0,rec_2022-07-20
d628505d2c714725a24cab431d51eec9,data/raw/AzSLD_Words_100/QAPI/d628505d2c714725a24cab431d51eec9.mp4,QAPI,,unknown,14,30.0,rec_2022-07-18
e3b9746c05e14424bcb94100f30e37b8,data/raw/AzSLD_Words_100/QAPI/e3b9746c05e14424bcb94100f30e37b8.mp4,QAPI,,unknown,29,30.0,rec_2022-08-02
0764f75af1944e119897461aa0c0267e,data/raw/AzSLD_Words_100/QARABAQ/0764f75af1944e119897461aa0c0267e.mp4,QARABAQ,,unknown,70,30.0,rec_2022-08-02
08d4b7be780b438bbfa56fbd1a3078e9,data/raw/AzSLD_Words_100/QARABAQ/08d4b7be780b438bbfa56fbd1a3078e9.mp4,QARABAQ,,unknown,22,30.0,rec_2022-06-02
12edb797e1774f60a79c3289fe1f9b73,data/raw/AzSLD_Words_100/QARABAQ/12edb797e1774f60a79c3289fe1f9b73.mp4,QARABAQ,,unknown,58,30.0,rec_2022-07-18
1ccb0b82b90041cab98011f960998481,data/raw/AzSLD_Words_100/QARABAQ/1ccb0b82b90041cab98011f960998481.mp4,QARABAQ,,unknown,26,30.0,rec_2022-07-23
68b275ba4f6a47119100a80954b2dd1d,data/raw/AzSLD_Words_100/QARABAQ/68b275ba4f6a47119100a80954b2dd1d.mp4,QARABAQ,,unknown,31,30.0,rec_2022-06-11
6f740635ccbe486480b423c4701d65de,data/raw/AzSLD_Words_100/QARABAQ/6f740635ccbe486480b423c4701d65de.mp4,QARABAQ,,unknown,39,30.0,rec_2022-07-22
703d4577e53b418ba9d290b9c0584916,data/raw/AzSLD_Words_100/QARABAQ/703d4577e53b418ba9d290b9c0584916.mp4,QARABAQ,,unknown,23,30.0,rec_2022-07-13
74815d05450644c8b7c7cafae81012aa,data/raw/AzSLD_Words_100/QARABAQ/74815d05450644c8b7c7cafae81012aa.mp4,QARABAQ,,unknown,20,30.0,rec_2022-07-20
758c70ef4724428c9bbca19b1042c020,data/raw/AzSLD_Words_100/QARABAQ/758c70ef4724428c9bbca19b1042c020.mp4,QARABAQ,,unknown,16,30.0,rec_2022-08-02
768511120db247d9885be7fb8be06db2,data/raw/AzSLD_Words_100/QARABAQ/768511120db247d9885be7fb8be06db2.mp4,QARABAQ,,unknown,16,30.0,rec_2022-06-18
8e7a3052b2eb491aa2ca3542bb3c481d,data/raw/AzSLD_Words_100/QARABAQ/8e7a3052b2eb491aa2ca3542bb3c481d.mp4,QARABAQ,,unknown,19,30.0,rec_2022-07-14
9402eecae5f14b2795809ed7622e5670,data/raw/AzSLD_Words_100/QARABAQ/9402eecae5f14b2795809ed7622e5670.mp4,QARABAQ,,unknown,50,30.0,rec_2022-07-18
ad26456914c44acbb3059cba217cb37b,data/raw/AzSLD_Words_100/QARABAQ/ad26456914c44acbb3059cba217cb37b.mp4,QARABAQ,,unknown,24,30.0,rec_2022-07-16
b54c4be33cdd46289c1e64770604b9b6,data/raw/AzSLD_Words_100/QARABAQ/b54c4be33cdd46289c1e64770604b9b6.mp4,QARABAQ,,unknown,78,30.0,rec_2022-07-25
c895d41b2c204d9aa785f470edbddfc7,data/raw/AzSLD_Words_100/QARABAQ/c895d41b2c204d9aa785f470edbddfc7.mp4,QARABAQ,,unknown,27,30.0,rec_2022-08-02
d76fde4fa67c4fffbe4daaec71a41626,data/raw/AzSLD_Words_100/QARABAQ/d76fde4fa67c4fffbe4daaec71a41626.mp4,QARABAQ,,unknown,98,30.0,rec_2022-07-13
e040fc770d504fbf8d5ceff6a519ad52,data/raw/AzSLD_Words_100/QARABAQ/e040fc770d504fbf8d5ceff6a519ad52.mp4,QARABAQ,,unknown,25,30.0,rec_2022-07-01
e3d52af9095048598d535cbeb08cbd10,data/raw/AzSLD_Words_100/QARABAQ/e3d52af9095048598d535cbeb08cbd10.mp4,QARABAQ,,unknown,24,30.0,rec_2022-08-02
e44a56a7bf424cd790d118335136c1d0,data/raw/AzSLD_Words_100/QARABAQ/e44a56a7bf424cd790d118335136c1d0.mp4,QARABAQ,,unknown,25,30.0,rec_2022-07-23
0c5634299c89473f94f598acf3bbd8bc,data/raw/AzSLD_Words_100/QATAR/0c5634299c89473f94f598acf3bbd8bc.mp4,QATAR,,unknown,28,30.0,rec_2023-01-19
20ad60366f5b444ea6c95fdfb7ff4d0b,data/raw/AzSLD_Words_100/QATAR/20ad60366f5b444ea6c95fdfb7ff4d0b.mp4,QATAR,,unknown,40,30.0,rec_2022-11-17
256518c75fa745d2ad65588250ae7b55,data/raw/AzSLD_Words_100/QATAR/256518c75fa745d2ad65588250ae7b55.mp4,QATAR,,unknown,15,30.0,rec_2022-06-13
2e4c7333832e40c1a76d923e39b42789,data/raw/AzSLD_Words_100/QATAR/2e4c7333832e40c1a76d923e39b42789.mp4,QATAR,,unknown,33,30.0,rec_2022-12-20
3991dcd5a998478092ccfbc24aa8a62a,data/raw/AzSLD_Words_100/QATAR/3991dcd5a998478092ccfbc24aa8a62a.mp4,QATAR,,unknown,35,30.0,rec_2022-12-17
4f5bdd8af1a64d51a1543fcbd8a3f106,data/raw/AzSLD_Words_100/QATAR/4f5bdd8af1a64d51a1543fcbd8a3f106.mp4,QATAR,,unknown,37,30.0,rec_2022-11-02
4f701f2e62a2428eb519d3db06d5c5cb,data/raw/AzSLD_Words_100/QATAR/4f701f2e62a2428eb519d3db06d5c5cb.mp4,QATAR,,unknown,33,30.0,rec_2022-12-22
5d89f00342a84cc5b4c76916bd9474da,data/raw/AzSLD_Words_100/QATAR/5d89f00342a84cc5b4c76916bd9474da.mp4,QATAR,,unknown,18,30.0,rec_2022-07-21
67db6703cbb54b9dae9d7a18939b9bac,data/raw/AzSLD_Words_100/QATAR/67db6703cbb54b9dae9d7a18939b9bac.mp4,QATAR,,unknown,33,30.0,rec_2022-12-23
6db51fa58aa74ac0b5389fed5d4000cf,data/raw/AzSLD_Words_100/QATAR/6db51fa58aa74ac0b5389fed5d4000cf.mp4,QATAR,,unknown,20,30.0,rec_2022-07-21
76bdf03c724c4bb88a689691d0fbc66e,data/raw/AzSLD_Words_100/QATAR/76bdf03c724c4bb88a689691d0fbc66e.mp4,QATAR,,unknown,20,30.0,rec_2022-11-19
7c1a96346ca74808a1071b188d317e89,data/raw/AzSLD_Words_100/QATAR/7c1a96346ca74808a1071b188d317e89.mp4,QATAR,,unknown,20,30.0,rec_2022-07-01
7c9a986c49a34a4591eaa668fe5d7b5d,data/raw/AzSLD_Words_100/QATAR/7c9a986c49a34a4591eaa668fe5d7b5d.mp4,QATAR,,unknown,38,30.0,rec_2022-12-27
88f95fc9ee0847d99f3f1fe2f3972157,data/raw/AzSLD_Words_100/QATAR/88f95fc9ee0847d99f3f1fe2f3972157.mp4,QATAR,,unknown,36,30.0,rec_2022-12-22
99631f5f207f4f48b4c197f040efb7d1,data/raw/AzSLD_Words_100/QATAR/99631f5f207f4f48b4c197f040efb7d1.mp4,QATAR,,unknown,21,30.0,rec_2022-11-05
9e1f4855f12c4bb6b6412794e4d44338,data/raw/AzSLD_Words_100/QATAR/9e1f4855f12c4bb6b6412794e4d44338.mp4,QATAR,,unknown,16,30.0,rec_2022-07-15
a372b5b54f544cc8ac9eb3bffa1c5f5f,data/raw/AzSLD_Words_100/QATAR/a372b5b54f544cc8ac9eb3bffa1c5f5f.mp4,QATAR,,unknown,34,30.0,rec_2022-12-20
bcba121373f94f49a46ccb9216096649,data/raw/AzSLD_Words_100/QATAR/bcba121373f94f49a46ccb9216096649.mp4,QATAR,,unknown,14,30.0,rec_2022-07-13
c73e0638a4bd469890b12e5599cb51b9,data/raw/AzSLD_Words_100/QATAR/c73e0638a4bd469890b12e5599cb51b9.mp4,QATAR,,unknown,37,30.0,rec_2022-12-23
c94667b0e31043bea2400c9082afd201,data/raw/AzSLD_Words_100/QATAR/c94667b0e31043bea2400c9082afd201.mp4,QATAR,,unknown,36,30.0,rec_2022-12-27
ca45fff4069a4afab8a7db308a73241d,data/raw/AzSLD_Words_100/QATAR/ca45fff4069a4afab8a7db308a73241d.mp4,QATAR,,unknown,40,30.0,rec_2022-12-15
d96fa751768a4350bf14c6d5bff2b079,data/raw/AzSLD_Words_100/QATAR/d96fa751768a4350bf14c6d5bff2b079.mp4,QATAR,,unknown,36,30.0,rec_2022-12-28
e27b963d005e41dba0876cc33b9d1659,data/raw/AzSLD_Words_100/QATAR/e27b963d005e41dba0876cc33b9d1659.mp4,QATAR,,unknown,25,30.0,rec_2022-11-02
f3b20168d41f46a0893dda287678a0dd,data/raw/AzSLD_Words_100/QATAR/f3b20168d41f46a0893dda287678a0dd.mp4,QATAR,,unknown,47,30.0,rec_2022-11-18
ff353c233f6a418097a81dcacec9244e,data/raw/AzSLD_Words_100/QATAR/ff353c233f6a418097a81dcacec9244e.mp4,QATAR,,unknown,32,30.0,rec_2022-12-24
ff446f055a524bee85a226575f0ffd38,data/raw/AzSLD_Words_100/QATAR/ff446f055a524bee85a226575f0ffd38.mp4,QATAR,,unknown,27,30.0,rec_2022-11-10
0103a59f2ea842009c87a8fc207ce636,data/raw/AzSLD_Words_100/RƏSİM/0103a59f2ea842009c87a8fc207ce636.mp4,RƏSİM,,unknown,31,30.0,rec_2023-01-17
1080c5a61a964161adfaa7e236bd3d3d,data/raw/AzSLD_Words_100/RƏSİM/1080c5a61a964161adfaa7e236bd3d3d.mp4,RƏSİM,,unknown,36,30.0,rec_2022-12-23
36911359405e49168dbae460fb5a1d79,data/raw/AzSLD_Words_100/RƏSİM/36911359405e49168dbae460fb5a1d79.mp4,RƏSİM,,unknown,26,30.0,rec_2022-12-20
6001097ad64e41f6bfb68f2e0e2dc442,data/raw/AzSLD_Words_100/RƏSİM/6001097ad64e41f6bfb68f2e0e2dc442.mp4,RƏSİM,,unknown,25,30.0,rec_2022-12-27
60f8759aed2c4496b4177c290d74788e,data/raw/AzSLD_Words_100/RƏSİM/60f8759aed2c4496b4177c290d74788e.mp4,RƏSİM,,unknown,38,30.0,rec_2022-12-15
66de02f158f74752b3ee4a99dabaa28d,data/raw/AzSLD_Words_100/RƏSİM/66de02f158f74752b3ee4a99dabaa28d.mp4,RƏSİM,,unknown,20,30.0,rec_2022-12-27
7d78eaf967d94f46a262f53bec6d628e,data/raw/AzSLD_Words_100/RƏSİM/7d78eaf967d94f46a262f53bec6d628e.mp4,RƏSİM,,unknown,28,30.0,rec_2022-12-28
864fb967e3674697b5acb5f38cdf7dd7,data/raw/AzSLD_Words_100/RƏSİM/864fb967e3674697b5acb5f38cdf7dd7.mp4,RƏSİM,,unknown,40,30.0,rec_2022-11-17
8c92bb3483b4493da57bd9fe17d6ac39,data/raw/AzSLD_Words_100/RƏSİM/8c92bb3483b4493da57bd9fe17d6ac39.mp4,RƏSİM,,unknown,30,30.0,rec_2022-11-19
9f5a38f9dc4745c380133b13ad3cc85b,data/raw/AzSLD_Words_100/RƏSİM/9f5a38f9dc4745c380133b13ad3cc85b.mp4,RƏSİM,,unknown,25,30.0,rec_2022-12-20
a1cee80475f24940a5e9ef8e138ea907,data/raw/AzSLD_Words_100/RƏSİM/a1cee80475f24940a5e9ef8e138ea907.mp4,RƏSİM,,unknown,28,30.0,rec_2022-11-04
a6df79251ddc44e1b214fbec6e1d3654,data/raw/AzSLD_Words_100/RƏSİM/a6df79251ddc44e1b214fbec6e1d3654.mp4,RƏSİM,,unknown,30,30.0,rec_2022-11-18
bb0642491b3546c398994d074348d4b2,data/raw/AzSLD_Words_100/RƏSİM/bb0642491b3546c398994d074348d4b2.mp4,RƏSİM,,unknown,38,30.0,rec_2022-12-24
d163da0359334156b9edfc4c70db8aa7,data/raw/AzSLD_Words_100/RƏSİM/d163da0359334156b9edfc4c70db8aa7.mp4,RƏSİM,,unknown,37,30.0,rec_2022-12-17
dc28e486dd9442028f2a5f2ef7fe1684,data/raw/AzSLD_Words_100/RƏSİM/dc28e486dd9442028f2a5f2ef7fe1684.mp4,RƏSİM,,unknown,34,30.0,rec_2022-12-23
e87da02f17bd49718e24de8ddb4db43c,data/raw/AzSLD_Words_100/RƏSİM/e87da02f17bd49718e24de8ddb4db43c.mp4,RƏSİM,,unknown,39,30.0,rec_2022-10-28
ee35e2c817964664aae85f45928741af,data/raw/AzSLD_Words_100/RƏSİM/ee35e2c817964664aae85f45928741af.mp4,RƏSİM,,unknown,34,30.0,rec_2022-12-22
f739831f6a84467588cb6ff2b0633686,data/raw/AzSLD_Words_100/RƏSİM/f739831f6a84467588cb6ff2b0633686.mp4,RƏSİM,,unknown,45,30.0,rec_2022-11-22
fffe3617056e4fe5b9a0dae1a3ee782d,data/raw/AzSLD_Words_100/RƏSİM/fffe3617056e4fe5b9a0dae1a3ee782d.mp4,RƏSİM,,unknown,23,30.0,rec_2022-11-10
00055b5212984faa99131d7f2c1852d6,data/raw/AzSLD_Words_100/SABAH/00055b5212984faa99131d7f2c1852d6.mp4,SABAH,,unknown,29,30.0,rec_2022-07-15
08f336c68e904c66b531dca67d787223,data/raw/AzSLD_Words_100/SABAH/08f336c68e904c66b531dca67d787223.mp4,SABAH,,unknown,16,30.0,rec_2022-06-09
0c32af78ec824a93a37f26842c216fc6,data/raw/AzSLD_Words_100/SABAH/0c32af78ec824a93a37f26842c216fc6.mp4,SABAH,,unknown,16,30.0,rec_2022-07-22
0e54cc5847194071886970440b0fd43a,data/raw/AzSLD_Words_100/SABAH/0e54cc5847194071886970440b0fd43a.mp4,SABAH,,unknown,16,30.0,rec_2022-07-25
15c8cc065eb343869ba6adecbfd7e3a3,data/raw/AzSLD_Words_100/SABAH/15c8cc065eb343869ba6adecbfd7e3a3.mp4,SABAH,,unknown,14,30.0,rec_2022-07-21
1f4d27e0b3ce47c0afdf0976a4517f36,data/raw/AzSLD_Words_100/SABAH/1f4d27e0b3ce47c0afdf0976a4517f36.mp4,SABAH,,unknown,16,30.0,rec_2022-08-02
25d481658a6d4e858c477e09c76edfe1,data/raw/AzSLD_Words_100/SABAH/25d481658a6d4e858c477e09c76edfe1.mp4,SABAH,,unknown,18,30.0,rec_2022-06-09
25f17a9d6e5e4dc69130dd4cd159420b,data/raw/AzSLD_Words_100/SABAH/25f17a9d6e5e4dc69130dd4cd159420b.mp4,SABAH,,unknown,20,30.0,rec_2022-06-02
26a8222f3476407ba271e1bbe40e2239,data/raw/AzSLD_Words_100/SABAH/26a8222f3476407ba271e1bbe40e2239.mp4,SABAH,,unknown,14,30.0,rec_2022-06-16
2f0885878b2641d7a9861ec8f0206830,data/raw/AzSLD_Words_100/SABAH/2f0885878b2641d7a9861ec8f0206830.mp4,SABAH,,unknown,26,30.0,rec_2022-06-11
364c736fe1d3497a8ab5d28e45cb25d7,data/raw/AzSLD_Words_100/SABAH/364c736fe1d3497a8ab5d28e45cb25d7.mp4,SABAH,,unknown,9,30.0,rec_2022-07-20
39b719e97c474f31beceea7c57ad2aaa,data/raw/AzSLD_Words_100/SABAH/39b719e97c474f31beceea7c57ad2aaa.mp4,SABAH,,unknown,25,30.0,rec_2022-06-01
3cc274cb68ee49d8bf099d294a298e33,data/raw/AzSLD_Words_100/SABAH/3cc274cb68ee49d8bf099d294a298e33.mp4,SABAH,,unknown,19,30.0,rec_2022-06-13
3d25faad04ea4fdc8759093ba1759ff2,data/raw/AzSLD_Words_100/SABAH/3d25faad04ea4fdc8759093ba1759ff2.mp4,SABAH,,unknown,20,30.0,rec_2022-07-16
41e763233bc24560a58f707a171c92e3,data/raw/AzSLD_Words_100/SABAH/41e763233bc24560a58f707a171c92e3.mp4,SABAH,,unknown,27,30.0,rec_2022-07-13
4cd43b56267647b080268191829a808b,data/raw/AzSLD_Words_100/SABAH/4cd43b56267647b080268191829a808b.mp4,SABAH,,unknown,14,30.0,rec_2022-08-02
4d009f74c6e744468ac0e7011ff8e2d7,data/raw/AzSLD_Words_100/SABAH/4d009f74c6e744468ac0e7011ff8e2d7.mp4,SABAH,,unknown,14,30.0,rec_2022-07-14
4ea41252b6ba4af7bef8152908a6748d,data/raw/AzSLD_Words_100/SABAH/4ea41252b6ba4af7bef8152908a6748d.mp4,SABAH,,unknown,14,30.0,rec_2022-07-23
62dab1ac60e74080bd910f932413a6eb,data/raw/AzSLD_Words_100/SABAH/62dab1ac60e74080bd910f932413a6eb.mp4,SABAH,,unknown,17,30.0,rec_2022-06-01
642614da75204a72bc8d7d7883b7de63,data/raw/AzSLD_Words_100/SABAH/642614da75204a72bc8d7d7883b7de63.mp4,SABAH,,unknown,45,30.0,rec_2022-06-01
64d423e3a6674ce5acee330da3972c7b,data/raw/AzSLD_Words_100/SABAH/64d423e3a6674ce5acee330da3972c7b.mp4,SABAH,,unknown,22,30.0,rec_2022-07-21
687f38548b9c415897c100887590bc1b,data/raw/AzSLD_Words_100/SABAH/687f38548b9c415897c100887590bc1b.mp4,SABAH,,unknown,17,30.0,rec_2022-07-16
7987faacec0d40a8af0ccc76058e5a25,data/raw/AzSLD_Words_100/SABAH/7987faacec0d40a8af0ccc76058e5a25.mp4,SABAH,,unknown,16,30.0,rec_2022-07-16
7dc28937bb27487d9e70bfde90409110,data/raw/AzSLD_Words_100/SABAH/7dc28937bb27487d9e70bfde90409110.mp4,SABAH,,unknown,12,30.0,rec_2022-12-16
7dc5001edcd842478a431c7212d4e0f6,data/raw/AzSLD_Words_100/SABAH/7dc5001edcd842478a431c7212d4e0f6.mp4,SABAH,,unknown,21,30.0,rec_2022-07-01
817a77b69dbc459a8033149ab061a724,data/raw/AzSLD_Words_100/SABAH/817a77b69dbc459a8033149ab061a724.mp4,SABAH,,unknown,16,30.0,rec_2022-08-02
86b5e907fe06458d897722bd75333742,data/raw/AzSLD_Words_100/SABAH/86b5e907fe06458d897722bd75333742.mp4,SABAH,,unknown,26,30.0,rec_2022-06-09
97b3fef269124e0e80d7a302bb6a44a4,data/raw/AzSLD_Words_100/SABAH/97b3fef269124e0e80d7a302bb6a44a4.mp4,SABAH,,unknown,32,30.0,rec_2022-07-25
a390fae4276943329343edf11a66fe77,data/raw/AzSLD_Words_100/SABAH/a390fae4276943329343edf11a66fe77.mp4,SABAH,,unknown,18,30.0,rec_2022-08-01
a813134edcae428f83232c2c1a1035b5,data/raw/AzSLD_Words_100/SABAH/a813134edcae428f83232c2c1a1035b5.mp4,SABAH,,unknown,56,30.0,rec_2022-04-26
b1e81efd8e3f471b84b28f9b372f57fc,data/raw/AzSLD_Words_100/SABAH/b1e81efd8e3f471b84b28f9b372f57fc.mp4,SABAH,,unknown,20,30.0,rec_2022-07-13
b30ac441f80f42e99c04d0ddb8135216,data/raw/AzSLD_Words_100/SABAH/b30ac441f80f42e99c04d0ddb8135216.mp4,SABAH,,unknown,17,30.0,rec_2022-07-25
b3421f5182f646ddbc1d9a47b65788eb,data/raw/AzSLD_Words_100/SABAH/b3421f5182f646ddbc1d9a47b65788eb.mp4,SABAH,,unknown,16,30.0,rec_2022-07-13
bb14fb45c0fd44c580d7a9ac2b2a12f5,data/raw/AzSLD_Words_100/SABAH/bb14fb45c0fd44c580d7a9ac2b2a12f5.mp4,SABAH,,unknown,23,30.0,rec_2022-08-02
bcb4f612e5c04ec4ad046a8cae974660,data/raw/AzSLD_Words_100/SABAH/bcb4f612e5c04ec4ad046a8cae974660.mp4,SABAH,,unknown,15,30.0,rec_2022-12-23
c17c23bf288c47f7b5a66b970ef2b63a,data/raw/AzSLD_Words_100/SABAH/c17c23bf288c47f7b5a66b970ef2b63a.mp4,SABAH,,unknown,25,30.0,rec_2022-07-19
caadc293a3a642adb3b78e9133f4ba77,data/raw/AzSLD_Words_100/SABAH/caadc293a3a642adb3b78e9133f4ba77.mp4,SABAH,,unknown,16,30.0,rec_2022-07-01
d87eb9d03d2248848ef72ac1f034a1bc,data/raw/AzSLD_Words_100/SABAH/d87eb9d03d2248848ef72ac1f034a1bc.mp4,SABAH,,unknown,27,30.0,rec_2022-06-11
d8d752e071b242bca5352cea16451ae1,data/raw/AzSLD_Words_100/SABAH/d8d752e071b242bca5352cea16451ae1.mp4,SABAH,,unknown,28,30.0,rec_2022-06-01
de2a673045fe49f08848719958c044cb,data/raw/AzSLD_Words_100/SABAH/de2a673045fe49f08848719958c044cb.mp4,SABAH,,unknown,20,30.0,rec_2022-07-20
de83fe46e9d04d5180b38b1658dc753b,data/raw/AzSLD_Words_100/SABAH/de83fe46e9d04d5180b38b1658dc753b.mp4,SABAH,,unknown,23,30.0,rec_2022-07-20
e216f48de7b542a3adb1b0d89a92571d,data/raw/AzSLD_Words_100/SABAH/e216f48de7b542a3adb1b0d89a92571d.mp4,SABAH,,unknown,27,30.0,rec_2022-07-29
e742c96cd6b14ec599dfd7c3a994681b,data/raw/AzSLD_Words_100/SABAH/e742c96cd6b14ec599dfd7c3a994681b.mp4,SABAH,,unknown,18,30.0,rec_2022-07-22
092a40c7ccc5422fa7877d7646af7c61,data/raw/AzSLD_Words_100/SALAM/092a40c7ccc5422fa7877d7646af7c61.mp4,SALAM,,unknown,35,30.0,rec_2022-07-25
0b692c20c84445e9826b45d76ed96faa,data/raw/AzSLD_Words_100/SALAM/0b692c20c84445e9826b45d76ed96faa.mp4,SALAM,,unknown,37,30.0,rec_2022-07-15
148bd7b6f6834b08a392d293524f9878,data/raw/AzSLD_Words_100/SALAM/148bd7b6f6834b08a392d293524f9878.mp4,SALAM,,unknown,35,30.0,rec_2022-06-13
159e3834458b4f01b887c92a3b9b3312,data/raw/AzSLD_Words_100/SALAM/159e3834458b4f01b887c92a3b9b3312.mp4,SALAM,,unknown,43,30.0,rec_2022-07-23
24c6dc49a4a3430b9fa91d95c501565b,data/raw/AzSLD_Words_100/SALAM/24c6dc49a4a3430b9fa91d95c501565b.mp4,SALAM,,unknown,54,30.0,rec_2022-06-09
2e9e9c3436dd48ad8e5c181914349944,data/raw/AzSLD_Words_100/SALAM/2e9e9c3436dd48ad8e5c181914349944.mp4,SALAM,,unknown,30,30.0,rec_2022-07-13
3414a103c6a745119f36a44e53c24672,data/raw/AzSLD_Words_100/SALAM/3414a103c6a745119f36a44e53c24672.mp4,SALAM,,unknown,31,30.0,rec_2022-07-22
3678ef0b155b4f74971e4a56923d9a33,data/raw/AzSLD_Words_100/SALAM/3678ef0b155b4f74971e4a56923d9a33.mp4,SALAM,,unknown,41,30.0,rec_2022-06-01
3720e7b5a1d6485db66fc838609027be,data/raw/AzSLD_Words_100/SALAM/3720e7b5a1d6485db66fc838609027be.mp4,SALAM,,unknown,44,30.0,rec_2022-07-22
384c8829902045769282c90b889eed28,data/raw/AzSLD_Words_100/SALAM/384c8829902045769282c90b889eed28.mp4,SALAM,,unknown,45,30.0,rec_2022-06-11
42da87eea95b408f965d5cae96e8e470,data/raw/AzSLD_Words_100/SALAM/42da87eea95b408f965d5cae96e8e470.mp4,SALAM,,unknown,34,30.0,rec_2022-08-02
4aa34fad89064e279b0f90c4038db449,data/raw/AzSLD_Words_100/SALAM/4aa34fad89064e279b0f90c4038db449.mp4,SALAM,,unknown,37,30.0,rec_2022-07-20
5961af8fdbfa4bea94d6c59b44c88c29,data/raw/AzSLD_Words_100/SALAM/5961af8fdbfa4bea94d6c59b44c88c29.mp4,SALAM,,unknown,53,30.0,rec_2022-07-25
5969918433ef4b6ab2e81f5aa2ed5473,data/raw/AzSLD_Words_100/SALAM/5969918433ef4b6ab2e81f5aa2ed5473.mp4,SALAM,,unknown,55,30.0,rec_2022-07-15
621bf8cea42241afa50dafa932090d80,data/raw/AzSLD_Words_100/SALAM/621bf8cea42241afa50dafa932090d80.mp4,SALAM,,unknown,39,30.0,rec_2022-06-01
73716799793e491da8c49890350badd4,data/raw/AzSLD_Words_100/SALAM/73716799793e491da8c49890350badd4.mp4,SALAM,,unknown,26,30.0,rec_2022-06-13
7614430225c247bdb01790fef8f48edb,data/raw/AzSLD_Words_100/SALAM/7614430225c247bdb01790fef8f48edb.mp4,SALAM,,unknown,28,30.0,rec_2022-06-01
7c61f25dc1bb4a2c928bc999daeb3e2b,data/raw/AzSLD_Words_100/SALAM/7c61f25dc1bb4a2c928bc999daeb3e2b.mp4,SALAM,,unknown,36,30.0,rec_2022-07-01
864d7bf33b984d75a95a3d082ed3ed59,data/raw/AzSLD_Words_100/SALAM/864d7bf33b984d75a95a3d082ed3ed59.mp4,SALAM,,unknown,37,30.0,rec_2022-08-02
91b3cf9168864bbba02e1a4536420530,data/raw/AzSLD_Words_100/SALAM/91b3cf9168864bbba02e1a4536420530.mp4,SALAM,,unknown,42,30.0,rec_2022-07-21
942e9f40c7dc4cfa8935481f44da093b,data/raw/AzSLD_Words_100/SALAM/942e9f40c7dc4cfa8935481f44da093b.mp4,SALAM,,unknown,37,30.0,rec_2022-07-13
9f90f811e45042a3aef82f2573460d79,data/raw/AzSLD_Words_100/SALAM/9f90f811e45042a3aef82f2573460d79.mp4,SALAM,,unknown,37,30.0,rec_2022-07-18
a742183e36c94928a4add2a5efe3dfc7,data/raw/AzSLD_Words_100/SALAM/a742183e36c94928a4add2a5efe3dfc7.mp4,SALAM,,unknown,33,30.0,rec_2022-08-02
b8c3bb09c138445a8d2a976385011255,data/raw/AzSLD_Words_100/SALAM/b8c3bb09c138445a8d2a976385011255.mp4,SALAM,,unknown,48,30.0,rec_2022-07-23
b972eed6d6aa409faeaacb172a143b09,data/raw/AzSLD_Words_100/SALAM/b972eed6d6aa409faeaacb172a143b09.mp4,SALAM,,unknown,50,30.0,rec_2022-07-21
badbf9d2b583443fac12942c2a2437c0,data/raw/AzSLD_Words_100/SALAM/badbf9d2b583443fac12942c2a2437c0.mp4,SALAM,,unknown,41,30.0,rec_2022-06-11
d391cc955fab429a96e3e8585cef0534,data/raw/AzSLD_Words_100/SALAM/d391cc955fab429a96e3e8585cef0534.mp4,SALAM,,unknown,31,30.0,rec_2022-06-01
dd680f24e4124520ba860fa2f81b2cb5,data/raw/AzSLD_Words_100/SALAM/dd680f24e4124520ba860fa2f81b2cb5.mp4,SALAM,,unknown,44,30.0,rec_2022-07-01
dfc3033bd7e04e8682c4f655ae2d800b,data/raw/AzSLD_Words_100/SALAM/dfc3033bd7e04e8682c4f655ae2d800b.mp4,SALAM,,unknown,45,30.0,rec_2022-07-18
f5e328111bbf44c1a208ca71f2c98965,data/raw/AzSLD_Words_100/SALAM/f5e328111bbf44c1a208ca71f2c98965.mp4,SALAM,,unknown,36,30.0,rec_2022-07-13
01b21614b8954522943f5bcc12ab6d1a,data/raw/AzSLD_Words_100/SATICI/01b21614b8954522943f5bcc12ab6d1a.mp4,SATICI,,unknown,19,30.0,rec_2022-12-22
0c8228df7c074fdc926c0c202426a365,data/raw/AzSLD_Words_100/SATICI/0c8228df7c074fdc926c0c202426a365.mp4,SATICI,,unknown,29,30.0,rec_2022-12-15
1345c7b46c8f4470aba9e96afe0b81e2,data/raw/AzSLD_Words_100/SATICI/1345c7b46c8f4470aba9e96afe0b81e2.mp4,SATICI,,unknown,30,30.0,rec_2022-11-22
18e9e08b68364b9fbe4a878f4d5a19f2,data/raw/AzSLD_Words_100/SATICI/18e9e08b68364b9fbe4a878f4d5a19f2.mp4,SATICI,,unknown,29,30.0,rec_2022-11-19
29b9534c6b1a439ea7754978af247254,data/raw/AzSLD_Words_100/SATICI/29b9534c6b1a439ea7754978af247254.mp4,SATICI,,unknown,21,30.0,rec_2022-12-24
3492411746444bb0a4cd1c52c8da2aea,data/raw/AzSLD_Words_100/SATICI/3492411746444bb0a4cd1c52c8da2aea.mp4,SATICI,,unknown,17,30.0,rec_2022-12-23
34d6876b35fd43edaed41d3d124b938e,data/raw/AzSLD_Words_100/SATICI/34d6876b35fd43edaed41d3d124b938e.mp4,SATICI,,unknown,21,30.0,rec_2022-12-20
409550031ed54d70b86c26e262395c84,data/raw/AzSLD_Words_100/SATICI/409550031ed54d70b86c26e262395c84.mp4,SATICI,,unknown,25,30.0,rec_2022-12-27
47a078fc68bd46238fce1e2faee02388,data/raw/AzSLD_Words_100/SATICI/47a078fc68bd46238fce1e2faee02388.mp4,SATICI,,unknown,21,30.0,rec_2022-12-23
553c4430ebcd4bedb3a527969266d0a3,data/raw/AzSLD_Words_100/SATICI/553c4430ebcd4bedb3a527969266d0a3.mp4,SATICI,,unknown,17,30.0,rec_2022-12-27
80acf40c894448f7b6d640169702481e,data/raw/AzSLD_Words_100/SATICI/80acf40c894448f7b6d640169702481e.mp4,SATICI,,unknown,18,30.0,rec_2022-11-04
80fe5ebe4a914e7487a03dd6c6a87f31,data/raw/AzSLD_Words_100/SATICI/80fe5ebe4a914e7487a03dd6c6a87f31.mp4,SATICI,,unknown,20,30.0,rec_2022-12-22
9143b89eefe54e8193c31c17811c2118,data/raw/AzSLD_Words_100/SATICI/9143b89eefe54e8193c31c17811c2118.mp4,SATICI,,unknown,14,30.0,rec_2022-11-10
981ad2afd8c5418d80b0ccc878fa6794,data/raw/AzSLD_Words_100/SATICI/981ad2afd8c5418d80b0ccc878fa6794.mp4,SATICI,,unknown,20,30.0,rec_2022-12-17
9c0c8c45c0d04cd59fd92b0a2dcc8ff8,data/raw/AzSLD_Words_100/SATICI/9c0c8c45c0d04cd59fd92b0a2dcc8ff8.mp4,SATICI,,unknown,28,30.0,rec_2022-12-28
a151cd38e4fd4b87a6142b8b02ca6e08,data/raw/AzSLD_Words_100/SATICI/a151cd38e4fd4b87a6142b8b02ca6e08.mp4,SATICI,,unknown,27,30.0,rec_2022-10-28
db71c407b6f94c52bf46b58f2a06ecd9,data/raw/AzSLD_Words_100/SATICI/db71c407b6f94c52bf46b58f2a06ecd9.mp4,SATICI,,unknown,24,30.0,rec_2022-12-20
ed3e0bf4106941418d8d6b98982ab65a,data/raw/AzSLD_Words_100/SATICI/ed3e0bf4106941418d8d6b98982ab65a.mp4,SATICI,,unknown,19,30.0,rec_2023-01-18
08666254100e45ee9f5a8a940a4dba76,data/raw/AzSLD_Words_100/SAĞLAM/08666254100e45ee9f5a8a940a4dba76.mp4,SAĞLAM,,unknown,28,30.0,rec_2022-12-27
08f036812a0449a19cf282f793618437,data/raw/AzSLD_Words_100/SAĞLAM/08f036812a0449a19cf282f793618437.mp4,SAĞLAM,,unknown,31,30.0,rec_2022-11-04
0bdf40459597456d86d4d03f3f012a37,data/raw/AzSLD_Words_100/SAĞLAM/0bdf40459597456d86d4d03f3f012a37.mp4,SAĞLAM,,unknown,26,30.0,rec_2022-11-05
0cac6bbdaa2d49b586f550fafe24bddd,data/raw/AzSLD_Words_100/SAĞLAM/0cac6bbdaa2d49b586f550fafe24bddd.mp4,SAĞLAM,,unknown,18,30.0,rec_2022-12-20
13494efb285a41b2a7b26cc4cd04cb4a,data/raw/AzSLD_Words_100/SAĞLAM/13494efb285a41b2a7b26cc4cd04cb4a.mp4,SAĞLAM,,unknown,27,30.0,rec_2022-12-17
155ac407502c4d4b960db6a7ae9543b1,data/raw/AzSLD_Words_100/SAĞLAM/155ac407502c4d4b960db6a7ae9543b1.mp4,SAĞLAM,,unknown,32,30.0,rec_2022-12-27
172d3e2fec594d678691198fcf9b6ef3,data/raw/AzSLD_Words_100/SAĞLAM/172d3e2fec594d678691198fcf9b6ef3.mp4,SAĞLAM,,unknown,32,30.0,rec_2022-12-23
1b413811ada141379eedbb827c5e115b,data/raw/AzSLD_Words_100/SAĞLAM/1b413811ada141379eedbb827c5e115b.mp4,SAĞLAM,,unknown,28,30.0,rec_2022-12-15
1cfea0b31ef449ba901c91c5bbdc2571,data/raw/AzSLD_Words_100/SAĞLAM/1cfea0b31ef449ba901c91c5bbdc2571.mp4,SAĞLAM,,unknown,25,30.0,rec_2022-12-22
247ec1f263e1427f9d272128586a2d0e,data/raw/AzSLD_Words_100/SAĞLAM/247ec1f263e1427f9d272128586a2d0e.mp4,SAĞLAM,,unknown,28,30.0,rec_2022-12-27
2be36ff28afa457da45158d07f7eaada,data/raw/AzSLD_Words_100/SAĞLAM/2be36ff28afa457da45158d07f7eaada.mp4,SAĞLAM,,unknown,24,30.0,rec_2022-12-20
2d414505c2704adcb7400695f8e50ef5,data/raw/AzSLD_Words_100/SAĞLAM/2d414505c2704adcb7400695f8e50ef5.mp4,SAĞLAM,,unknown,32,30.0,rec_2022-11-19
2e2b8eb5fff643039e4930aa755eaaf3,data/raw/AzSLD_Words_100/SAĞLAM/2e2b8eb5fff643039e4930aa755eaaf3.mp4,SAĞLAM,,unknown,24,30.0,rec_2022-12-22
2ea5d1ec20af4bfabeacc12cd222b49f,data/raw/AzSLD_Words_100/SAĞLAM/2ea5d1ec20af4bfabeacc12cd222b49f.mp4,SAĞLAM,,unknown,27,30.0,rec_2022-12-27
3a077d8b6d73423282a27fb2baa3c660,data/raw/AzSLD_Words_100/SAĞLAM/3a077d8b6d73423282a27fb2baa3c660.mp4,SAĞLAM,,unknown,32,30.0,rec_2022-12-15
3a873eb8d9ea4092b7695a44f136128c,data/raw/AzSLD_Words_100/SAĞLAM/3a873eb8d9ea4092b7695a44f136128c.mp4,SAĞLAM,,unknown,31,30.0,rec_2022-12-28
42c9dd5c90734490b77f33467070832c,data/raw/AzSLD_Words_100/SAĞLAM/42c9dd5c90734490b77f33467070832c.mp4,SAĞLAM,,unknown,34,30.0,rec_2022-10-28
448812273fe247c49c9d8f2c147bd041,data/raw/AzSLD_Words_100/SAĞLAM/448812273fe247c49c9d8f2c147bd041.mp4,SAĞLAM,,unknown,22,30.0,rec_2022-12-20
4a34dfe8a09749c08905da75a75cb699,data/raw/AzSLD_Words_100/SAĞLAM/4a34dfe8a09749c08905da75a75cb699.mp4,SAĞLAM,,unknown,29,30.0,rec_2022-11-17
4cd93242702948a59fc200cdeea94653,data/raw/AzSLD_Words_100/SAĞLAM/4cd93242702948a59fc200cdeea94653.mp4,SAĞLAM,,unknown,24,30.0,rec_2023-01-26
505b3e8486a54fb7aa402ad123b67390,data/raw/AzSLD_Words_100/SAĞLAM/505b3e8486a54fb7aa402ad123b67390.mp4,SAĞLAM,,unknown,25,30.0,rec_2022-12-22
517bb721bf6e4b9e92ef656575c19ab3,data/raw/AzSLD_Words_100/SAĞLAM/517bb721bf6e4b9e92ef656575c19ab3.mp4,SAĞLAM,,unknown,24,30.0,rec_2022-12-17
581ec2abeda84e76940ae90286ff3e5b,data/raw/AzSLD_Words_100/SAĞLAM/581ec2abeda84e76940ae90286ff3e5b.mp4,SAĞLAM,,unknown,31,30.0,rec_2022-11-22
59781371c18c4e0488888aae5ee997f1,data/raw/AzSLD_Words_100/SAĞLAM/59781371c18c4e0488888aae5ee997f1.mp4,SAĞLAM,,unknown,26,30.0,rec_2022-12-24
5e1d80a13aa0479fbd175f1f1fb1af8f,data/raw/AzSLD_Words_100/SAĞLAM/5e1d80a13aa0479fbd175f1f1fb1af8f.mp4,SAĞLAM,,unknown,24,30.0,rec_2022-12-22
5e3c2ecbea694a6e9528f3d6eae1da9c,data/raw/AzSLD_Words_100/SAĞLAM/5e3c2ecbea694a6e9528f3d6eae1da9c.mp4,SAĞLAM,,unknown,19,30.0,rec_2023-01-19
620fdc6c67df4d28b79e1725efe48331,data/raw/AzSLD_Words_100/SAĞLAM/620fdc6c67df4d28b79e1725efe48331.mp4,SAĞLAM,,unknown,16,30.0,rec_2022-12-23
68c03a21f7a64b3b85e91bfcc3b0f30f,data/raw/AzSLD_Words_100/SAĞLAM/68c03a21f7a64b3b85e91bfcc3b0f30f.mp4,SAĞLAM,,unknown,26,30.0,rec_2022-12-22
6b8afa9750aa47f586395fbd90d910f2,data/raw/AzSLD_Words_100/SAĞLAM/6b8afa9750aa47f586395fbd90d910f2.mp4,SAĞLAM,,unknown,29,30.0,rec_2022-11-18
706708997f8a456f91b6a384e67723ff,data/raw/AzSLD_Words_100/SAĞLAM/706708997f8a456f91b6a384e67723ff.mp4,SAĞLAM,,unknown,26,30.0,rec_2022-12-22
729d48cb0bf84beea8a8fb42b117d56d,data/raw/AzSLD_Words_100/SAĞLAM/729d48cb0bf84beea8a8fb42b117d56d.mp4,SAĞLAM,,unknown,24,30.0,rec_2022-12-16
772a3dc8e619414a8fe9cef51dd9fb08,data/raw/AzSLD_Words_100/SAĞLAM/772a3dc8e619414a8fe9cef51dd9fb08.mp4,SAĞLAM,,unknown,31,30.0,rec_2022-11-17
7b3cab85f16945e8a5f2f3ebcd67394c,data/raw/AzSLD_Words_100/SAĞLAM/7b3cab85f16945e8a5f2f3ebcd67394c.mp4,SAĞLAM,,unknown,29,30.0,rec_2022-11-10
93be9ca8be3e461daefc4b1d127a99c7,data/raw/AzSLD_Words_100/SAĞLAM/93be9ca8be3e461daefc4b1d127a99c7.mp4,SAĞLAM,,unknown,21,30.0,rec_2022-11-05
9c102707496147ee89b4d764118fcbc4,data/raw/AzSLD_Words_100/SAĞLAM/9c102707496147ee89b4d764118fcbc4.mp4,SAĞLAM,,unknown,21,30.0,rec_2022-12-28
9c857017f34f463887622ff4cfabf467,data/raw/AzSLD_Words_100/SAĞLAM/9c857017f34f463887622ff4cfabf467.mp4,SAĞLAM,,unknown,29,30.0,rec_2022-12-24
9ead72ff4b9f4816a50bebb7f8f8e518,data/raw/AzSLD_Words_100/SAĞLAM/9ead72ff4b9f4816a50bebb7f8f8e518.mp4,SAĞLAM,,unknown,24,30.0,rec_2022-12-29
a4c4fc4d36324f4ebb3cd9d35976dd2f,data/raw/AzSLD_Words_100/SAĞLAM/a4c4fc4d36324f4ebb3cd9d35976dd2f.mp4,SAĞLAM,,unknown,22,30.0,rec_2022-12-20
a5b5e23b911b4b67b9adc066260d477f,data/raw/AzSLD_Words_100/SAĞLAM/a5b5e23b911b4b67b9adc066260d477f.mp4,SAĞLAM,,unknown,26,30.0,rec_2022-12-24
a75631abd36f4c88b4dd8f6a0475f629,data/raw/AzSLD_Words_100/SAĞLAM/a75631abd36f4c88b4dd8f6a0475f629.mp4,SAĞLAM,,unknown,27,30.0,rec_2023-01-19
a9bc51f544214394a1d1a38885d72b98,data/raw/AzSLD_Words_100/SAĞLAM/a9bc51f544214394a1d1a38885d72b98.mp4,SAĞLAM,,unknown,31,30.0,rec_2022-12-23
b7efbd08677d48858400df19e6342a87,data/raw/AzSLD_Words_100/SAĞLAM/b7efbd08677d48858400df19e6342a87.mp4,SAĞLAM,,unknown,37,30.0,rec_2022-12-20
c069ec52e2274d96a0ba829f217dd420,data/raw/AzSLD_Words_100/SAĞLAM/c069ec52e2274d96a0ba829f217dd420.mp4,SAĞLAM,,unknown,24,30.0,rec_2022-11-18
c08dfb485a4343f49ab2212351c6e744,data/raw/AzSLD_Words_100/SAĞLAM/c08dfb485a4343f49ab2212351c6e744.mp4,SAĞLAM,,unknown,27,30.0,rec_2022-12-23
c16736e350214a4d8a6a8d43b38665b5,data/raw/AzSLD_Words_100/SAĞLAM/c16736e350214a4d8a6a8d43b38665b5.mp4,SAĞLAM,,unknown,23,30.0,rec_2022-11-02
c86b3f1a22464ea49ebfb094ad72f774,data/raw/AzSLD_Words_100/SAĞLAM/c86b3f1a22464ea49ebfb094ad72f774.mp4,SAĞLAM,,unknown,23,30.0,rec_2022-11-05
d4fde787c3ba482a9375bdbd75b8548b,data/raw/AzSLD_Words_100/SAĞLAM/d4fde787c3ba482a9375bdbd75b8548b.mp4,SAĞLAM,,unknown,41,30.0,rec_2022-11-05
d9ae78e9ecc64a13bcd6276752050118,data/raw/AzSLD_Words_100/SAĞLAM/d9ae78e9ecc64a13bcd6276752050118.mp4,SAĞLAM,,unknown,32,30.0,rec_2022-11-02
dc17cf67d7264c179c96d824d52b480f,data/raw/AzSLD_Words_100/SAĞLAM/dc17cf67d7264c179c96d824d52b480f.mp4,SAĞLAM,,unknown,26,30.0,rec_2022-11-18
de6d7486309141329b6c4f4b74065029,data/raw/AzSLD_Words_100/SAĞLAM/de6d7486309141329b6c4f4b74065029.mp4,SAĞLAM,,unknown,50,30.0,rec_2022-12-20
f001f9af9348494abb2e7c3c4ec47943,data/raw/AzSLD_Words_100/SAĞLAM/f001f9af9348494abb2e7c3c4ec47943.mp4,SAĞLAM,,unknown,29,30.0,rec_2022-10-28
f8f1362f65974d12aff0785bc705a89d,data/raw/AzSLD_Words_100/SAĞLAM/f8f1362f65974d12aff0785bc705a89d.mp4,SAĞLAM,,unknown,36,30.0,rec_2022-11-19
f9f0f3c5e8fa4fbe81ae290344dcc16a,data/raw/AzSLD_Words_100/SAĞLAM/f9f0f3c5e8fa4fbe81ae290344dcc16a.mp4,SAĞLAM,,unknown,32,30.0,rec_2022-12-15
fc0c589bf94048ef9762e086680c1a7e,data/raw/AzSLD_Words_100/SAĞLAM/fc0c589bf94048ef9762e086680c1a7e.mp4,SAĞLAM,,unknown,29,30.0,rec_2022-11-10
ff292b5e47e34cd38389797087fa95d4,data/raw/AzSLD_Words_100/SAĞLAM/ff292b5e47e34cd38389797087fa95d4.mp4,SAĞLAM,,unknown,22,30.0,rec_2022-12-17
001b45506c164d63b68191684d204efa,data/raw/AzSLD_Words_100/SİZ/001b45506c164d63b68191684d204efa.mp4,SİZ,,unknown,24,30.0,rec_2022-11-01
01437ecf2bbb4034838a2cddaf5c92fd,data/raw/AzSLD_Words_100/SİZ/01437ecf2bbb4034838a2cddaf5c92fd.mp4,SİZ,,unknown,32,30.0,rec_2022-07-16
0301efcd95d24d2c85a6b420dd8d7265,data/raw/AzSLD_Words_100/SİZ/0301efcd95d24d2c85a6b420dd8d7265.mp4,SİZ,,unknown,15,30.0,rec_2022-07-20
03aa27a446d84ec1a7f124fcbcd9a8e6,data/raw/AzSLD_Words_100/SİZ/03aa27a446d84ec1a7f124fcbcd9a8e6.mp4,SİZ,,unknown,14,30.0,rec_2022-12-16
054ab7b955b04369a95f6727747e9f65,data/raw/AzSLD_Words_100/SİZ/054ab7b955b04369a95f6727747e9f65.mp4,SİZ,,unknown,21,30.0,rec_2022-12-20
05a5ee3f237f4c0ea1be266993699d49,data/raw/AzSLD_Words_100/SİZ/05a5ee3f237f4c0ea1be266993699d49.mp4,SİZ,,unknown,27,30.0,rec_2022-11-22
06995f0ffeec438180991006cfb810a9,data/raw/AzSLD_Words_100/SİZ/06995f0ffeec438180991006cfb810a9.mp4,SİZ,,unknown,24,30.0,rec_2022-07-14
06f429f27ea04df897d501d675856554,data/raw/AzSLD_Words_100/SİZ/06f429f27ea04df897d501d675856554.mp4,SİZ,,unknown,12,30.0,rec_2022-12-22
07cbaea78c8a4f29af4ae2c6cebfcce3,data/raw/AzSLD_Words_100/SİZ/07cbaea78c8a4f29af4ae2c6cebfcce3.mp4,SİZ,,unknown,24,30.0,rec_2022-05-31
07dbbc7c4366403e8cbf7c38b862efef,data/raw/AzSLD_Words_100/SİZ/07dbbc7c4366403e8cbf7c38b862efef.mp4,SİZ,,unknown,17,30.0,rec_2022-11-10
07fe01e2d4cf4418b1e5f020543056c0,data/raw/AzSLD_Words_100/SİZ/07fe01e2d4cf4418b1e5f020543056c0.mp4,SİZ,,unknown,12,30.0,rec_2022-10-26
088b752509de406ab3e332c0f8c899d6,data/raw/AzSLD_Words_100/SİZ/088b752509de406ab3e332c0f8c899d6.mp4,SİZ,,unknown,21,30.0,rec_2022-07-20
08dff339017e4c668d055552153992fe,data/raw/AzSLD_Words_100/SİZ/08dff339017e4c668d055552153992fe.mp4,SİZ,,unknown,9,30.0,rec_2022-07-22
090eb372bf8640d6b9550462b9235a37,data/raw/AzSLD_Words_100/SİZ/090eb372bf8640d6b9550462b9235a37.mp4,SİZ,,unknown,27,30.0,rec_2022-12-22
091050246de14020b29f1657886bf6c2,data/raw/AzSLD_Words_100/SİZ/091050246de14020b29f1657886bf6c2.mp4,SİZ,,unknown,21,30.0,rec_2022-06-16
0a1ee3c0a0054d48a4d0ddcade4cd434,data/raw/AzSLD_Words_100/SİZ/0a1ee3c0a0054d48a4d0ddcade4cd434.mp4,SİZ,,unknown,23,30.0,rec_2022-11-18
0a221a303ca5446ca3c603de59d764c4,data/raw/AzSLD_Words_100/SİZ/0a221a303ca5446ca3c603de59d764c4.mp4,SİZ,,unknown,16,30.0,rec_2022-07-02
0af2e5bdb0ef443bbc64345e77b29d19,data/raw/AzSLD_Words_100/SİZ/0af2e5bdb0ef443bbc64345e77b29d19.mp4,SİZ,,unknown,16,30.0,rec_2022-07-15
0c9fd2927e3b4c42a673e95967b0d384,data/raw/AzSLD_Words_100/SİZ/0c9fd2927e3b4c42a673e95967b0d384.mp4,SİZ,,unknown,20,30.0,rec_2022-11-04
0d922385d2ab4ded874ef360ff8e3daf,data/raw/AzSLD_Words_100/SİZ/0d922385d2ab4ded874ef360ff8e3daf.mp4,SİZ,,unknown,20,30.0,rec_2022-11-05
0efe9e1b46f74f2db8ca4328b95b513c,data/raw/AzSLD_Words_100/SİZ/0efe9e1b46f74f2db8ca4328b95b513c.mp4,SİZ,,unknown,22,30.0,rec_2022-12-20
0f6a0ab113324038953ea94f2f411826,data/raw/AzSLD_Words_100/SİZ/0f6a0ab113324038953ea94f2f411826.mp4,SİZ,,unknown,11,30.0,rec_2022-12-20
10d27f80ddd44b2ba2f813c9bcc31323,data/raw/AzSLD_Words_100/SİZ/10d27f80ddd44b2ba2f813c9bcc31323.mp4,SİZ,,unknown,17,30.0,rec_2022-12-22
1180ad80cc864c6c9619e81a9967103d,data/raw/AzSLD_Words_100/SİZ/1180ad80cc864c6c9619e81a9967103d.mp4,SİZ,,unknown,19,30.0,rec_2022-12-17
1311f977068d417191758d06ad60b94e,data/raw/AzSLD_Words_100/SİZ/1311f977068d417191758d06ad60b94e.mp4,SİZ,,unknown,16,30.0,rec_2022-07-16
13df60e6c1c74e898f98cbfb34ec6785,data/raw/AzSLD_Words_100/SİZ/13df60e6c1c74e898f98cbfb34ec6785.mp4,SİZ,,unknown,10,30.0,rec_2022-05-31
1452a2f9fb904d7e89ae0be1eb427890,data/raw/AzSLD_Words_100/SİZ/1452a2f9fb904d7e89ae0be1eb427890.mp4,SİZ,,unknown,21,30.0,rec_2022-11-19
14b1acfbbd1b46bebc80362bc900ad45,data/raw/AzSLD_Words_100/SİZ/14b1acfbbd1b46bebc80362bc900ad45.mp4,SİZ,,unknown,16,30.0,rec_2022-06-02
155f4c831fc1436ea9fdec3a99bf1907,data/raw/AzSLD_Words_100/SİZ/155f4c831fc1436ea9fdec3a99bf1907.mp4,SİZ,,unknown,18,30.0,rec_2022-12-22
159217ac3c2c48738f6a3fdde454e121,data/raw/AzSLD_Words_100/SİZ/159217ac3c2c48738f6a3fdde454e121.mp4,SİZ,,unknown,18,30.0,rec_2022-05-31
171dd9b30b674fddbde87ed4723c1722,data/raw/AzSLD_Words_100/SİZ/171dd9b30b674fddbde87ed4723c1722.mp4,SİZ,,unknown,13,30.0,rec_2022-11-05
172edb9218644f9e88dd51dd13360494,data/raw/AzSLD_Words_100/SİZ/172edb9218644f9e88dd51dd13360494.mp4,SİZ,,unknown,19,30.0,rec_2022-10-26
19a6efe8b8a843a99aa385dadbc07d4f,data/raw/AzSLD_Words_100/SİZ/19a6efe8b8a843a99aa385dadbc07d4f.mp4,SİZ,,unknown,15,30.0,rec_2022-07-22
1c02ef87bd2447769ec22fb3371c7ff4,data/raw/AzSLD_Words_100/SİZ/1c02ef87bd2447769ec22fb3371c7ff4.mp4,SİZ,,unknown,19,30.0,rec_2022-12-20
1c16017129f24f1c89be29004330eb79,data/raw/AzSLD_Words_100/SİZ/1c16017129f24f1c89be29004330eb79.mp4,SİZ,,unknown,14,30.0,rec_2022-07-13
1c23a4982c1f4ead97eec07887f63d3e,data/raw/AzSLD_Words_100/SİZ/1c23a4982c1f4ead97eec07887f63d3e.mp4,SİZ,,unknown,15,30.0,rec_2022-07-25
1c89dca062e644488f8749cad1a0a5b0,data/raw/AzSLD_Words_100/SİZ/1c89dca062e644488f8749cad1a0a5b0.mp4,SİZ,,unknown,48,30.0,rec_2022-06-01
1cc6cf10560d474cb5d67d49e74e2dbe,data/raw/AzSLD_Words_100/SİZ/1cc6cf10560d474cb5d67d49e74e2dbe.mp4,SİZ,,unknown,18,30.0,rec_2022-07-18
1d0f26963c2644d79ae24cbfe856c557,data/raw/AzSLD_Words_100/SİZ/1d0f26963c2644d79ae24cbfe856c557.mp4,SİZ,,unknown,29,30.0,rec_2022-11-17
1d83fc5c700c4493bb39de9f7d444f75,data/raw/AzSLD_Words_100/SİZ/1d83fc5c700c4493bb39de9f7d444f75.mp4,SİZ,,unknown,20,30.0,rec_2022-12-22
1daebf31dee84d44b35412d1c6ff7afa,data/raw/AzSLD_Words_100/SİZ/1daebf31dee84d44b35412d1c6ff7afa.mp4,SİZ,,unknown,28,30.0,rec_2022-12-15
1dd5609360a54d4685f281398018a113,data/raw/AzSLD_Words_100/SİZ/1dd5609360a54d4685f281398018a113.mp4,SİZ,,unknown,29,30.0,rec_2022-12-22
1dfbae779c6549429d4ad8e8244cdfa4,data/raw/AzSLD_Words_100/SİZ/1dfbae779c6549429d4ad8e8244cdfa4.mp4,SİZ,,unknown,28,30.0,rec_2022-11-17
1ed00c97d3c042568d75c7552c75aa1f,data/raw/AzSLD_Words_100/SİZ/1ed00c97d3c042568d75c7552c75aa1f.mp4,SİZ,,unknown,32,30.0,rec_2022-11-18
1fd4fd5c027a4c78a5482b6fb24c488f,data/raw/AzSLD_Words_100/SİZ/1fd4fd5c027a4c78a5482b6fb24c488f.mp4,SİZ,,unknown,19,30.0,rec_2022-06-01
211ca0f95aed4e15963709fe64d363fc,data/raw/AzSLD_Words_100/SİZ/211ca0f95aed4e15963709fe64d363fc.mp4,SİZ,,unknown,16,30.0,rec_2022-07-16
2185d57fee2e407690ff244d6a1673a4,data/raw/AzSLD_Words_100/SİZ/2185d57fee2e407690ff244d6a1673a4.mp4,SİZ,,unknown,19,30.0,rec_2022-06-09
22ca444873904aa7804c87a625817c0a,data/raw/AzSLD_Words_100/SİZ/22ca444873904aa7804c87a625817c0a.mp4,SİZ,,unknown,16,30.0,rec_2022-07-18
2373011fcf444215b1ec2753af02818a,data/raw/AzSLD_Words_100/SİZ/2373011fcf444215b1ec2753af02818a.mp4,SİZ,,unknown,16,30.0,rec_2022-07-13
23d544d8addf4d74b67328d16eb4996f,data/raw/AzSLD_Words_100/SİZ/23d544d8addf4d74b67328d16eb4996f.mp4,SİZ,,unknown,22,30.0,rec_2022-12-17
2473c333f9334ecd8b8dea46f57201c4,data/raw/AzSLD_Words_100/SİZ/2473c333f9334ecd8b8dea46f57201c4.mp4,SİZ,,unknown,26,30.0,rec_2022-06-11
24e3f5d7db76492497ba0893bf42a25d,data/raw/AzSLD_Words_100/SİZ/24e3f5d7db76492497ba0893bf42a25d.mp4,SİZ,,unknown,17,30.0,rec_2022-07-18
25629e98a17a452f9bbae2e341b1396e,data/raw/AzSLD_Words_100/SİZ/25629e98a17a452f9bbae2e341b1396e.mp4,SİZ,,unknown,16,30.0,rec_2022-07-16
257b926464164214ae71e235043664c7,data/raw/AzSLD_Words_100/SİZ/257b926464164214ae71e235043664c7.mp4,SİZ,,unknown,11,30.0,rec_2022-07-23
274fa3fcd51c4686bb93c85d4184ba19,data/raw/AzSLD_Words_100/SİZ/274fa3fcd51c4686bb93c85d4184ba19.mp4,SİZ,,unknown,16,30.0,rec_2022-11-02
27d2c6347ee2438eafb9ce926635cfda,data/raw/AzSLD_Words_100/SİZ/27d2c6347ee2438eafb9ce926635cfda.mp4,SİZ,,unknown,27,30.0,rec_2022-12-28
28db841bfd7a4e87a6605c87648119cf,data/raw/AzSLD_Words_100/SİZ/28db841bfd7a4e87a6605c87648119cf.mp4,SİZ,,unknown,28,30.0,rec_2022-11-17
292994377e4b4b779832fb3130fbd458,data/raw/AzSLD_Words_100/SİZ/292994377e4b4b779832fb3130fbd458.mp4,SİZ,,unknown,21,30.0,rec_2022-06-11
299640952f734421b2da39b68b27306d,data/raw/AzSLD_Words_100/SİZ/299640952f734421b2da39b68b27306d.mp4,SİZ,,unknown,19,30.0,rec_2022-07-20
2a76edcced244c98ab79064e8c90ddd3,data/raw/AzSLD_Words_100/SİZ/2a76edcced244c98ab79064e8c90ddd3.mp4,SİZ,,unknown,18,30.0,rec_2022-12-27
2b292a836fb846ba9706fac6f2548115,data/raw/AzSLD_Words_100/SİZ/2b292a836fb846ba9706fac6f2548115.mp4,SİZ,,unknown,10,30.0,rec_2022-06-13
2b6b8068f5764ec3a21f41e627e53b39,data/raw/AzSLD_Words_100/SİZ/2b6b8068f5764ec3a21f41e627e53b39.mp4,SİZ,,unknown,20,30.0,rec_2022-12-22
2d32c53735fb4a3b931f365283a5f5de,data/raw/AzSLD_Words_100/SİZ/2d32c53735fb4a3b931f365283a5f5de.mp4,SİZ,,unknown,22,30.0,rec_2022-06-11
2e73b99c4f1d4c06a16d0ae1e059f521,data/raw/AzSLD_Words_100/SİZ/2e73b99c4f1d4c06a16d0ae1e059f521.mp4,SİZ,,unknown,22,30.0,rec_2022-07-25
2f0bccddc498459e97fb94f205a3efce,data/raw/AzSLD_Words_100/SİZ/2f0bccddc498459e97fb94f205a3efce.mp4,SİZ,,unknown,13,30.0,rec_2022-07-29
2f0cf410d9d0423886dada99d3d03c1b,data/raw/AzSLD_Words_100/SİZ/2f0cf410d9d0423886dada99d3d03c1b.mp4,SİZ,,unknown,23,30.0,rec_2022-05-31
2f35e7d8f11343348cfeb94be0fce0dd,data/raw/AzSLD_Words_100/SİZ/2f35e7d8f11343348cfeb94be0fce0dd.mp4,SİZ,,unknown,21,30.0,rec_2022-07-13
2f372d57c98a4f21ab719deae1e5db97,data/raw/AzSLD_Words_100/SİZ/2f372d57c98a4f21ab719deae1e5db97.mp4,SİZ,,unknown,29,30.0,rec_2022-12-15
2f9317ff590f4b7e8de35aad1beca35f,data/raw/AzSLD_Words_100/SİZ/2f9317ff590f4b7e8de35aad1beca35f.mp4,SİZ,,unknown,15,30.0,rec_2022-07-22
2f9ce683183f403da63df40e720902b1,data/raw/AzSLD_Words_100/SİZ/2f9ce683183f403da63df40e720902b1.mp4,SİZ,,unknown,24,30.0,rec_2022-07-02
30747a5ff54544a3ae40bc7b3dd8cc0e,data/raw/AzSLD_Words_100/SİZ/30747a5ff54544a3ae40bc7b3dd8cc0e.mp4,SİZ,,unknown,21,30.0,rec_2022-11-10
311d463d405b465c93ac313f59fa4b62,data/raw/AzSLD_Words_100/SİZ/311d463d405b465c93ac313f59fa4b62.mp4,SİZ,,unknown,26,30.0,rec_2022-08-02
3182999a5568411eb51e3558f3601fe7,data/raw/AzSLD_Words_100/SİZ/3182999a5568411eb51e3558f3601fe7.mp4,SİZ,,unknown,13,30.0,rec_2022-12-24
322d6380567b4bc88ce987a65ee35969,data/raw/AzSLD_Words_100/SİZ/322d6380567b4bc88ce987a65ee35969.mp4,SİZ,,unknown,21,30.0,rec_2023-01-18
33218223ac4d48bf906babb7a507e650,data/raw/AzSLD_Words_100/SİZ/33218223ac4d48bf906babb7a507e650.mp4,SİZ,,unknown,24,30.0,rec_2022-11-19
3363135255374b379b409128721666f9,data/raw/AzSLD_Words_100/SİZ/3363135255374b379b409128721666f9.mp4,SİZ,,unknown,15,30.0,rec_2022-06-16
3398149dac8845c48b753e89f91b1531,data/raw/AzSLD_Words_100/SİZ/3398149dac8845c48b753e89f91b1531.mp4,SİZ,,unknown,28,30.0,rec_2022-11-22
34fc1fb8bcf64fe1b53827f33908197f,data/raw/AzSLD_Words_100/SİZ/34fc1fb8bcf64fe1b53827f33908197f.mp4,SİZ,,unknown,21,30.0,rec_2022-05-31
35d8155845484847a8f85438555d1c83,data/raw/AzSLD_Words_100/SİZ/35d8155845484847a8f85438555d1c83.mp4,SİZ,,unknown,8,30.0,rec_2022-12-17
35db7b4f42fe4a1ab8856dfc2e555756,data/raw/AzSLD_Words_100/SİZ/35db7b4f42fe4a1ab8856dfc2e555756.mp4,SİZ,,unknown,19,30.0,rec_2022-12-27
35dff2428b8549268bc22e4f02c61402,data/raw/AzSLD_Words_100/SİZ/35dff2428b8549268bc22e4f02c61402.mp4,SİZ,,unknown,17,30.0,rec_2023-01-19
36aec3ba1e17401393a11e9ef2149ecf,data/raw/AzSLD_Words_100/SİZ/36aec3ba1e17401393a11e9ef2149ecf.mp4,SİZ,,unknown,11,30.0,rec_2022-07-22
36f01840ab8547e8bae7ce7933248562,data/raw/AzSLD_Words_100/SİZ/36f01840ab8547e8bae7ce7933248562.mp4,SİZ,,unknown,14,30.0,rec_2022-12-27
37bc9a5ba0e048d6846b8ae76c9cc0c4,data/raw/AzSLD_Words_100/SİZ/37bc9a5ba0e048d6846b8ae76c9cc0c4.mp4,SİZ,,unknown,19,30.0,rec_2022-11-17
381d0d2369c84d77a01d5c1c66983159,data/raw/AzSLD_Words_100/SİZ/381d0d2369c84d77a01d5c1c66983159.mp4,SİZ,,unknown,16,30.0,rec_2022-06-11
3830c3426516408eb41ccadc3d60bd01,data/raw/AzSLD_Words_100/SİZ/3830c3426516408eb41ccadc3d60bd01.mp4,SİZ,,unknown,25,30.0,rec_2022-07-21
384a6e0b5db546fabb6495f3d285781b,data/raw/AzSLD_Words_100/SİZ/384a6e0b5db546fabb6495f3d285781b.mp4,SİZ,,unknown,14,30.0,rec_2022-05-31
393f6a24cca240aeb7ca86500488991d,data/raw/AzSLD_Words_100/SİZ/393f6a24cca240aeb7ca86500488991d.mp4,SİZ,,unknown,15,30.0,rec_2022-05-24
3a896e2f52f34fa1bca12a81dc0428c5,data/raw/AzSLD_Words_100/SİZ/3a896e2f52f34fa1bca12a81dc0428c5.mp4,SİZ,,unknown,20,30.0,rec_2022-11-02
3ac3b9a4cc834c09b168cae19f78b8e4,data/raw/AzSLD_Words_100/SİZ/3ac3b9a4cc834c09b168cae19f78b8e4.mp4,SİZ,,unknown,18,30.0,rec_2023-01-19
3b1ec169cc3546bda0b0cf0d35afe4bb,data/raw/AzSLD_Words_100/SİZ/3b1ec169cc3546bda0b0cf0d35afe4bb.mp4,SİZ,,unknown,19,30.0,rec_2022-07-27
3bb09c78a4b24665a1ffb3ee833669a5,data/raw/AzSLD_Words_100/SİZ/3bb09c78a4b24665a1ffb3ee833669a5.mp4,SİZ,,unknown,12,30.0,rec_2022-12-27
3c5a978fef6c48169bb67d6c4e84b259,data/raw/AzSLD_Words_100/SİZ/3c5a978fef6c48169bb67d6c4e84b259.mp4,SİZ,,unknown,8,30.0,rec_2022-12-27
3c60eea5ad294fe29653e1ba0a493162,data/raw/AzSLD_Words_100/SİZ/3c60eea5ad294fe29653e1ba0a493162.mp4,SİZ,,unknown,25,30.0,rec_2022-06-01
3c90032bbb6c4fe199597245f3687a7e,data/raw/AzSLD_Words_100/SİZ/3c90032bbb6c4fe199597245f3687a7e.mp4,SİZ,,unknown,21,30.0,rec_2022-07-02
3d81790e3c3049eda886961343648f97,data/raw/AzSLD_Words_100/SİZ/3d81790e3c3049eda886961343648f97.mp4,SİZ,,unknown,17,30.0,rec_2022-07-16
3f7f1e236b8245d68def0c3a7fd1c35f,data/raw/AzSLD_Words_100/SİZ/3f7f1e236b8245d68def0c3a7fd1c35f.mp4,SİZ,,unknown,10,30.0,rec_2022-07-01
4001e8baf64b49279aca5fcc3cba49c2,data/raw/AzSLD_Words_100/SİZ/4001e8baf64b49279aca5fcc3cba49c2.mp4,SİZ,,unknown,25,30.0,rec_2022-12-27
40f0cded01b74604aff6aaf6ecbbf979,data/raw/AzSLD_Words_100/SİZ/40f0cded01b74604aff6aaf6ecbbf979.mp4,SİZ,,unknown,25,30.0,rec_2022-08-02
4187af70bd3a46e98e80eb76f6de4a24,data/raw/AzSLD_Words_100/SİZ/4187af70bd3a46e98e80eb76f6de4a24.mp4,SİZ,,unknown,16,30.0,rec_2022-12-15
421eb1142a324f47b22fc6df2bf9ff2a,data/raw/AzSLD_Words_100/SİZ/421eb1142a324f47b22fc6df2bf9ff2a.mp4,SİZ,,unknown,18,30.0,rec_2022-06-13
42302d2ae94144248a595514b5413546,data/raw/AzSLD_Words_100/SİZ/42302d2ae94144248a595514b5413546.mp4,SİZ,,unknown,16,30.0,rec_2022-08-02
42514e6369394ccaadae629607badfb5,data/raw/AzSLD_Words_100/SİZ/42514e6369394ccaadae629607badfb5.mp4,SİZ,,unknown,19,30.0,rec_2022-12-23
4278a16dec1f46cb84358b3ce6da6f7e,data/raw/AzSLD_Words_100/SİZ/4278a16dec1f46cb84358b3ce6da6f7e.mp4,SİZ,,unknown,23,30.0,rec_2022-06-02
42aa6e9f54f6417792a9731ee8f463b0,data/raw/AzSLD_Words_100/SİZ/42aa6e9f54f6417792a9731ee8f463b0.mp4,SİZ,,unknown,22,30.0,rec_2022-11-19
45ce60aa05a64fd598f40784f36d8f91,data/raw/AzSLD_Words_100/SİZ/45ce60aa05a64fd598f40784f36d8f91.mp4,SİZ,,unknown,13,30.0,rec_2022-12-28
47e02f31a018479b86e1759786334c3b,data/raw/AzSLD_Words_100/SİZ/47e02f31a018479b86e1759786334c3b.mp4,SİZ,,unknown,10,30.0,rec_2022-12-22
486fe6d592a24afc90b21ec825aae9e3,data/raw/AzSLD_Words_100/SİZ/486fe6d592a24afc90b21ec825aae9e3.mp4,SİZ,,unknown,21,30.0,rec_2022-12-20
49939f53108b43c088d3c3e157efeac7,data/raw/AzSLD_Words_100/SİZ/49939f53108b43c088d3c3e157efeac7.mp4,SİZ,,unknown,14,30.0,rec_2022-05-31
499fa6e193ef41bc853c749c7b1a972c,data/raw/AzSLD_Words_100/SİZ/499fa6e193ef41bc853c749c7b1a972c.mp4,SİZ,,unknown,23,30.0,rec_2022-12-15
49a1351472ce4a2690051b34735a4f25,data/raw/AzSLD_Words_100/SİZ/49a1351472ce4a2690051b34735a4f25.mp4,SİZ,,unknown,9,30.0,rec_2022-12-28
4b3feddd9a42472da4ede2186bc1505a,data/raw/AzSLD_Words_100/SİZ/4b3feddd9a42472da4ede2186bc1505a.mp4,SİZ,,unknown,32,30.0,rec_2022-11-10
4c631c184aee4fc097a0dac4f80442f6,data/raw/AzSLD_Words_100/SİZ/4c631c184aee4fc097a0dac4f80442f6.mp4,SİZ,,unknown,20,30.0,rec_2022-07-25
4c7905c8983f42a1996aa2157cb45219,data/raw/AzSLD_Words_100/SİZ/4c7905c8983f42a1996aa2157cb45219.mp4,SİZ,,unknown,23,30.0,rec_2022-12-23
4c92a5b5e69c45cda1a9a37e7c8e2ea7,data/raw/AzSLD_Words_100/SİZ/4c92a5b5e69c45cda1a9a37e7c8e2ea7.mp4,SİZ,,unknown,22,30.0,rec_2022-12-28
4d18a2d8373f4760867dde57a407f85c,data/raw/AzSLD_Words_100/SİZ/4d18a2d8373f4760867dde57a407f85c.mp4,SİZ,,unknown,16,30.0,rec_2022-05-25
4ded4602d5174567b6734ca2e42e801b,data/raw/AzSLD_Words_100/SİZ/4ded4602d5174567b6734ca2e42e801b.mp4,SİZ,,unknown,21,30.0,rec_2022-12-24
4e8301898e094af6a2aaadb6cd76c9b5,data/raw/AzSLD_Words_100/SİZ/4e8301898e094af6a2aaadb6cd76c9b5.mp4,SİZ,,unknown,14,30.0,rec_2022-07-20
51237054ee0948648e1067efb1e5896b,data/raw/AzSLD_Words_100/SİZ/51237054ee0948648e1067efb1e5896b.mp4,SİZ,,unknown,27,30.0,rec_2022-11-02
520ac632b8e0466dac2e5f7332738c2e,data/raw/AzSLD_Words_100/SİZ/520ac632b8e0466dac2e5f7332738c2e.mp4,SİZ,,unknown,29,30.0,rec_2022-10-28
5317a81a7aa34a86b4c22dee818a1678,data/raw/AzSLD_Words_100/SİZ/5317a81a7aa34a86b4c22dee818a1678.mp4,SİZ,,unknown,33,30.0,rec_2022-04-26
5361e17190244407816bf528f3840da0,data/raw/AzSLD_Words_100/SİZ/5361e17190244407816bf528f3840da0.mp4,SİZ,,unknown,28,30.0,rec_2022-06-11
536b4f00bfcb4b1badf5c378af3fddfb,data/raw/AzSLD_Words_100/SİZ/536b4f00bfcb4b1badf5c378af3fddfb.mp4,SİZ,,unknown,26,30.0,rec_2022-12-22
5393f0cc69f24a11a88891f2509ec32e,data/raw/AzSLD_Words_100/SİZ/5393f0cc69f24a11a88891f2509ec32e.mp4,SİZ,,unknown,19,30.0,rec_2022-07-23
53e7fc75828940e7951edb09886eb953,data/raw/AzSLD_Words_100/SİZ/53e7fc75828940e7951edb09886eb953.mp4,SİZ,,unknown,32,30.0,rec_2022-11-04
53e9bd063c0d41a89a1faf82646440d5,data/raw/AzSLD_Words_100/SİZ/53e9bd063c0d41a89a1faf82646440d5.mp4,SİZ,,unknown,24,30.0,rec_2022-06-11
540bf97cda9b4235a651f5902b919744,data/raw/AzSLD_Words_100/SİZ/540bf97cda9b4235a651f5902b919744.mp4,SİZ,,unknown,27,30.0,rec_2022-11-05
543096f6128e40769bb1c056f2dce8c6,data/raw/AzSLD_Words_100/SİZ/543096f6128e40769bb1c056f2dce8c6.mp4,SİZ,,unknown,14,30.0,rec_2022-12-17
54570219f21d4fa5aeb6e3af30cac82a,data/raw/AzSLD_Words_100/SİZ/54570219f21d4fa5aeb6e3af30cac82a.mp4,SİZ,,unknown,19,30.0,rec_2022-12-23
5479183fcb324c00ba265b1cfc0e264a,data/raw/AzSLD_Words_100/SİZ/5479183fcb324c00ba265b1cfc0e264a.mp4,SİZ,,unknown,21,30.0,rec_2022-10-28
5776137965cb4909a13de0717cd55918,data/raw/AzSLD_Words_100/SİZ/5776137965cb4909a13de0717cd55918.mp4,SİZ,,unknown,30,30.0,rec_2022-12-17
57d889098c49453fbd9d6af944c7ea58,data/raw/AzSLD_Words_100/SİZ/57d889098c49453fbd9d6af944c7ea58.mp4,SİZ,,unknown,13,30.0,rec_2022-11-05
57f7ff28f3914bc8b01dc44f7003ccbd,data/raw/AzSLD_Words_100/SİZ/57f7ff28f3914bc8b01dc44f7003ccbd.mp4,SİZ,,unknown,18,30.0,rec_2022-06-13
586c3ebec9aa4c9caf411eb611e1f796,data/raw/AzSLD_Words_100/SİZ/586c3ebec9aa4c9caf411eb611e1f796.mp4,SİZ,,unknown,22,30.0,rec_2022-05-25
58c5f777b0784ad4b0f8dd50e58966d6,data/raw/AzSLD_Words_100/SİZ/58c5f777b0784ad4b0f8dd50e58966d6.mp4,SİZ,,unknown,17,30.0,rec_2022-12-22
58d0d7b3d3b04b6a9f3d877e85d7743e,data/raw/AzSLD_Words_100/SİZ/58d0d7b3d3b04b6a9f3d877e85d7743e.mp4,SİZ,,unknown,26,30.0,rec_2022-07-15
590ea247ddc249668ee5d42302850455,data/raw/AzSLD_Words_100/SİZ/590ea247ddc249668ee5d42302850455.mp4,SİZ,,unknown,12,30.0,rec_2022-11-18
594642feae3949b69b2752e4eebceb0a,data/raw/AzSLD_Words_100/SİZ/594642feae3949b69b2752e4eebceb0a.mp4,SİZ,,unknown,20,30.0,rec_2022-12-23
5990cad5ffd84ddc8eba003f26088e66,data/raw/AzSLD_Words_100/SİZ/5990cad5ffd84ddc8eba003f26088e66.mp4,SİZ,,unknown,23,30.0,rec_2022-12-20
59d6de52174f4a16979789689999ae7c,data/raw/AzSLD_Words_100/SİZ/59d6de52174f4a16979789689999ae7c.mp4,SİZ,,unknown,8,30.0,rec_2022-12-27
5c233be2b2f04946b6008a876c392ef3,data/raw/AzSLD_Words_100/SİZ/5c233be2b2f04946b6008a876c392ef3.mp4,SİZ,,unknown,18,30.0,rec_2022-07-25
5c6ee0f835444193acb714536d36ab85,data/raw/AzSLD_Words_100/SİZ/5c6ee0f835444193acb714536d36ab85.mp4,SİZ,,unknown,11,30.0,rec_2022-07-01
5c71bd105e2f48aa935836083f177ec8,data/raw/AzSLD_Words_100/SİZ/5c71bd105e2f48aa935836083f177ec8.mp4,SİZ,,unknown,18,30.0,rec_2022-11-05
5cc8ce1ae7454a57b63422a6e407b306,data/raw/AzSLD_Words_100/SİZ/5cc8ce1ae7454a57b63422a6e407b306.mp4,SİZ,,unknown,20,30.0,rec_2022-10-26
5ea9b0d9b5554d899cb8dcfe3f843113,data/raw/AzSLD_Words_100/SİZ/5ea9b0d9b5554d899cb8dcfe3f843113.mp4,SİZ,,unknown,18,30.0,rec_2022-12-24
5f35624158a34a6c93cb62cc57f17bbe,data/raw/AzSLD_Words_100/SİZ/5f35624158a34a6c93cb62cc57f17bbe.mp4,SİZ,,unknown,26,30.0,rec_2022-07-29
5f84a2de25094cc1a1341de2accf307f,data/raw/AzSLD_Words_100/SİZ/5f84a2de25094cc1a1341de2accf307f.mp4,SİZ,,unknown,13,30.0,rec_2022-11-05
5f8533cbc22d4b78a70251322bd04ba3,data/raw/AzSLD_Words_100/SİZ/5f8533cbc22d4b78a70251322bd04ba3.mp4,SİZ,,unknown,13,30.0,rec_2022-07-20
5fa4c0fe0bc2437b867d9feee660c4a8,data/raw/AzSLD_Words_100/SİZ/5fa4c0fe0bc2437b867d9feee660c4a8.mp4,SİZ,,unknown,24,30.0,rec_2022-11-19
606df3b0c688460792a92c0268dc5043,data/raw/AzSLD_Words_100/SİZ/606df3b0c688460792a92c0268dc5043.mp4,SİZ,,unknown,23,30.0,rec_2022-12-15
60c04d2a354b4093abb1adc918cda96b,data/raw/AzSLD_Words_100/SİZ/60c04d2a354b4093abb1adc918cda96b.mp4,SİZ,,unknown,16,30.0,rec_2022-12-22
61c3a69e33d14c5d84f6f0a1bdcf40f9,data/raw/AzSLD_Words_100/SİZ/61c3a69e33d14c5d84f6f0a1bdcf40f9.mp4,SİZ,,unknown,17,30.0,rec_2022-07-16
622ea94446e94f28bb6a339bb2e782b7,data/raw/AzSLD_Words_100/SİZ/622ea94446e94f28bb6a339bb2e782b7.mp4,SİZ,,unknown,24,30.0,rec_2022-07-22
62638471d7184256a683d34ed1218940,data/raw/AzSLD_Words_100/SİZ/62638471d7184256a683d34ed1218940.mp4,SİZ,,unknown,22,30.0,rec_2022-07-15
62fdc0220c6648bea8a50e6ca1b7d28d,data/raw/AzSLD_Words_100/SİZ/62fdc0220c6648bea8a50e6ca1b7d28d.mp4,SİZ,,unknown,9,30.0,rec_2022-07-22
6351a24e76164e8c80b40386e24b1a1a,data/raw/AzSLD_Words_100/SİZ/6351a24e76164e8c80b40386e24b1a1a.mp4,SİZ,,unknown,19,30.0,rec_2022-11-17
6462de6333274d579e58759d918ecf22,data/raw/AzSLD_Words_100/SİZ/6462de6333274d579e58759d918ecf22.mp4,SİZ,,unknown,21,30.0,rec_2022-10-26
65bf0f7a4b984f7883c7bcebc196dc2d,data/raw/AzSLD_Words_100/SİZ/65bf0f7a4b984f7883c7bcebc196dc2d.mp4,SİZ,,unknown,13,30.0,rec_2022-11-10
65dd5b9866d5445eaac7d8b5bc7790b0,data/raw/AzSLD_Words_100/SİZ/65dd5b9866d5445eaac7d8b5bc7790b0.mp4,SİZ,,unknown,17,30.0,rec_2022-12-23
6643179e3d49465abd9383c0c291124b,data/raw/AzSLD_Words_100/SİZ/6643179e3d49465abd9383c0c291124b.mp4,SİZ,,unknown,21,30.0,rec_2022-08-02
6789f55173fb4ea08f9768bfa9cab4fe,data/raw/AzSLD_Words_100/SİZ/6789f55173fb4ea08f9768bfa9cab4fe.mp4,SİZ,,unknown,12,30.0,rec_2022-12-28
68351086f44149dfbe45a55ce7d96571,data/raw/AzSLD_Words_100/SİZ/68351086f44149dfbe45a55ce7d96571.mp4,SİZ,,unknown,15,30.0,rec_2022-08-02
6894296e9b134f0aa14af63425b3d16c,data/raw/AzSLD_Words_100/SİZ/6894296e9b134f0aa14af63425b3d16c.mp4,SİZ,,unknown,19,30.0,rec_2022-05-25
69663c80307249fbb8d7a684437aa234,data/raw/AzSLD_Words_100/SİZ/69663c80307249fbb8d7a684437aa234.mp4,SİZ,,unknown,18,30.0,rec_2022-11-10
6a5675b698e349c882fef17305c00c2e,data/raw/AzSLD_Words_100/SİZ/6a5675b698e349c882fef17305c00c2e.mp4,SİZ,,unknown,10,30.0,rec_2022-12-17
6a9fe2b0fcb342c4a1822b16c139267c,data/raw/AzSLD_Words_100/SİZ/6a9fe2b0fcb342c4a1822b16c139267c.mp4,SİZ,,unknown,27,30.0,rec_2022-06-11
6b3712990e434cee8b065466a8953998,data/raw/AzSLD_Words_100/SİZ/6b3712990e434cee8b065466a8953998.mp4,SİZ,,unknown,19,30.0,rec_2022-07-18
6b610b36a02047a0a2183f941af4e91b,data/raw/AzSLD_Words_100/SİZ/6b610b36a02047a0a2183f941af4e91b.mp4,SİZ,,unknown,30,30.0,rec_2022-12-23
6ba6be7d8d2748a0b143500ee505f88d,data/raw/AzSLD_Words_100/SİZ/6ba6be7d8d2748a0b143500ee505f88d.mp4,SİZ,,unknown,20,30.0,rec_2022-07-21
6bbd3f449937490792577f39517d9848,data/raw/AzSLD_Words_100/SİZ/6bbd3f449937490792577f39517d9848.mp4,SİZ,,unknown,25,30.0,rec_2022-12-23
6cd0d1f93fea4f96a5a6405da1662cb6,data/raw/AzSLD_Words_100/SİZ/6cd0d1f93fea4f96a5a6405da1662cb6.mp4,SİZ,,unknown,13,30.0,rec_2022-07-15
6de067a76f484a11b7bdf27bfe3e8a07,data/raw/AzSLD_Words_100/SİZ/6de067a76f484a11b7bdf27bfe3e8a07.mp4,SİZ,,unknown,23,30.0,rec_2022-07-22
6ee4ddb1c3e840a2b11dae068cca4e12,data/raw/AzSLD_Words_100/SİZ/6ee4ddb1c3e840a2b11dae068cca4e12.mp4,SİZ,,unknown,17,30.0,rec_2022-11-10
6f106cc7f61740c1b774e9e84a881017,data/raw/AzSLD_Words_100/SİZ/6f106cc7f61740c1b774e9e84a881017.mp4,SİZ,,unknown,19,30.0,rec_2022-07-02
6f90cf39e4ca41b7b6ddb6949057c415,data/raw/AzSLD_Words_100/SİZ/6f90cf39e4ca41b7b6ddb6949057c415.mp4,SİZ,,unknown,21,30.0,rec_2022-12-27
70503bde6b924e2e9e4d977d89649e5d,data/raw/AzSLD_Words_100/SİZ/70503bde6b924e2e9e4d977d89649e5d.mp4,SİZ,,unknown,11,30.0,rec_2022-12-20
705bf1c9efff4467b575c92364173a04,data/raw/AzSLD_Words_100/SİZ/705bf1c9efff4467b575c92364173a04.mp4,SİZ,,unknown,15,30.0,rec_2022-07-18
70b7dd9a0eb74d7eaad786ae0522cb92,data/raw/AzSLD_Words_100/SİZ/70b7dd9a0eb74d7eaad786ae0522cb92.mp4,SİZ,,unknown,25,30.0,rec_2022-07-16
720f81789b2f4a9faa685981dbc128a4,data/raw/AzSLD_Words_100/SİZ/720f81789b2f4a9faa685981dbc128a4.mp4,SİZ,,unknown,16,30.0,rec_2022-12-22
72192c29462842abb8b6db86b910f6fe,data/raw/AzSLD_Words_100/SİZ/72192c29462842abb8b6db86b910f6fe.mp4,SİZ,,unknown,14,30.0,rec_2022-12-23
73d158bdc65242c69211950b49e06d39,data/raw/AzSLD_Words_100/SİZ/73d158bdc65242c69211950b49e06d39.mp4,SİZ,,unknown,29,30.0,rec_2022-06-01
751bd4552d174d73b5b18de54fb26c1e,data/raw/AzSLD_Words_100/SİZ/751bd4552d174d73b5b18de54fb26c1e.mp4,SİZ,,unknown,15,30.0,rec_2022-06-11
75d36f50b5744e41b264c12850506c07,data/raw/AzSLD_Words_100/SİZ/75d36f50b5744e41b264c12850506c07.mp4,SİZ,,unknown,21,30.0,rec_2022-12-27
760ee58129fc43d99a796718e649f797,data/raw/AzSLD_Words_100/SİZ/760ee58129fc43d99a796718e649f797.mp4,SİZ,,unknown,9,30.0,rec_2022-07-18
770fc85401c14c00a83f63a7611fc780,data/raw/AzSLD_Words_100/SİZ/770fc85401c14c00a83f63a7611fc780.mp4,SİZ,,unknown,19,30.0,rec_2022-12-28
77f73627d6094d10808809a1e8987c66,data/raw/AzSLD_Words_100/SİZ/77f73627d6094d10808809a1e8987c66.mp4,SİZ,,unknown,18,30.0,rec_2022-10-28
7897c00f302b40378c027fc890820298,data/raw/AzSLD_Words_100/SİZ/7897c00f302b40378c027fc890820298.mp4,SİZ,,unknown,25,30.0,rec_2022-11-19
7a832dce9c8945949312175d27a20a77,data/raw/AzSLD_Words_100/SİZ/7a832dce9c8945949312175d27a20a77.mp4,SİZ,,unknown,13,30.0,rec_2022-07-16
7ad16c431090442ab3ea3e19a3cd86b5,data/raw/AzSLD_Words_100/SİZ/7ad16c431090442ab3ea3e19a3cd86b5.mp4,SİZ,,unknown,20,30.0,rec_2022-12-28
7b15113668e6446d82c95d39fd740468,data/raw/AzSLD_Words_100/SİZ/7b15113668e6446d82c95d39fd740468.mp4,SİZ,,unknown,11,30.0,rec_2022-12-20
7b27785a0de04ec4996c6ca39d8ac703,data/raw/AzSLD_Words_100/SİZ/7b27785a0de04ec4996c6ca39d8ac703.mp4,SİZ,,unknown,10,30.0,rec_2022-12-27
7c0cc707052f481c8f51d89a8066ff04,data/raw/AzSLD_Words_100/SİZ/7c0cc707052f481c8f51d89a8066ff04.mp4,SİZ,,unknown,16,30.0,rec_2022-08-02
7c2f318c3ae6498d804479c4d4da289f,data/raw/AzSLD_Words_100/SİZ/7c2f318c3ae6498d804479c4d4da289f.mp4,SİZ,,unknown,19,30.0,rec_2022-11-01
7cc68cba596f4876b02764a748629c08,data/raw/AzSLD_Words_100/SİZ/7cc68cba596f4876b02764a748629c08.mp4,SİZ,,unknown,17,30.0,rec_2022-12-20
7d44378d618c4b6d953a856eb1a82b0e,data/raw/AzSLD_Words_100/SİZ/7d44378d618c4b6d953a856eb1a82b0e.mp4,SİZ,,unknown,18,30.0,rec_2022-12-27
7d4f9a97a67441ac9f409acc8774c641,data/raw/AzSLD_Words_100/SİZ/7d4f9a97a67441ac9f409acc8774c641.mp4,SİZ,,unknown,25,30.0,rec_2022-11-19
7e0fb4993f1847308d292e96bc7db499,data/raw/AzSLD_Words_100/SİZ/7e0fb4993f1847308d292e96bc7db499.mp4,SİZ,,unknown,17,30.0,rec_2022-07-01
7e1c53977d244112b566fabf7d886ddd,data/raw/AzSLD_Words_100/SİZ/7e1c53977d244112b566fabf7d886ddd.mp4,SİZ,,unknown,15,30.0,rec_2022-07-02
7e3f492ba2264bf69f36bdc3a417e697,data/raw/AzSLD_Words_100/SİZ/7e3f492ba2264bf69f36bdc3a417e697.mp4,SİZ,,unknown,15,30.0,rec_2022-11-04
7fb2755c382847a2a5600684fa2c0006,data/raw/AzSLD_Words_100/SİZ/7fb2755c382847a2a5600684fa2c0006.mp4,SİZ,,unknown,13,30.0,rec_2022-12-22
807357d9aaee4423bfddc97194f7adab,data/raw/AzSLD_Words_100/SİZ/807357d9aaee4423bfddc97194f7adab.mp4,SİZ,,unknown,13,30.0,rec_2022-11-10
816a520c900e4e8c83c102794e4d2b8f,data/raw/AzSLD_Words_100/SİZ/816a520c900e4e8c83c102794e4d2b8f.mp4,SİZ,,unknown,26,30.0,rec_2022-07-02
834cab0b3d4143e09374786fdd8e6f0a,data/raw/AzSLD_Words_100/SİZ/834cab0b3d4143e09374786fdd8e6f0a.mp4,SİZ,,unknown,34,30.0,rec_2022-12-17
84d7fc6ee0dc4e77948332e2c8ca9a41,data/raw/AzSLD_Words_100/SİZ/84d7fc6ee0dc4e77948332e2c8ca9a41.mp4,SİZ,,unknown,22,30.0,rec_2022-11-04
855a812489ea4d6bbe9b756423c87040,data/raw/AzSLD_Words_100/SİZ/855a812489ea4d6bbe9b756423c87040.mp4,SİZ,,unknown,15,30.0,rec_2022-11-17
85a44dce259d4b629094673377b36567,data/raw/AzSLD_Words_100/SİZ/85a44dce259d4b629094673377b36567.mp4,SİZ,,unknown,24,30.0,rec_2022-07-22
85ca179e463c42cfb80ed7c5f2b90081,data/raw/AzSLD_Words_100/SİZ/85ca179e463c42cfb80ed7c5f2b90081.mp4,SİZ,,unknown,18,30.0,rec_2022-12-17
85cc0ad574f44ad4bee0b0270077ae6a,data/raw/AzSLD_Words_100/SİZ/85cc0ad574f44ad4bee0b0270077ae6a.mp4,SİZ,,unknown,23,30.0,rec_2022-11-18
85f382be7f15420a9428381c828b593a,data/raw/AzSLD_Words_100/SİZ/85f382be7f15420a9428381c828b593a.mp4,SİZ,,unknown,13,30.0,rec_2022-12-16
866e2108c5984a0d831db1c91d46a118,data/raw/AzSLD_Words_100/SİZ/866e2108c5984a0d831db1c91d46a118.mp4,SİZ,,unknown,11,30.0,rec_2022-07-18
86fc957cb33744ccbb4ffcee3d9f8a5e,data/raw/AzSLD_Words_100/SİZ/86fc957cb33744ccbb4ffcee3d9f8a5e.mp4,SİZ,,unknown,33,30.0,rec_2022-08-01
871bc4a8eb304033b62ab24a9d3168a1,data/raw/AzSLD_Words_100/SİZ/871bc4a8eb304033b62ab24a9d3168a1.mp4,SİZ,,unknown,21,30.0,rec_2022-12-27
875ef135352d4bd380cfa5562d16db74,data/raw/AzSLD_Words_100/SİZ/875ef135352d4bd380cfa5562d16db74.mp4,SİZ,,unknown,27,30.0,rec_2022-07-25
8924d73370674910b6b07473641fae74,data/raw/AzSLD_Words_100/SİZ/8924d73370674910b6b07473641fae74.mp4,SİZ,,unknown,20,30.0,rec_2022-07-20
8939db51b7a540dd935e0e7a9c641fd4,data/raw/AzSLD_Words_100/SİZ/8939db51b7a540dd935e0e7a9c641fd4.mp4,SİZ,,unknown,12,30.0,rec_2022-12-16
895e516f502f4166bbe9dbbd8c878873,data/raw/AzSLD_Words_100/SİZ/895e516f502f4166bbe9dbbd8c878873.mp4,SİZ,,unknown,12,30.0,rec_2022-12-23
89938fb76fc049b48bfaa9316976ce3e,data/raw/AzSLD_Words_100/SİZ/89938fb76fc049b48bfaa9316976ce3e.mp4,SİZ,,unknown,26,30.0,rec_2022-06-11
8a8ec1da51d84acd8c075a4342ce35f3,data/raw/AzSLD_Words_100/SİZ/8a8ec1da51d84acd8c075a4342ce35f3.mp4,SİZ,,unknown,13,30.0,rec_2022-12-22
8acfb4fc3a784762a0726fc80cdc89a2,data/raw/AzSLD_Words_100/SİZ/8acfb4fc3a784762a0726fc80cdc89a2.mp4,SİZ,,unknown,17,30.0,rec_2022-12-24
8ad000a4af5c4caf9beb2850ee15db43,data/raw/AzSLD_Words_100/SİZ/8ad000a4af5c4caf9beb2850ee15db43.mp4,SİZ,,unknown,25,30.0,rec_2022-08-01
8b5bd15a6d874ae08fe26989ec7c0b0e,data/raw/AzSLD_Words_100/SİZ/8b5bd15a6d874ae08fe26989ec7c0b0e.mp4,SİZ,,unknown,17,30.0,rec_2022-11-01
8c1a9d6260cf40229e0ec855dc204f0b,data/raw/AzSLD_Words_100/SİZ/8c1a9d6260cf40229e0ec855dc204f0b.mp4,SİZ,,unknown,16,30.0,rec_2022-08-01
8cc6dcd3e1504b7cbe8ef4df00975a3f,data/raw/AzSLD_Words_100/SİZ/8cc6dcd3e1504b7cbe8ef4df00975a3f.mp4,SİZ,,unknown,28,30.0,rec_2022-12-20
8d9db901e6e4445e8a6715b6deb8c67a,data/raw/AzSLD_Words_100/SİZ/8d9db901e6e4445e8a6715b6deb8c67a.mp4,SİZ,,unknown,10,30.0,rec_2022-12-17
8df991c13192408f81bf41f2a1bfa8a6,data/raw/AzSLD_Words_100/SİZ/8df991c13192408f81bf41f2a1bfa8a6.mp4,SİZ,,unknown,23,30.0,rec_2022-10-28
8eeb80eb820e4240aca07430c1e9acf3,data/raw/AzSLD_Words_100/SİZ/8eeb80eb820e4240aca07430c1e9acf3.mp4,SİZ,,unknown,18,30.0,rec_2022-06-13
8ef2dba6b1d141e79ee195d03553dcff,data/raw/AzSLD_Words_100/SİZ/8ef2dba6b1d141e79ee195d03553dcff.mp4,SİZ,,unknown,17,30.0,rec_2022-12-15
8ef31cf590ee4e288890048dfac20ae5,data/raw/AzSLD_Words_100/SİZ/8ef31cf590ee4e288890048dfac20ae5.mp4,SİZ,,unknown,11,30.0,rec_2022-12-28
8f314a369c6941da81a5c211028ca78f,data/raw/AzSLD_Words_100/SİZ/8f314a369c6941da81a5c211028ca78f.mp4,SİZ,,unknown,28,30.0,rec_2022-07-16
9002e794c46d4f0196a3090013b9c8de,data/raw/AzSLD_Words_100/SİZ/9002e794c46d4f0196a3090013b9c8de.mp4,SİZ,,unknown,34,30.0,rec_2022-11-01
9126987c806546dba711be5b7640307d,data/raw/AzSLD_Words_100/SİZ/9126987c806546dba711be5b7640307d.mp4,SİZ,,unknown,18,30.0,rec_2022-07-16
91f497a8584a40f88208a114bf652311,data/raw/AzSLD_Words_100/SİZ/91f497a8584a40f88208a114bf652311.mp4,SİZ,,unknown,16,30.0,rec_2022-06-01
927ae3a4f8914317a83291f2cc1038ee,data/raw/AzSLD_Words_100/SİZ/927ae3a4f8914317a83291f2cc1038ee.mp4,SİZ,,unknown,20,30.0,rec_2022-12-17
92d6f8eee18245d09b471cc28d12ffbe,data/raw/AzSLD_Words_100/SİZ/92d6f8eee18245d09b471cc28d12ffbe.mp4,SİZ,,unknown,17,30.0,rec_2022-11-05
93822860fbb24683bb69179974d1e386,data/raw/AzSLD_Words_100/SİZ/93822860fbb24683bb69179974d1e386.mp4,SİZ,,unknown,14,30.0,rec_2022-12-20
93b6362f05fc4b1aadbc66aed542a20f,data/raw/AzSLD_Words_100/SİZ/93b6362f05fc4b1aadbc66aed542a20f.mp4,SİZ,,unknown,12,30.0,rec_2022-12-16
948c34e2cd0a4f31bcd512d0268caefb,data/raw/AzSLD_Words_100/SİZ/948c34e2cd0a4f31bcd512d0268caefb.mp4,SİZ,,unknown,21,30.0,rec_2022-11-19
951f7d44ade043179c3c5cefb2c26c81,data/raw/AzSLD_Words_100/SİZ/951f7d44ade043179c3c5cefb2c26c81.mp4,SİZ,,unknown,27,30.0,rec_2022-12-15
95a1ac517fd44ca78f84b0a0bd7482d1,data/raw/AzSLD_Words_100/SİZ/95a1ac517fd44ca78f84b0a0bd7482d1.mp4,SİZ,,unknown,9,30.0,rec_2022-12-28
9630b478b5284e58887375aff6f7cbfe,data/raw/AzSLD_Words_100/SİZ/9630b478b5284e58887375aff6f7cbfe.mp4,SİZ,,unknown,21,30.0,rec_2022-05-25
9633629a18064f039380a0228a3fda07,data/raw/AzSLD_Words_100/SİZ/9633629a18064f039380a0228a3fda07.mp4,SİZ,,unknown,24,30.0,rec_2022-07-13
9679bc88186340d69f738362e807e0ce,data/raw/AzSLD_Words_100/SİZ/9679bc88186340d69f738362e807e0ce.mp4,SİZ,,unknown,21,30.0,rec_2022-12-24
9714983a0e0546e8afcac25178fd516f,data/raw/AzSLD_Words_100/SİZ/9714983a0e0546e8afcac25178fd516f.mp4,SİZ,,unknown,25,30.0,rec_2022-11-18
97178a3233ce41f69d4d47380cf58a7e,data/raw/AzSLD_Words_100/SİZ/97178a3233ce41f69d4d47380cf58a7e.mp4,SİZ,,unknown,20,30.0,rec_2022-07-23
974183d6fe124a038c6b22da3940dd25,data/raw/AzSLD_Words_100/SİZ/974183d6fe124a038c6b22da3940dd25.mp4,SİZ,,unknown,34,30.0,rec_2022-12-23
985ef5fac17f4a4183ea32ccb207b0e0,data/raw/AzSLD_Words_100/SİZ/985ef5fac17f4a4183ea32ccb207b0e0.mp4,SİZ,,unknown,10,30.0,rec_2022-12-16
98776b9e2adb4a4ebe1c3a362d4f0647,data/raw/AzSLD_Words_100/SİZ/98776b9e2adb4a4ebe1c3a362d4f0647.mp4,SİZ,,unknown,20,30.0,rec_2022-07-20
98d02f8816db44489c8f4f7d908089e7,data/raw/AzSLD_Words_100/SİZ/98d02f8816db44489c8f4f7d908089e7.mp4,SİZ,,unknown,12,30.0,rec_2022-07-20
995469a0193c461d9088d77bf7198054,data/raw/AzSLD_Words_100/SİZ/995469a0193c461d9088d77bf7198054.mp4,SİZ,,unknown,15,30.0,rec_2022-07-25
996939cdaf824a75ad612701fbcb48b9,data/raw/AzSLD_Words_100/SİZ/996939cdaf824a75ad612701fbcb48b9.mp4,SİZ,,unknown,12,30.0,rec_2022-11-17
99e682a93d314cb3b0e1f62331c30911,data/raw/AzSLD_Words_100/SİZ/99e682a93d314cb3b0e1f62331c30911.mp4,SİZ,,unknown,15,30.0,rec_2022-12-22
9ab3d099a2b94860a59a360ef1cd0e5d,data/raw/AzSLD_Words_100/SİZ/9ab3d099a2b94860a59a360ef1cd0e5d.mp4,SİZ,,unknown,22,30.0,rec_2022-07-25
9cad008cb5e1437db26e53539ecdacd0,data/raw/AzSLD_Words_100/SİZ/9cad008cb5e1437db26e53539ecdacd0.mp4,SİZ,,unknown,16,30.0,rec_2022-06-13
9cd0cc2a492a4b7cbd9a634d32c6cfb1,data/raw/AzSLD_Words_100/SİZ/9cd0cc2a492a4b7cbd9a634d32c6cfb1.mp4,SİZ,,unknown,20,30.0,rec_2022-11-18
9dae70d3e2e44889868f958cd5599798,data/raw/AzSLD_Words_100/SİZ/9dae70d3e2e44889868f958cd5599798.mp4,SİZ,,unknown,15,30.0,rec_2022-12-24
9db63688a5da4d2b9705b320fb503cbb,data/raw/AzSLD_Words_100/SİZ/9db63688a5da4d2b9705b320fb503cbb.mp4,SİZ,,unknown,14,30.0,rec_2022-07-16
9e492dc6d1b244a69931c570114b5778,data/raw/AzSLD_Words_100/SİZ/9e492dc6d1b244a69931c570114b5778.mp4,SİZ,,unknown,24,30.0,rec_2022-12-27
9ed354f29fdc4ad5af62611f73d9c187,data/raw/AzSLD_Words_100/SİZ/9ed354f29fdc4ad5af62611f73d9c187.mp4,SİZ,,unknown,24,30.0,rec_2022-11-22
9f2b7d4942df42d4b636eb9158924c98,data/raw/AzSLD_Words_100/SİZ/9f2b7d4942df42d4b636eb9158924c98.mp4,SİZ,,unknown,10,30.0,rec_2022-07-20
9f61afeb0df24f34a230e7a3a40b7a87,data/raw/AzSLD_Words_100/SİZ/9f61afeb0df24f34a230e7a3a40b7a87.mp4,SİZ,,unknown,24,30.0,rec_2022-12-27
9f8797e22aaa40d2a4e476579c43b05d,data/raw/AzSLD_Words_100/SİZ/9f8797e22aaa40d2a4e476579c43b05d.mp4,SİZ,,unknown,27,30.0,rec_2022-11-04
a14b08f3a7804e9bbb300ff19b5a2050,data/raw/AzSLD_Words_100/SİZ/a14b08f3a7804e9bbb300ff19b5a2050.mp4,SİZ,,unknown,20,30.0,rec_2022-05-31
a15269f4741842049b10cbc61884e7a2,data/raw/AzSLD_Words_100/SİZ/a15269f4741842049b10cbc61884e7a2.mp4,SİZ,,unknown,22,30.0,rec_2022-07-22
a19bdb0deafe4fc293fb2dcf89bcb9d1,data/raw/AzSLD_Words_100/SİZ/a19bdb0deafe4fc293fb2dcf89bcb9d1.mp4,SİZ,,unknown,17,30.0,rec_2022-07-16
a1afd54183c740f09efc0f194633a3e8,data/raw/AzSLD_Words_100/SİZ/a1afd54183c740f09efc0f194633a3e8.mp4,SİZ,,unknown,24,30.0,rec_2022-06-01
a27db4064517427ab44f00d9c22dc590,data/raw/AzSLD_Words_100/SİZ/a27db4064517427ab44f00d9c22dc590.mp4,SİZ,,unknown,10,30.0,rec_2022-05-24
a3e9134c08e547699175b4f75da63b20,data/raw/AzSLD_Words_100/SİZ/a3e9134c08e547699175b4f75da63b20.mp4,SİZ,,unknown,20,30.0,rec_2022-12-24
a45e1a484c6e4d32837125181157e09e,data/raw/AzSLD_Words_100/SİZ/a45e1a484c6e4d32837125181157e09e.mp4,SİZ,,unknown,15,30.0,rec_2022-11-17
a725220e72654439accb8765c3251906,data/raw/AzSLD_Words_100/SİZ/a725220e72654439accb8765c3251906.mp4,SİZ,,unknown,15,30.0,rec_2022-07-02
a773f5b2eb51403eb069488342a34c56,data/raw/AzSLD_Words_100/SİZ/a773f5b2eb51403eb069488342a34c56.mp4,SİZ,,unknown,23,30.0,rec_2022-12-23
a77c4642f32a4f14b51c484dc2fad34b,data/raw/AzSLD_Words_100/SİZ/a77c4642f32a4f14b51c484dc2fad34b.mp4,SİZ,,unknown,19,30.0,rec_2022-07-28
a78bc035ef6a44eba28e3f9c3ef5889e,data/raw/AzSLD_Words_100/SİZ/a78bc035ef6a44eba28e3f9c3ef5889e.mp4,SİZ,,unknown,23,30.0,rec_2022-07-21
a817b427be4a4be386762e6ff56d5300,data/raw/AzSLD_Words_100/SİZ/a817b427be4a4be386762e6ff56d5300.mp4,SİZ,,unknown,34,30.0,rec_2022-11-22
a8305923fc874643b747a6e5072a018e,data/raw/AzSLD_Words_100/SİZ/a8305923fc874643b747a6e5072a018e.mp4,SİZ,,unknown,25,30.0,rec_2022-05-31
a911307cba844769a2942476065eb1f7,data/raw/AzSLD_Words_100/SİZ/a911307cba844769a2942476065eb1f7.mp4,SİZ,,unknown,31,30.0,rec_2022-12-28
a9143c6feb7d40b6919a17e87ec5b9e2,data/raw/AzSLD_Words_100/SİZ/a9143c6feb7d40b6919a17e87ec5b9e2.mp4,SİZ,,unknown,29,30.0,rec_2022-12-20
a9f16e28385246a5b5297097dbbd5dbf,data/raw/AzSLD_Words_100/SİZ/a9f16e28385246a5b5297097dbbd5dbf.mp4,SİZ,,unknown,17,30.0,rec_2022-11-19
aadd355bf05a4c66aee2de9cf7354303,data/raw/AzSLD_Words_100/SİZ/aadd355bf05a4c66aee2de9cf7354303.mp4,SİZ,,unknown,10,30.0,rec_2022-12-20
abb7573287ff469885505ae923d72d0b,data/raw/AzSLD_Words_100/SİZ/abb7573287ff469885505ae923d72d0b.mp4,SİZ,,unknown,11,30.0,rec_2022-12-22
ac1653d01dcc44db9e5cfced3a102827,data/raw/AzSLD_Words_100/SİZ/ac1653d01dcc44db9e5cfced3a102827.mp4,SİZ,,unknown,24,30.0,rec_2022-11-01
ac1ac08c5bf74624a278c84662b428f2,data/raw/AzSLD_Words_100/SİZ/ac1ac08c5bf74624a278c84662b428f2.mp4,SİZ,,unknown,10,30.0,rec_2022-12-20
adb0fc687e244ed58a60850067152110,data/raw/AzSLD_Words_100/SİZ/adb0fc687e244ed58a60850067152110.mp4,SİZ,,unknown,16,30.0,rec_2022-12-24
aea5d08fa79349cfbaba723bf70a21ee,data/raw/AzSLD_Words_100/SİZ/aea5d08fa79349cfbaba723bf70a21ee.mp4,SİZ,,unknown,8,30.0,rec_2022-12-28
af7154e500834de3b0f14c2f2df2273d,data/raw/AzSLD_Words_100/SİZ/af7154e500834de3b0f14c2f2df2273d.mp4,SİZ,,unknown,34,30.0,rec_2022-12-24
b20d69549c1f4bf1b5cf7db915e84e1d,data/raw/AzSLD_Words_100/SİZ/b20d69549c1f4bf1b5cf7db915e84e1d.mp4,SİZ,,unknown,15,30.0,rec_2022-12-23
b2cb578a00934feaba67a03c83e6e869,data/raw/AzSLD_Words_100/SİZ/b2cb578a00934feaba67a03c83e6e869.mp4,SİZ,,unknown,18,30.0,rec_2022-08-02
b38671ce820d4153a2996b76cdef10b8,data/raw/AzSLD_Words_100/SİZ/b38671ce820d4153a2996b76cdef10b8.mp4,SİZ,,unknown,38,30.0,rec_2022-12-24
b4d8bcbfd89243ed87fdf1c0d4714455,data/raw/AzSLD_Words_100/SİZ/b4d8bcbfd89243ed87fdf1c0d4714455.mp4,SİZ,,unknown,28,30.0,rec_2022-07-18
b50cf699f6c740039c9fa81d8663302a,data/raw/AzSLD_Words_100/SİZ/b50cf699f6c740039c9fa81d8663302a.mp4,SİZ,,unknown,20,30.0,rec_2022-07-21
b51547a3bab84c1697d19cd256427f4a,data/raw/AzSLD_Words_100/SİZ/b51547a3bab84c1697d19cd256427f4a.mp4,SİZ,,unknown,10,30.0,rec_2022-12-28
b528f8926df445a8a3305a87f7dd7714,data/raw/AzSLD_Words_100/SİZ/b528f8926df445a8a3305a87f7dd7714.mp4,SİZ,,unknown,18,30.0,rec_2022-12-23
b54c98d1807346dc8250a7a2b641040b,data/raw/AzSLD_Words_100/SİZ/b54c98d1807346dc8250a7a2b641040b.mp4,SİZ,,unknown,19,30.0,rec_2022-11-01
b5ff29254f1b45dfa8e12e864edaca1a,data/raw/AzSLD_Words_100/SİZ/b5ff29254f1b45dfa8e12e864edaca1a.mp4,SİZ,,unknown,21,30.0,rec_2022-11-18
b618c976179a4021ba4f5890c3440697,data/raw/AzSLD_Words_100/SİZ/b618c976179a4021ba4f5890c3440697.mp4,SİZ,,unknown,24,30.0,rec_2022-11-19
b683799308084edc8d0748413cb5e12e,data/raw/AzSLD_Words_100/SİZ/b683799308084edc8d0748413cb5e12e.mp4,SİZ,,unknown,21,30.0,rec_2022-12-22
b6c26883a94d4fa185241027cfb74b36,data/raw/AzSLD_Words_100/SİZ/b6c26883a94d4fa185241027cfb74b36.mp4,SİZ,,unknown,11,30.0,rec_2022-12-23
b6ee08641b15426aab908abcae2d13c8,data/raw/AzSLD_Words_100/SİZ/b6ee08641b15426aab908abcae2d13c8.mp4,SİZ,,unknown,16,30.0,rec_2022-11-04
b73fb88dcd524a07a5d76e8a32426b2e,data/raw/AzSLD_Words_100/SİZ/b73fb88dcd524a07a5d76e8a32426b2e.mp4,SİZ,,unknown,12,30.0,rec_2022-12-22
b787e9240ff34e98a18391e9a740916f,data/raw/AzSLD_Words_100/SİZ/b787e9240ff34e98a18391e9a740916f.mp4,SİZ,,unknown,15,30.0,rec_2022-07-20
b84f1334fe5f41968b157b41a485d306,data/raw/AzSLD_Words_100/SİZ/b84f1334fe5f41968b157b41a485d306.mp4,SİZ,,unknown,18,30.0,rec_2022-12-15
b8a2a81e64064428a799adc24bbb38cb,data/raw/AzSLD_Words_100/SİZ/b8a2a81e64064428a799adc24bbb38cb.mp4,SİZ,,unknown,10,30.0,rec_2022-12-20
b9f5750ca648449489fa00f422103bf2,data/raw/AzSLD_Words_100/SİZ/b9f5750ca648449489fa00f422103bf2.mp4,SİZ,,unknown,15,30.0,rec_2022-07-13
bab13f92253940d7b3536960800467af,data/raw/AzSLD_Words_100/SİZ/bab13f92253940d7b3536960800467af.mp4,SİZ,,unknown,23,30.0,rec_2022-12-17
baf020c5be634cb08dfe5502a6565e3d,data/raw/AzSLD_Words_100/SİZ/baf020c5be634cb08dfe5502a6565e3d.mp4,SİZ,,unknown,24,30.0,rec_2022-05-25
bb05dad6f0dc4722a12c6a22877e6106,data/raw/AzSLD_Words_100/SİZ/bb05dad6f0dc4722a12c6a22877e6106.mp4,SİZ,,unknown,21,30.0,rec_2022-07-19
bb3137d856814e30be44137c06e589f7,data/raw/AzSLD_Words_100/SİZ/bb3137d856814e30be44137c06e589f7.mp4,SİZ,,unknown,20,30.0,rec_2022-12-20
bc0b648b0f9d402e8ac2183982753826,data/raw/AzSLD_Words_100/SİZ/bc0b648b0f9d402e8ac2183982753826.mp4,SİZ,,unknown,17,30.0,rec_2022-11-05
bc21ffe5459a49718b7e2133077fc191,data/raw/AzSLD_Words_100/SİZ/bc21ffe5459a49718b7e2133077fc191.mp4,SİZ,,unknown,22,30.0,rec_2022-12-20
bc3feff5f7f042858c78f21e5ab52910,data/raw/AzSLD_Words_100/SİZ/bc3feff5f7f042858c78f21e5ab52910.mp4,SİZ,,unknown,28,30.0,rec_2022-11-18
bc4590b0916a4ce5817b262a84d988b1,data/raw/AzSLD_Words_100/SİZ/bc4590b0916a4ce5817b262a84d988b1.mp4,SİZ,,unknown,16,30.0,rec_2022-07-22
bc92a13d2d974585b73b3445696c8428,data/raw/AzSLD_Words_100/SİZ/bc92a13d2d974585b73b3445696c8428.mp4,SİZ,,unknown,30,30.0,rec_2022-10-26
bcfc773ca436410fa45a15ad215533fe,data/raw/AzSLD_Words_100/SİZ/bcfc773ca436410fa45a15ad215533fe.mp4,SİZ,,unknown,14,30.0,rec_2022-07-23
bd86d20ddff14b02b96c2b3fe5439438,data/raw/AzSLD_Words_100/SİZ/bd86d20ddff14b02b96c2b3fe5439438.mp4,SİZ,,unknown,29,30.0,rec_2022-07-20
be382c74b66b46df85ecb0f8b27413bb,data/raw/AzSLD_Words_100/SİZ/be382c74b66b46df85ecb0f8b27413bb.mp4,SİZ,,unknown,17,30.0,rec_2023-01-19
be607d8fbc7644f198fb3812658188a7,data/raw/AzSLD_Words_100/SİZ/be607d8fbc7644f198fb3812658188a7.mp4,SİZ,,unknown,14,30.0,rec_2022-12-20
c0478e27e16c48d58a21c869dbf63d30,data/raw/AzSLD_Words_100/SİZ/c0478e27e16c48d58a21c869dbf63d30.mp4,SİZ,,unknown,20,30.0,rec_2022-05-25
c07a88528ed74316825e2b933e251a4b,data/raw/AzSLD_Words_100/SİZ/c07a88528ed74316825e2b933e251a4b.mp4,SİZ,,unknown,31,30.0,rec_2022-07-22
c0bef3de6d9f4494a45c36b2ad66cfd4,data/raw/AzSLD_Words_100/SİZ/c0bef3de6d9f4494a45c36b2ad66cfd4.mp4,SİZ,,unknown,17,30.0,rec_2022-11-22
c0cffeb9016d4770a182998ecf70758d,data/raw/AzSLD_Words_100/SİZ/c0cffeb9016d4770a182998ecf70758d.mp4,SİZ,,unknown,22,30.0,rec_2022-12-23
c33ba74b5031402681991b1bebdb311e,data/raw/AzSLD_Words_100/SİZ/c33ba74b5031402681991b1bebdb311e.mp4,SİZ,,unknown,13,30.0,rec_2022-12-22
c380c717ad4949b5baa6467dcfa29532,data/raw/AzSLD_Words_100/SİZ/c380c717ad4949b5baa6467dcfa29532.mp4,SİZ,,unknown,34,30.0,rec_2022-11-18
c48abefb71554a0cb8ceaa1f74a479c7,data/raw/AzSLD_Words_100/SİZ/c48abefb71554a0cb8ceaa1f74a479c7.mp4,SİZ,,unknown,20,30.0,rec_2022-07-25
c49a612c988c4c42a5b527dda4b2b2c1,data/raw/AzSLD_Words_100/SİZ/c49a612c988c4c42a5b527dda4b2b2c1.mp4,SİZ,,unknown,20,30.0,rec_2022-11-02
c51c2439fbc24e94b2f1f9a0122a5234,data/raw/AzSLD_Words_100/SİZ/c51c2439fbc24e94b2f1f9a0122a5234.mp4,SİZ,,unknown,23,30.0,rec_2022-12-20
c535dccf805d4b91aac84f2a1af3ebd3,data/raw/AzSLD_Words_100/SİZ/c535dccf805d4b91aac84f2a1af3ebd3.mp4,SİZ,,unknown,23,30.0,rec_2022-12-15
c5f2cb0be30d4274a2090c6760c2e865,data/raw/AzSLD_Words_100/SİZ/c5f2cb0be30d4274a2090c6760c2e865.mp4,SİZ,,unknown,17,30.0,rec_2022-10-26
c63ab31467b445e8a167b08a7b4cacbf,data/raw/AzSLD_Words_100/SİZ/c63ab31467b445e8a167b08a7b4cacbf.mp4,SİZ,,unknown,13,30.0,rec_2022-07-02
c67a63e1dcb2482cbe5874b76af36b9a,data/raw/AzSLD_Words_100/SİZ/c67a63e1dcb2482cbe5874b76af36b9a.mp4,SİZ,,unknown,19,30.0,rec_2022-12-17
c73abb44555b4261ba94cd949b3bb87c,data/raw/AzSLD_Words_100/SİZ/c73abb44555b4261ba94cd949b3bb87c.mp4,SİZ,,unknown,19,30.0,rec_2022-11-19
c772a6a56e7f4006956e859177023ff7,data/raw/AzSLD_Words_100/SİZ/c772a6a56e7f4006956e859177023ff7.mp4,SİZ,,unknown,28,30.0,rec_2022-11-22
c79df17d3a9e4f31a82e8ef0c75fe1f7,data/raw/AzSLD_Words_100/SİZ/c79df17d3a9e4f31a82e8ef0c75fe1f7.mp4,SİZ,,unknown,26,30.0,rec_2022-11-02
c8353db59c9b47a7b2658da77bf5e477,data/raw/AzSLD_Words_100/SİZ/c8353db59c9b47a7b2658da77bf5e477.mp4,SİZ,,unknown,28,30.0,rec_2022-12-22
c881cd5ffd2a4540a62b1ad74fdc087b,data/raw/AzSLD_Words_100/SİZ/c881cd5ffd2a4540a62b1ad74fdc087b.mp4,SİZ,,unknown,24,30.0,rec_2022-06-02
cac375b9582940ee92026e9352df5f95,data/raw/AzSLD_Words_100/SİZ/cac375b9582940ee92026e9352df5f95.mp4,SİZ,,unknown,14,30.0,rec_2022-12-23
cac8575370f54cc088f1613e8a695115,data/raw/AzSLD_Words_100/SİZ/cac8575370f54cc088f1613e8a695115.mp4,SİZ,,unknown,17,30.0,rec_2022-12-23
cbe392303fac4a049fc999e2d9a418c2,data/raw/AzSLD_Words_100/SİZ/cbe392303fac4a049fc999e2d9a418c2.mp4,SİZ,,unknown,16,30.0,rec_2022-07-13
cbf8cb262cfb491c85c8811b5825e3d4,data/raw/AzSLD_Words_100/SİZ/cbf8cb262cfb491c85c8811b5825e3d4.mp4,SİZ,,unknown,16,30.0,rec_2022-07-18
cc3e83aee08145b59855137b363a81d6,data/raw/AzSLD_Words_100/SİZ/cc3e83aee08145b59855137b363a81d6.mp4,SİZ,,unknown,32,30.0,rec_2022-12-20
cc5107f2761f4322a73bda9d81699db6,data/raw/AzSLD_Words_100/SİZ/cc5107f2761f4322a73bda9d81699db6.mp4,SİZ,,unknown,28,30.0,rec_2022-11-22
cc63e6c3b69b4a63a956aa37f7d31ec4,data/raw/AzSLD_Words_100/SİZ/cc63e6c3b69b4a63a956aa37f7d31ec4.mp4,SİZ,,unknown,18,30.0,rec_2022-12-23
ccbbffc7d47146f9ae97d3ee1dc78917,data/raw/AzSLD_Words_100/SİZ/ccbbffc7d47146f9ae97d3ee1dc78917.mp4,SİZ,,unknown,12,30.0,rec_2022-12-22
cd3d5dba98c540c28ce3b28c1e544adb,data/raw/AzSLD_Words_100/SİZ/cd3d5dba98c540c28ce3b28c1e544adb.mp4,SİZ,,unknown,26,30.0,rec_2022-05-25
cdae7164f7f940d2a6afb55ca37bff49,data/raw/AzSLD_Words_100/SİZ/cdae7164f7f940d2a6afb55ca37bff49.mp4,SİZ,,unknown,18,30.0,rec_2022-07-02
cdb580f55c8240fd9f8cd40f6f369b26,data/raw/AzSLD_Words_100/SİZ/cdb580f55c8240fd9f8cd40f6f369b26.mp4,SİZ,,unknown,22,30.0,rec_2022-11-02
cdd32f27302645b79894f4e065e5619e,data/raw/AzSLD_Words_100/SİZ/cdd32f27302645b79894f4e065e5619e.mp4,SİZ,,unknown,11,30.0,rec_2022-12-20
ce45e260baa44b8fbccaac0f6e3ccb80,data/raw/AzSLD_Words_100/SİZ/ce45e260baa44b8fbccaac0f6e3ccb80.mp4,SİZ,,unknown,12,30.0,rec_2022-12-17
ce67b0cb7d094df29150a8cd76bf9df9,data/raw/AzSLD_Words_100/SİZ/ce67b0cb7d094df29150a8cd76bf9df9.mp4,SİZ,,unknown,14,30.0,rec_2022-11-10
cec9a8b065d942a58f7471037ac16917,data/raw/AzSLD_Words_100/SİZ/cec9a8b065d942a58f7471037ac16917.mp4,SİZ,,unknown,24,30.0,rec_2022-07-13
ceffbdf0f35c463fa5d918d0f89ed3ac,data/raw/AzSLD_Words_100/SİZ/ceffbdf0f35c463fa5d918d0f89ed3ac.mp4,SİZ,,unknown,13,30.0,rec_2022-12-20
d07820d187ee4f6481be2b0b7016263f,data/raw/AzSLD_Words_100/SİZ/d07820d187ee4f6481be2b0b7016263f.mp4,SİZ,,unknown,26,30.0,rec_2022-12-28
d3abdda02be045bf8685d7635082140d,data/raw/AzSLD_Words_100/SİZ/d3abdda02be045bf8685d7635082140d.mp4,SİZ,,unknown,17,30.0,rec_2022-07-22
d42f096849ac4f6a9ec0403fc35ab0c6,data/raw/AzSLD_Words_100/SİZ/d42f096849ac4f6a9ec0403fc35ab0c6.mp4,SİZ,,unknown,33,30.0,rec_2022-06-11
d43616cd39254571be2bcac2dcd15f78,data/raw/AzSLD_Words_100/SİZ/d43616cd39254571be2bcac2dcd15f78.mp4,SİZ,,unknown,17,30.0,rec_2022-07-25
d515003e5b5f4510b07dea93d3abfa59,data/raw/AzSLD_Words_100/SİZ/d515003e5b5f4510b07dea93d3abfa59.mp4,SİZ,,unknown,25,30.0,rec_2022-07-18
d53c205cc45f4815b1ea1af21c9bd3ca,data/raw/AzSLD_Words_100/SİZ/d53c205cc45f4815b1ea1af21c9bd3ca.mp4,SİZ,,unknown,9,30.0,rec_2022-12-20
d58f0cc119ae4452854febb6d4ad96f6,data/raw/AzSLD_Words_100/SİZ/d58f0cc119ae4452854febb6d4ad96f6.mp4,SİZ,,unknown,15,30.0,rec_2022-07-18
d5f65323e1b7470f9396fa9afd498561,data/raw/AzSLD_Words_100/SİZ/d5f65323e1b7470f9396fa9afd498561.mp4,SİZ,,unknown,21,30.0,rec_2022-12-20
d620d9f682b745758bae6255efe926f2,data/raw/AzSLD_Words_100/SİZ/d620d9f682b745758bae6255efe926f2.mp4,SİZ,,unknown,22,30.0,rec_2022-07-15
d652777251584424a36a84be0e933a6e,data/raw/AzSLD_Words_100/SİZ/d652777251584424a36a84be0e933a6e.mp4,SİZ,,unknown,35,30.0,rec_2022-12-28
d668a2801a024e61b76c1a11259bc2f0,data/raw/AzSLD_Words_100/SİZ/d668a2801a024e61b76c1a11259bc2f0.mp4,SİZ,,unknown,22,30.0,rec_2022-12-23
d69aa4236d3446c1ad1c9c292a82a060,data/raw/AzSLD_Words_100/SİZ/d69aa4236d3446c1ad1c9c292a82a060.mp4,SİZ,,unknown,24,30.0,rec_2022-07-28
d72cde4ea8084871aa7483ec184ff287,data/raw/AzSLD_Words_100/SİZ/d72cde4ea8084871aa7483ec184ff287.mp4,SİZ,,unknown,28,30.0,rec_2022-12-15
d810c9372009499d97be24db56287f7f,data/raw/AzSLD_Words_100/SİZ/d810c9372009499d97be24db56287f7f.mp4,SİZ,,unknown,23,30.0,rec_2022-07-20
da8866a590c145cd92f08b7f11ef5ccf,data/raw/AzSLD_Words_100/SİZ/da8866a590c145cd92f08b7f11ef5ccf.mp4,SİZ,,unknown,18,30.0,rec_2022-12-15
dad12a5796da4df4a244df55c9869bc9,data/raw/AzSLD_Words_100/SİZ/dad12a5796da4df4a244df55c9869bc9.mp4,SİZ,,unknown,26,30.0,rec_2022-07-22
db1b086c711047bfa28eccd6620dd859,data/raw/AzSLD_Words_100/SİZ/db1b086c711047bfa28eccd6620dd859.mp4,SİZ,,unknown,13,30.0,rec_2022-07-20
db5901dbd66f496884f0cfc997092f03,data/raw/AzSLD_Words_100/SİZ/db5901dbd66f496884f0cfc997092f03.mp4,SİZ,,unknown,21,30.0,rec_2022-07-19
db5a5b7c9385457fb736c32b4e9264ca,data/raw/AzSLD_Words_100/SİZ/db5a5b7c9385457fb736c32b4e9264ca.mp4,SİZ,,unknown,14,30.0,rec_2022-07-16
dbb1ba6882b247ce81c4d4afc36f00cc,data/raw/AzSLD_Words_100/SİZ/dbb1ba6882b247ce81c4d4afc36f00cc.mp4,SİZ,,unknown,13,30.0,rec_2022-07-23
dcc39f2abca144dc84e6f027701fa63b,data/raw/AzSLD_Words_100/SİZ/dcc39f2abca144dc84e6f027701fa63b.mp4,SİZ,,unknown,25,30.0,rec_2022-07-18
de15d7a4947643d59440676f35def57f,data/raw/AzSLD_Words_100/SİZ/de15d7a4947643d59440676f35def57f.mp4,SİZ,,unknown,18,30.0,rec_2022-12-22
df1157b1612b4cd085c0cccb96a22ae7,data/raw/AzSLD_Words_100/SİZ/df1157b1612b4cd085c0cccb96a22ae7.mp4,SİZ,,unknown,14,30.0,rec_2022-12-20
df1c2c6a73844968a7789c2eff45b79c,data/raw/AzSLD_Words_100/SİZ/df1c2c6a73844968a7789c2eff45b79c.mp4,SİZ,,unknown,22,30.0,rec_2022-11-10
df31ea158a004046967d60be278ade6c,data/raw/AzSLD_Words_100/SİZ/df31ea158a004046967d60be278ade6c.mp4,SİZ,,unknown,15,30.0,rec_2022-12-23
df94e3835a53488eb78d986559a12c26,data/raw/AzSLD_Words_100/SİZ/df94e3835a53488eb78d986559a12c26.mp4,SİZ,,unknown,23,30.0,rec_2022-11-17
dfdc3e3af10745e2b31059cf722023b6,data/raw/AzSLD_Words_100/SİZ/dfdc3e3af10745e2b31059cf722023b6.mp4,SİZ,,unknown,19,30.0,rec_2022-12-22
e09c25a9a36c49309b27e3e20164bf00,data/raw/AzSLD_Words_100/SİZ/e09c25a9a36c49309b27e3e20164bf00.mp4,SİZ,,unknown,11,30.0,rec_2022-12-17
e1648de6e7c043b6a6aa0770f3ab968a,data/raw/AzSLD_Words_100/SİZ/e1648de6e7c043b6a6aa0770f3ab968a.mp4,SİZ,,unknown,20,30.0,rec_2022-11-10
e1ba83b2e50445fb9920dcee961fbc6a,data/raw/AzSLD_Words_100/SİZ/e1ba83b2e50445fb9920dcee961fbc6a.mp4,SİZ,,unknown,13,30.0,rec_2022-12-23
e1fed183bc994eb1b5c7ed450d36b5ec,data/raw/AzSLD_Words_100/SİZ/e1fed183bc994eb1b5c7ed450d36b5ec.mp4,SİZ,,unknown,10,30.0,rec_2022-12-27
e24197354bf8444da6bc4259f5b7576a,data/raw/AzSLD_Words_100/SİZ/e24197354bf8444da6bc4259f5b7576a.mp4,SİZ,,unknown,34,30.0,rec_2022-11-02
e2dee419172740819b83ac9bf4b48cd1,data/raw/AzSLD_Words_100/SİZ/e2dee419172740819b83ac9bf4b48cd1.mp4,SİZ,,unknown,24,30.0,rec_2022-12-23
e2e346b91aee4cc38e9d0ccfe422f5f1,data/raw/AzSLD_Words_100/SİZ/e2e346b91aee4cc38e9d0ccfe422f5f1.mp4,SİZ,,unknown,18,30.0,rec_2023-01-18
e2fe0305ae2a4eca80f1edf8a8b18908,data/raw/AzSLD_Words_100/SİZ/e2fe0305ae2a4eca80f1edf8a8b18908.mp4,SİZ,,unknown,12,30.0,rec_2022-12-20
e378650cbb9b4aaebb3954bdd70eb174,data/raw/AzSLD_Words_100/SİZ/e378650cbb9b4aaebb3954bdd70eb174.mp4,SİZ,,unknown,31,30.0,rec_2022-12-24
e459ee568e154aaf8842364dcaadf703,data/raw/AzSLD_Words_100/SİZ/e459ee568e154aaf8842364dcaadf703.mp4,SİZ,,unknown,31,30.0,rec_2022-12-22
e4c0c227c9aa41d08e2e22ffcc5272fe,data/raw/AzSLD_Words_100/SİZ/e4c0c227c9aa41d08e2e22ffcc5272fe.mp4,SİZ,,unknown,11,30.0,rec_2022-12-16
e53d9306f9a747d79cfc5972bbf115cf,data/raw/AzSLD_Words_100/SİZ/e53d9306f9a747d79cfc5972bbf115cf.mp4,SİZ,,unknown,18,30.0,rec_2022-11-10
e55ea2e632bc457c9332881850f6a089,data/raw/AzSLD_Words_100/SİZ/e55ea2e632bc457c9332881850f6a089.mp4,SİZ,,unknown,32,30.0,rec_2022-11-22
e63c9f19d4cc41108dd54ef7e442c196,data/raw/AzSLD_Words_100/SİZ/e63c9f19d4cc41108dd54ef7e442c196.mp4,SİZ,,unknown,20,30.0,rec_2022-12-27
e66b3f19a68f46cebb9831e8458523af,data/raw/AzSLD_Words_100/SİZ/e66b3f19a68f46cebb9831e8458523af.mp4,SİZ,,unknown,13,30.0,rec_2022-07-25
e75dd89695374d95a1832186b5f43821,data/raw/AzSLD_Words_100/SİZ/e75dd89695374d95a1832186b5f43821.mp4,SİZ,,unknown,11,30.0,rec_2022-07-16
e7a55df2adb145b6921cee935c228d50,data/raw/AzSLD_Words_100/SİZ/e7a55df2adb145b6921cee935c228d50.mp4,SİZ,,unknown,15,30.0,rec_2022-07-22
e8216a280ec54314819a8af9d9d387da,data/raw/AzSLD_Words_100/SİZ/e8216a280ec54314819a8af9d9d387da.mp4,SİZ,,unknown,28,30.0,rec_2022-05-31
e897ea96fc1648ec9ae4555c17bd49d2,data/raw/AzSLD_Words_100/SİZ/e897ea96fc1648ec9ae4555c17bd49d2.mp4,SİZ,,unknown,15,30.0,rec_2022-12-23
e8cb45974bc94b44806ed69b6bf3182b,data/raw/AzSLD_Words_100/SİZ/e8cb45974bc94b44806ed69b6bf3182b.mp4,SİZ,,unknown,24,30.0,rec_2022-07-20
e8d70fe8133e49e39e409877411b7c08,data/raw/AzSLD_Words_100/SİZ/e8d70fe8133e49e39e409877411b7c08.mp4,SİZ,,unknown,20,30.0,rec_2022-12-15
e8f48e2b41b54ac3b97b3d2725a5f808,data/raw/AzSLD_Words_100/SİZ/e8f48e2b41b54ac3b97b3d2725a5f808.mp4,SİZ,,unknown,23,30.0,rec_2022-12-23
e946ad68582c40259567e151fe79851a,data/raw/AzSLD_Words_100/SİZ/e946ad68582c40259567e151fe79851a.mp4,SİZ,,unknown,19,30.0,rec_2022-10-26
ea15c0eff80449bab21afc1e970f5c05,data/raw/AzSLD_Words_100/SİZ/ea15c0eff80449bab21afc1e970f5c05.mp4,SİZ,,unknown,21,30.0,rec_2022-07-21
ea19db9f7ce7436398a09fe3a8917fbd,data/raw/AzSLD_Words_100/SİZ/ea19db9f7ce7436398a09fe3a8917fbd.mp4,SİZ,,unknown,22,30.0,rec_2022-07-13
edd9a3e919ad4a3eae1b89d80aee8802,data/raw/AzSLD_Words_100/SİZ/edd9a3e919ad4a3eae1b89d80aee8802.mp4,SİZ,,unknown,23,30.0,rec_2022-12-23
ee7cfd6ba52b4eb18eacf22734367c8f,data/raw/AzSLD_Words_100/SİZ/ee7cfd6ba52b4eb18eacf22734367c8f.mp4,SİZ,,unknown,25,30.0,rec_2022-12-15
ef5a5672754743db9d1fed79a2067c19,data/raw/AzSLD_Words_100/SİZ/ef5a5672754743db9d1fed79a2067c19.mp4,SİZ,,unknown,14,30.0,rec_2022-11-18
efb72694a17347beb23950cad43ab907,data/raw/AzSLD_Words_100/SİZ/efb72694a17347beb23950cad43ab907.mp4,SİZ,,unknown,22,30.0,rec_2022-12-15
f0fa4231805847178f2e133bfe20d004,data/raw/AzSLD_Words_100/SİZ/f0fa4231805847178f2e133bfe20d004.mp4,SİZ,,unknown,19,30.0,rec_2022-07-16
f149ac09a69c407895b391b205da9bff,data/raw/AzSLD_Words_100/SİZ/f149ac09a69c407895b391b205da9bff.mp4,SİZ,,unknown,13,30.0,rec_2023-01-18
f1c50b1f98e64dd388d5a229feaa9aa1,data/raw/AzSLD_Words_100/SİZ/f1c50b1f98e64dd388d5a229feaa9aa1.mp4,SİZ,,unknown,24,30.0,rec_2022-12-23
f1ce050ce6c345b78dc91438deba7839,data/raw/AzSLD_Words_100/SİZ/f1ce050ce6c345b78dc91438deba7839.mp4,SİZ,,unknown,26,30.0,rec_2022-11-17
f1e101b758f64c5e9c29beb90ec0d7eb,data/raw/AzSLD_Words_100/SİZ/f1e101b758f64c5e9c29beb90ec0d7eb.mp4,SİZ,,unknown,22,30.0,rec_2022-12-27
f1f9d87804f34a1cbb04ca7626dfd8ed,data/raw/AzSLD_Words_100/SİZ/f1f9d87804f34a1cbb04ca7626dfd8ed.mp4,SİZ,,unknown,12,30.0,rec_2022-12-22
f232daf4860a467988c4ed4957204c4a,data/raw/AzSLD_Words_100/SİZ/f232daf4860a467988c4ed4957204c4a.mp4,SİZ,,unknown,14,30.0,rec_2022-07-23
f27b6c0140814b9681b6f2c8c23cd83f,data/raw/AzSLD_Words_100/SİZ/f27b6c0140814b9681b6f2c8c23cd83f.mp4,SİZ,,unknown,11,30.0,rec_2022-12-20
f29543f2abd34c6fb4a9e52b8f6e15e5,data/raw/AzSLD_Words_100/SİZ/f29543f2abd34c6fb4a9e52b8f6e15e5.mp4,SİZ,,unknown,19,30.0,rec_2022-12-27
f296d061ffce46ab8bb393b5a2892b8c,data/raw/AzSLD_Words_100/SİZ/f296d061ffce46ab8bb393b5a2892b8c.mp4,SİZ,,unknown,15,30.0,rec_2023-01-18
f30a6eb3a5a04b5b9b52cec0e2d555af,data/raw/AzSLD_Words_100/SİZ/f30a6eb3a5a04b5b9b52cec0e2d555af.mp4,SİZ,,unknown,21,30.0,rec_2022-12-22
f333bd814aa245b3a94961970f1aefc3,data/raw/AzSLD_Words_100/SİZ/f333bd814aa245b3a94961970f1aefc3.mp4,SİZ,,unknown,24,30.0,rec_2022-12-22
f360987c09f247e8b28bb6b7dc87e07b,data/raw/AzSLD_Words_100/SİZ/f360987c09f247e8b28bb6b7dc87e07b.mp4,SİZ,,unknown,19,30.0,rec_2022-12-28
f3a7980435134635b25619f2d1051228,data/raw/AzSLD_Words_100/SİZ/f3a7980435134635b25619f2d1051228.mp4,SİZ,,unknown,11,30.0,rec_2022-06-02
f3c6da5dd25442a3975b40a627422272,data/raw/AzSLD_Words_100/SİZ/f3c6da5dd25442a3975b40a627422272.mp4,SİZ,,unknown,17,30.0,rec_2022-07-16
f3c7cf2d55bc48a992dcfe7f5b69c63f,data/raw/AzSLD_Words_100/SİZ/f3c7cf2d55bc48a992dcfe7f5b69c63f.mp4,SİZ,,unknown,25,30.0,rec_2022-11-02
f450f6f894f742c4ba3ee3ac4d90a6e9,data/raw/AzSLD_Words_100/SİZ/f450f6f894f742c4ba3ee3ac4d90a6e9.mp4,SİZ,,unknown,13,30.0,rec_2022-07-23
f477925aa765475cb5641e2709cc9bf0,data/raw/AzSLD_Words_100/SİZ/f477925aa765475cb5641e2709cc9bf0.mp4,SİZ,,unknown,17,30.0,rec_2022-10-26
f52b09368afc4cabbbb11c94c55ccd0a,data/raw/AzSLD_Words_100/SİZ/f52b09368afc4cabbbb11c94c55ccd0a.mp4,SİZ,,unknown,40,30.0,rec_2022-08-02
f6773a60733a4dbfbda8f3424a498d60,data/raw/AzSLD_Words_100/SİZ/f6773a60733a4dbfbda8f3424a498d60.mp4,SİZ,,unknown,13,30.0,rec_2022-07-20
f7197d7bb86c434ab1738755b7c728c0,data/raw/AzSLD_Words_100/SİZ/f7197d7bb86c434ab1738755b7c728c0.mp4,SİZ,,unknown,20,30.0,rec_2022-07-16
f74745c925fd48cd936ade8eb2b146ec,data/raw/AzSLD_Words_100/SİZ/f74745c925fd48cd936ade8eb2b146ec.mp4,SİZ,,unknown,20,30.0,rec_2022-07-20
f931f41a1be640a1a1063ab8f42849a5,data/raw/AzSLD_Words_100/SİZ/f931f41a1be640a1a1063ab8f42849a5.mp4,SİZ,,unknown,15,30.0,rec_2022-07-18
fa0782dad091403ba583ceb513916327,data/raw/AzSLD_Words_100/SİZ/fa0782dad091403ba583ceb513916327.mp4,SİZ,,unknown,21,30.0,rec_2022-06-09
fa926e81141f49a59df6d7d1c84095e5,data/raw/AzSLD_Words_100/SİZ/fa926e81141f49a59df6d7d1c84095e5.mp4,SİZ,,unknown,16,30.0,rec_2022-07-28
fb53fa0935ff4ca5abf9d4292b70b745,data/raw/AzSLD_Words_100/SİZ/fb53fa0935ff4ca5abf9d4292b70b745.mp4,SİZ,,unknown,13,30.0,rec_2022-08-01
fb6301940c4444a486ca979eb0716137,data/raw/AzSLD_Words_100/SİZ/fb6301940c4444a486ca979eb0716137.mp4,SİZ,,unknown,18,30.0,rec_2022-12-27
fbe8f65323dc48e2869de9e1c05388bb,data/raw/AzSLD_Words_100/SİZ/fbe8f65323dc48e2869de9e1c05388bb.mp4,SİZ,,unknown,20,30.0,rec_2022-12-20
fc1f5ce59b6e434ea17b1366e30ffa9d,data/raw/AzSLD_Words_100/SİZ/fc1f5ce59b6e434ea17b1366e30ffa9d.mp4,SİZ,,unknown,23,30.0,rec_2022-12-20
fcd2aede385d44109f69f169b9334e4c,data/raw/AzSLD_Words_100/SİZ/fcd2aede385d44109f69f169b9334e4c.mp4,SİZ,,unknown,18,30.0,rec_2022-12-20
fdb98f7084f745bf96555035083937cd,data/raw/AzSLD_Words_100/SİZ/fdb98f7084f745bf96555035083937cd.mp4,SİZ,,unknown,21,30.0,rec_2022-12-23
fddbb7f02add41d199ad4ae01a9ad377,data/raw/AzSLD_Words_100/SİZ/fddbb7f02add41d199ad4ae01a9ad377.mp4,SİZ,,unknown,13,30.0,rec_2022-12-22
fe9ac1983f53480ba8d440ab313ff309,data/raw/AzSLD_Words_100/SİZ/fe9ac1983f53480ba8d440ab313ff309.mp4,SİZ,,unknown,19,30.0,rec_2022-07-15
fed125ab967b41da9f892873fa224dec,data/raw/AzSLD_Words_100/SİZ/fed125ab967b41da9f892873fa224dec.mp4,SİZ,,unknown,29,30.0,rec_2022-06-01
fffe6e18a5c4452391872616a02dc3d4,data/raw/AzSLD_Words_100/SİZ/fffe6e18a5c4452391872616a02dc3d4.mp4,SİZ,,unknown,14,30.0,rec_2022-07-18
1cd2f8a375204fc091ae95b2caebe291,data/raw/AzSLD_Words_100/SONRA/1cd2f8a375204fc091ae95b2caebe291.mp4,SONRA,,unknown,11,30.0,rec_2022-07-22
2047735a42904d169b3e78ff3251b3c5,data/raw/AzSLD_Words_100/SONRA/2047735a42904d169b3e78ff3251b3c5.mp4,SONRA,,unknown,13,30.0,rec_2022-06-02
3ac954f31ed74476895e549856e3b596,data/raw/AzSLD_Words_100/SONRA/3ac954f31ed74476895e549856e3b596.mp4,SONRA,,unknown,9,30.0,rec_2022-06-18
41e6ebd8c7974b658092b6bfa893162e,data/raw/AzSLD_Words_100/SONRA/41e6ebd8c7974b658092b6bfa893162e.mp4,SONRA,,unknown,18,30.0,rec_2022-06-11
50510ea80ee04c60b8defaa018ad848f,data/raw/AzSLD_Words_100/SONRA/50510ea80ee04c60b8defaa018ad848f.mp4,SONRA,,unknown,17,30.0,rec_2022-07-01
54d7ac5cdf414bbcabb0663a3b2654f3,data/raw/AzSLD_Words_100/SONRA/54d7ac5cdf414bbcabb0663a3b2654f3.mp4,SONRA,,unknown,21,30.0,rec_2022-07-20
6306124b87c343219640ed6114e0b32f,data/raw/AzSLD_Words_100/SONRA/6306124b87c343219640ed6114e0b32f.mp4,SONRA,,unknown,14,30.0,rec_2022-07-13
6c7b6479d0d848d0a2a9ecc96fa9085a,data/raw/AzSLD_Words_100/SONRA/6c7b6479d0d848d0a2a9ecc96fa9085a.mp4,SONRA,,unknown,22,30.0,rec_2022-07-23
6ec303e43c1c44759a8af3f6cb93d40c,data/raw/AzSLD_Words_100/SONRA/6ec303e43c1c44759a8af3f6cb93d40c.mp4,SONRA,,unknown,34,30.0,rec_2022-06-09
77c7d4052dfc45a78c7869db64b338cc,data/raw/AzSLD_Words_100/SONRA/77c7d4052dfc45a78c7869db64b338cc.mp4,SONRA,,unknown,18,30.0,rec_2022-07-23
8322a2227eb94c3ca61a585eca4649ce,data/raw/AzSLD_Words_100/SONRA/8322a2227eb94c3ca61a585eca4649ce.mp4,SONRA,,unknown,15,30.0,rec_2022-04-25
84db63d181b54620a6f681aca0484fcf,data/raw/AzSLD_Words_100/SONRA/84db63d181b54620a6f681aca0484fcf.mp4,SONRA,,unknown,9,30.0,rec_2022-07-13
922b77aa12244ae8a8c611aaf2dbf364,data/raw/AzSLD_Words_100/SONRA/922b77aa12244ae8a8c611aaf2dbf364.mp4,SONRA,,unknown,21,30.0,rec_2022-07-13
99556f690fff4147a9d548ac57e72a77,data/raw/AzSLD_Words_100/SONRA/99556f690fff4147a9d548ac57e72a77.mp4,SONRA,,unknown,27,30.0,rec_2022-07-19
9a2682841dcb4d8483aae595738cc907,data/raw/AzSLD_Words_100/SONRA/9a2682841dcb4d8483aae595738cc907.mp4,SONRA,,unknown,11,30.0,rec_2022-07-20
a2c45906e9d34a7098dad3ac1d21abea,data/raw/AzSLD_Words_100/SONRA/a2c45906e9d34a7098dad3ac1d21abea.mp4,SONRA,,unknown,18,30.0,rec_2022-08-01
b0c73cc23e4a492caef3e6b8063484c2,data/raw/AzSLD_Words_100/SONRA/b0c73cc23e4a492caef3e6b8063484c2.mp4,SONRA,,unknown,16,30.0,rec_2022-08-01
b1308a411a6840e68bd833130d21c5c3,data/raw/AzSLD_Words_100/SONRA/b1308a411a6840e68bd833130d21c5c3.mp4,SONRA,,unknown,11,30.0,rec_2022-07-22
d90a6dd299644683aeace43be6517f4c,data/raw/AzSLD_Words_100/SONRA/d90a6dd299644683aeace43be6517f4c.mp4,SONRA,,unknown,18,30.0,rec_2022-07-18
efc2f51fc4ce4d0ebc1fb67867a1c69a,data/raw/AzSLD_Words_100/SONRA/efc2f51fc4ce4d0ebc1fb67867a1c69a.mp4,SONRA,,unknown,23,30.0,rec_2022-06-10
f3d67e7e39434e0980d3781885f03160,data/raw/AzSLD_Words_100/SONRA/f3d67e7e39434e0980d3781885f03160.mp4,SONRA,,unknown,12,30.0,rec_2022-07-23
f7a9065067d24ef687b41cf6837030ea,data/raw/AzSLD_Words_100/SONRA/f7a9065067d24ef687b41cf6837030ea.mp4,SONRA,,unknown,17,30.0,rec_2022-07-29
08b4dc9cf9b8405d82ac0f32b2f80a81,data/raw/AzSLD_Words_100/SU/08b4dc9cf9b8405d82ac0f32b2f80a81.mp4,SU,,unknown,10,30.0,rec_2022-07-20
0db9698ff53b492c89fd4c06e419d082,data/raw/AzSLD_Words_100/SU/0db9698ff53b492c89fd4c06e419d082.mp4,SU,,unknown,11,30.0,rec_2022-07-15
0f81689f83c146338633b215627a3f32,data/raw/AzSLD_Words_100/SU/0f81689f83c146338633b215627a3f32.mp4,SU,,unknown,15,30.0,rec_2022-07-02
1b30f71e2cda47d8a6bb3b6a25cf1412,data/raw/AzSLD_Words_100/SU/1b30f71e2cda47d8a6bb3b6a25cf1412.mp4,SU,,unknown,10,30.0,rec_2022-12-20
1b68250e79654793b3441c51e5fdb82d,data/raw/AzSLD_Words_100/SU/1b68250e79654793b3441c51e5fdb82d.mp4,SU,,unknown,15,30.0,rec_2022-07-18
2a7ea8aee61745bc9ad70f2ff481e42c,data/raw/AzSLD_Words_100/SU/2a7ea8aee61745bc9ad70f2ff481e42c.mp4,SU,,unknown,18,30.0,rec_2022-07-18
2c0fec7d15c54751ad0d8ec051249241,data/raw/AzSLD_Words_100/SU/2c0fec7d15c54751ad0d8ec051249241.mp4,SU,,unknown,27,30.0,rec_2022-07-21
3122b145df2e4cdb9510024f0c5b4150,data/raw/AzSLD_Words_100/SU/3122b145df2e4cdb9510024f0c5b4150.mp4,SU,,unknown,9,30.0,rec_2022-07-15
37353e07c7e14dbeb39f5273140136c1,data/raw/AzSLD_Words_100/SU/37353e07c7e14dbeb39f5273140136c1.mp4,SU,,unknown,19,30.0,rec_2022-07-01
38a5eb53b9b14054aab89716a61bffba,data/raw/AzSLD_Words_100/SU/38a5eb53b9b14054aab89716a61bffba.mp4,SU,,unknown,13,30.0,rec_2022-07-18
5ca3b47e9a584a7cab8a0ec309c8f75d,data/raw/AzSLD_Words_100/SU/5ca3b47e9a584a7cab8a0ec309c8f75d.mp4,SU,,unknown,20,30.0,rec_2022-05-31
788b78e62ade42b597a6c37a757f25d9,data/raw/AzSLD_Words_100/SU/788b78e62ade42b597a6c37a757f25d9.mp4,SU,,unknown,16,30.0,rec_2022-07-20
7bea885d6b6043a1ac6f2e6ecb251cb3,data/raw/AzSLD_Words_100/SU/7bea885d6b6043a1ac6f2e6ecb251cb3.mp4,SU,,unknown,11,30.0,rec_2022-07-02
918344b94a214b63bafd6f2c1b32a235,data/raw/AzSLD_Words_100/SU/918344b94a214b63bafd6f2c1b32a235.mp4,SU,,unknown,28,30.0,rec_2022-07-22
97781450b1334665ae63641ce96554a9,data/raw/AzSLD_Words_100/SU/97781450b1334665ae63641ce96554a9.mp4,SU,,unknown,12,30.0,rec_2022-07-13
9cee2887011a432ea6ec1284cd3df470,data/raw/AzSLD_Words_100/SU/9cee2887011a432ea6ec1284cd3df470.mp4,SU,,unknown,13,30.0,rec_2022-06-13
9deef70e40334dfdaf664b9628bf5200,data/raw/AzSLD_Words_100/SU/9deef70e40334dfdaf664b9628bf5200.mp4,SU,,unknown,21,30.0,rec_2022-05-31
ac560a915277444c9d5151875383e94c,data/raw/AzSLD_Words_100/SU/ac560a915277444c9d5151875383e94c.mp4,SU,,unknown,32,30.0,rec_2022-05-31
bdb6ed53a010417893ad5bc5d6484631,data/raw/AzSLD_Words_100/SU/bdb6ed53a010417893ad5bc5d6484631.mp4,SU,,unknown,10,30.0,rec_2022-07-18
c612766e9ddc4eb2b8b5e989da37e416,data/raw/AzSLD_Words_100/SU/c612766e9ddc4eb2b8b5e989da37e416.mp4,SU,,unknown,10,30.0,rec_2022-07-18
c7f304247ea9442fb7f9f6db611c713f,data/raw/AzSLD_Words_100/SU/c7f304247ea9442fb7f9f6db611c713f.mp4,SU,,unknown,22,30.0,rec_2022-05-25
e0db0c25d1d148b09a9b9a64b1409d03,data/raw/AzSLD_Words_100/SU/e0db0c25d1d148b09a9b9a64b1409d03.mp4,SU,,unknown,13,30.0,rec_2022-07-02
e6f7773dd3394dccb8a58d16c001581b,data/raw/AzSLD_Words_100/SU/e6f7773dd3394dccb8a58d16c001581b.mp4,SU,,unknown,21,30.0,rec_2022-07-01
e7fcbe8e193746cc9e9d77665248a8f2,data/raw/AzSLD_Words_100/SU/e7fcbe8e193746cc9e9d77665248a8f2.mp4,SU,,unknown,21,30.0,rec_2022-07-22
eef6372f94b64cc29726155b6750a9b3,data/raw/AzSLD_Words_100/SU/eef6372f94b64cc29726155b6750a9b3.mp4,SU,,unknown,10,30.0,rec_2022-08-02
01fcf709090b4c2b9f7ffb1600aeb07a,data/raw/AzSLD_Words_100/SƏN/01fcf709090b4c2b9f7ffb1600aeb07a.mp4,SƏN,,unknown,1,30.0,rec_2022-11-17
03ab24cadf34489ab4f2af664ed5660b,data/raw/AzSLD_Words_100/SƏN/03ab24cadf34489ab4f2af664ed5660b.mp4,SƏN,,unknown,21,30.0,rec_2022-10-28
090c9aeae3404530aa75f731d5fd288e,data/raw/AzSLD_Words_100/SƏN/090c9aeae3404530aa75f731d5fd288e.mp4,SƏN,,unknown,15,30.0,rec_2022-11-18
0a347d179b7e4ce2a7158cface74743e,data/raw/AzSLD_Words_100/SƏN/0a347d179b7e4ce2a7158cface74743e.mp4,SƏN,,unknown,21,30.0,rec_2022-04-25
0c3d7da056eb47aab50ea088f16a81d1,data/raw/AzSLD_Words_100/SƏN/0c3d7da056eb47aab50ea088f16a81d1.mp4,SƏN,,unknown,11,30.0,rec_2022-12-23
0f2a419f07da4653b13244de13e67c1e,data/raw/AzSLD_Words_100/SƏN/0f2a419f07da4653b13244de13e67c1e.mp4,SƏN,,unknown,17,30.0,rec_2022-07-18
11760b396d9a47c9a545a140fb215918,data/raw/AzSLD_Words_100/SƏN/11760b396d9a47c9a545a140fb215918.mp4,SƏN,,unknown,19,30.0,rec_2022-11-17
11dae902a29a4d7c9cce869166d1bc5b,data/raw/AzSLD_Words_100/SƏN/11dae902a29a4d7c9cce869166d1bc5b.mp4,SƏN,,unknown,19,30.0,rec_2022-12-15
1dff4dc810fe432495d59482e211be7d,data/raw/AzSLD_Words_100/SƏN/1dff4dc810fe432495d59482e211be7d.mp4,SƏN,,unknown,17,30.0,rec_2022-11-19
230c85f8a48b465a8e7a3d7baf24c051,data/raw/AzSLD_Words_100/SƏN/230c85f8a48b465a8e7a3d7baf24c051.mp4,SƏN,,unknown,7,30.0,rec_2022-12-20
2a94580b35c84f73b3e4de579fec2b3e,data/raw/AzSLD_Words_100/SƏN/2a94580b35c84f73b3e4de579fec2b3e.mp4,SƏN,,unknown,21,30.0,rec_2022-04-26
2f5ee637c36b460791b83c62fe291298,data/raw/AzSLD_Words_100/SƏN/2f5ee637c36b460791b83c62fe291298.mp4,SƏN,,unknown,24,30.0,rec_2022-11-10
3421996765e546b38b00fd4dfc7ff622,data/raw/AzSLD_Words_100/SƏN/3421996765e546b38b00fd4dfc7ff622.mp4,SƏN,,unknown,14,30.0,rec_2022-11-17
37a03fa99b3c4ece9e48b2ab3ea922cf,data/raw/AzSLD_Words_100/SƏN/37a03fa99b3c4ece9e48b2ab3ea922cf.mp4,SƏN,,unknown,25,30.0,rec_2022-11-22
386c9cc489634e16ac44278e9c10b8fd,data/raw/AzSLD_Words_100/SƏN/386c9cc489634e16ac44278e9c10b8fd.mp4,SƏN,,unknown,13,30.0,rec_2022-11-04
3a77b1ea151945a1bc02688f88d28b5c,data/raw/AzSLD_Words_100/SƏN/3a77b1ea151945a1bc02688f88d28b5c.mp4,SƏN,,unknown,21,30.0,rec_2022-05-24
443dc21990ad4d07b185b1f5236c8a14,data/raw/AzSLD_Words_100/SƏN/443dc21990ad4d07b185b1f5236c8a14.mp4,SƏN,,unknown,12,30.0,rec_2022-12-22
451a58cd299b4016b7401efe2353e90c,data/raw/AzSLD_Words_100/SƏN/451a58cd299b4016b7401efe2353e90c.mp4,SƏN,,unknown,12,30.0,rec_2022-12-17
470f0244356147bcb6d44476398919d5,data/raw/AzSLD_Words_100/SƏN/470f0244356147bcb6d44476398919d5.mp4,SƏN,,unknown,27,30.0,rec_2022-11-22
50411e4b12e74ee4a98a217d760daf38,data/raw/AzSLD_Words_100/SƏN/50411e4b12e74ee4a98a217d760daf38.mp4,SƏN,,unknown,10,30.0,rec_2022-11-18
6000cc4e8f4743f599d69cfeca2eb83f,data/raw/AzSLD_Words_100/SƏN/6000cc4e8f4743f599d69cfeca2eb83f.mp4,SƏN,,unknown,15,30.0,rec_2022-07-22
606ecc6d58c14820b3491e693b7650c9,data/raw/AzSLD_Words_100/SƏN/606ecc6d58c14820b3491e693b7650c9.mp4,SƏN,,unknown,22,30.0,rec_2022-10-26
66a32bb66b3a421bb057af6d74d1b58a,data/raw/AzSLD_Words_100/SƏN/66a32bb66b3a421bb057af6d74d1b58a.mp4,SƏN,,unknown,31,30.0,rec_2022-11-04
6c4ae369825244429ecbe491fe8476e1,data/raw/AzSLD_Words_100/SƏN/6c4ae369825244429ecbe491fe8476e1.mp4,SƏN,,unknown,13,30.0,rec_2022-12-23
6db6b569b8fc491da4e6150ac0e0e29a,data/raw/AzSLD_Words_100/SƏN/6db6b569b8fc491da4e6150ac0e0e29a.mp4,SƏN,,unknown,23,30.0,rec_2022-11-19
6f4fe453db744cd7be58aed7126c53d8,data/raw/AzSLD_Words_100/SƏN/6f4fe453db744cd7be58aed7126c53d8.mp4,SƏN,,unknown,10,30.0,rec_2022-06-13
6f7d1dc543134ad9bc35ff35dc90df03,data/raw/AzSLD_Words_100/SƏN/6f7d1dc543134ad9bc35ff35dc90df03.mp4,SƏN,,unknown,10,30.0,rec_2022-07-18
8b16e592f5d243558f785fb2056c79df,data/raw/AzSLD_Words_100/SƏN/8b16e592f5d243558f785fb2056c79df.mp4,SƏN,,unknown,25,30.0,rec_2022-05-26
90b253603b7f43f3b46a33586ecd8d04,data/raw/AzSLD_Words_100/SƏN/90b253603b7f43f3b46a33586ecd8d04.mp4,SƏN,,unknown,29,30.0,rec_2022-11-18
9ff508587324407b9d47c94c59559bdc,data/raw/AzSLD_Words_100/SƏN/9ff508587324407b9d47c94c59559bdc.mp4,SƏN,,unknown,17,30.0,rec_2022-08-01
a6fd024abae04f05963b55c533de21d6,data/raw/AzSLD_Words_100/SƏN/a6fd024abae04f05963b55c533de21d6.mp4,SƏN,,unknown,21,30.0,rec_2022-11-22
af0b28b83bb848b1b7ede098e56ea79d,data/raw/AzSLD_Words_100/SƏN/af0b28b83bb848b1b7ede098e56ea79d.mp4,SƏN,,unknown,22,30.0,rec_2022-11-17
bc20ad0a30184fec9cd0a95bf3341744,data/raw/AzSLD_Words_100/SƏN/bc20ad0a30184fec9cd0a95bf3341744.mp4,SƏN,,unknown,10,30.0,rec_2022-12-24
bda179fe67094faa822dc0218690bc8f,data/raw/AzSLD_Words_100/SƏN/bda179fe67094faa822dc0218690bc8f.mp4,SƏN,,unknown,12,30.0,rec_2022-12-27
c0cdc7e9110a459982bf55e281960efd,data/raw/AzSLD_Words_100/SƏN/c0cdc7e9110a459982bf55e281960efd.mp4,SƏN,,unknown,10,30.0,rec_2022-06-13
c20aea7c591d49cea50edb4c6f58afaa,data/raw/AzSLD_Words_100/SƏN/c20aea7c591d49cea50edb4c6f58afaa.mp4,SƏN,,unknown,18,30.0,rec_2022-11-04
c80571010059474a8812430016f5a546,data/raw/AzSLD_Words_100/SƏN/c80571010059474a8812430016f5a546.mp4,SƏN,,unknown,10,30.0,rec_2022-12-22
cb58187dcdfa4565a2823c9022269d8c,data/raw/AzSLD_Words_100/SƏN/cb58187dcdfa4565a2823c9022269d8c.mp4,SƏN,,unknown,21,30.0,rec_2022-07-16
ce27fc27dcce4722af281ff8a7030e20,data/raw/AzSLD_Words_100/SƏN/ce27fc27dcce4722af281ff8a7030e20.mp4,SƏN,,unknown,11,30.0,rec_2022-08-01
d1849a6c7a5e4be58ffe71a39cd50f1b,data/raw/AzSLD_Words_100/SƏN/d1849a6c7a5e4be58ffe71a39cd50f1b.mp4,SƏN,,unknown,15,30.0,rec_2022-05-31
d257e29ac39e467d806c146fe00d9630,data/raw/AzSLD_Words_100/SƏN/d257e29ac39e467d806c146fe00d9630.mp4,SƏN,,unknown,24,30.0,rec_2022-07-18
d354579bb659446d8a5964e8702418ed,data/raw/AzSLD_Words_100/SƏN/d354579bb659446d8a5964e8702418ed.mp4,SƏN,,unknown,17,30.0,rec_2022-04-26
d8548cabd180449fb4fa2f2bf27fe1f5,data/raw/AzSLD_Words_100/SƏN/d8548cabd180449fb4fa2f2bf27fe1f5.mp4,SƏN,,unknown,17,30.0,rec_2022-06-13
e37ee37c84324a58a4b99bd67ff11581,data/raw/AzSLD_Words_100/SƏN/e37ee37c84324a58a4b99bd67ff11581.mp4,SƏN,,unknown,7,30.0,rec_2022-12-20
e5c7fa4085b342e49e25376d11e051b3,data/raw/AzSLD_Words_100/SƏN/e5c7fa4085b342e49e25376d11e051b3.mp4,SƏN,,unknown,16,30.0,rec_2022-08-01
e97d89f09aa44b27a84ede72c40427a3,data/raw/AzSLD_Words_100/SƏN/e97d89f09aa44b27a84ede72c40427a3.mp4,SƏN,,unknown,23,30.0,rec_2022-11-19
ed78258daf3440b689d3bfff336ea467,data/raw/AzSLD_Words_100/SƏN/ed78258daf3440b689d3bfff336ea467.mp4,SƏN,,unknown,28,30.0,rec_2022-11-22
fd61d0f1b0c547a79ddecc0a00fa2a6e,data/raw/AzSLD_Words_100/SƏN/fd61d0f1b0c547a79ddecc0a00fa2a6e.mp4,SƏN,,unknown,11,30.0,rec_2022-12-28
01df2ebc55e443eba146c1080fc67293,data/raw/AzSLD_Words_100/SƏNƏD/01df2ebc55e443eba146c1080fc67293.mp4,SƏNƏD,,unknown,25,30.0,rec_2023-01-19
01f1846b43a94b578361b0ca57b3b21a,data/raw/AzSLD_Words_100/SƏNƏD/01f1846b43a94b578361b0ca57b3b21a.mp4,SƏNƏD,,unknown,32,30.0,rec_2022-07-22
0bc00682d0db49caaeae45090d251beb,data/raw/AzSLD_Words_100/SƏNƏD/0bc00682d0db49caaeae45090d251beb.mp4,SƏNƏD,,unknown,20,30.0,rec_2022-07-13
0f0f4e5379764666a0c0dc4279079a36,data/raw/AzSLD_Words_100/SƏNƏD/0f0f4e5379764666a0c0dc4279079a36.mp4,SƏNƏD,,unknown,24,30.0,rec_2022-05-21
151e0f8c53e14197b9b982c4d937b4fa,data/raw/AzSLD_Words_100/SƏNƏD/151e0f8c53e14197b9b982c4d937b4fa.mp4,SƏNƏD,,unknown,22,30.0,rec_2022-06-18
18261061e28f4cf5a9bee486fc4e9f71,data/raw/AzSLD_Words_100/SƏNƏD/18261061e28f4cf5a9bee486fc4e9f71.mp4,SƏNƏD,,unknown,58,30.0,rec_2022-05-31
1a9fe92475e1422798537fff7f99f7ae,data/raw/AzSLD_Words_100/SƏNƏD/1a9fe92475e1422798537fff7f99f7ae.mp4,SƏNƏD,,unknown,17,30.0,rec_2022-11-10
1ae2a26ac2ea4275a56fe3165520e0bd,data/raw/AzSLD_Words_100/SƏNƏD/1ae2a26ac2ea4275a56fe3165520e0bd.mp4,SƏNƏD,,unknown,24,30.0,rec_2022-11-17
2093a68aa8e9460aadc0bd0c66c77fa6,data/raw/AzSLD_Words_100/SƏNƏD/2093a68aa8e9460aadc0bd0c66c77fa6.mp4,SƏNƏD,,unknown,29,30.0,rec_2022-11-01
25b7f16fcd4a499eacc1eb8079f6342e,data/raw/AzSLD_Words_100/SƏNƏD/25b7f16fcd4a499eacc1eb8079f6342e.mp4,SƏNƏD,,unknown,1,30.0,rec_2022-06-11
2645739e3ec74948af13c6dad775ce92,data/raw/AzSLD_Words_100/SƏNƏD/2645739e3ec74948af13c6dad775ce92.mp4,SƏNƏD,,unknown,23,30.0,rec_2022-12-20
2827cab6ff1a4851ba4530a2049f500d,data/raw/AzSLD_Words_100/SƏNƏD/2827cab6ff1a4851ba4530a2049f500d.mp4,SƏNƏD,,unknown,22,30.0,rec_2022-07-29
335d3e20afd74605858ea2662d98fe40,data/raw/AzSLD_Words_100/SƏNƏD/335d3e20afd74605858ea2662d98fe40.mp4,SƏNƏD,,unknown,16,30.0,rec_2022-11-19
384dbb7f97294a309919e6963eac490a,data/raw/AzSLD_Words_100/SƏNƏD/384dbb7f97294a309919e6963eac490a.mp4,SƏNƏD,,unknown,32,30.0,rec_2022-12-15
392eb75474a940d7b813657776c5ba54,data/raw/AzSLD_Words_100/SƏNƏD/392eb75474a940d7b813657776c5ba54.mp4,SƏNƏD,,unknown,19,30.0,rec_2022-07-23
3bd0ec9359404af6ad878f7e01d817b6,data/raw/AzSLD_Words_100/SƏNƏD/3bd0ec9359404af6ad878f7e01d817b6.mp4,SƏNƏD,,unknown,27,30.0,rec_2022-07-18
3e4d4251381141dfa8e0a952069c6b75,data/raw/AzSLD_Words_100/SƏNƏD/3e4d4251381141dfa8e0a952069c6b75.mp4,SƏNƏD,,unknown,19,30.0,rec_2022-07-23
3e60a539a790410194bfdf78f5b33be8,data/raw/AzSLD_Words_100/SƏNƏD/3e60a539a790410194bfdf78f5b33be8.mp4,SƏNƏD,,unknown,15,30.0,rec_2022-08-01
401aff76994948b8b5a735845feaf97d,data/raw/AzSLD_Words_100/SƏNƏD/401aff76994948b8b5a735845feaf97d.mp4,SƏNƏD,,unknown,18,30.0,rec_2022-07-14
42c9988e0c8e4c7eba1c94a51fbc705f,data/raw/AzSLD_Words_100/SƏNƏD/42c9988e0c8e4c7eba1c94a51fbc705f.mp4,SƏNƏD,,unknown,27,30.0,rec_2022-06-11
43cdf1b95bac4c05a84228f5a8c6f61e,data/raw/AzSLD_Words_100/SƏNƏD/43cdf1b95bac4c05a84228f5a8c6f61e.mp4,SƏNƏD,,unknown,33,30.0,rec_2022-06-02
458b40fd47e449d09c974a5300003ee2,data/raw/AzSLD_Words_100/SƏNƏD/458b40fd47e449d09c974a5300003ee2.mp4,SƏNƏD,,unknown,15,30.0,rec_2022-05-24
46f68488857f40ae82eb174bd3242439,data/raw/AzSLD_Words_100/SƏNƏD/46f68488857f40ae82eb174bd3242439.mp4,SƏNƏD,,unknown,43,30.0,rec_2022-06-02
47d656fb852643729d88addeabe69d08,data/raw/AzSLD_Words_100/SƏNƏD/47d656fb852643729d88addeabe69d08.mp4,SƏNƏD,,unknown,46,30.0,rec_2022-05-21
55be5d54018a478baca0a11f18f758d1,data/raw/AzSLD_Words_100/SƏNƏD/55be5d54018a478baca0a11f18f758d1.mp4,SƏNƏD,,unknown,31,30.0,rec_2022-07-01
5c5db632a1f74c21b46566ecf857a565,data/raw/AzSLD_Words_100/SƏNƏD/5c5db632a1f74c21b46566ecf857a565.mp4,SƏNƏD,,unknown,18,30.0,rec_2022-07-14
6a83d615b2a8489e8007e55241cffa2b,data/raw/AzSLD_Words_100/SƏNƏD/6a83d615b2a8489e8007e55241cffa2b.mp4,SƏNƏD,,unknown,16,30.0,rec_2022-07-21
73d6f5655a0041e7a271e762e622a26d,data/raw/AzSLD_Words_100/SƏNƏD/73d6f5655a0041e7a271e762e622a26d.mp4,SƏNƏD,,unknown,37,30.0,rec_2022-12-17
767259f994f4452d8943bbb4f8261180,data/raw/AzSLD_Words_100/SƏNƏD/767259f994f4452d8943bbb4f8261180.mp4,SƏNƏD,,unknown,18,30.0,rec_2022-11-22
7c2d6d4f86fd42138091af06d848f22a,data/raw/AzSLD_Words_100/SƏNƏD/7c2d6d4f86fd42138091af06d848f22a.mp4,SƏNƏD,,unknown,15,30.0,rec_2022-06-13
80f85924184647be83336ec1b7123c13,data/raw/AzSLD_Words_100/SƏNƏD/80f85924184647be83336ec1b7123c13.mp4,SƏNƏD,,unknown,33,30.0,rec_2022-12-24
831db29525824db3be479d06ef406918,data/raw/AzSLD_Words_100/SƏNƏD/831db29525824db3be479d06ef406918.mp4,SƏNƏD,,unknown,34,30.0,rec_2022-06-01
8586a276eb7c4b8a90ab69ad674f20b1,data/raw/AzSLD_Words_100/SƏNƏD/8586a276eb7c4b8a90ab69ad674f20b1.mp4,SƏNƏD,,unknown,14,30.0,rec_2022-06-18
8c6657af2cf5448da342c238c40967a7,data/raw/AzSLD_Words_100/SƏNƏD/8c6657af2cf5448da342c238c40967a7.mp4,SƏNƏD,,unknown,17,30.0,rec_2022-07-19
8f58f3735f3f4231ba54ee1bfe74956b,data/raw/AzSLD_Words_100/SƏNƏD/8f58f3735f3f4231ba54ee1bfe74956b.mp4,SƏNƏD,,unknown,22,30.0,rec_2022-12-20
9260a57caacc40459928f730d094ae9f,data/raw/AzSLD_Words_100/SƏNƏD/9260a57caacc40459928f730d094ae9f.mp4,SƏNƏD,,unknown,18,30.0,rec_2022-12-20
98f4551eada94184871d624038f9f60e,data/raw/AzSLD_Words_100/SƏNƏD/98f4551eada94184871d624038f9f60e.mp4,SƏNƏD,,unknown,23,30.0,rec_2022-08-01
9b2cb7367be24215a161f6c4616b326a,data/raw/AzSLD_Words_100/SƏNƏD/9b2cb7367be24215a161f6c4616b326a.mp4,SƏNƏD,,unknown,38,30.0,rec_2022-12-22
9cd154ff8ede43c8bb05af3233c42b74,data/raw/AzSLD_Words_100/SƏNƏD/9cd154ff8ede43c8bb05af3233c42b74.mp4,SƏNƏD,,unknown,29,30.0,rec_2022-12-20
9effd6734fd540d7b134a86607a69266,data/raw/AzSLD_Words_100/SƏNƏD/9effd6734fd540d7b134a86607a69266.mp4,SƏNƏD,,unknown,19,30.0,rec_2022-07-25
a578cb4047704015b3f1a2ab266644ba,data/raw/AzSLD_Words_100/SƏNƏD/a578cb4047704015b3f1a2ab266644ba.mp4,SƏNƏD,,unknown,31,30.0,rec_2022-06-09
ab20568487f24ce69f53443c5e10dcf5,data/raw/AzSLD_Words_100/SƏNƏD/ab20568487f24ce69f53443c5e10dcf5.mp4,SƏNƏD,,unknown,44,30.0,rec_2022-06-10
aff74392897a44dabe8259bc67f60b0a,data/raw/AzSLD_Words_100/SƏNƏD/aff74392897a44dabe8259bc67f60b0a.mp4,SƏNƏD,,unknown,22,30.0,rec_2022-07-15
b47be0acbe4141209adede63d953f367,data/raw/AzSLD_Words_100/SƏNƏD/b47be0acbe4141209adede63d953f367.mp4,SƏNƏD,,unknown,17,30.0,rec_2022-11-10
b4cce4e3528c42c693806ab1ec9e5732,data/raw/AzSLD_Words_100/SƏNƏD/b4cce4e3528c42c693806ab1ec9e5732.mp4,SƏNƏD,,unknown,32,30.0,rec_2022-05-31
b8ee2839957f49b591029eca4c1784fe,data/raw/AzSLD_Words_100/SƏNƏD/b8ee2839957f49b591029eca4c1784fe.mp4,SƏNƏD,,unknown,20,30.0,rec_2022-07-20
bc4a3ffe219b41f3b962e3ccdc8866d5,data/raw/AzSLD_Words_100/SƏNƏD/bc4a3ffe219b41f3b962e3ccdc8866d5.mp4,SƏNƏD,,unknown,25,30.0,rec_2022-05-26
bf16577e367e4f2da61e23731f5e716a,data/raw/AzSLD_Words_100/SƏNƏD/bf16577e367e4f2da61e23731f5e716a.mp4,SƏNƏD,,unknown,16,30.0,rec_2022-07-27
cdcdccbb7d56428a839a5323845e61cd,data/raw/AzSLD_Words_100/SƏNƏD/cdcdccbb7d56428a839a5323845e61cd.mp4,SƏNƏD,,unknown,22,30.0,rec_2022-08-02
d059da3cd0d64dfcac9055cb36a9233c,data/raw/AzSLD_Words_100/SƏNƏD/d059da3cd0d64dfcac9055cb36a9233c.mp4,SƏNƏD,,unknown,21,30.0,rec_2022-07-18
d76305aa42f24511b02b4e7e20dc9ce2,data/raw/AzSLD_Words_100/SƏNƏD/d76305aa42f24511b02b4e7e20dc9ce2.mp4,SƏNƏD,,unknown,13,30.0,rec_2022-07-18
dc64f9de15a044b88c87851da5b095fd,data/raw/AzSLD_Words_100/SƏNƏD/dc64f9de15a044b88c87851da5b095fd.mp4,SƏNƏD,,unknown,20,30.0,rec_2022-07-16
dcc649a1fea740d6b6872f2847e3da99,data/raw/AzSLD_Words_100/SƏNƏD/dcc649a1fea740d6b6872f2847e3da99.mp4,SƏNƏD,,unknown,17,30.0,rec_2022-07-18
dfa506629d0846a49d775c0bf41676e4,data/raw/AzSLD_Words_100/SƏNƏD/dfa506629d0846a49d775c0bf41676e4.mp4,SƏNƏD,,unknown,17,30.0,rec_2022-07-20
e18cd244c2334560a28f0404c86718a2,data/raw/AzSLD_Words_100/SƏNƏD/e18cd244c2334560a28f0404c86718a2.mp4,SƏNƏD,,unknown,28,30.0,rec_2022-06-10
e49bcf680a224ac28311ee723a888b50,data/raw/AzSLD_Words_100/SƏNƏD/e49bcf680a224ac28311ee723a888b50.mp4,SƏNƏD,,unknown,25,30.0,rec_2022-07-23
e828765cc41f4a4ea07c5c60d4c6e468,data/raw/AzSLD_Words_100/SƏNƏD/e828765cc41f4a4ea07c5c60d4c6e468.mp4,SƏNƏD,,unknown,33,30.0,rec_2022-08-01
f2562b64ccf24858af2f5975970d6f73,data/raw/AzSLD_Words_100/SƏNƏD/f2562b64ccf24858af2f5975970d6f73.mp4,SƏNƏD,,unknown,23,30.0,rec_2022-06-18
f758c41c0cda494e92a2c79eb31c60d5,data/raw/AzSLD_Words_100/SƏNƏD/f758c41c0cda494e92a2c79eb31c60d5.mp4,SƏNƏD,,unknown,38,30.0,rec_2022-12-23
fa533e78e7424d7f990ec78cd604e800,data/raw/AzSLD_Words_100/SƏNƏD/fa533e78e7424d7f990ec78cd604e800.mp4,SƏNƏD,,unknown,23,30.0,rec_2022-07-22
03ff5e76547a4c72afcdc0bc2e12c32f,data/raw/AzSLD_Words_100/SƏRGİ/03ff5e76547a4c72afcdc0bc2e12c32f.mp4,SƏRGİ,,unknown,23,30.0,rec_2022-07-25
046f733d162048bc86a5c281a50bffc2,data/raw/AzSLD_Words_100/SƏRGİ/046f733d162048bc86a5c281a50bffc2.mp4,SƏRGİ,,unknown,13,30.0,rec_2022-07-23
0a34298e272542b19a28b43160dc2321,data/raw/AzSLD_Words_100/SƏRGİ/0a34298e272542b19a28b43160dc2321.mp4,SƏRGİ,,unknown,36,30.0,rec_2022-06-02
34274013508e4afd99907151a6c0fdc0,data/raw/AzSLD_Words_100/SƏRGİ/34274013508e4afd99907151a6c0fdc0.mp4,SƏRGİ,,unknown,18,30.0,rec_2022-08-02
37010b7c24414d1fb26c43693752a84c,data/raw/AzSLD_Words_100/SƏRGİ/37010b7c24414d1fb26c43693752a84c.mp4,SƏRGİ,,unknown,25,30.0,rec_2022-07-18
3e9766e748d64c98adc8476675dcc167,data/raw/AzSLD_Words_100/SƏRGİ/3e9766e748d64c98adc8476675dcc167.mp4,SƏRGİ,,unknown,16,30.0,rec_2022-07-19
578bc066c0d148d29f9b95dd85f350cc,data/raw/AzSLD_Words_100/SƏRGİ/578bc066c0d148d29f9b95dd85f350cc.mp4,SƏRGİ,,unknown,21,30.0,rec_2022-07-25
5af0322f78114f41a7b8840d40588c4d,data/raw/AzSLD_Words_100/SƏRGİ/5af0322f78114f41a7b8840d40588c4d.mp4,SƏRGİ,,unknown,30,30.0,rec_2022-06-02
5ba5035871334e7fb1d9addc1a74b410,data/raw/AzSLD_Words_100/SƏRGİ/5ba5035871334e7fb1d9addc1a74b410.mp4,SƏRGİ,,unknown,28,30.0,rec_2022-07-23
61d8fe76d54f4df29050c5e8968ce558,data/raw/AzSLD_Words_100/SƏRGİ/61d8fe76d54f4df29050c5e8968ce558.mp4,SƏRGİ,,unknown,19,30.0,rec_2022-07-21
69d18e7ded1c42d99c86c88d04d24c18,data/raw/AzSLD_Words_100/SƏRGİ/69d18e7ded1c42d99c86c88d04d24c18.mp4,SƏRGİ,,unknown,38,30.0,rec_2022-07-13
728185bcad7040d4a1b67996e2b6de87,data/raw/AzSLD_Words_100/SƏRGİ/728185bcad7040d4a1b67996e2b6de87.mp4,SƏRGİ,,unknown,19,30.0,rec_2022-07-18
973d0a095cd945b4a432e7ad13f01303,data/raw/AzSLD_Words_100/SƏRGİ/973d0a095cd945b4a432e7ad13f01303.mp4,SƏRGİ,,unknown,17,30.0,rec_2022-07-02
a6c1b118b0694b58af507a8f69d54fc2,data/raw/AzSLD_Words_100/SƏRGİ/a6c1b118b0694b58af507a8f69d54fc2.mp4,SƏRGİ,,unknown,18,30.0,rec_2022-07-13
abd5b8902430433590e7af9c1c139f36,data/raw/AzSLD_Words_100/SƏRGİ/abd5b8902430433590e7af9c1c139f36.mp4,SƏRGİ,,unknown,19,30.0,rec_2022-06-18
cdbc11cf64e04dfbb6b7776e1e2b6dec,data/raw/AzSLD_Words_100/SƏRGİ/cdbc11cf64e04dfbb6b7776e1e2b6dec.mp4,SƏRGİ,,unknown,21,30.0,rec_2022-07-25
e2ea2aed81b74d98b678c50b12634136,data/raw/AzSLD_Words_100/SƏRGİ/e2ea2aed81b74d98b678c50b12634136.mp4,SƏRGİ,,unknown,19,30.0,rec_2022-07-18
e945116237824d48a700a4eeb414a68f,data/raw/AzSLD_Words_100/SƏRGİ/e945116237824d48a700a4eeb414a68f.mp4,SƏRGİ,,unknown,34,30.0,rec_2022-06-10
eb5d5882320346db868b7faeaac7f796,data/raw/AzSLD_Words_100/SƏRGİ/eb5d5882320346db868b7faeaac7f796.mp4,SƏRGİ,,unknown,16,30.0,rec_2022-07-21
0103524932944df0864b291da1c1f136,data/raw/AzSLD_Words_100/TELEFON/0103524932944df0864b291da1c1f136.mp4,TELEFON,,unknown,31,30.0,rec_2022-05-31
01c0c5cd5455435ca63cac100c6edcf3,data/raw/AzSLD_Words_100/TELEFON/01c0c5cd5455435ca63cac100c6edcf3.mp4,TELEFON,,unknown,23,30.0,rec_2022-07-14
02a60e5cc3c54cbf97f4db84301e22e6,data/raw/AzSLD_Words_100/TELEFON/02a60e5cc3c54cbf97f4db84301e22e6.mp4,TELEFON,,unknown,24,30.0,rec_2022-06-10
0410b49bd5464993a240469219dfcf8b,data/raw/AzSLD_Words_100/TELEFON/0410b49bd5464993a240469219dfcf8b.mp4,TELEFON,,unknown,18,30.0,rec_2022-06-18
0e0a186ea38d42c8bb0ad2d8ce959632,data/raw/AzSLD_Words_100/TELEFON/0e0a186ea38d42c8bb0ad2d8ce959632.mp4,TELEFON,,unknown,11,30.0,rec_2022-07-13
1f1fe344de074d0798070648185bdc60,data/raw/AzSLD_Words_100/TELEFON/1f1fe344de074d0798070648185bdc60.mp4,TELEFON,,unknown,11,30.0,rec_2022-07-22
2217c86bfdb7451094645d62dcc8834e,data/raw/AzSLD_Words_100/TELEFON/2217c86bfdb7451094645d62dcc8834e.mp4,TELEFON,,unknown,15,30.0,rec_2022-07-19
274698a34aa146bd8f60940bb7c5dcb7,data/raw/AzSLD_Words_100/TELEFON/274698a34aa146bd8f60940bb7c5dcb7.mp4,TELEFON,,unknown,22,30.0,rec_2022-06-02
29f4f2bf42de49c1990d9519df7fb4d7,data/raw/AzSLD_Words_100/TELEFON/29f4f2bf42de49c1990d9519df7fb4d7.mp4,TELEFON,,unknown,11,30.0,rec_2022-06-13
37d7cc92056f48b5a55b4227d3dd2562,data/raw/AzSLD_Words_100/TELEFON/37d7cc92056f48b5a55b4227d3dd2562.mp4,TELEFON,,unknown,28,30.0,rec_2022-06-18
45c0d3ddb44e4492afc0073b36ad7b4b,data/raw/AzSLD_Words_100/TELEFON/45c0d3ddb44e4492afc0073b36ad7b4b.mp4,TELEFON,,unknown,15,30.0,rec_2022-07-13
48ee2795ee5042e8b0030c8de2c9e5eb,data/raw/AzSLD_Words_100/TELEFON/48ee2795ee5042e8b0030c8de2c9e5eb.mp4,TELEFON,,unknown,12,30.0,rec_2022-05-31
4f13d8f832674fa58a0a37fe5d8a2be2,data/raw/AzSLD_Words_100/TELEFON/4f13d8f832674fa58a0a37fe5d8a2be2.mp4,TELEFON,,unknown,19,30.0,rec_2022-06-11
56ee8f9633a94d88b76b844cc9a716ab,data/raw/AzSLD_Words_100/TELEFON/56ee8f9633a94d88b76b844cc9a716ab.mp4,TELEFON,,unknown,15,30.0,rec_2022-07-21
5e1a93af36cc4fa4addb4b715a0d1565,data/raw/AzSLD_Words_100/TELEFON/5e1a93af36cc4fa4addb4b715a0d1565.mp4,TELEFON,,unknown,24,30.0,rec_2022-07-23
64d1c1b56aca451ea0330cfd2b06b77a,data/raw/AzSLD_Words_100/TELEFON/64d1c1b56aca451ea0330cfd2b06b77a.mp4,TELEFON,,unknown,25,30.0,rec_2022-07-27
6844387751a34c31b818692aea434526,data/raw/AzSLD_Words_100/TELEFON/6844387751a34c31b818692aea434526.mp4,TELEFON,,unknown,25,30.0,rec_2022-05-31
73309fc096c54f83b0626f23ca3fe1e3,data/raw/AzSLD_Words_100/TELEFON/73309fc096c54f83b0626f23ca3fe1e3.mp4,TELEFON,,unknown,17,30.0,rec_2022-06-11
7a8f620a09b940c59c09743085b76af6,data/raw/AzSLD_Words_100/TELEFON/7a8f620a09b940c59c09743085b76af6.mp4,TELEFON,,unknown,8,30.0,rec_2022-07-13
7d6ff02ced3a4073b7c844c5ef3f1919,data/raw/AzSLD_Words_100/TELEFON/7d6ff02ced3a4073b7c844c5ef3f1919.mp4,TELEFON,,unknown,16,30.0,rec_2022-07-15
7fe57038b4f84d0ea44199fbda0aeed1,data/raw/AzSLD_Words_100/TELEFON/7fe57038b4f84d0ea44199fbda0aeed1.mp4,TELEFON,,unknown,29,30.0,rec_2022-06-02
80ece4ab2a724c3ca8979e8eda183ce6,data/raw/AzSLD_Words_100/TELEFON/80ece4ab2a724c3ca8979e8eda183ce6.mp4,TELEFON,,unknown,12,30.0,rec_2022-08-02
87b1172930ba4c07ad1494ded86585e6,data/raw/AzSLD_Words_100/TELEFON/87b1172930ba4c07ad1494ded86585e6.mp4,TELEFON,,unknown,14,30.0,rec_2022-07-14
883e07764ebb4564a456727d92bce8d6,data/raw/AzSLD_Words_100/TELEFON/883e07764ebb4564a456727d92bce8d6.mp4,TELEFON,,unknown,10,30.0,rec_2022-06-13
8ab9b081198c453c9143cc69be2573b3,data/raw/AzSLD_Words_100/TELEFON/8ab9b081198c453c9143cc69be2573b3.mp4,TELEFON,,unknown,12,30.0,rec_2022-07-18
90fd23a30f6248818ee1b83f67cdb73d,data/raw/AzSLD_Words_100/TELEFON/90fd23a30f6248818ee1b83f67cdb73d.mp4,TELEFON,,unknown,20,30.0,rec_2022-08-02
928cf83a222943f4abe6087f11154bcb,data/raw/AzSLD_Words_100/TELEFON/928cf83a222943f4abe6087f11154bcb.mp4,TELEFON,,unknown,20,30.0,rec_2022-11-10
967e0a6d18ea49ee88dd2147a05068a3,data/raw/AzSLD_Words_100/TELEFON/967e0a6d18ea49ee88dd2147a05068a3.mp4,TELEFON,,unknown,16,30.0,rec_2022-07-18
a9b53f8ca39f4c1bb53d5c515c35724d,data/raw/AzSLD_Words_100/TELEFON/a9b53f8ca39f4c1bb53d5c515c35724d.mp4,TELEFON,,unknown,24,30.0,rec_2022-06-02
acfa86e36d324b35a0eaad8a7faeefaf,data/raw/AzSLD_Words_100/TELEFON/acfa86e36d324b35a0eaad8a7faeefaf.mp4,TELEFON,,unknown,14,30.0,rec_2022-07-25
b0b351c01cf647b79766c2a4458d6108,data/raw/AzSLD_Words_100/TELEFON/b0b351c01cf647b79766c2a4458d6108.mp4,TELEFON,,unknown,18,30.0,rec_2022-07-18
b709de222134404ea102b60522b57dd6,data/raw/AzSLD_Words_100/TELEFON/b709de222134404ea102b60522b57dd6.mp4,TELEFON,,unknown,19,30.0,rec_2022-06-11
c1a34953e4fa40e2ad8188f6c55fec9e,data/raw/AzSLD_Words_100/TELEFON/c1a34953e4fa40e2ad8188f6c55fec9e.mp4,TELEFON,,unknown,23,30.0,rec_2022-07-20
c456798369f24e3185f9080f695fa87c,data/raw/AzSLD_Words_100/TELEFON/c456798369f24e3185f9080f695fa87c.mp4,TELEFON,,unknown,17,30.0,rec_2022-07-23
c8b34a44ff3546648ce26a4b3045871b,data/raw/AzSLD_Words_100/TELEFON/c8b34a44ff3546648ce26a4b3045871b.mp4,TELEFON,,unknown,17,30.0,rec_2022-07-18
ce59a1b7b32a42499e8b496c272eba56,data/raw/AzSLD_Words_100/TELEFON/ce59a1b7b32a42499e8b496c272eba56.mp4,TELEFON,,unknown,45,30.0,rec_2022-06-10
d3defcedc04244b4b706a345b1d99ab3,data/raw/AzSLD_Words_100/TELEFON/d3defcedc04244b4b706a345b1d99ab3.mp4,TELEFON,,unknown,19,30.0,rec_2022-06-02
e06f432faa1b49f2b63898bc69506369,data/raw/AzSLD_Words_100/TELEFON/e06f432faa1b49f2b63898bc69506369.mp4,TELEFON,,unknown,17,30.0,rec_2022-08-02
e44982d348ce4b4a8beb26a24d5928fa,data/raw/AzSLD_Words_100/TELEFON/e44982d348ce4b4a8beb26a24d5928fa.mp4,TELEFON,,unknown,12,30.0,rec_2022-07-02
f44ef6a8159c492baf8881e7027662b5,data/raw/AzSLD_Words_100/TELEFON/f44ef6a8159c492baf8881e7027662b5.mp4,TELEFON,,unknown,16,30.0,rec_2022-05-31
05d65805f66545c48e1e02deb9ae9868,data/raw/AzSLD_Words_100/UĞUR/05d65805f66545c48e1e02deb9ae9868.mp4,UĞUR,,unknown,33,30.0,
0d4a15aaf31644dc975db5efa719bcd5,data/raw/AzSLD_Words_100/UĞUR/0d4a15aaf31644dc975db5efa719bcd5.mp4,UĞUR,,unknown,44,30.0,
20b4e43a4fcc40c0a0b31489f5254059,data/raw/AzSLD_Words_100/UĞUR/20b4e43a4fcc40c0a0b31489f5254059.mp4,UĞUR,,unknown,28,30.0,
30509db946f540cda5922793ff1ac3d4,data/raw/AzSLD_Words_100/UĞUR/30509db946f540cda5922793ff1ac3d4.mp4,UĞUR,,unknown,34,30.0,
380832ca99a2437f94a369bf0e1c00d7,data/raw/AzSLD_Words_100/UĞUR/380832ca99a2437f94a369bf0e1c00d7.mp4,UĞUR,,unknown,37,30.0,
4969a50aacd94aefb752a64cf9ad374c,data/raw/AzSLD_Words_100/UĞUR/4969a50aacd94aefb752a64cf9ad374c.mp4,UĞUR,,unknown,44,30.0,
574dfeb389d34b62ba7e5e7fcd6906dd,data/raw/AzSLD_Words_100/UĞUR/574dfeb389d34b62ba7e5e7fcd6906dd.mp4,UĞUR,,unknown,20,30.0,
5f4388ace34d46bd94dfabf9d6913a55,data/raw/AzSLD_Words_100/UĞUR/5f4388ace34d46bd94dfabf9d6913a55.mp4,UĞUR,,unknown,41,30.0,
7d14bf1e5b77433db25965f649ce271f,data/raw/AzSLD_Words_100/UĞUR/7d14bf1e5b77433db25965f649ce271f.mp4,UĞUR,,unknown,32,30.0,
8f26d4c4790a49729e2c1f93f232c137,data/raw/AzSLD_Words_100/UĞUR/8f26d4c4790a49729e2c1f93f232c137.mp4,UĞUR,,unknown,46,30.0,
949faffdd7e24b76a020b301e70b5b8a,data/raw/AzSLD_Words_100/UĞUR/949faffdd7e24b76a020b301e70b5b8a.mp4,UĞUR,,unknown,42,30.0,
9767841117784821bb2ff053086e2683,data/raw/AzSLD_Words_100/UĞUR/9767841117784821bb2ff053086e2683.mp4,UĞUR,,unknown,43,30.0,
a875977212cc4845b400c4e9ae6223ae,data/raw/AzSLD_Words_100/UĞUR/a875977212cc4845b400c4e9ae6223ae.mp4,UĞUR,,unknown,36,30.0,
c68e8fa94a794250ad5b3e403a68a7c0,data/raw/AzSLD_Words_100/UĞUR/c68e8fa94a794250ad5b3e403a68a7c0.mp4,UĞUR,,unknown,38,30.0,
c7a4562cd1194c4c98f4facd4d0fd944,data/raw/AzSLD_Words_100/UĞUR/c7a4562cd1194c4c98f4facd4d0fd944.mp4,UĞUR,,unknown,40,30.0,
cacf7bb30e1a4a09b60551ef57fce653,data/raw/AzSLD_Words_100/UĞUR/cacf7bb30e1a4a09b60551ef57fce653.mp4,UĞUR,,unknown,33,30.0,
cf6b7164e66048e3bcde6d40e671b6e9,data/raw/AzSLD_Words_100/UĞUR/cf6b7164e66048e3bcde6d40e671b6e9.mp4,UĞUR,,unknown,19,30.0,
db8cb9cecd974632a8ee3d11bc3e6d99,data/raw/AzSLD_Words_100/UĞUR/db8cb9cecd974632a8ee3d11bc3e6d99.mp4,UĞUR,,unknown,27,30.0,
dccf6d63b92c49739971807dbe1256da,data/raw/AzSLD_Words_100/UĞUR/dccf6d63b92c49739971807dbe1256da.mp4,UĞUR,,unknown,31,30.0,
1286690d02b6460890bed8ebeca7398e,data/raw/AzSLD_Words_100/UŞAQ/1286690d02b6460890bed8ebeca7398e.mp4,UŞAQ,,unknown,14,30.0,rec_2022-12-23
1288a3a64af34399a9e267cae29e9a24,data/raw/AzSLD_Words_100/UŞAQ/1288a3a64af34399a9e267cae29e9a24.mp4,UŞAQ,,unknown,23,30.0,rec_2022-11-01
1b3400b0e1da40fb9c376bd0c389af20,data/raw/AzSLD_Words_100/UŞAQ/1b3400b0e1da40fb9c376bd0c389af20.mp4,UŞAQ,,unknown,11,30.0,rec_2022-11-05
1c4770cd0d26487ab0ecb6766f89d3b3,data/raw/AzSLD_Words_100/UŞAQ/1c4770cd0d26487ab0ecb6766f89d3b3.mp4,UŞAQ,,unknown,18,30.0,rec_2022-12-28
1cc3873dfa80461c8a017782147df481,data/raw/AzSLD_Words_100/UŞAQ/1cc3873dfa80461c8a017782147df481.mp4,UŞAQ,,unknown,19,30.0,rec_2022-12-24
21e3b58ee1614bcc81e499b8d02833e2,data/raw/AzSLD_Words_100/UŞAQ/21e3b58ee1614bcc81e499b8d02833e2.mp4,UŞAQ,,unknown,14,30.0,rec_2022-11-17
240a9c676b4c4ce1964859b70fba9440,data/raw/AzSLD_Words_100/UŞAQ/240a9c676b4c4ce1964859b70fba9440.mp4,UŞAQ,,unknown,19,30.0,rec_2022-12-20
280dc5d919c4428482aeb2965006a457,data/raw/AzSLD_Words_100/UŞAQ/280dc5d919c4428482aeb2965006a457.mp4,UŞAQ,,unknown,35,30.0,rec_2022-12-22
2834915461ba433da1f0fb5252693018,data/raw/AzSLD_Words_100/UŞAQ/2834915461ba433da1f0fb5252693018.mp4,UŞAQ,,unknown,21,30.0,rec_2022-11-02
28b5eefaa9384851be15bdbb66f8192b,data/raw/AzSLD_Words_100/UŞAQ/28b5eefaa9384851be15bdbb66f8192b.mp4,UŞAQ,,unknown,22,30.0,rec_2022-11-05
31ee6e8abea0459aabb19e0397c9c165,data/raw/AzSLD_Words_100/UŞAQ/31ee6e8abea0459aabb19e0397c9c165.mp4,UŞAQ,,unknown,21,30.0,rec_2022-12-28
3c9094f2f5744906a904b8b95b08ce65,data/raw/AzSLD_Words_100/UŞAQ/3c9094f2f5744906a904b8b95b08ce65.mp4,UŞAQ,,unknown,32,30.0,rec_2022-12-23
3d7924a0cce24fb0bf2e2a4cadc9356e,data/raw/AzSLD_Words_100/UŞAQ/3d7924a0cce24fb0bf2e2a4cadc9356e.mp4,UŞAQ,,unknown,24,30.0,rec_2022-11-10
438e6cc0f53349d4ae88f77a54ca0106,data/raw/AzSLD_Words_100/UŞAQ/438e6cc0f53349d4ae88f77a54ca0106.mp4,UŞAQ,,unknown,16,30.0,rec_2022-12-23
4647fe2a4432422894e851022805d6cb,data/raw/AzSLD_Words_100/UŞAQ/4647fe2a4432422894e851022805d6cb.mp4,UŞAQ,,unknown,18,30.0,rec_2022-12-22
4670784ff435473ea7a00ac7716b882d,data/raw/AzSLD_Words_100/UŞAQ/4670784ff435473ea7a00ac7716b882d.mp4,UŞAQ,,unknown,10,30.0,rec_2022-11-10
475747738ba849988008b3826f556a44,data/raw/AzSLD_Words_100/UŞAQ/475747738ba849988008b3826f556a44.mp4,UŞAQ,,unknown,25,30.0,rec_2022-11-05
47f1a4b0c5f04ef998fe9cefa3b87b33,data/raw/AzSLD_Words_100/UŞAQ/47f1a4b0c5f04ef998fe9cefa3b87b33.mp4,UŞAQ,,unknown,22,30.0,rec_2022-12-27
48fc1562938247908d0c36e939d5e50e,data/raw/AzSLD_Words_100/UŞAQ/48fc1562938247908d0c36e939d5e50e.mp4,UŞAQ,,unknown,23,30.0,rec_2022-12-20
49b0e40c58ad4b10a870982b2c6c3cf2,data/raw/AzSLD_Words_100/UŞAQ/49b0e40c58ad4b10a870982b2c6c3cf2.mp4,UŞAQ,,unknown,18,30.0,rec_2022-12-27
5020519f6a5540539e1fc4f398d3197d,data/raw/AzSLD_Words_100/UŞAQ/5020519f6a5540539e1fc4f398d3197d.mp4,UŞAQ,,unknown,19,30.0,rec_2022-12-20
50f0147b8a4a4d0594ed65120859229b,data/raw/AzSLD_Words_100/UŞAQ/50f0147b8a4a4d0594ed65120859229b.mp4,UŞAQ,,unknown,21,30.0,rec_2022-11-18
52d18d143cff4aecbb19882549fb73ff,data/raw/AzSLD_Words_100/UŞAQ/52d18d143cff4aecbb19882549fb73ff.mp4,UŞAQ,,unknown,21,30.0,rec_2022-12-23
5368d73fab5b4da4bc33f060b3cbc2ed,data/raw/AzSLD_Words_100/UŞAQ/5368d73fab5b4da4bc33f060b3cbc2ed.mp4,UŞAQ,,unknown,33,30.0,rec_2022-11-05
55e2cfaab55d44ed822804b527a5faf3,data/raw/AzSLD_Words_100/UŞAQ/55e2cfaab55d44ed822804b527a5faf3.mp4,UŞAQ,,unknown,12,30.0,rec_2022-11-10
584867f0a096448b93fc6267d71a2fd1,data/raw/AzSLD_Words_100/UŞAQ/584867f0a096448b93fc6267d71a2fd1.mp4,UŞAQ,,unknown,16,30.0,rec_2022-12-20
5a3d7fd97fe74e66a27620bafb710f81,data/raw/AzSLD_Words_100/UŞAQ/5a3d7fd97fe74e66a27620bafb710f81.mp4,UŞAQ,,unknown,44,30.0,rec_2022-11-19
5c212b83684b47edbdd68dacedec99b1,data/raw/AzSLD_Words_100/UŞAQ/5c212b83684b47edbdd68dacedec99b1.mp4,UŞAQ,,unknown,18,30.0,rec_2022-11-18
5d157bb389cf41f5b58da8875edf82ea,data/raw/AzSLD_Words_100/UŞAQ/5d157bb389cf41f5b58da8875edf82ea.mp4,UŞAQ,,unknown,25,30.0,rec_2022-11-10
6056397e44bb490985c50741d0071f95,data/raw/AzSLD_Words_100/UŞAQ/6056397e44bb490985c50741d0071f95.mp4,UŞAQ,,unknown,16,30.0,rec_2022-12-27
6516329c7fcb4f2798c0fad40a432b8d,data/raw/AzSLD_Words_100/UŞAQ/6516329c7fcb4f2798c0fad40a432b8d.mp4,UŞAQ,,unknown,19,30.0,rec_2022-11-19
67514580f646409095f53803da5d7392,data/raw/AzSLD_Words_100/UŞAQ/67514580f646409095f53803da5d7392.mp4,UŞAQ,,unknown,17,30.0,rec_2022-12-20
6d47e4c5f7954c4c90313af8599b96a1,data/raw/AzSLD_Words_100/UŞAQ/6d47e4c5f7954c4c90313af8599b96a1.mp4,UŞAQ,,unknown,18,30.0,rec_2022-12-28
6fa1f27b97834f0782721d995cc92f37,data/raw/AzSLD_Words_100/UŞAQ/6fa1f27b97834f0782721d995cc92f37.mp4,UŞAQ,,unknown,36,30.0,rec_2022-12-27
74dea51978804bfda1e7c15ff41ef972,data/raw/AzSLD_Words_100/UŞAQ/74dea51978804bfda1e7c15ff41ef972.mp4,UŞAQ,,unknown,14,30.0,rec_2022-12-15
7686355d222040d78e64b67b280be8e0,data/raw/AzSLD_Words_100/UŞAQ/7686355d222040d78e64b67b280be8e0.mp4,UŞAQ,,unknown,40,30.0,rec_2022-11-17
779cb49f134e4b08988234b1a7159de9,data/raw/AzSLD_Words_100/UŞAQ/779cb49f134e4b08988234b1a7159de9.mp4,UŞAQ,,unknown,26,30.0,rec_2022-11-02
78470b3864634e87b59f4f72cd7b2829,data/raw/AzSLD_Words_100/UŞAQ/78470b3864634e87b59f4f72cd7b2829.mp4,UŞAQ,,unknown,35,30.0,rec_2022-11-18
7c9bbe24ac534969960c1ae8a23eb31c,data/raw/AzSLD_Words_100/UŞAQ/7c9bbe24ac534969960c1ae8a23eb31c.mp4,UŞAQ,,unknown,29,30.0,rec_2022-12-20
806dbc0e17ef4802b290f73a0c49fda9,data/raw/AzSLD_Words_100/UŞAQ/806dbc0e17ef4802b290f73a0c49fda9.mp4,UŞAQ,,unknown,24,30.0,rec_2022-12-20
80e8200e4ba9446c8854c2fbb1e13384,data/raw/AzSLD_Words_100/UŞAQ/80e8200e4ba9446c8854c2fbb1e13384.mp4,UŞAQ,,unknown,39,30.0,rec_2022-11-10
8375de59570a4351af3c26a369d57fae,data/raw/AzSLD_Words_100/UŞAQ/8375de59570a4351af3c26a369d57fae.mp4,UŞAQ,,unknown,18,30.0,rec_2022-11-22
8447fe8225f346e484e760f3c7fbc37a,data/raw/AzSLD_Words_100/UŞAQ/8447fe8225f346e484e760f3c7fbc37a.mp4,UŞAQ,,unknown,43,30.0,rec_2022-12-20
868f4d97c6d84353bfb3909ecaa3b5d3,data/raw/AzSLD_Words_100/UŞAQ/868f4d97c6d84353bfb3909ecaa3b5d3.mp4,UŞAQ,,unknown,15,30.0,rec_2022-11-01
97bc782f09494ddb8127fd355c7b6953,data/raw/AzSLD_Words_100/UŞAQ/97bc782f09494ddb8127fd355c7b6953.mp4,UŞAQ,,unknown,41,30.0,rec_2022-11-02
99622f1f869243bb84cd6d12c2219b0e,data/raw/AzSLD_Words_100/UŞAQ/99622f1f869243bb84cd6d12c2219b0e.mp4,UŞAQ,,unknown,25,30.0,rec_2022-11-18
9add5d69cf014ba08029c315d3f0bdbf,data/raw/AzSLD_Words_100/UŞAQ/9add5d69cf014ba08029c315d3f0bdbf.mp4,UŞAQ,,unknown,17,30.0,rec_2023-01-19
afaf9aa98d504a878fe28daae28623c2,data/raw/AzSLD_Words_100/UŞAQ/afaf9aa98d504a878fe28daae28623c2.mp4,UŞAQ,,unknown,22,30.0,rec_2022-12-15
b2ca559e32904666bc71c4f3f94daec1,data/raw/AzSLD_Words_100/UŞAQ/b2ca559e32904666bc71c4f3f94daec1.mp4,UŞAQ,,unknown,36,30.0,rec_2022-12-17
bb98bb09c406492bb66d2b7c5eb45176,data/raw/AzSLD_Words_100/UŞAQ/bb98bb09c406492bb66d2b7c5eb45176.mp4,UŞAQ,,unknown,15,30.0,rec_2022-11-05
bf60f9f58eec49c7ad2ba0b756e507c7,data/raw/AzSLD_Words_100/UŞAQ/bf60f9f58eec49c7ad2ba0b756e507c7.mp4,UŞAQ,,unknown,17,30.0,rec_2022-11-19
bff8271751924c2a9c7ddfe8d6cb5f87,data/raw/AzSLD_Words_100/UŞAQ/bff8271751924c2a9c7ddfe8d6cb5f87.mp4,UŞAQ,,unknown,29,30.0,rec_2022-11-17
c5302a4746444eecb052b97671c39e52,data/raw/AzSLD_Words_100/UŞAQ/c5302a4746444eecb052b97671c39e52.mp4,UŞAQ,,unknown,22,30.0,rec_2022-12-20
c8a37ca6aab24ed2968eb44ba2f45dbf,data/raw/AzSLD_Words_100/UŞAQ/c8a37ca6aab24ed2968eb44ba2f45dbf.mp4,UŞAQ,,unknown,28,30.0,rec_2023-01-19
cd9a097f5d5d4bec9a72640106fb1b39,data/raw/AzSLD_Words_100/UŞAQ/cd9a097f5d5d4bec9a72640106fb1b39.mp4,UŞAQ,,unknown,45,30.0,rec_2022-11-02
cedaef84b1144d50ade86167980cc6d3,data/raw/AzSLD_Words_100/UŞAQ/cedaef84b1144d50ade86167980cc6d3.mp4,UŞAQ,,unknown,21,30.0,rec_2022-11-17
db9a4d419ab5461abcad55e2b79843fa,data/raw/AzSLD_Words_100/UŞAQ/db9a4d419ab5461abcad55e2b79843fa.mp4,UŞAQ,,unknown,35,30.0,rec_2022-12-22
de5dbb626d8b4fb78c9d79d0891f8fd7,data/raw/AzSLD_Words_100/UŞAQ/de5dbb626d8b4fb78c9d79d0891f8fd7.mp4,UŞAQ,,unknown,18,30.0,rec_2022-12-22
de6c70348a204588ae4bb370660bc0b5,data/raw/AzSLD_Words_100/UŞAQ/de6c70348a204588ae4bb370660bc0b5.mp4,UŞAQ,,unknown,17,30.0,rec_2022-12-27
df0ef753e6b84b1a9fadbaae8dfef69e,data/raw/AzSLD_Words_100/UŞAQ/df0ef753e6b84b1a9fadbaae8dfef69e.mp4,UŞAQ,,unknown,23,30.0,rec_2022-11-02
dff2546025d44d7f90cad3246fa98d5d,data/raw/AzSLD_Words_100/UŞAQ/dff2546025d44d7f90cad3246fa98d5d.mp4,UŞAQ,,unknown,19,30.0,rec_2022-12-27
e0945e2eeb2f4868aefe8b2cac779846,data/raw/AzSLD_Words_100/UŞAQ/e0945e2eeb2f4868aefe8b2cac779846.mp4,UŞAQ,,unknown,15,30.0,rec_2022-11-19
e6b1dcde94bc4e758c40d0dfa614b0eb,data/raw/AzSLD_Words_100/UŞAQ/e6b1dcde94bc4e758c40d0dfa614b0eb.mp4,UŞAQ,,unknown,17,30.0,rec_2022-12-20
ed3a3e0fd94f4c9cb42b3e74d706c814,data/raw/AzSLD_Words_100/UŞAQ/ed3a3e0fd94f4c9cb42b3e74d706c814.mp4,UŞAQ,,unknown,19,30.0,rec_2022-12-23
f1602c946c504276b39d90fe1713cb76,data/raw/AzSLD_Words_100/UŞAQ/f1602c946c504276b39d90fe1713cb76.mp4,UŞAQ,,unknown,16,30.0,rec_2022-12-15
f7e554a3ddc94fa2a212e17a0daa9f35,data/raw/AzSLD_Words_100/UŞAQ/f7e554a3ddc94fa2a212e17a0daa9f35.mp4,UŞAQ,,unknown,38,30.0,rec_2022-12-23
fbf8858fb3864646857f67275ef8c7fa,data/raw/AzSLD_Words_100/UŞAQ/fbf8858fb3864646857f67275ef8c7fa.mp4,UŞAQ,,unknown,25,30.0,rec_2022-12-17
ff9d23a864e64d0196fa84535b212cc0,data/raw/AzSLD_Words_100/UŞAQ/ff9d23a864e64d0196fa84535b212cc0.mp4,UŞAQ,,unknown,12,30.0,rec_2022-12-17
ffaf0d48d0d044d7961a0cf1561f1053,data/raw/AzSLD_Words_100/UŞAQ/ffaf0d48d0d044d7961a0cf1561f1053.mp4,UŞAQ,,unknown,34,30.0,rec_2022-12-20
008c541196f24f3d9e24c38c98a8b07c,data/raw/AzSLD_Words_100/VAR/008c541196f24f3d9e24c38c98a8b07c.mp4,VAR,,unknown,37,30.0,rec_2022-05-25
01b64d39e04646749829f30f5d4070c0,data/raw/AzSLD_Words_100/VAR/01b64d39e04646749829f30f5d4070c0.mp4,VAR,,unknown,23,30.0,rec_2022-07-13
02b90166a0bb415ba73358267d37a4d5,data/raw/AzSLD_Words_100/VAR/02b90166a0bb415ba73358267d37a4d5.mp4,VAR,,unknown,33,30.0,rec_2022-08-02
07e806e20aef4c029739b17ee07e955e,data/raw/AzSLD_Words_100/VAR/07e806e20aef4c029739b17ee07e955e.mp4,VAR,,unknown,21,30.0,rec_2022-07-13
081793bb52f8428288183230e6049cc4,data/raw/AzSLD_Words_100/VAR/081793bb52f8428288183230e6049cc4.mp4,VAR,,unknown,26,30.0,rec_2022-06-07
08a51913792b4bd688b81b36aeab1d18,data/raw/AzSLD_Words_100/VAR/08a51913792b4bd688b81b36aeab1d18.mp4,VAR,,unknown,30,30.0,rec_2022-07-20
08fba92446ef43e2a25dd5ba9ab11a9b,data/raw/AzSLD_Words_100/VAR/08fba92446ef43e2a25dd5ba9ab11a9b.mp4,VAR,,unknown,38,30.0,rec_2022-07-21
0bd650073a3d4042b95e6821fe47ba37,data/raw/AzSLD_Words_100/VAR/0bd650073a3d4042b95e6821fe47ba37.mp4,VAR,,unknown,42,30.0,rec_2022-05-26
0c6d6c951b6747f2974ce4d0f06992bf,data/raw/AzSLD_Words_100/VAR/0c6d6c951b6747f2974ce4d0f06992bf.mp4,VAR,,unknown,27,30.0,rec_2022-08-01
0da2c2d856ef4b4f8b8bab1fdcc0f1b0,data/raw/AzSLD_Words_100/VAR/0da2c2d856ef4b4f8b8bab1fdcc0f1b0.mp4,VAR,,unknown,24,30.0,rec_2022-06-13
0e937fd1f85146d4a053c175bba630ef,data/raw/AzSLD_Words_100/VAR/0e937fd1f85146d4a053c175bba630ef.mp4,VAR,,unknown,50,30.0,rec_2022-05-25
0ea7f436495e425ebb5a504470d9b5ad,data/raw/AzSLD_Words_100/VAR/0ea7f436495e425ebb5a504470d9b5ad.mp4,VAR,,unknown,30,30.0,rec_2022-08-02
1175d31c18ce4ff7b59d2bec18964632,data/raw/AzSLD_Words_100/VAR/1175d31c18ce4ff7b59d2bec18964632.mp4,VAR,,unknown,19,30.0,rec_2022-07-22
186e00c731b34f14a1abe91364d1d689,data/raw/AzSLD_Words_100/VAR/186e00c731b34f14a1abe91364d1d689.mp4,VAR,,unknown,30,30.0,rec_2022-07-01
18ac2f0386034848815dc637bcc1c0db,data/raw/AzSLD_Words_100/VAR/18ac2f0386034848815dc637bcc1c0db.mp4,VAR,,unknown,21,30.0,rec_2022-11-10
24983b16c80842b78f3ed978bad4126c,data/raw/AzSLD_Words_100/VAR/24983b16c80842b78f3ed978bad4126c.mp4,VAR,,unknown,28,30.0,rec_2022-08-02
25d4c10e3f61430a8117991a2ef2de79,data/raw/AzSLD_Words_100/VAR/25d4c10e3f61430a8117991a2ef2de79.mp4,VAR,,unknown,15,30.0,rec_2022-07-18
25ff4b9f46d24eb8b4d0ba7ba6b13256,data/raw/AzSLD_Words_100/VAR/25ff4b9f46d24eb8b4d0ba7ba6b13256.mp4,VAR,,unknown,29,30.0,rec_2022-08-02
277bc963ad09447ea2b28893b0de1124,data/raw/AzSLD_Words_100/VAR/277bc963ad09447ea2b28893b0de1124.mp4,VAR,,unknown,28,30.0,rec_2022-06-02
279e833e6323421baae83634934ddecf,data/raw/AzSLD_Words_100/VAR/279e833e6323421baae83634934ddecf.mp4,VAR,,unknown,20,30.0,rec_2022-07-13
2a06b4a13c074aa082799511232fe72f,data/raw/AzSLD_Words_100/VAR/2a06b4a13c074aa082799511232fe72f.mp4,VAR,,unknown,38,30.0,rec_2022-07-21
2a8642e288b449d985e3ff08e8798efe,data/raw/AzSLD_Words_100/VAR/2a8642e288b449d985e3ff08e8798efe.mp4,VAR,,unknown,29,30.0,rec_2022-06-11
2b666721a49a42449b1c10116d4bb83c,data/raw/AzSLD_Words_100/VAR/2b666721a49a42449b1c10116d4bb83c.mp4,VAR,,unknown,35,30.0,rec_2022-07-18
2f31ef2d53954e25a020541d0a9f0ceb,data/raw/AzSLD_Words_100/VAR/2f31ef2d53954e25a020541d0a9f0ceb.mp4,VAR,,unknown,26,30.0,rec_2022-07-18
31982df672314782ad09eb2383c51217,data/raw/AzSLD_Words_100/VAR/31982df672314782ad09eb2383c51217.mp4,VAR,,unknown,16,30.0,rec_2022-07-18
34b16abd766740b4b237047b19c32133,data/raw/AzSLD_Words_100/VAR/34b16abd766740b4b237047b19c32133.mp4,VAR,,unknown,27,30.0,rec_2022-06-18
36839ad5f5194c289f121e4bb8866db5,data/raw/AzSLD_Words_100/VAR/36839ad5f5194c289f121e4bb8866db5.mp4,VAR,,unknown,31,30.0,rec_2022-06-11
36eb91d0cee84424bf986f82cdd02edd,data/raw/AzSLD_Words_100/VAR/36eb91d0cee84424bf986f82cdd02edd.mp4,VAR,,unknown,30,30.0,rec_2022-07-01
387d39b2f6fb48ed985e8a411252b792,data/raw/AzSLD_Words_100/VAR/387d39b2f6fb48ed985e8a411252b792.mp4,VAR,,unknown,29,30.0,rec_2022-07-18
39c742176a6348f5a324d9f8937f865e,data/raw/AzSLD_Words_100/VAR/39c742176a6348f5a324d9f8937f865e.mp4,VAR,,unknown,27,30.0,rec_2022-12-27
3a24ffd4022747289cd9f72768822981,data/raw/AzSLD_Words_100/VAR/3a24ffd4022747289cd9f72768822981.mp4,VAR,,unknown,16,30.0,rec_2022-05-26
3afad03f3f9f41178519b13d8e8b803c,data/raw/AzSLD_Words_100/VAR/3afad03f3f9f41178519b13d8e8b803c.mp4,VAR,,unknown,19,30.0,rec_2022-11-18
3d4886b81e444bd9bb06e49b872d0e22,data/raw/AzSLD_Words_100/VAR/3d4886b81e444bd9bb06e49b872d0e22.mp4,VAR,,unknown,25,30.0,rec_2022-11-04
3d6a4ef078084db3bf16020387735a2c,data/raw/AzSLD_Words_100/VAR/3d6a4ef078084db3bf16020387735a2c.mp4,VAR,,unknown,23,30.0,rec_2022-07-23
424d5580722a4343a16f4e2a5a495f29,data/raw/AzSLD_Words_100/VAR/424d5580722a4343a16f4e2a5a495f29.mp4,VAR,,unknown,35,30.0,rec_2022-07-25
43bc349d3e6b4150b8d8038acc4d8406,data/raw/AzSLD_Words_100/VAR/43bc349d3e6b4150b8d8038acc4d8406.mp4,VAR,,unknown,30,30.0,rec_2022-06-02
446483c6e6d54bed945ce9dd999f071f,data/raw/AzSLD_Words_100/VAR/446483c6e6d54bed945ce9dd999f071f.mp4,VAR,,unknown,23,30.0,rec_2022-08-01
4499903b31904cc59eee92d5e255ecd7,data/raw/AzSLD_Words_100/VAR/4499903b31904cc59eee92d5e255ecd7.mp4,VAR,,unknown,30,30.0,rec_2022-07-23
4715cf5e12bd455d868f5382330de110,data/raw/AzSLD_Words_100/VAR/4715cf5e12bd455d868f5382330de110.mp4,VAR,,unknown,52,30.0,rec_2022-10-28
4d8dbd8c1b014829a6c4c791cf8fa63d,data/raw/AzSLD_Words_100/VAR/4d8dbd8c1b014829a6c4c791cf8fa63d.mp4,VAR,,unknown,26,30.0,rec_2022-07-19
4efdc48f01ad405d88740fe80b593112,data/raw/AzSLD_Words_100/VAR/4efdc48f01ad405d88740fe80b593112.mp4,VAR,,unknown,14,30.0,rec_2022-07-22
4f55a6f0ca524968b27a922181769e14,data/raw/AzSLD_Words_100/VAR/4f55a6f0ca524968b27a922181769e14.mp4,VAR,,unknown,18,30.0,rec_2022-07-18
522e1d72e26942d18cc71c08deb1a998,data/raw/AzSLD_Words_100/VAR/522e1d72e26942d18cc71c08deb1a998.mp4,VAR,,unknown,41,30.0,rec_2022-07-21
537d8a38a59944ebb42268028fd2eb42,data/raw/AzSLD_Words_100/VAR/537d8a38a59944ebb42268028fd2eb42.mp4,VAR,,unknown,24,30.0,rec_2022-07-25
53be2c722e1f4fa7b4deee0229adb33a,data/raw/AzSLD_Words_100/VAR/53be2c722e1f4fa7b4deee0229adb33a.mp4,VAR,,unknown,22,30.0,rec_2022-07-16
56855edf81b64229b365327f8b3f2b0c,data/raw/AzSLD_Words_100/VAR/56855edf81b64229b365327f8b3f2b0c.mp4,VAR,,unknown,12,30.0,rec_2022-07-20
5b30a332f2844b03b4980827bf2ed469,data/raw/AzSLD_Words_100/VAR/5b30a332f2844b03b4980827bf2ed469.mp4,VAR,,unknown,13,30.0,rec_2022-08-01
5e8b539c0fe64a1b901b8626a2a3e5ae,data/raw/AzSLD_Words_100/VAR/5e8b539c0fe64a1b901b8626a2a3e5ae.mp4,VAR,,unknown,16,30.0,rec_2022-07-13
621535ec124d43af800e26029879779b,data/raw/AzSLD_Words_100/VAR/621535ec124d43af800e26029879779b.mp4,VAR,,unknown,38,30.0,rec_2022-08-02
69ebe25ca7b647a28c02cd0a4a3be1f7,data/raw/AzSLD_Words_100/VAR/69ebe25ca7b647a28c02cd0a4a3be1f7.mp4,VAR,,unknown,31,30.0,rec_2022-06-02
6b50395ea21f4b5a9a4cea6fefa92a67,data/raw/AzSLD_Words_100/VAR/6b50395ea21f4b5a9a4cea6fefa92a67.mp4,VAR,,unknown,27,30.0,rec_2022-06-11
6c0f9c053fd44bee968683e40f1c2c8d,data/raw/AzSLD_Words_100/VAR/6c0f9c053fd44bee968683e40f1c2c8d.mp4,VAR,,unknown,21,30.0,rec_2022-07-18
6eb226b988064d839ed5e023a7d1241b,data/raw/AzSLD_Words_100/VAR/6eb226b988064d839ed5e023a7d1241b.mp4,VAR,,unknown,22,30.0,rec_2022-05-24
705ec8ea0c12416091b48fc0722848ac,data/raw/AzSLD_Words_100/VAR/705ec8ea0c12416091b48fc0722848ac.mp4,VAR,,unknown,34,30.0,rec_2022-05-25
71dce7b8fb0640e4ad8c681c2aebe2c6,data/raw/AzSLD_Words_100/VAR/71dce7b8fb0640e4ad8c681c2aebe2c6.mp4,VAR,,unknown,31,30.0,rec_2022-11-18
729d8ea1a44c4ddaab54dea42dfc5e2a,data/raw/AzSLD_Words_100/VAR/729d8ea1a44c4ddaab54dea42dfc5e2a.mp4,VAR,,unknown,32,30.0,rec_2022-06-02
77dc30c4763a4d55995b9077c63086b0,data/raw/AzSLD_Words_100/VAR/77dc30c4763a4d55995b9077c63086b0.mp4,VAR,,unknown,33,30.0,rec_2022-05-26
790a837eff9d4e19ab785105f154bfcc,data/raw/AzSLD_Words_100/VAR/790a837eff9d4e19ab785105f154bfcc.mp4,VAR,,unknown,23,30.0,rec_2022-07-13
7da8328ced514b7ab8ec73a3c13f5622,data/raw/AzSLD_Words_100/VAR/7da8328ced514b7ab8ec73a3c13f5622.mp4,VAR,,unknown,17,30.0,rec_2022-07-18
832cccdce54e4ec4a3d36d76e3eeb1e9,data/raw/AzSLD_Words_100/VAR/832cccdce54e4ec4a3d36d76e3eeb1e9.mp4,VAR,,unknown,32,30.0,rec_2022-07-16
83d0f27de2fa4a9189800a2ef53650b7,data/raw/AzSLD_Words_100/VAR/83d0f27de2fa4a9189800a2ef53650b7.mp4,VAR,,unknown,21,30.0,rec_2022-08-02
8518cfaac15645a786642f8ff9f09453,data/raw/AzSLD_Words_100/VAR/8518cfaac15645a786642f8ff9f09453.mp4,VAR,,unknown,22,30.0,rec_2022-06-13
8eb31d6571c84d119f3a58f2b01db3a8,data/raw/AzSLD_Words_100/VAR/8eb31d6571c84d119f3a58f2b01db3a8.mp4,VAR,,unknown,33,30.0,rec_2022-06-13
93913865bb3446739fa404cecdeaeb01,data/raw/AzSLD_Words_100/VAR/93913865bb3446739fa404cecdeaeb01.mp4,VAR,,unknown,23,30.0,rec_2022-06-13
94dc5a1916ab49768a5d3e8a3e9c95bd,data/raw/AzSLD_Words_100/VAR/94dc5a1916ab49768a5d3e8a3e9c95bd.mp4,VAR,,unknown,43,30.0,rec_2022-07-21
97526f9cebd54443b73d0d654a35da1b,data/raw/AzSLD_Words_100/VAR/97526f9cebd54443b73d0d654a35da1b.mp4,VAR,,unknown,23,30.0,rec_2022-07-14
988c45633ed749b99ff978786dfe5d9a,data/raw/AzSLD_Words_100/VAR/988c45633ed749b99ff978786dfe5d9a.mp4,VAR,,unknown,27,30.0,rec_2022-07-25
9c63672837cd4c1e80d59961a5ca0430,data/raw/AzSLD_Words_100/VAR/9c63672837cd4c1e80d59961a5ca0430.mp4,VAR,,unknown,19,30.0,rec_2022-06-13
9ec0c1d88a064e789c649b02b317de03,data/raw/AzSLD_Words_100/VAR/9ec0c1d88a064e789c649b02b317de03.mp4,VAR,,unknown,31,30.0,rec_2022-08-02
a1e9fa80aa1a44719372753e883c8a29,data/raw/AzSLD_Words_100/VAR/a1e9fa80aa1a44719372753e883c8a29.mp4,VAR,,unknown,25,30.0,rec_2022-07-02
a4180eaa70524922b264327923019683,data/raw/AzSLD_Words_100/VAR/a4180eaa70524922b264327923019683.mp4,VAR,,unknown,37,30.0,rec_2022-07-21
a5240cc148704032ae736bcae07de2e6,data/raw/AzSLD_Words_100/VAR/a5240cc148704032ae736bcae07de2e6.mp4,VAR,,unknown,25,30.0,rec_2022-06-09
a695c58a0e1946f881fcb4d143f303e7,data/raw/AzSLD_Words_100/VAR/a695c58a0e1946f881fcb4d143f303e7.mp4,VAR,,unknown,22,30.0,rec_2022-07-18
a713b2428d224ad8912674a56987bb7a,data/raw/AzSLD_Words_100/VAR/a713b2428d224ad8912674a56987bb7a.mp4,VAR,,unknown,37,30.0,rec_2022-05-25
a9091801520e4519a5c0421ee831ed17,data/raw/AzSLD_Words_100/VAR/a9091801520e4519a5c0421ee831ed17.mp4,VAR,,unknown,31,30.0,rec_2022-05-31
aa937e31dae54218adcbde08b5f4d575,data/raw/AzSLD_Words_100/VAR/aa937e31dae54218adcbde08b5f4d575.mp4,VAR,,unknown,29,30.0,rec_2022-08-02
b0758f6f4d1d428fab6bd0aa8d226303,data/raw/AzSLD_Words_100/VAR/b0758f6f4d1d428fab6bd0aa8d226303.mp4,VAR,,unknown,15,30.0,rec_2022-07-18
b1456539e12d4552ba087b5f1a861368,data/raw/AzSLD_Words_100/VAR/b1456539e12d4552ba087b5f1a861368.mp4,VAR,,unknown,19,30.0,rec_2022-12-20
b1a215490e7d401eae49e985d42f9267,data/raw/AzSLD_Words_100/VAR/b1a215490e7d401eae49e985d42f9267.mp4,VAR,,unknown,17,30.0,rec_2022-07-15
b50b486397284e65b46f7cc444a89cc8,data/raw/AzSLD_Words_100/VAR/b50b486397284e65b46f7cc444a89cc8.mp4,VAR,,unknown,20,30.0,rec_2022-07-13
b8db841e50104bcfa66fc288b736f3d7,data/raw/AzSLD_Words_100/VAR/b8db841e50104bcfa66fc288b736f3d7.mp4,VAR,,unknown,20,30.0,rec_2022-07-15
bab10bbdcd9945738651c71b1a17eb29,data/raw/AzSLD_Words_100/VAR/bab10bbdcd9945738651c71b1a17eb29.mp4,VAR,,unknown,58,30.0,rec_2022-05-25
bb47d863f6654301bae585867cb85447,data/raw/AzSLD_Words_100/VAR/bb47d863f6654301bae585867cb85447.mp4,VAR,,unknown,13,30.0,rec_2022-07-22
bf459806610347e69c559d65f813d812,data/raw/AzSLD_Words_100/VAR/bf459806610347e69c559d65f813d812.mp4,VAR,,unknown,24,30.0,rec_2022-07-18
c3b24168044946378559cf1be04d63a1,data/raw/AzSLD_Words_100/VAR/c3b24168044946378559cf1be04d63a1.mp4,VAR,,unknown,19,30.0,rec_2022-07-22
c7b5343b6d5e49b29a864a5202fc0b41,data/raw/AzSLD_Words_100/VAR/c7b5343b6d5e49b29a864a5202fc0b41.mp4,VAR,,unknown,27,30.0,rec_2022-08-02
c8877c4984cc4c6487e833cf2e8aaa72,data/raw/AzSLD_Words_100/VAR/c8877c4984cc4c6487e833cf2e8aaa72.mp4,VAR,,unknown,35,30.0,rec_2022-06-11
c9b99ae4234d4bcfb02e0b4b777e6530,data/raw/AzSLD_Words_100/VAR/c9b99ae4234d4bcfb02e0b4b777e6530.mp4,VAR,,unknown,24,30.0,rec_2022-05-26
cb20f56f3c2e4a8ea901c63c9db49c16,data/raw/AzSLD_Words_100/VAR/cb20f56f3c2e4a8ea901c63c9db49c16.mp4,VAR,,unknown,34,30.0,rec_2022-07-01
cbdd7ad2ec014e5380e5076be1f54cff,data/raw/AzSLD_Words_100/VAR/cbdd7ad2ec014e5380e5076be1f54cff.mp4,VAR,,unknown,29,30.0,rec_2022-07-19
ccd65ded8d0a4cbb99cf54cba69db20b,data/raw/AzSLD_Words_100/VAR/ccd65ded8d0a4cbb99cf54cba69db20b.mp4,VAR,,unknown,27,30.0,rec_2022-08-02
cdf8a24800a0482fb283e4bfc3251bd9,data/raw/AzSLD_Words_100/VAR/cdf8a24800a0482fb283e4bfc3251bd9.mp4,VAR,,unknown,32,30.0,rec_2022-07-16
d0177cfda1ac4772aa3330bcab289450,data/raw/AzSLD_Words_100/VAR/d0177cfda1ac4772aa3330bcab289450.mp4,VAR,,unknown,25,30.0,rec_2022-07-20
d5b878b98e3f49a9b00294ec04ff30b2,data/raw/AzSLD_Words_100/VAR/d5b878b98e3f49a9b00294ec04ff30b2.mp4,VAR,,unknown,28,30.0,rec_2022-07-16
da1f21391e3445c5bd3941b359c93378,data/raw/AzSLD_Words_100/VAR/da1f21391e3445c5bd3941b359c93378.mp4,VAR,,unknown,18,30.0,rec_2022-07-18
dcbd73438a754e5fa289eb1780611f39,data/raw/AzSLD_Words_100/VAR/dcbd73438a754e5fa289eb1780611f39.mp4,VAR,,unknown,8,30.0,rec_2022-06-16
e13ac80608b74d388e7e2cf45c6d548d,data/raw/AzSLD_Words_100/VAR/e13ac80608b74d388e7e2cf45c6d548d.mp4,VAR,,unknown,16,30.0,rec_2022-07-18
e488ba2ad9ed43fcb5bd960d9cbb5a71,data/raw/AzSLD_Words_100/VAR/e488ba2ad9ed43fcb5bd960d9cbb5a71.mp4,VAR,,unknown,16,30.0,rec_2022-07-02
e630985733a74ae39316a58e90d324b6,data/raw/AzSLD_Words_100/VAR/e630985733a74ae39316a58e90d324b6.mp4,VAR,,unknown,25,30.0,rec_2022-05-26
e705ef328d90463486b04c4b6301be90,data/raw/AzSLD_Words_100/VAR/e705ef328d90463486b04c4b6301be90.mp4,VAR,,unknown,23,30.0,rec_2022-07-23
e86106854cc640c8a8249fd343d03f4c,data/raw/AzSLD_Words_100/VAR/e86106854cc640c8a8249fd343d03f4c.mp4,VAR,,unknown,20,30.0,rec_2022-08-01
e96308b85363471b83a6310fca9edd34,data/raw/AzSLD_Words_100/VAR/e96308b85363471b83a6310fca9edd34.mp4,VAR,,unknown,28,30.0,rec_2022-06-11
e9d4f0d99bb44124a5cf0bed6ff67e1b,data/raw/AzSLD_Words_100/VAR/e9d4f0d99bb44124a5cf0bed6ff67e1b.mp4,VAR,,unknown,25,30.0,rec_2022-06-13
ecf3961b9db14dc99174b96c2afcb227,data/raw/AzSLD_Words_100/VAR/ecf3961b9db14dc99174b96c2afcb227.mp4,VAR,,unknown,21,30.0,rec_2022-06-10
efcc2f8796014579b1b805ea67b70f79,data/raw/AzSLD_Words_100/VAR/efcc2f8796014579b1b805ea67b70f79.mp4,VAR,,unknown,13,30.0,rec_2022-07-20
f12e9d2c7721485cabef8d83c05007a5,data/raw/AzSLD_Words_100/VAR/f12e9d2c7721485cabef8d83c05007a5.mp4,VAR,,unknown,26,30.0,rec_2022-07-16
f1696482bada404699d60f25105695df,data/raw/AzSLD_Words_100/VAR/f1696482bada404699d60f25105695df.mp4,VAR,,unknown,18,30.0,rec_2022-07-22
f42f2f113fca4fe18b2a7cd9cade2a3f,data/raw/AzSLD_Words_100/VAR/f42f2f113fca4fe18b2a7cd9cade2a3f.mp4,VAR,,unknown,30,30.0,rec_2022-10-26
fb385e976be64d8289f43255e7dbbc1a,data/raw/AzSLD_Words_100/VAR/fb385e976be64d8289f43255e7dbbc1a.mp4,VAR,,unknown,16,30.0,rec_2022-07-18
fc546fb483ae4f6498fb1310f016964b,data/raw/AzSLD_Words_100/VAR/fc546fb483ae4f6498fb1310f016964b.mp4,VAR,,unknown,23,30.0,rec_2022-07-22
00acaa679a554c62a827b3eb74eb81ba,data/raw/AzSLD_Words_100/VAXT/00acaa679a554c62a827b3eb74eb81ba.mp4,VAXT,,unknown,9,30.0,rec_2022-08-01
092bbf7558544f6fad05fff9c21071a4,data/raw/AzSLD_Words_100/VAXT/092bbf7558544f6fad05fff9c21071a4.mp4,VAXT,,unknown,12,30.0,rec_2022-07-20
0df3541a43cc4ec1884d224afe234689,data/raw/AzSLD_Words_100/VAXT/0df3541a43cc4ec1884d224afe234689.mp4,VAXT,,unknown,16,30.0,rec_2022-12-23
194e9792206a4b8ba3b38b8ddb414ddd,data/raw/AzSLD_Words_100/VAXT/194e9792206a4b8ba3b38b8ddb414ddd.mp4,VAXT,,unknown,15,30.0,rec_2022-11-19
30f9ff65aa204da5a8e099cf060c8712,data/raw/AzSLD_Words_100/VAXT/30f9ff65aa204da5a8e099cf060c8712.mp4,VAXT,,unknown,21,30.0,rec_2022-05-26
37bd72d9021041bdb7c222a8aee89d36,data/raw/AzSLD_Words_100/VAXT/37bd72d9021041bdb7c222a8aee89d36.mp4,VAXT,,unknown,8,30.0,rec_2022-10-28
45abccbb9e9c4d6b9990120d7cd1d8ec,data/raw/AzSLD_Words_100/VAXT/45abccbb9e9c4d6b9990120d7cd1d8ec.mp4,VAXT,,unknown,12,30.0,rec_2022-07-16
4d5f09d8617446e3b53d1e9e1c123de8,data/raw/AzSLD_Words_100/VAXT/4d5f09d8617446e3b53d1e9e1c123de8.mp4,VAXT,,unknown,17,30.0,rec_2022-07-19
5e8da33eb6dd40f78b322fa6a3ad5940,data/raw/AzSLD_Words_100/VAXT/5e8da33eb6dd40f78b322fa6a3ad5940.mp4,VAXT,,unknown,16,30.0,rec_2022-07-02
652e082b52614a9483bc76ddad9868e7,data/raw/AzSLD_Words_100/VAXT/652e082b52614a9483bc76ddad9868e7.mp4,VAXT,,unknown,10,30.0,rec_2022-07-16
70e5ace4ae084aeeb4bac000f835ab2f,data/raw/AzSLD_Words_100/VAXT/70e5ace4ae084aeeb4bac000f835ab2f.mp4,VAXT,,unknown,26,30.0,rec_2022-05-25
77867c4ae3384316a25af37f7f0f41f0,data/raw/AzSLD_Words_100/VAXT/77867c4ae3384316a25af37f7f0f41f0.mp4,VAXT,,unknown,24,30.0,rec_2022-05-25
7bc107741a964dd58842d4050c68f411,data/raw/AzSLD_Words_100/VAXT/7bc107741a964dd58842d4050c68f411.mp4,VAXT,,unknown,11,30.0,rec_2022-07-16
8000687a1b1d48ed86be0d4c042a3619,data/raw/AzSLD_Words_100/VAXT/8000687a1b1d48ed86be0d4c042a3619.mp4,VAXT,,unknown,12,30.0,rec_2022-11-18
89ef0ab3587c429db8845658f699444b,data/raw/AzSLD_Words_100/VAXT/89ef0ab3587c429db8845658f699444b.mp4,VAXT,,unknown,17,30.0,rec_2022-07-01
8cf6339b258e4b25a905b2c806b8bb12,data/raw/AzSLD_Words_100/VAXT/8cf6339b258e4b25a905b2c806b8bb12.mp4,VAXT,,unknown,24,30.0,rec_2022-04-26
a0b2058df27f462bb89e4aa9110dfb67,data/raw/AzSLD_Words_100/VAXT/a0b2058df27f462bb89e4aa9110dfb67.mp4,VAXT,,unknown,16,30.0,rec_2022-07-16
a6074f1dd84a4ead999f26f432e962b8,data/raw/AzSLD_Words_100/VAXT/a6074f1dd84a4ead999f26f432e962b8.mp4,VAXT,,unknown,16,30.0,rec_2023-01-17
aec5136864c84ad5808ba04b45036c37,data/raw/AzSLD_Words_100/VAXT/aec5136864c84ad5808ba04b45036c37.mp4,VAXT,,unknown,12,30.0,rec_2022-05-31
c9b22262673e417c9225e7971887fd92,data/raw/AzSLD_Words_100/VAXT/c9b22262673e417c9225e7971887fd92.mp4,VAXT,,unknown,26,30.0,rec_2022-07-20
cce10ea36ac74453a87ba69a6777fb5f,data/raw/AzSLD_Words_100/VAXT/cce10ea36ac74453a87ba69a6777fb5f.mp4,VAXT,,unknown,11,30.0,rec_2022-08-02
cd26f01faa424f858bb3c53ef64ac43e,data/raw/AzSLD_Words_100/VAXT/cd26f01faa424f858bb3c53ef64ac43e.mp4,VAXT,,unknown,9,30.0,rec_2022-06-16
cee0ae0390684adfad7ae60797814738,data/raw/AzSLD_Words_100/VAXT/cee0ae0390684adfad7ae60797814738.mp4,VAXT,,unknown,17,30.0,rec_2022-06-07
d04de2a6ed3d4cc5a711d4f7af34209e,data/raw/AzSLD_Words_100/VAXT/d04de2a6ed3d4cc5a711d4f7af34209e.mp4,VAXT,,unknown,10,30.0,rec_2022-06-13
0a3a99df87d442d3b7be225d9264eb17,data/raw/AzSLD_Words_100/VİZA/0a3a99df87d442d3b7be225d9264eb17.mp4,VİZA,,unknown,29,30.0,rec_2022-12-23
0ab128848b7045de9939aaad906d734a,data/raw/AzSLD_Words_100/VİZA/0ab128848b7045de9939aaad906d734a.mp4,VİZA,,unknown,26,30.0,rec_2022-12-20
0ff3574482564db888f7c4b0e650723d,data/raw/AzSLD_Words_100/VİZA/0ff3574482564db888f7c4b0e650723d.mp4,VİZA,,unknown,24,30.0,rec_2022-12-23
12cecf18e2ed4cca93a388112e87b5ab,data/raw/AzSLD_Words_100/VİZA/12cecf18e2ed4cca93a388112e87b5ab.mp4,VİZA,,unknown,28,30.0,rec_2022-12-27
17cea26d9c3a41b28f470ef4bec1a083,data/raw/AzSLD_Words_100/VİZA/17cea26d9c3a41b28f470ef4bec1a083.mp4,VİZA,,unknown,27,30.0,rec_2022-12-22
2f6df5a948df4bd599feb34d76304615,data/raw/AzSLD_Words_100/VİZA/2f6df5a948df4bd599feb34d76304615.mp4,VİZA,,unknown,26,30.0,rec_2022-11-02
313f1e54479e447da6a17d5321c71d4c,data/raw/AzSLD_Words_100/VİZA/313f1e54479e447da6a17d5321c71d4c.mp4,VİZA,,unknown,23,30.0,rec_2022-12-27
3f798af344e84d70bd0137a7909e5ecb,data/raw/AzSLD_Words_100/VİZA/3f798af344e84d70bd0137a7909e5ecb.mp4,VİZA,,unknown,23,30.0,rec_2022-12-27
402c6c694c944d5fa4f14252929b73cd,data/raw/AzSLD_Words_100/VİZA/402c6c694c944d5fa4f14252929b73cd.mp4,VİZA,,unknown,30,30.0,rec_2022-12-23
427dd0c496b64ee68902fb3aab35079f,data/raw/AzSLD_Words_100/VİZA/427dd0c496b64ee68902fb3aab35079f.mp4,VİZA,,unknown,30,30.0,rec_2022-12-15
5a18122ededa412e94e33936e9d9038f,data/raw/AzSLD_Words_100/VİZA/5a18122ededa412e94e33936e9d9038f.mp4,VİZA,,unknown,23,30.0,rec_2022-12-15
71ccdf78a5eb414b8e1c369ee8ef4f52,data/raw/AzSLD_Words_100/VİZA/71ccdf78a5eb414b8e1c369ee8ef4f52.mp4,VİZA,,unknown,24,30.0,rec_2022-12-20
76544d0817ea474e862148b35562e7cc,data/raw/AzSLD_Words_100/VİZA/76544d0817ea474e862148b35562e7cc.mp4,VİZA,,unknown,24,30.0,rec_2022-12-22
7890ff9c23064ffc94876e693e59f9f8,data/raw/AzSLD_Words_100/VİZA/7890ff9c23064ffc94876e693e59f9f8.mp4,VİZA,,unknown,23,30.0,rec_2022-12-28
83fc9088fa6c4c38a91c620a861192b1,data/raw/AzSLD_Words_100/VİZA/83fc9088fa6c4c38a91c620a861192b1.mp4,VİZA,,unknown,27,30.0,rec_2022-11-10
879d949cc40746599a8cacfa893340a6,data/raw/AzSLD_Words_100/VİZA/879d949cc40746599a8cacfa893340a6.mp4,VİZA,,unknown,26,30.0,rec_2022-11-05
88912fbf68cd41cd84edb25d7a1d351c,data/raw/AzSLD_Words_100/VİZA/88912fbf68cd41cd84edb25d7a1d351c.mp4,VİZA,,unknown,27,30.0,rec_2022-11-18
903944816d4d4fb284886456098364db,data/raw/AzSLD_Words_100/VİZA/903944816d4d4fb284886456098364db.mp4,VİZA,,unknown,26,30.0,rec_2022-11-19
9344e7e0b1da47b4a86c0dd5fbf0c4aa,data/raw/AzSLD_Words_100/VİZA/9344e7e0b1da47b4a86c0dd5fbf0c4aa.mp4,VİZA,,unknown,20,30.0,rec_2022-12-20
9b3bad26107f42189eef251819d6d8d5,data/raw/AzSLD_Words_100/VİZA/9b3bad26107f42189eef251819d6d8d5.mp4,VİZA,,unknown,24,30.0,rec_2022-12-23
9c36f864d48d4ae3b38b53c7d32bb6c2,data/raw/AzSLD_Words_100/VİZA/9c36f864d48d4ae3b38b53c7d32bb6c2.mp4,VİZA,,unknown,25,30.0,rec_2022-12-17
9facb3999344469d946ec98366a4074a,data/raw/AzSLD_Words_100/VİZA/9facb3999344469d946ec98366a4074a.mp4,VİZA,,unknown,26,30.0,rec_2022-11-17
a082ccc4fc38407496e180d072b53df1,data/raw/AzSLD_Words_100/VİZA/a082ccc4fc38407496e180d072b53df1.mp4,VİZA,,unknown,21,30.0,rec_2023-01-19
a333dc1a3f7544f1a3d6b39d8864b83d,data/raw/AzSLD_Words_100/VİZA/a333dc1a3f7544f1a3d6b39d8864b83d.mp4,VİZA,,unknown,24,30.0,rec_2023-01-19
ac33ef7368b64fedbdaf2b630ae51214,data/raw/AzSLD_Words_100/VİZA/ac33ef7368b64fedbdaf2b630ae51214.mp4,VİZA,,unknown,30,30.0,rec_2022-12-24
ae14c8bef8824223b6667bfe625b22dd,data/raw/AzSLD_Words_100/VİZA/ae14c8bef8824223b6667bfe625b22dd.mp4,VİZA,,unknown,22,30.0,rec_2022-11-02
af815857ed2a408cbc65be30755df715,data/raw/AzSLD_Words_100/VİZA/af815857ed2a408cbc65be30755df715.mp4,VİZA,,unknown,24,30.0,rec_2022-11-10
befc4c1b963a47bf8092f4004208724a,data/raw/AzSLD_Words_100/VİZA/befc4c1b963a47bf8092f4004208724a.mp4,VİZA,,unknown,24,30.0,rec_2022-11-02
ca62322885e94e558d0a7f956248f68f,data/raw/AzSLD_Words_100/VİZA/ca62322885e94e558d0a7f956248f68f.mp4,VİZA,,unknown,23,30.0,rec_2022-11-18
cc8ada6c39e747fcb796480aa0f7e42e,data/raw/AzSLD_Words_100/VİZA/cc8ada6c39e747fcb796480aa0f7e42e.mp4,VİZA,,unknown,25,30.0,rec_2022-12-22
cccfa8323b684e358217cb653259a3ba,data/raw/AzSLD_Words_100/VİZA/cccfa8323b684e358217cb653259a3ba.mp4,VİZA,,unknown,25,30.0,rec_2022-12-20
d65430caddcd43b38d0e8ec495104650,data/raw/AzSLD_Words_100/VİZA/d65430caddcd43b38d0e8ec495104650.mp4,VİZA,,unknown,31,30.0,rec_2022-12-17
d66ad45d328c4a2abadcdc871f543848,data/raw/AzSLD_Words_100/VİZA/d66ad45d328c4a2abadcdc871f543848.mp4,VİZA,,unknown,31,30.0,rec_2022-12-22
e061aa20bf9648f4815ea652bbb2987f,data/raw/AzSLD_Words_100/VİZA/e061aa20bf9648f4815ea652bbb2987f.mp4,VİZA,,unknown,28,30.0,rec_2022-12-24
e610ff7fe34f4b5fab03e927668624f2,data/raw/AzSLD_Words_100/VİZA/e610ff7fe34f4b5fab03e927668624f2.mp4,VİZA,,unknown,33,30.0,rec_2022-12-28
ecefdb4ddb9a42d39027f1bb1bd56d66,data/raw/AzSLD_Words_100/VİZA/ecefdb4ddb9a42d39027f1bb1bd56d66.mp4,VİZA,,unknown,32,30.0,rec_2022-12-27
ee7fe4936c35477fab66935389c91a3a,data/raw/AzSLD_Words_100/VİZA/ee7fe4936c35477fab66935389c91a3a.mp4,VİZA,,unknown,30,30.0,rec_2022-11-02
ff577f80fa7b406f8f508ca726ba24be,data/raw/AzSLD_Words_100/VİZA/ff577f80fa7b406f8f508ca726ba24be.mp4,VİZA,,unknown,20,30.0,rec_2022-11-05
15df4ff274ee41c796a78d53d764c12b,data/raw/AzSLD_Words_100/XATIRLADIM/15df4ff274ee41c796a78d53d764c12b.mp4,XATIRLADIM,,unknown,20,30.0,rec_2022-11-19
1634afe12903415fbd81b3a6d45d1b70,data/raw/AzSLD_Words_100/XATIRLADIM/1634afe12903415fbd81b3a6d45d1b70.mp4,XATIRLADIM,,unknown,23,30.0,rec_2022-12-20
211d6c7dc969414b9c3ca3422791fc98,data/raw/AzSLD_Words_100/XATIRLADIM/211d6c7dc969414b9c3ca3422791fc98.mp4,XATIRLADIM,,unknown,24,30.0,rec_2022-11-18
2143dc141720486f83853d8e7766db87,data/raw/AzSLD_Words_100/XATIRLADIM/2143dc141720486f83853d8e7766db87.mp4,XATIRLADIM,,unknown,23,30.0,rec_2022-10-26
23341f3e77a84505a280189120702d7e,data/raw/AzSLD_Words_100/XATIRLADIM/23341f3e77a84505a280189120702d7e.mp4,XATIRLADIM,,unknown,26,30.0,rec_2022-11-10
254bb426dbee4cfc9cf784d1acfff80a,data/raw/AzSLD_Words_100/XATIRLADIM/254bb426dbee4cfc9cf784d1acfff80a.mp4,XATIRLADIM,,unknown,27,30.0,rec_2022-12-23
2601115c9cfd4e65bcf6bc0616cac4fa,data/raw/AzSLD_Words_100/XATIRLADIM/2601115c9cfd4e65bcf6bc0616cac4fa.mp4,XATIRLADIM,,unknown,22,30.0,rec_2022-12-16
46f2d478f58b454e91b6d96699c13a84,data/raw/AzSLD_Words_100/XATIRLADIM/46f2d478f58b454e91b6d96699c13a84.mp4,XATIRLADIM,,unknown,24,30.0,rec_2022-12-23
4bba6da85b2d49aea88e452a9e3a6317,data/raw/AzSLD_Words_100/XATIRLADIM/4bba6da85b2d49aea88e452a9e3a6317.mp4,XATIRLADIM,,unknown,26,30.0,rec_2022-12-15
613a444be6564e019aa741afb2e94816,data/raw/AzSLD_Words_100/XATIRLADIM/613a444be6564e019aa741afb2e94816.mp4,XATIRLADIM,,unknown,23,30.0,rec_2022-12-22
9b8c11d5cb7141199bdeeed2ebeb47ed,data/raw/AzSLD_Words_100/XATIRLADIM/9b8c11d5cb7141199bdeeed2ebeb47ed.mp4,XATIRLADIM,,unknown,20,30.0,rec_2022-11-17
9bbb0dfcb493461a93599b87f3372bd0,data/raw/AzSLD_Words_100/XATIRLADIM/9bbb0dfcb493461a93599b87f3372bd0.mp4,XATIRLADIM,,unknown,27,30.0,rec_2022-12-22
a1672d94292b44e8b9336f36606e419b,data/raw/AzSLD_Words_100/XATIRLADIM/a1672d94292b44e8b9336f36606e419b.mp4,XATIRLADIM,,unknown,18,30.0,rec_2022-12-27
c09b8a1a64354327baa547366c5be184,data/raw/AzSLD_Words_100/XATIRLADIM/c09b8a1a64354327baa547366c5be184.mp4,XATIRLADIM,,unknown,25,30.0,rec_2022-12-28
cdfbe86f7e6844168127bd12660663e4,data/raw/AzSLD_Words_100/XATIRLADIM/cdfbe86f7e6844168127bd12660663e4.mp4,XATIRLADIM,,unknown,20,30.0,rec_2022-12-20
e92ecfb19d5f419881f3cfe02e823126,data/raw/AzSLD_Words_100/XATIRLADIM/e92ecfb19d5f419881f3cfe02e823126.mp4,XATIRLADIM,,unknown,23,30.0,rec_2022-11-04
ef6c5c6098474ef781e045d413a2ff38,data/raw/AzSLD_Words_100/XATIRLADIM/ef6c5c6098474ef781e045d413a2ff38.mp4,XATIRLADIM,,unknown,26,30.0,rec_2022-10-26
f2dc08ef150a484cb2f330adb09846ef,data/raw/AzSLD_Words_100/XATIRLADIM/f2dc08ef150a484cb2f330adb09846ef.mp4,XATIRLADIM,,unknown,27,30.0,rec_2022-12-24
f479cdc7c7374468980ba86c54eb0e1b,data/raw/AzSLD_Words_100/XATIRLADIM/f479cdc7c7374468980ba86c54eb0e1b.mp4,XATIRLADIM,,unknown,23,30.0,rec_2022-12-17
f70976b6fcd744aab9889b4f93d028e8,data/raw/AzSLD_Words_100/XATIRLADIM/f70976b6fcd744aab9889b4f93d028e8.mp4,XATIRLADIM,,unknown,34,30.0,rec_2022-11-22
17f70334f5674c00a9f338936ebd20fc,data/raw/AzSLD_Words_100/XEYİR/17f70334f5674c00a9f338936ebd20fc.mp4,XEYİR,,unknown,37,30.0,rec_2022-06-01
287283e103e84231b3326d89ad358bc1,data/raw/AzSLD_Words_100/XEYİR/287283e103e84231b3326d89ad358bc1.mp4,XEYİR,,unknown,29,30.0,rec_2022-07-18
2b9aac1bd3b74efc8b207119f3da41dd,data/raw/AzSLD_Words_100/XEYİR/2b9aac1bd3b74efc8b207119f3da41dd.mp4,XEYİR,,unknown,37,30.0,rec_2022-07-15
3276558b1fe6469fa3413d51e07237f0,data/raw/AzSLD_Words_100/XEYİR/3276558b1fe6469fa3413d51e07237f0.mp4,XEYİR,,unknown,36,30.0,rec_2022-07-23
458ab31439a74d3a884360967a768cc8,data/raw/AzSLD_Words_100/XEYİR/458ab31439a74d3a884360967a768cc8.mp4,XEYİR,,unknown,41,30.0,rec_2022-07-18
560e704fac7d48f38c48a1cd2bf8b2eb,data/raw/AzSLD_Words_100/XEYİR/560e704fac7d48f38c48a1cd2bf8b2eb.mp4,XEYİR,,unknown,32,30.0,rec_2022-07-18
5c69e511b3524f73900f16257b99a70e,data/raw/AzSLD_Words_100/XEYİR/5c69e511b3524f73900f16257b99a70e.mp4,XEYİR,,unknown,31,30.0,rec_2022-07-13
68919cb6946f486e95ba5c6cb2aff61f,data/raw/AzSLD_Words_100/XEYİR/68919cb6946f486e95ba5c6cb2aff61f.mp4,XEYİR,,unknown,31,30.0,rec_2022-08-02
8b22e162872e4ea6b0ea8e0f61ae96dd,data/raw/AzSLD_Words_100/XEYİR/8b22e162872e4ea6b0ea8e0f61ae96dd.mp4,XEYİR,,unknown,38,30.0,rec_2022-07-23
8ebc0e2c928a424d87a499abcea8ce73,data/raw/AzSLD_Words_100/XEYİR/8ebc0e2c928a424d87a499abcea8ce73.mp4,XEYİR,,unknown,31,30.0,rec_2022-06-13
98aa850403184706b3fddb85900b6da8,data/raw/AzSLD_Words_100/XEYİR/98aa850403184706b3fddb85900b6da8.mp4,XEYİR,,unknown,27,30.0,rec_2022-07-22
a8b0d7d653b34bbdaca1112c3745a318,data/raw/AzSLD_Words_100/XEYİR/a8b0d7d653b34bbdaca1112c3745a318.mp4,XEYİR,,unknown,37,30.0,rec_2022-06-09
b7be2f12cfa249b4ad8c1d0c37dbf1b5,data/raw/AzSLD_Words_100/XEYİR/b7be2f12cfa249b4ad8c1d0c37dbf1b5.mp4,XEYİR,,unknown,34,30.0,rec_2022-06-11
b96030cb722f4aa4ae35cb1f0b428ff4,data/raw/AzSLD_Words_100/XEYİR/b96030cb722f4aa4ae35cb1f0b428ff4.mp4,XEYİR,,unknown,34,30.0,rec_2022-07-18
befb4086fdf247a9b3baf6c17f664f51,data/raw/AzSLD_Words_100/XEYİR/befb4086fdf247a9b3baf6c17f664f51.mp4,XEYİR,,unknown,44,30.0,rec_2022-08-02
c5b3ede20f0f4a42be910405ee7cab99,data/raw/AzSLD_Words_100/XEYİR/c5b3ede20f0f4a42be910405ee7cab99.mp4,XEYİR,,unknown,26,30.0,rec_2022-07-20
d351701659fa46c993e6f4672cc21a30,data/raw/AzSLD_Words_100/XEYİR/d351701659fa46c993e6f4672cc21a30.mp4,XEYİR,,unknown,31,30.0,rec_2022-07-01
dad78c6bfd94469cb9c4be92bb4febac,data/raw/AzSLD_Words_100/XEYİR/dad78c6bfd94469cb9c4be92bb4febac.mp4,XEYİR,,unknown,33,30.0,rec_2022-07-25
dad7b9db53a44d5cb408eb2cd70e4286,data/raw/AzSLD_Words_100/XEYİR/dad7b9db53a44d5cb408eb2cd70e4286.mp4,XEYİR,,unknown,38,30.0,rec_2022-06-01
ed63f60f807540d58e444980d065d551,data/raw/AzSLD_Words_100/XEYİR/ed63f60f807540d58e444980d065d551.mp4,XEYİR,,unknown,40,30.0,rec_2022-07-15
f5cdda12f39d4e08825d0d16b4ee479a,data/raw/AzSLD_Words_100/XEYİR/f5cdda12f39d4e08825d0d16b4ee479a.mp4,XEYİR,,unknown,31,30.0,rec_2022-07-20
0256ec1eba79491f80b851da22e577ed,data/raw/AzSLD_Words_100/YAXŞI/0256ec1eba79491f80b851da22e577ed.mp4,YAXŞI,,unknown,8,30.0,rec_2022-07-13
09f2685b9fd5485781cb90f5966ba6a6,data/raw/AzSLD_Words_100/YAXŞI/09f2685b9fd5485781cb90f5966ba6a6.mp4,YAXŞI,,unknown,20,30.0,rec_2022-11-10
0bcc6429e6f344d494a53bce08d4c224,data/raw/AzSLD_Words_100/YAXŞI/0bcc6429e6f344d494a53bce08d4c224.mp4,YAXŞI,,unknown,22,30.0,rec_2022-06-03
1ee7b1728af644ab9e02827d1d79e39c,data/raw/AzSLD_Words_100/YAXŞI/1ee7b1728af644ab9e02827d1d79e39c.mp4,YAXŞI,,unknown,16,30.0,rec_2022-06-18
286039769b3f460eaf5170a6dff500f9,data/raw/AzSLD_Words_100/YAXŞI/286039769b3f460eaf5170a6dff500f9.mp4,YAXŞI,,unknown,13,30.0,rec_2022-08-02
2f6ead5570814950ab29a93f40884750,data/raw/AzSLD_Words_100/YAXŞI/2f6ead5570814950ab29a93f40884750.mp4,YAXŞI,,unknown,11,30.0,rec_2022-07-22
67bf424fb1a047029e9be728d25b6bcc,data/raw/AzSLD_Words_100/YAXŞI/67bf424fb1a047029e9be728d25b6bcc.mp4,YAXŞI,,unknown,20,30.0,rec_2022-10-26
6eabd85992404a53b99d695a75aa28dd,data/raw/AzSLD_Words_100/YAXŞI/6eabd85992404a53b99d695a75aa28dd.mp4,YAXŞI,,unknown,15,30.0,rec_2022-07-21
82ad303ab4e748178615b9a77442d865,data/raw/AzSLD_Words_100/YAXŞI/82ad303ab4e748178615b9a77442d865.mp4,YAXŞI,,unknown,13,30.0,rec_2022-08-02
9da6c3e98ea2428d9722d19a3e46e454,data/raw/AzSLD_Words_100/YAXŞI/9da6c3e98ea2428d9722d19a3e46e454.mp4,YAXŞI,,unknown,12,30.0,rec_2022-12-22
aadd0a112c6e4f8b880845bfc3187e93,data/raw/AzSLD_Words_100/YAXŞI/aadd0a112c6e4f8b880845bfc3187e93.mp4,YAXŞI,,unknown,19,30.0,rec_2022-07-23
c29681fc68e8469d92f692706db918cb,data/raw/AzSLD_Words_100/YAXŞI/c29681fc68e8469d92f692706db918cb.mp4,YAXŞI,,unknown,12,30.0,rec_2022-07-13
dabcdf281b49494497cf2b4f8b9b3122,data/raw/AzSLD_Words_100/YAXŞI/dabcdf281b49494497cf2b4f8b9b3122.mp4,YAXŞI,,unknown,10,30.0,rec_2022-11-17
decafde999fb47fd9b094070219872af,data/raw/AzSLD_Words_100/YAXŞI/decafde999fb47fd9b094070219872af.mp4,YAXŞI,,unknown,24,30.0,rec_2022-11-22
ed5a2802b5924d53a4a0572cfcd775aa,data/raw/AzSLD_Words_100/YAXŞI/ed5a2802b5924d53a4a0572cfcd775aa.mp4,YAXŞI,,unknown,16,30.0,rec_2022-07-23
f0b4f146597343388df404dcb07cdd0c,data/raw/AzSLD_Words_100/YAXŞI/f0b4f146597343388df404dcb07cdd0c.mp4,YAXŞI,,unknown,12,30.0,rec_2022-07-19
f0fc151ac1b14c7baad0bfcb460074dd,data/raw/AzSLD_Words_100/YAXŞI/f0fc151ac1b14c7baad0bfcb460074dd.mp4,YAXŞI,,unknown,18,30.0,rec_2022-11-17
f29e2fd2f0fa4caebef0fc8ff2391496,data/raw/AzSLD_Words_100/YAXŞI/f29e2fd2f0fa4caebef0fc8ff2391496.mp4,YAXŞI,,unknown,10,30.0,rec_2022-07-13
f655941ea11c42e19128a4962e68ff86,data/raw/AzSLD_Words_100/YAXŞI/f655941ea11c42e19128a4962e68ff86.mp4,YAXŞI,,unknown,7,30.0,rec_2022-08-02
002a14b7e76743798fa880c50f895673,data/raw/AzSLD_Words_100/YAŞ/002a14b7e76743798fa880c50f895673.mp4,YAŞ,,unknown,12,30.0,rec_2022-07-18
0036b8df55f247108ca5aff2670124bc,data/raw/AzSLD_Words_100/YAŞ/0036b8df55f247108ca5aff2670124bc.mp4,YAŞ,,unknown,13,30.0,rec_2023-01-19
032ddfe0572f47f49e1749ea3a19dca4,data/raw/AzSLD_Words_100/YAŞ/032ddfe0572f47f49e1749ea3a19dca4.mp4,YAŞ,,unknown,8,30.0,rec_2022-07-20
0f9e3b120d7048c7b1d88066203c40bc,data/raw/AzSLD_Words_100/YAŞ/0f9e3b120d7048c7b1d88066203c40bc.mp4,YAŞ,,unknown,15,30.0,rec_2022-07-16
48775aa2a1444dc9a2e5dfb187a53e08,data/raw/AzSLD_Words_100/YAŞ/48775aa2a1444dc9a2e5dfb187a53e08.mp4,YAŞ,,unknown,14,30.0,rec_2022-08-02
5638460fd8114dd8b048caf8cf465fdb,data/raw/AzSLD_Words_100/YAŞ/5638460fd8114dd8b048caf8cf465fdb.mp4,YAŞ,,unknown,15,30.0,rec_2022-07-16
5f48ccd7ae83415180b12e7470616ff5,data/raw/AzSLD_Words_100/YAŞ/5f48ccd7ae83415180b12e7470616ff5.mp4,YAŞ,,unknown,16,30.0,rec_2022-07-23
6878fda1d90a4d638a5e0e2adde66d94,data/raw/AzSLD_Words_100/YAŞ/6878fda1d90a4d638a5e0e2adde66d94.mp4,YAŞ,,unknown,9,30.0,rec_2022-07-18
6db6dfdfd90a485685f41300592b38c4,data/raw/AzSLD_Words_100/YAŞ/6db6dfdfd90a485685f41300592b38c4.mp4,YAŞ,,unknown,5,30.0,rec_2022-07-01
78f2f664d07d4b169f8be154e15483e7,data/raw/AzSLD_Words_100/YAŞ/78f2f664d07d4b169f8be154e15483e7.mp4,YAŞ,,unknown,14,30.0,rec_2022-07-02
7efe3e5209a0478c978fbcf1dae20145,data/raw/AzSLD_Words_100/YAŞ/7efe3e5209a0478c978fbcf1dae20145.mp4,YAŞ,,unknown,8,30.0,rec_2022-08-01
8568d0d8300a4687aec22f346add5651,data/raw/AzSLD_Words_100/YAŞ/8568d0d8300a4687aec22f346add5651.mp4,YAŞ,,unknown,10,30.0,rec_2022-07-20
a80857eeb58643cd83f230f5bb61d256,data/raw/AzSLD_Words_100/YAŞ/a80857eeb58643cd83f230f5bb61d256.mp4,YAŞ,,unknown,26,30.0,rec_2022-05-25
ad5ec3291f8c42409bb677ee6d1bd2a1,data/raw/AzSLD_Words_100/YAŞ/ad5ec3291f8c42409bb677ee6d1bd2a1.mp4,YAŞ,,unknown,15,30.0,rec_2022-07-25
b042c5794a1c4a77ac333cb896a2425b,data/raw/AzSLD_Words_100/YAŞ/b042c5794a1c4a77ac333cb896a2425b.mp4,YAŞ,,unknown,20,30.0,rec_2022-07-18
b87b8c5ad9d74fa2b1f42159b373cf93,data/raw/AzSLD_Words_100/YAŞ/b87b8c5ad9d74fa2b1f42159b373cf93.mp4,YAŞ,,unknown,20,30.0,rec_2022-12-27
c69e2ed745da412c9c7e9e5fb06a3379,data/raw/AzSLD_Words_100/YAŞ/c69e2ed745da412c9c7e9e5fb06a3379.mp4,YAŞ,,unknown,18,30.0,rec_2022-07-19
cccc16caa89344a583c250417bfdcb93,data/raw/AzSLD_Words_100/YAŞ/cccc16caa89344a583c250417bfdcb93.mp4,YAŞ,,unknown,9,30.0,rec_2022-07-13
ceeeed5f43a347e2a6b9ce1c73091045,data/raw/AzSLD_Words_100/YAŞ/ceeeed5f43a347e2a6b9ce1c73091045.mp4,YAŞ,,unknown,18,30.0,rec_2022-06-11
dc7304b1c22d406db2f1253b5697d4f7,data/raw/AzSLD_Words_100/YAŞ/dc7304b1c22d406db2f1253b5697d4f7.mp4,YAŞ,,unknown,10,30.0,rec_2022-07-22
e7159606f0624dc6be1345229b8fb0d5,data/raw/AzSLD_Words_100/YAŞ/e7159606f0624dc6be1345229b8fb0d5.mp4,YAŞ,,unknown,10,30.0,rec_2022-05-24
f306ff08e06b452a8982f8fa82af5d2e,data/raw/AzSLD_Words_100/YAŞ/f306ff08e06b452a8982f8fa82af5d2e.mp4,YAŞ,,unknown,10,30.0,rec_2022-08-01
fe1d9d131cd644ab98d4ebf04c569173,data/raw/AzSLD_Words_100/YAŞ/fe1d9d131cd644ab98d4ebf04c569173.mp4,YAŞ,,unknown,15,30.0,rec_2022-11-19
013f9c1429da48cd9ffde5e440955b5e,data/raw/AzSLD_Words_100/YAŞAMAQ/013f9c1429da48cd9ffde5e440955b5e.mp4,YAŞAMAQ,,unknown,34,30.0,rec_2022-11-10
061daf05ce0a448ea1f2db2b66b85099,data/raw/AzSLD_Words_100/YAŞAMAQ/061daf05ce0a448ea1f2db2b66b85099.mp4,YAŞAMAQ,,unknown,25,30.0,rec_2022-05-24
19fd5bea589a4e3981d1c513183656c4,data/raw/AzSLD_Words_100/YAŞAMAQ/19fd5bea589a4e3981d1c513183656c4.mp4,YAŞAMAQ,,unknown,33,30.0,rec_2022-05-24
1b64bb8f2bc14d06a7d81d7e528c2255,data/raw/AzSLD_Words_100/YAŞAMAQ/1b64bb8f2bc14d06a7d81d7e528c2255.mp4,YAŞAMAQ,,unknown,19,30.0,rec_2022-11-01
264685120d7b4bd4987117ae0e467d57,data/raw/AzSLD_Words_100/YAŞAMAQ/264685120d7b4bd4987117ae0e467d57.mp4,YAŞAMAQ,,unknown,42,30.0,rec_2022-12-22
2fed188a04494e21859c26d9113d7b01,data/raw/AzSLD_Words_100/YAŞAMAQ/2fed188a04494e21859c26d9113d7b01.mp4,YAŞAMAQ,,unknown,26,30.0,rec_2022-08-02
3108f18aa9b249d7a67de9c513737fdb,data/raw/AzSLD_Words_100/YAŞAMAQ/3108f18aa9b249d7a67de9c513737fdb.mp4,YAŞAMAQ,,unknown,42,30.0,rec_2022-08-01
5419d868f0a642c28d7819b020a2df0f,data/raw/AzSLD_Words_100/YAŞAMAQ/5419d868f0a642c28d7819b020a2df0f.mp4,YAŞAMAQ,,unknown,34,30.0,rec_2022-07-18
603a2bd4ca1c44b4973125808bf5adec,data/raw/AzSLD_Words_100/YAŞAMAQ/603a2bd4ca1c44b4973125808bf5adec.mp4,YAŞAMAQ,,unknown,64,30.0,rec_2022-05-21
633a9b0bdb1e4221aaa45c3457f8ff08,data/raw/AzSLD_Words_100/YAŞAMAQ/633a9b0bdb1e4221aaa45c3457f8ff08.mp4,YAŞAMAQ,,unknown,40,30.0,rec_2022-05-25
6a413e0a71df4888bad273498fef7b06,data/raw/AzSLD_Words_100/YAŞAMAQ/6a413e0a71df4888bad273498fef7b06.mp4,YAŞAMAQ,,unknown,32,30.0,rec_2022-12-28
6bceb0c649024e7a81f26ddd10724191,data/raw/AzSLD_Words_100/YAŞAMAQ/6bceb0c649024e7a81f26ddd10724191.mp4,YAŞAMAQ,,unknown,33,30.0,rec_2022-07-02
6c7fae6c6adb4a0e9338f865edba6464,data/raw/AzSLD_Words_100/YAŞAMAQ/6c7fae6c6adb4a0e9338f865edba6464.mp4,YAŞAMAQ,,unknown,17,30.0,rec_2022-07-21
6cb5abe6300b463db0cd6804c855a8b2,data/raw/AzSLD_Words_100/YAŞAMAQ/6cb5abe6300b463db0cd6804c855a8b2.mp4,YAŞAMAQ,,unknown,20,30.0,rec_2022-07-20
701d936f51ef416f81df123fc3659823,data/raw/AzSLD_Words_100/YAŞAMAQ/701d936f51ef416f81df123fc3659823.mp4,YAŞAMAQ,,unknown,33,30.0,rec_2022-07-22
7231ee5eac0341ca81db0c655ab7652f,data/raw/AzSLD_Words_100/YAŞAMAQ/7231ee5eac0341ca81db0c655ab7652f.mp4,YAŞAMAQ,,unknown,42,30.0,rec_2022-07-19
743462df7620499bb19cad67796bc475,data/raw/AzSLD_Words_100/YAŞAMAQ/743462df7620499bb19cad67796bc475.mp4,YAŞAMAQ,,unknown,24,30.0,rec_2022-07-13
a23497bc56d94600bdd317fbf196b15f,data/raw/AzSLD_Words_100/YAŞAMAQ/a23497bc56d94600bdd317fbf196b15f.mp4,YAŞAMAQ,,unknown,28,30.0,rec_2022-07-25
a437899024cd40e89f772e6135120755,data/raw/AzSLD_Words_100/YAŞAMAQ/a437899024cd40e89f772e6135120755.mp4,YAŞAMAQ,,unknown,19,30.0,rec_2022-07-18
a77e32f2d7314a35b3a228635e3d7a80,data/raw/AzSLD_Words_100/YAŞAMAQ/a77e32f2d7314a35b3a228635e3d7a80.mp4,YAŞAMAQ,,unknown,35,30.0,rec_2022-07-18
adc251592d6545caba859e0da2e10802,data/raw/AzSLD_Words_100/YAŞAMAQ/adc251592d6545caba859e0da2e10802.mp4,YAŞAMAQ,,unknown,29,30.0,rec_2022-07-18
afe8642a5dab4e56b2e3d9cc9a8a6487,data/raw/AzSLD_Words_100/YAŞAMAQ/afe8642a5dab4e56b2e3d9cc9a8a6487.mp4,YAŞAMAQ,,unknown,37,30.0,rec_2022-06-16
b4e116aab2b24afd8a164e9d6b66a215,data/raw/AzSLD_Words_100/YAŞAMAQ/b4e116aab2b24afd8a164e9d6b66a215.mp4,YAŞAMAQ,,unknown,34,30.0,rec_2022-07-23
cbec958fcce04e22b0806369d00b81a4,data/raw/AzSLD_Words_100/YAŞAMAQ/cbec958fcce04e22b0806369d00b81a4.mp4,YAŞAMAQ,,unknown,26,30.0,rec_2022-07-21
cd867bf8ab81469e8040e7e97a6b8478,data/raw/AzSLD_Words_100/YAŞAMAQ/cd867bf8ab81469e8040e7e97a6b8478.mp4,YAŞAMAQ,,unknown,28,30.0,rec_2022-11-17
d66dcd3aa57f47a587df1510e608b0b9,data/raw/AzSLD_Words_100/YAŞAMAQ/d66dcd3aa57f47a587df1510e608b0b9.mp4,YAŞAMAQ,,unknown,38,30.0,rec_2022-06-11
da69680a65a24e8f9dff3a3a3446245e,data/raw/AzSLD_Words_100/YAŞAMAQ/da69680a65a24e8f9dff3a3a3446245e.mp4,YAŞAMAQ,,unknown,25,30.0,rec_2022-05-31
e516f34fcfbe4cac877b0598415697e2,data/raw/AzSLD_Words_100/YAŞAMAQ/e516f34fcfbe4cac877b0598415697e2.mp4,YAŞAMAQ,,unknown,28,30.0,rec_2022-07-02
efeacbf04bfc4b839e96a1d642d59fa5,data/raw/AzSLD_Words_100/YAŞAMAQ/efeacbf04bfc4b839e96a1d642d59fa5.mp4,YAŞAMAQ,,unknown,24,30.0,rec_2022-07-22
f17daf1213fa40d9aca5c5d8ba527f75,data/raw/AzSLD_Words_100/YAŞAMAQ/f17daf1213fa40d9aca5c5d8ba527f75.mp4,YAŞAMAQ,,unknown,45,30.0,rec_2022-05-25
f92ad0041b674033a05fe140ca2d01b6,data/raw/AzSLD_Words_100/YAŞAMAQ/f92ad0041b674033a05fe140ca2d01b6.mp4,YAŞAMAQ,,unknown,36,30.0,rec_2022-05-24
fb3fb31a109a44f49b5d0acfa5954c2e,data/raw/AzSLD_Words_100/YAŞAMAQ/fb3fb31a109a44f49b5d0acfa5954c2e.mp4,YAŞAMAQ,,unknown,30,30.0,rec_2022-06-13
16eb881659444496a84cc878533edff6,data/raw/AzSLD_Words_100/YEMƏK/16eb881659444496a84cc878533edff6.mp4,YEMƏK,,unknown,19,30.0,rec_2022-07-19
238cfc0e61744b46b5bc4893c1b584fd,data/raw/AzSLD_Words_100/YEMƏK/238cfc0e61744b46b5bc4893c1b584fd.mp4,YEMƏK,,unknown,31,30.0,rec_2022-07-23
3529ad1737204f9ebacea8c11a0e16ea,data/raw/AzSLD_Words_100/YEMƏK/3529ad1737204f9ebacea8c11a0e16ea.mp4,YEMƏK,,unknown,9,30.0,rec_2022-06-13
36802b2aee3f4c3ead07959293578fbc,data/raw/AzSLD_Words_100/YEMƏK/36802b2aee3f4c3ead07959293578fbc.mp4,YEMƏK,,unknown,17,30.0,rec_2022-07-18
372b93feb02f432b839d0315b0f2d45b,data/raw/AzSLD_Words_100/YEMƏK/372b93feb02f432b839d0315b0f2d45b.mp4,YEMƏK,,unknown,21,30.0,rec_2022-07-25
3cc0cfcb763b4001a8ad0ec0cae87394,data/raw/AzSLD_Words_100/YEMƏK/3cc0cfcb763b4001a8ad0ec0cae87394.mp4,YEMƏK,,unknown,18,30.0,rec_2022-08-02
3e93a076b7fb4a3492789ed3a206e3b0,data/raw/AzSLD_Words_100/YEMƏK/3e93a076b7fb4a3492789ed3a206e3b0.mp4,YEMƏK,,unknown,16,30.0,rec_2022-07-16
41b49ed02a2842b8b0a2d61e02d12441,data/raw/AzSLD_Words_100/YEMƏK/41b49ed02a2842b8b0a2d61e02d12441.mp4,YEMƏK,,unknown,17,30.0,rec_2022-07-18
43f76011cf874cb5a68e95f3705c2305,data/raw/AzSLD_Words_100/YEMƏK/43f76011cf874cb5a68e95f3705c2305.mp4,YEMƏK,,unknown,27,30.0,rec_2022-07-01
4fdfddf964424282912714a0c8d53aed,data/raw/AzSLD_Words_100/YEMƏK/4fdfddf964424282912714a0c8d53aed.mp4,YEMƏK,,unknown,25,30.0,rec_2022-05-25
527699a4067f406da6f885744f6fd431,data/raw/AzSLD_Words_100/YEMƏK/527699a4067f406da6f885744f6fd431.mp4,YEMƏK,,unknown,11,30.0,rec_2022-07-25
55e94d671f6c4e01a53b1d68038f6a34,data/raw/AzSLD_Words_100/YEMƏK/55e94d671f6c4e01a53b1d68038f6a34.mp4,YEMƏK,,unknown,4,30.0,rec_2022-07-25
5c47182619184175af03d1044bdbf6bd,data/raw/AzSLD_Words_100/YEMƏK/5c47182619184175af03d1044bdbf6bd.mp4,YEMƏK,,unknown,24,30.0,rec_2022-06-03
67a50d5370994449b38a9589e432eb16,data/raw/AzSLD_Words_100/YEMƏK/67a50d5370994449b38a9589e432eb16.mp4,YEMƏK,,unknown,19,30.0,rec_2022-07-21
6e2af91f4fe34bc0beaf699a4218247a,data/raw/AzSLD_Words_100/YEMƏK/6e2af91f4fe34bc0beaf699a4218247a.mp4,YEMƏK,,unknown,15,30.0,rec_2022-07-19
76810dcbe8e24baf8fc6bdce875c6173,data/raw/AzSLD_Words_100/YEMƏK/76810dcbe8e24baf8fc6bdce875c6173.mp4,YEMƏK,,unknown,20,30.0,rec_2022-05-31
788f4961e6e74c59baed311b50f019ec,data/raw/AzSLD_Words_100/YEMƏK/788f4961e6e74c59baed311b50f019ec.mp4,YEMƏK,,unknown,10,30.0,rec_2022-07-25
7de3cb6f22ce49568a3c257183d2f1fc,data/raw/AzSLD_Words_100/YEMƏK/7de3cb6f22ce49568a3c257183d2f1fc.mp4,YEMƏK,,unknown,11,30.0,rec_2022-07-13
95ffa69033154f4c9d4c30ffe17bec92,data/raw/AzSLD_Words_100/YEMƏK/95ffa69033154f4c9d4c30ffe17bec92.mp4,YEMƏK,,unknown,20,30.0,rec_2022-06-03
97f8b5b373b749d78755aed6e1810918,data/raw/AzSLD_Words_100/YEMƏK/97f8b5b373b749d78755aed6e1810918.mp4,YEMƏK,,unknown,13,30.0,rec_2022-07-22
99977f761ed2418ea7a011f769058614,data/raw/AzSLD_Words_100/YEMƏK/99977f761ed2418ea7a011f769058614.mp4,YEMƏK,,unknown,11,30.0,rec_2022-07-02
9b27f2dad55e45cdbce46bea7723ffa9,data/raw/AzSLD_Words_100/YEMƏK/9b27f2dad55e45cdbce46bea7723ffa9.mp4,YEMƏK,,unknown,15,30.0,rec_2022-07-23
a418cfb25503434290cb54dcd7438009,data/raw/AzSLD_Words_100/YEMƏK/a418cfb25503434290cb54dcd7438009.mp4,YEMƏK,,unknown,19,30.0,rec_2022-06-02
aac68d6ceefa43199aebdd136378a312,data/raw/AzSLD_Words_100/YEMƏK/aac68d6ceefa43199aebdd136378a312.mp4,YEMƏK,,unknown,9,30.0,rec_2022-07-22
acfbf573b6e0471fbcd6021e8188c6cb,data/raw/AzSLD_Words_100/YEMƏK/acfbf573b6e0471fbcd6021e8188c6cb.mp4,YEMƏK,,unknown,19,30.0,rec_2022-07-14
b1a1d5d10a9f45479e64cefbfbeeca4f,data/raw/AzSLD_Words_100/YEMƏK/b1a1d5d10a9f45479e64cefbfbeeca4f.mp4,YEMƏK,,unknown,19,30.0,rec_2022-07-23
bf518cea61944e3b8195dbe55347889a,data/raw/AzSLD_Words_100/YEMƏK/bf518cea61944e3b8195dbe55347889a.mp4,YEMƏK,,unknown,29,30.0,rec_2022-05-31
c538e25e629e4a629e3ba8e6412fa5c4,data/raw/AzSLD_Words_100/YEMƏK/c538e25e629e4a629e3ba8e6412fa5c4.mp4,YEMƏK,,unknown,22,30.0,rec_2022-06-11
d215c42f88ab4225a40101efdaf4bb56,data/raw/AzSLD_Words_100/YEMƏK/d215c42f88ab4225a40101efdaf4bb56.mp4,YEMƏK,,unknown,17,30.0,rec_2022-08-02
e43e26f5c1e7498082762a71430aefc0,data/raw/AzSLD_Words_100/YEMƏK/e43e26f5c1e7498082762a71430aefc0.mp4,YEMƏK,,unknown,15,30.0,rec_2022-07-16
e5b5cade309d4beea88465f68969d019,data/raw/AzSLD_Words_100/YEMƏK/e5b5cade309d4beea88465f68969d019.mp4,YEMƏK,,unknown,19,30.0,rec_2022-06-02
eb46a630ecbe48ba857f20d96d1e1754,data/raw/AzSLD_Words_100/YEMƏK/eb46a630ecbe48ba857f20d96d1e1754.mp4,YEMƏK,,unknown,19,30.0,rec_2022-07-22
ec7c6177eb5945fabf9061fbf207c5f4,data/raw/AzSLD_Words_100/YEMƏK/ec7c6177eb5945fabf9061fbf207c5f4.mp4,YEMƏK,,unknown,13,30.0,rec_2022-07-21
ee0f26ca23d5475c8e09ea86ad23eefd,data/raw/AzSLD_Words_100/YEMƏK/ee0f26ca23d5475c8e09ea86ad23eefd.mp4,YEMƏK,,unknown,8,30.0,rec_2022-07-18
f26dd1e0ed7c47e79fce404533720591,data/raw/AzSLD_Words_100/YEMƏK/f26dd1e0ed7c47e79fce404533720591.mp4,YEMƏK,,unknown,13,30.0,rec_2022-06-02
f99da04a769f425b9f0c1474a141fbba,data/raw/AzSLD_Words_100/YEMƏK/f99da04a769f425b9f0c1474a141fbba.mp4,YEMƏK,,unknown,18,30.0,rec_2022-07-21
0c8de59a518e4955b4b803d08fa428db,data/raw/AzSLD_Words_100/YENİ/0c8de59a518e4955b4b803d08fa428db.mp4,YENİ,,unknown,18,30.0,rec_2022-06-02
1083953bc8c74ccbae429aa8e13867f8,data/raw/AzSLD_Words_100/YENİ/1083953bc8c74ccbae429aa8e13867f8.mp4,YENİ,,unknown,16,30.0,rec_2022-07-13
10f71affa6254bf8b1729707e1395c05,data/raw/AzSLD_Words_100/YENİ/10f71affa6254bf8b1729707e1395c05.mp4,YENİ,,unknown,16,30.0,rec_2022-07-21
2d01af517c40407abdf0a3ea0abdaf05,data/raw/AzSLD_Words_100/YENİ/2d01af517c40407abdf0a3ea0abdaf05.mp4,YENİ,,unknown,13,30.0,rec_2022-07-18
378f24bcd7b549e792f84d884464b374,data/raw/AzSLD_Words_100/YENİ/378f24bcd7b549e792f84d884464b374.mp4,YENİ,,unknown,18,30.0,rec_2022-07-14
37fd23761bc0401d9cfb84bd45f910c2,data/raw/AzSLD_Words_100/YENİ/37fd23761bc0401d9cfb84bd45f910c2.mp4,YENİ,,unknown,18,30.0,rec_2022-06-11
3fc4076c81cb46b7866095c93e8798d5,data/raw/AzSLD_Words_100/YENİ/3fc4076c81cb46b7866095c93e8798d5.mp4,YENİ,,unknown,15,30.0,rec_2022-07-14
52d131614bc649c2a514af6d7f69231a,data/raw/AzSLD_Words_100/YENİ/52d131614bc649c2a514af6d7f69231a.mp4,YENİ,,unknown,11,30.0,rec_2022-07-22
689407bcaf144a678a67fa9ce44765e0,data/raw/AzSLD_Words_100/YENİ/689407bcaf144a678a67fa9ce44765e0.mp4,YENİ,,unknown,8,30.0,rec_2022-07-23
6c329669d3644f3daec0fc09c4d6760b,data/raw/AzSLD_Words_100/YENİ/6c329669d3644f3daec0fc09c4d6760b.mp4,YENİ,,unknown,17,30.0,rec_2022-07-18
6d3030029cce4377bb69d166f750cfab,data/raw/AzSLD_Words_100/YENİ/6d3030029cce4377bb69d166f750cfab.mp4,YENİ,,unknown,16,30.0,rec_2022-11-10
74f69fbf1d564a76abc003b5270c4606,data/raw/AzSLD_Words_100/YENİ/74f69fbf1d564a76abc003b5270c4606.mp4,YENİ,,unknown,17,30.0,rec_2022-11-19
946a58d4e0914e8aba3875698f54aa64,data/raw/AzSLD_Words_100/YENİ/946a58d4e0914e8aba3875698f54aa64.mp4,YENİ,,unknown,21,30.0,rec_2022-06-02
9ba57a7277c84dca83448adde2617342,data/raw/AzSLD_Words_100/YENİ/9ba57a7277c84dca83448adde2617342.mp4,YENİ,,unknown,14,30.0,rec_2022-06-02
b86a71e5004d48edae4005b7da49df35,data/raw/AzSLD_Words_100/YENİ/b86a71e5004d48edae4005b7da49df35.mp4,YENİ,,unknown,21,30.0,rec_2022-07-23
cc50460941e040a59caf0f6d3ca041c5,data/raw/AzSLD_Words_100/YENİ/cc50460941e040a59caf0f6d3ca041c5.mp4,YENİ,,unknown,24,30.0,rec_2022-07-23
e488a9475bb447c2a96bd67a88fb736a,data/raw/AzSLD_Words_100/YENİ/e488a9475bb447c2a96bd67a88fb736a.mp4,YENİ,,unknown,22,30.0,rec_2022-07-25
ebe884caf8404c62809d843c188aa2ef,data/raw/AzSLD_Words_100/YENİ/ebe884caf8404c62809d843c188aa2ef.mp4,YENİ,,unknown,20,30.0,rec_2022-08-02
fa26f591aadf439390403999cf7a669a,data/raw/AzSLD_Words_100/YENİ/fa26f591aadf439390403999cf7a669a.mp4,YENİ,,unknown,12,30.0,rec_2022-07-18
00e1f40de5cc46cb909ba97b1870fd6d,data/raw/AzSLD_Words_100/YOX/00e1f40de5cc46cb909ba97b1870fd6d.mp4,YOX,,unknown,29,30.0,rec_2022-05-25
12773b4f56834432aee2151fc592e835,data/raw/AzSLD_Words_100/YOX/12773b4f56834432aee2151fc592e835.mp4,YOX,,unknown,19,30.0,rec_2022-07-22
1777d57ef9744d8496b5be2ad45cc340,data/raw/AzSLD_Words_100/YOX/1777d57ef9744d8496b5be2ad45cc340.mp4,YOX,,unknown,17,30.0,rec_2022-07-13
18af027690594d2d8eebbf4291eb73a7,data/raw/AzSLD_Words_100/YOX/18af027690594d2d8eebbf4291eb73a7.mp4,YOX,,unknown,25,30.0,rec_2022-07-18
1d50b61ddfe44fafabbd0ec03bb1f8cb,data/raw/AzSLD_Words_100/YOX/1d50b61ddfe44fafabbd0ec03bb1f8cb.mp4,YOX,,unknown,30,30.0,rec_2022-05-31
1dbe18216df145bf9897fa92daf68c7b,data/raw/AzSLD_Words_100/YOX/1dbe18216df145bf9897fa92daf68c7b.mp4,YOX,,unknown,26,30.0,rec_2022-05-31
1f8a8fdfe2f44074b81d136a300505ff,data/raw/AzSLD_Words_100/YOX/1f8a8fdfe2f44074b81d136a300505ff.mp4,YOX,,unknown,30,30.0,rec_2022-05-25
21a5f2165f154006b342e03817faec6b,data/raw/AzSLD_Words_100/YOX/21a5f2165f154006b342e03817faec6b.mp4,YOX,,unknown,21,30.0,rec_2022-07-21
22ae27848c8f4d419741edf63604346f,data/raw/AzSLD_Words_100/YOX/22ae27848c8f4d419741edf63604346f.mp4,YOX,,unknown,22,30.0,rec_2022-05-25
2cec51f9db90479e989851c84d142d37,data/raw/AzSLD_Words_100/YOX/2cec51f9db90479e989851c84d142d37.mp4,YOX,,unknown,18,30.0,rec_2022-07-22
36ca645cc6a64eeb9d96c85130406756,data/raw/AzSLD_Words_100/YOX/36ca645cc6a64eeb9d96c85130406756.mp4,YOX,,unknown,23,30.0,rec_2022-07-18
37769c34535745e68da88638f0d58bab,data/raw/AzSLD_Words_100/YOX/37769c34535745e68da88638f0d58bab.mp4,YOX,,unknown,20,30.0,rec_2022-07-18
3ffcd5dde8cd4699a8000087f3af0104,data/raw/AzSLD_Words_100/YOX/3ffcd5dde8cd4699a8000087f3af0104.mp4,YOX,,unknown,30,30.0,rec_2022-05-25
4930cc2fe2dc4eada91040ddb859f61e,data/raw/AzSLD_Words_100/YOX/4930cc2fe2dc4eada91040ddb859f61e.mp4,YOX,,unknown,31,30.0,rec_2022-07-18
5953715fc0e24dc1a768d9d33ef4fecb,data/raw/AzSLD_Words_100/YOX/5953715fc0e24dc1a768d9d33ef4fecb.mp4,YOX,,unknown,24,30.0,rec_2022-07-20
5f4e46bf95d243c3aec7733c5fc6521b,data/raw/AzSLD_Words_100/YOX/5f4e46bf95d243c3aec7733c5fc6521b.mp4,YOX,,unknown,26,30.0,rec_2022-07-22
618a9349a4d14a7daf323c4d254703e7,data/raw/AzSLD_Words_100/YOX/618a9349a4d14a7daf323c4d254703e7.mp4,YOX,,unknown,18,30.0,rec_2022-07-18
68c18f9b5c924520b91315c6add65107,data/raw/AzSLD_Words_100/YOX/68c18f9b5c924520b91315c6add65107.mp4,YOX,,unknown,19,30.0,rec_2022-07-15
73c1a11454764f1cb53814e188a36dd7,data/raw/AzSLD_Words_100/YOX/73c1a11454764f1cb53814e188a36dd7.mp4,YOX,,unknown,29,30.0,rec_2022-07-19
7643396a96c3418ca68832e7448b6eb6,data/raw/AzSLD_Words_100/YOX/7643396a96c3418ca68832e7448b6eb6.mp4,YOX,,unknown,28,30.0,rec_2022-05-31
764f5014ba12494b85438e5939830306,data/raw/AzSLD_Words_100/YOX/764f5014ba12494b85438e5939830306.mp4,YOX,,unknown,33,30.0,rec_2022-07-16
84dadafe10be47efa20c4d6c6f2d7807,data/raw/AzSLD_Words_100/YOX/84dadafe10be47efa20c4d6c6f2d7807.mp4,YOX,,unknown,25,30.0,rec_2022-05-26
8bf75751cfcf4135834026a590a88442,data/raw/AzSLD_Words_100/YOX/8bf75751cfcf4135834026a590a88442.mp4,YOX,,unknown,37,30.0,rec_2022-05-25
abdc41697ecc47089c4fe0fcff7b2082,data/raw/AzSLD_Words_100/YOX/abdc41697ecc47089c4fe0fcff7b2082.mp4,YOX,,unknown,35,30.0,rec_2022-06-11
bd162f72bc42482592ba7ca3a8933c72,data/raw/AzSLD_Words_100/YOX/bd162f72bc42482592ba7ca3a8933c72.mp4,YOX,,unknown,23,30.0,rec_2022-07-02
bfa4d6aa783b45e196e6e1169d3ff4d3,data/raw/AzSLD_Words_100/YOX/bfa4d6aa783b45e196e6e1169d3ff4d3.mp4,YOX,,unknown,22,30.0,rec_2022-08-01
c58999577abc4869907c5bd4a26e5c7a,data/raw/AzSLD_Words_100/YOX/c58999577abc4869907c5bd4a26e5c7a.mp4,YOX,,unknown,22,30.0,rec_2022-07-22
c624cd16b3e34a70afe2c2559830b401,data/raw/AzSLD_Words_100/YOX/c624cd16b3e34a70afe2c2559830b401.mp4,YOX,,unknown,25,30.0,rec_2022-06-11
cdd0979edcc34942807956e0720d3bcf,data/raw/AzSLD_Words_100/YOX/cdd0979edcc34942807956e0720d3bcf.mp4,YOX,,unknown,26,30.0,rec_2022-07-15
d2d71b8a9f2441dfbf86496443d58ab5,data/raw/AzSLD_Words_100/YOX/d2d71b8a9f2441dfbf86496443d58ab5.mp4,YOX,,unknown,20,30.0,rec_2022-06-13
d37c3f6af4064f3994d20c076e8a79a9,data/raw/AzSLD_Words_100/YOX/d37c3f6af4064f3994d20c076e8a79a9.mp4,YOX,,unknown,29,30.0,rec_2022-08-01
d4889ddb66ec44889df163ceaf4ea6ee,data/raw/AzSLD_Words_100/YOX/d4889ddb66ec44889df163ceaf4ea6ee.mp4,YOX,,unknown,36,30.0,rec_2022-07-21
d7a1bfca9296448097551f180f2514f8,data/raw/AzSLD_Words_100/YOX/d7a1bfca9296448097551f180f2514f8.mp4,YOX,,unknown,39,30.0,rec_2022-07-21
d93dcc5e6a5d498fbcab6af5ade0b104,data/raw/AzSLD_Words_100/YOX/d93dcc5e6a5d498fbcab6af5ade0b104.mp4,YOX,,unknown,19,30.0,rec_2022-07-15
de422d0183834e4faf6a47380ab96473,data/raw/AzSLD_Words_100/YOX/de422d0183834e4faf6a47380ab96473.mp4,YOX,,unknown,42,30.0,rec_2022-07-21
e65eb196202b4859998448c4f0c9c82f,data/raw/AzSLD_Words_100/YOX/e65eb196202b4859998448c4f0c9c82f.mp4,YOX,,unknown,30,30.0,rec_2022-05-31
ea5c969af647436db1c9b85e5cabf572,data/raw/AzSLD_Words_100/YOX/ea5c969af647436db1c9b85e5cabf572.mp4,YOX,,unknown,22,30.0,rec_2022-07-16
f9541498c0eb40f88c0d2315d8336c45,data/raw/AzSLD_Words_100/YOX/f9541498c0eb40f88c0d2315d8336c45.mp4,YOX,,unknown,20,30.0,rec_2022-07-02
fa9e3bced3ac4b85aab2559284ef810a,data/raw/AzSLD_Words_100/YOX/fa9e3bced3ac4b85aab2559284ef810a.mp4,YOX,,unknown,18,30.0,rec_2022-07-29
fd457de4f3d8450497c8b95164e2bfda,data/raw/AzSLD_Words_100/YOX/fd457de4f3d8450497c8b95164e2bfda.mp4,YOX,,unknown,28,30.0,rec_2022-08-02
fd83963c36e54de68c9ee9fbd32c6915,data/raw/AzSLD_Words_100/YOX/fd83963c36e54de68c9ee9fbd32c6915.mp4,YOX,,unknown,31,30.0,rec_2022-05-25
ff4b0a569cc9471d866c0d8e31554e06,data/raw/AzSLD_Words_100/YOX/ff4b0a569cc9471d866c0d8e31554e06.mp4,YOX,,unknown,19,30.0,rec_2022-07-02
1039bbbe0e8e4f8d83be048208c68459,data/raw/AzSLD_Words_100/ÇOX/1039bbbe0e8e4f8d83be048208c68459.mp4,ÇOX,,unknown,26,30.0,rec_2022-11-22
11f66b7b4d5c4f5d890563af33306596,data/raw/AzSLD_Words_100/ÇOX/11f66b7b4d5c4f5d890563af33306596.mp4,ÇOX,,unknown,23,30.0,rec_2022-06-01
12fd59cc8d0848169b705f3b850d56a1,data/raw/AzSLD_Words_100/ÇOX/12fd59cc8d0848169b705f3b850d56a1.mp4,ÇOX,,unknown,11,30.0,rec_2022-07-15
2137cc66c20544f9ac7eb6d9988a386d,data/raw/AzSLD_Words_100/ÇOX/2137cc66c20544f9ac7eb6d9988a386d.mp4,ÇOX,,unknown,15,30.0,rec_2022-06-13
22fa56652cd64fffa1aeec7dc36ebb9a,data/raw/AzSLD_Words_100/ÇOX/22fa56652cd64fffa1aeec7dc36ebb9a.mp4,ÇOX,,unknown,28,30.0,rec_2022-10-26
27c703be0b124fe3b2229239eef32cfe,data/raw/AzSLD_Words_100/ÇOX/27c703be0b124fe3b2229239eef32cfe.mp4,ÇOX,,unknown,14,30.0,rec_2022-07-20
33087fa1a35b40789cf5b1048ff1b39c,data/raw/AzSLD_Words_100/ÇOX/33087fa1a35b40789cf5b1048ff1b39c.mp4,ÇOX,,unknown,15,30.0,rec_2022-08-02
3fac07dcf9234ce58f146495b3b08203,data/raw/AzSLD_Words_100/ÇOX/3fac07dcf9234ce58f146495b3b08203.mp4,ÇOX,,unknown,12,30.0,rec_2022-10-28
4ff3baf56efa42a295cfb99271e0f102,data/raw/AzSLD_Words_100/ÇOX/4ff3baf56efa42a295cfb99271e0f102.mp4,ÇOX,,unknown,17,30.0,rec_2022-06-09
564eb45a48de442393f4c7d7f4d90b41,data/raw/AzSLD_Words_100/ÇOX/564eb45a48de442393f4c7d7f4d90b41.mp4,ÇOX,,unknown,11,30.0,rec_2022-07-18
6371b3b1782e45da95356572fc776bfb,data/raw/AzSLD_Words_100/ÇOX/6371b3b1782e45da95356572fc776bfb.mp4,ÇOX,,unknown,17,30.0,rec_2022-07-14
6b5b0e186628453bae783fa8736cfb66,data/raw/AzSLD_Words_100/ÇOX/6b5b0e186628453bae783fa8736cfb66.mp4,ÇOX,,unknown,17,30.0,rec_2022-06-01
8e1706d80927484192ae32d5d7aa61bf,data/raw/AzSLD_Words_100/ÇOX/8e1706d80927484192ae32d5d7aa61bf.mp4,ÇOX,,unknown,13,30.0,rec_2022-07-13
941fdcae57614823ace4cd0471e4d5c2,data/raw/AzSLD_Words_100/ÇOX/941fdcae57614823ace4cd0471e4d5c2.mp4,ÇOX,,unknown,14,30.0,rec_2022-11-17
a7c57022094c43f0aa2fd36c0ffd7bb2,data/raw/AzSLD_Words_100/ÇOX/a7c57022094c43f0aa2fd36c0ffd7bb2.mp4,ÇOX,,unknown,14,30.0,rec_2022-07-22
af29f1cecd8d4048bcfe5feb65a11826,data/raw/AzSLD_Words_100/ÇOX/af29f1cecd8d4048bcfe5feb65a11826.mp4,ÇOX,,unknown,11,30.0,rec_2022-07-20
c4689bd145284338ab2da9736ef27032,data/raw/AzSLD_Words_100/ÇOX/c4689bd145284338ab2da9736ef27032.mp4,ÇOX,,unknown,21,30.0,rec_2022-06-18
c7dadcfc3ab94b178d4280fc556bf036,data/raw/AzSLD_Words_100/ÇOX/c7dadcfc3ab94b178d4280fc556bf036.mp4,ÇOX,,unknown,20,30.0,rec_2022-06-01
ca2e4fe4e9714287a6547a8eb37dd38e,data/raw/AzSLD_Words_100/ÇOX/ca2e4fe4e9714287a6547a8eb37dd38e.mp4,ÇOX,,unknown,13,30.0,rec_2022-07-22
ce4b2390b6ec4050948f9b8d23161c10,data/raw/AzSLD_Words_100/ÇOX/ce4b2390b6ec4050948f9b8d23161c10.mp4,ÇOX,,unknown,7,30.0,rec_2022-07-18
dd5abfc9b764447d9891723557b47a17,data/raw/AzSLD_Words_100/ÇOX/dd5abfc9b764447d9891723557b47a17.mp4,ÇOX,,unknown,20,30.0,rec_2022-07-21
e3a009019bca42188543c42dfc36a268,data/raw/AzSLD_Words_100/ÇOX/e3a009019bca42188543c42dfc36a268.mp4,ÇOX,,unknown,15,30.0,rec_2022-06-01
f9b3d02fdf3344a4bcef9c319fdaa1ee,data/raw/AzSLD_Words_100/ÇOX/f9b3d02fdf3344a4bcef9c319fdaa1ee.mp4,ÇOX,,unknown,13,30.0,rec_2022-11-19
1208684f9da34839a0de22c929062d8d,data/raw/AzSLD_Words_100/ÇƏKMƏK/1208684f9da34839a0de22c929062d8d.mp4,ÇƏKMƏK,,unknown,29,30.0,rec_2022-11-19
157798f38404458ebf4f66756aaeabb6,data/raw/AzSLD_Words_100/ÇƏKMƏK/157798f38404458ebf4f66756aaeabb6.mp4,ÇƏKMƏK,,unknown,21,30.0,rec_2022-12-23
1fbf710e348d406e89aa3345afef7a7f,data/raw/AzSLD_Words_100/ÇƏKMƏK/1fbf710e348d406e89aa3345afef7a7f.mp4,ÇƏKMƏK,,unknown,24,30.0,rec_2022-12-16
2757ec91412d49138555a450453a29fe,data/raw/AzSLD_Words_100/ÇƏKMƏK/2757ec91412d49138555a450453a29fe.mp4,ÇƏKMƏK,,unknown,15,30.0,rec_2022-11-18
3246c33c37874c4ead2256e80c5db9b6,data/raw/AzSLD_Words_100/ÇƏKMƏK/3246c33c37874c4ead2256e80c5db9b6.mp4,ÇƏKMƏK,,unknown,33,30.0,rec_2022-11-10
42f49b5cead14f6fbd5f17156602b1f8,data/raw/AzSLD_Words_100/ÇƏKMƏK/42f49b5cead14f6fbd5f17156602b1f8.mp4,ÇƏKMƏK,,unknown,26,30.0,rec_2022-12-24
4aa64e0e9e0a4277855943fe115f95fc,data/raw/AzSLD_Words_100/ÇƏKMƏK/4aa64e0e9e0a4277855943fe115f95fc.mp4,ÇƏKMƏK,,unknown,16,30.0,rec_2022-11-04
50ac8c0ee59141e6842ea1b927aa2f9b,data/raw/AzSLD_Words_100/ÇƏKMƏK/50ac8c0ee59141e6842ea1b927aa2f9b.mp4,ÇƏKMƏK,,unknown,20,30.0,rec_2022-12-27
6bca9bdbd39d4fc9a2c5fa8b44b92cbd,data/raw/AzSLD_Words_100/ÇƏKMƏK/6bca9bdbd39d4fc9a2c5fa8b44b92cbd.mp4,ÇƏKMƏK,,unknown,20,30.0,rec_2022-11-17
71531dad2f0145ac9cf7dbcd2683a492,data/raw/AzSLD_Words_100/ÇƏKMƏK/71531dad2f0145ac9cf7dbcd2683a492.mp4,ÇƏKMƏK,,unknown,20,30.0,rec_2022-12-17
8387efcb6d7641b58cd7969133a81f55,data/raw/AzSLD_Words_100/ÇƏKMƏK/8387efcb6d7641b58cd7969133a81f55.mp4,ÇƏKMƏK,,unknown,17,30.0,rec_2022-10-28
ac507fbc318241b19959810c0f16302e,data/raw/AzSLD_Words_100/ÇƏKMƏK/ac507fbc318241b19959810c0f16302e.mp4,ÇƏKMƏK,,unknown,21,30.0,rec_2022-12-22
b00c18c5b32e4d0ab9a48f04ac69c7d7,data/raw/AzSLD_Words_100/ÇƏKMƏK/b00c18c5b32e4d0ab9a48f04ac69c7d7.mp4,ÇƏKMƏK,,unknown,20,30.0,rec_2022-12-28
bcede274a22048babd576dc6f63aa972,data/raw/AzSLD_Words_100/ÇƏKMƏK/bcede274a22048babd576dc6f63aa972.mp4,ÇƏKMƏK,,unknown,22,30.0,rec_2022-11-22
be02368de922420eba1294270ef0351e,data/raw/AzSLD_Words_100/ÇƏKMƏK/be02368de922420eba1294270ef0351e.mp4,ÇƏKMƏK,,unknown,23,30.0,rec_2022-12-23
c9252714df7f4c439462102ef45cc446,data/raw/AzSLD_Words_100/ÇƏKMƏK/c9252714df7f4c439462102ef45cc446.mp4,ÇƏKMƏK,,unknown,36,30.0,rec_2022-12-15
d4eda1772a124f70a48510bf987b7c55,data/raw/AzSLD_Words_100/ÇƏKMƏK/d4eda1772a124f70a48510bf987b7c55.mp4,ÇƏKMƏK,,unknown,20,30.0,rec_2022-12-22
e69de74e14624b709bb7b01a8cbd5bd2,data/raw/AzSLD_Words_100/ÇƏKMƏK/e69de74e14624b709bb7b01a8cbd5bd2.mp4,ÇƏKMƏK,,unknown,26,30.0,rec_2022-12-20
f1388dff51374215bf0fc98e14caf864,data/raw/AzSLD_Words_100/ÇƏKMƏK/f1388dff51374215bf0fc98e14caf864.mp4,ÇƏKMƏK,,unknown,41,30.0,rec_2022-10-26
f83309189c314f41913aed56df8d2510,data/raw/AzSLD_Words_100/ÇƏKMƏK/f83309189c314f41913aed56df8d2510.mp4,ÇƏKMƏK,,unknown,22,30.0,rec_2022-12-20
1a135fec1e504e6db8de178656e39226,data/raw/AzSLD_Words_100/ÜNVANLİ/1a135fec1e504e6db8de178656e39226.mp4,ÜNVANLİ,,unknown,24,30.0,rec_2022-12-15
237eda309b344b7a8c3223bab73ba388,data/raw/AzSLD_Words_100/ÜNVANLİ/237eda309b344b7a8c3223bab73ba388.mp4,ÜNVANLİ,,unknown,23,30.0,rec_2022-11-18
41221e10a8e7405689ce204b530c6750,data/raw/AzSLD_Words_100/ÜNVANLİ/41221e10a8e7405689ce204b530c6750.mp4,ÜNVANLİ,,unknown,26,30.0,rec_2022-11-19
4a90358af7724ad1b267f71a107c28e7,data/raw/AzSLD_Words_100/ÜNVANLİ/4a90358af7724ad1b267f71a107c28e7.mp4,ÜNVANLİ,,unknown,18,30.0,rec_2022-11-22
6512d2c46cc845819a7c0c381ead286c,data/raw/AzSLD_Words_100/ÜNVANLİ/6512d2c46cc845819a7c0c381ead286c.mp4,ÜNVANLİ,,unknown,28,30.0,rec_2022-12-22
705f1b0792bc4bccae24cc47287b83af,data/raw/AzSLD_Words_100/ÜNVANLİ/705f1b0792bc4bccae24cc47287b83af.mp4,ÜNVANLİ,,unknown,34,30.0,rec_2022-12-20
7c417aefe2bc401f8d715bc74142ea5d,data/raw/AzSLD_Words_100/ÜNVANLİ/7c417aefe2bc401f8d715bc74142ea5d.mp4,ÜNVANLİ,,unknown,27,30.0,rec_2022-11-17
832d45d770394daaaad9da504e1aa1f8,data/raw/AzSLD_Words_100/ÜNVANLİ/832d45d770394daaaad9da504e1aa1f8.mp4,ÜNVANLİ,,unknown,26,30.0,rec_2022-12-23
83ddce51768a4159bf9a271f2e5e4ae2,data/raw/AzSLD_Words_100/ÜNVANLİ/83ddce51768a4159bf9a271f2e5e4ae2.mp4,ÜNVANLİ,,unknown,28,30.0,rec_2022-11-01
999c43967ae1473b96ff91784d3d3e33,data/raw/AzSLD_Words_100/ÜNVANLİ/999c43967ae1473b96ff91784d3d3e33.mp4,ÜNVANLİ,,unknown,32,30.0,rec_2022-11-17
a761e2e87daf410a9ca69eebc3e7d379,data/raw/AzSLD_Words_100/ÜNVANLİ/a761e2e87daf410a9ca69eebc3e7d379.mp4,ÜNVANLİ,,unknown,25,30.0,rec_2022-12-22
a895a6f0ea5749aebea679d3da313034,data/raw/AzSLD_Words_100/ÜNVANLİ/a895a6f0ea5749aebea679d3da313034.mp4,ÜNVANLİ,,unknown,25,30.0,rec_2022-11-05
a9b371cc7017488a8602e9aa1ce5fc1e,data/raw/AzSLD_Words_100/ÜNVANLİ/a9b371cc7017488a8602e9aa1ce5fc1e.mp4,ÜNVANLİ,,unknown,23,30.0,rec_2022-12-28
b9736e8f00e34bb28efe2ebe8fad3299,data/raw/AzSLD_Words_100/ÜNVANLİ/b9736e8f00e34bb28efe2ebe8fad3299.mp4,ÜNVANLİ,,unknown,26,30.0,rec_2022-12-23
cd7e9e349b3b481d8defeadf88b738a2,data/raw/AzSLD_Words_100/ÜNVANLİ/cd7e9e349b3b481d8defeadf88b738a2.mp4,ÜNVANLİ,,unknown,23,30.0,rec_2022-12-20
cfdc0f9b5b064af7b7f191c83ca76f3f,data/raw/AzSLD_Words_100/ÜNVANLİ/cfdc0f9b5b064af7b7f191c83ca76f3f.mp4,ÜNVANLİ,,unknown,23,30.0,rec_2022-12-17
d0b865722e5140c1ae66a89b661e9ade,data/raw/AzSLD_Words_100/ÜNVANLİ/d0b865722e5140c1ae66a89b661e9ade.mp4,ÜNVANLİ,,unknown,24,30.0,rec_2022-11-05
d80a689b99d449519a503a8db7cb0ab1,data/raw/AzSLD_Words_100/ÜNVANLİ/d80a689b99d449519a503a8db7cb0ab1.mp4,ÜNVANLİ,,unknown,21,30.0,rec_2022-11-18
d889d4526a6244afaf84fd027f1034e4,data/raw/AzSLD_Words_100/ÜNVANLİ/d889d4526a6244afaf84fd027f1034e4.mp4,ÜNVANLİ,,unknown,28,30.0,rec_2022-12-24
df025c5fef284c52bebc762b543520de,data/raw/AzSLD_Words_100/ÜNVANLİ/df025c5fef284c52bebc762b543520de.mp4,ÜNVANLİ,,unknown,24,30.0,rec_2022-12-20
e04f57e040704ddf8b5fa66faf176a6e,data/raw/AzSLD_Words_100/ÜNVANLİ/e04f57e040704ddf8b5fa66faf176a6e.mp4,ÜNVANLİ,,unknown,24,30.0,rec_2022-11-10
e7679c86061347a4a624c7977706449f,data/raw/AzSLD_Words_100/ÜNVANLİ/e7679c86061347a4a624c7977706449f.mp4,ÜNVANLİ,,unknown,27,30.0,rec_2022-11-01
eb929a7189894f5ba5963dd076296fa3,data/raw/AzSLD_Words_100/ÜNVANLİ/eb929a7189894f5ba5963dd076296fa3.mp4,ÜNVANLİ,,unknown,30,30.0,rec_2022-11-05
ee2b2a2aab564b0cbfca4d0b821f0676,data/raw/AzSLD_Words_100/ÜNVANLİ/ee2b2a2aab564b0cbfca4d0b821f0676.mp4,ÜNVANLİ,,unknown,31,30.0,rec_2022-12-24
f490a175debf4d10b50f2ea37ab94a5d,data/raw/AzSLD_Words_100/ÜNVANLİ/f490a175debf4d10b50f2ea37ab94a5d.mp4,ÜNVANLİ,,unknown,27,30.0,rec_2022-12-27
f7a04ccac9244fd4b2c92a0b44deee59,data/raw/AzSLD_Words_100/ÜNVANLİ/f7a04ccac9244fd4b2c92a0b44deee59.mp4,ÜNVANLİ,,unknown,30,30.0,rec_2023-01-18
0bc4215f75494224abec468ddc1e2b70,data/raw/AzSLD_Words_100/ÜÇÜN/0bc4215f75494224abec468ddc1e2b70.mp4,ÜÇÜN,,unknown,25,30.0,rec_2022-12-27
1eb2e2f2885c4ad5ab24bfd661ddda6c,data/raw/AzSLD_Words_100/ÜÇÜN/1eb2e2f2885c4ad5ab24bfd661ddda6c.mp4,ÜÇÜN,,unknown,20,30.0,rec_2022-07-22
255323ea5b3a4456a8152050f83bfd61,data/raw/AzSLD_Words_100/ÜÇÜN/255323ea5b3a4456a8152050f83bfd61.mp4,ÜÇÜN,,unknown,23,30.0,rec_2022-12-27
273b9a5dadc445759b1aff0ab49d0b3b,data/raw/AzSLD_Words_100/ÜÇÜN/273b9a5dadc445759b1aff0ab49d0b3b.mp4,ÜÇÜN,,unknown,19,30.0,rec_2022-12-15
5682eee837cc44109c2797e27399fee7,data/raw/AzSLD_Words_100/ÜÇÜN/5682eee837cc44109c2797e27399fee7.mp4,ÜÇÜN,,unknown,27,30.0,rec_2022-12-28
6b354adeb8c340758ed7421067e24e41,data/raw/AzSLD_Words_100/ÜÇÜN/6b354adeb8c340758ed7421067e24e41.mp4,ÜÇÜN,,unknown,10,30.0,rec_2022-07-18
73c16f9109bc4e6facb7d55b904ee190,data/raw/AzSLD_Words_100/ÜÇÜN/73c16f9109bc4e6facb7d55b904ee190.mp4,ÜÇÜN,,unknown,21,30.0,rec_2022-11-22
758b7d92d6664fadb75dd31f74603b3c,data/raw/AzSLD_Words_100/ÜÇÜN/758b7d92d6664fadb75dd31f74603b3c.mp4,ÜÇÜN,,unknown,23,30.0,rec_2022-06-03
7841ccd5720f4b09a4bc12396de4276d,data/raw/AzSLD_Words_100/ÜÇÜN/7841ccd5720f4b09a4bc12396de4276d.mp4,ÜÇÜN,,unknown,14,30.0,rec_2022-07-23
80861a1909ca4c03893d494d98a24b50,data/raw/AzSLD_Words_100/ÜÇÜN/80861a1909ca4c03893d494d98a24b50.mp4,ÜÇÜN,,unknown,19,30.0,rec_2022-11-17
8576371daf4e4ad7b74c0e5d325a8156,data/raw/AzSLD_Words_100/ÜÇÜN/8576371daf4e4ad7b74c0e5d325a8156.mp4,ÜÇÜN,,unknown,21,30.0,rec_2022-11-17
90b91249a94f4acb8953a8f6e6a7101c,data/raw/AzSLD_Words_100/ÜÇÜN/90b91249a94f4acb8953a8f6e6a7101c.mp4,ÜÇÜN,,unknown,15,30.0,rec_2022-07-27
9bd0e35a561a45b3b928889dff2229f8,data/raw/AzSLD_Words_100/ÜÇÜN/9bd0e35a561a45b3b928889dff2229f8.mp4,ÜÇÜN,,unknown,22,30.0,rec_2022-12-24
b5664d31c72341bdb09425ed4189ff80,data/raw/AzSLD_Words_100/ÜÇÜN/b5664d31c72341bdb09425ed4189ff80.mp4,ÜÇÜN,,unknown,18,30.0,rec_2022-11-19
c54d4c59ba21431894bc0864a7d158b3,data/raw/AzSLD_Words_100/ÜÇÜN/c54d4c59ba21431894bc0864a7d158b3.mp4,ÜÇÜN,,unknown,12,30.0,rec_2022-08-02
e611ccfc55b4456a8b912f3dda8084c8,data/raw/AzSLD_Words_100/ÜÇÜN/e611ccfc55b4456a8b912f3dda8084c8.mp4,ÜÇÜN,,unknown,14,30.0,rec_2022-07-13
e9b16f8646ef425381d8a4a7700e5626,data/raw/AzSLD_Words_100/ÜÇÜN/e9b16f8646ef425381d8a4a7700e5626.mp4,ÜÇÜN,,unknown,27,30.0,rec_2022-11-18
f0a669a9262c43e8b773778fbf30dca6,data/raw/AzSLD_Words_100/ÜÇÜN/f0a669a9262c43e8b773778fbf30dca6.mp4,ÜÇÜN,,unknown,21,30.0,rec_2022-11-18
f11b727f787f48328cd66d39201745ad,data/raw/AzSLD_Words_100/ÜÇÜN/f11b727f787f48328cd66d39201745ad.mp4,ÜÇÜN,,unknown,34,30.0,rec_2022-06-02
fd6b8cdf983541c2831fd0742f8a487a,data/raw/AzSLD_Words_100/ÜÇÜN/fd6b8cdf983541c2831fd0742f8a487a.mp4,ÜÇÜN,,unknown,19,30.0,rec_2022-10-26
002f9e0112624e2687608ae307639737,data/raw/AzSLD_Words_100/ƏLİL/002f9e0112624e2687608ae307639737.mp4,ƏLİL,,unknown,41,30.0,rec_2022-12-27
08a519d86f8f4804ac9cd58c9e493a67,data/raw/AzSLD_Words_100/ƏLİL/08a519d86f8f4804ac9cd58c9e493a67.mp4,ƏLİL,,unknown,32,30.0,rec_2022-12-17
08e230e01e4e4885821bc2ee4f9a5ab7,data/raw/AzSLD_Words_100/ƏLİL/08e230e01e4e4885821bc2ee4f9a5ab7.mp4,ƏLİL,,unknown,32,30.0,rec_2022-12-24
09fc7ee639bd44508be40854d036a83f,data/raw/AzSLD_Words_100/ƏLİL/09fc7ee639bd44508be40854d036a83f.mp4,ƏLİL,,unknown,18,30.0,rec_2022-11-10
0a4cb6e45a094b078e784ae31b6837c1,data/raw/AzSLD_Words_100/ƏLİL/0a4cb6e45a094b078e784ae31b6837c1.mp4,ƏLİL,,unknown,37,30.0,rec_2022-11-17
112db80bdc25455297ff4f85c0a63798,data/raw/AzSLD_Words_100/ƏLİL/112db80bdc25455297ff4f85c0a63798.mp4,ƏLİL,,unknown,45,30.0,rec_2022-11-18
12c0addcdbba4cdebaee0081f67f7f9b,data/raw/AzSLD_Words_100/ƏLİL/12c0addcdbba4cdebaee0081f67f7f9b.mp4,ƏLİL,,unknown,34,30.0,rec_2022-12-23
19a492144bba42b985ffbee4cb34a424,data/raw/AzSLD_Words_100/ƏLİL/19a492144bba42b985ffbee4cb34a424.mp4,ƏLİL,,unknown,28,30.0,rec_2022-12-23
1ab3191fc9e6443e94f6d3f83e50e239,data/raw/AzSLD_Words_100/ƏLİL/1ab3191fc9e6443e94f6d3f83e50e239.mp4,ƏLİL,,unknown,34,30.0,rec_2022-12-27
212b8340dd324db4adeda8d85f8610d8,data/raw/AzSLD_Words_100/ƏLİL/212b8340dd324db4adeda8d85f8610d8.mp4,ƏLİL,,unknown,44,30.0,rec_2022-06-02
23b8b62c3a8d4a7286263565c2ee094f,data/raw/AzSLD_Words_100/ƏLİL/23b8b62c3a8d4a7286263565c2ee094f.mp4,ƏLİL,,unknown,17,30.0,rec_2022-07-13
25b624cb37a44d5ba50d66e1bcb65a62,data/raw/AzSLD_Words_100/ƏLİL/25b624cb37a44d5ba50d66e1bcb65a62.mp4,ƏLİL,,unknown,30,30.0,rec_2022-07-21
264b134572cc40a88e4130cfe1d2510b,data/raw/AzSLD_Words_100/ƏLİL/264b134572cc40a88e4130cfe1d2510b.mp4,ƏLİL,,unknown,35,30.0,rec_2022-11-02
2ab1baf578944fd4adf8c0c90d6823e3,data/raw/AzSLD_Words_100/ƏLİL/2ab1baf578944fd4adf8c0c90d6823e3.mp4,ƏLİL,,unknown,36,30.0,rec_2022-12-22
2ac210dccbd44f91ad2478414b6cc33e,data/raw/AzSLD_Words_100/ƏLİL/2ac210dccbd44f91ad2478414b6cc33e.mp4,ƏLİL,,unknown,40,30.0,rec_2022-12-23
2d032fa21be44bffbfc13d4da3d4d2e6,data/raw/AzSLD_Words_100/ƏLİL/2d032fa21be44bffbfc13d4da3d4d2e6.mp4,ƏLİL,,unknown,32,30.0,rec_2022-11-17
2e01c84bdb11477ea1da60b8a43025db,data/raw/AzSLD_Words_100/ƏLİL/2e01c84bdb11477ea1da60b8a43025db.mp4,ƏLİL,,unknown,33,30.0,rec_2022-07-14
2e405e16b1284bf5ac012613992accc1,data/raw/AzSLD_Words_100/ƏLİL/2e405e16b1284bf5ac012613992accc1.mp4,ƏLİL,,unknown,18,30.0,rec_2022-11-05
2fabb8b320944d36948502cabf0d8417,data/raw/AzSLD_Words_100/ƏLİL/2fabb8b320944d36948502cabf0d8417.mp4,ƏLİL,,unknown,38,30.0,rec_2022-06-02
31b707e69d304e64b1f6e0e4ef22deeb,data/raw/AzSLD_Words_100/ƏLİL/31b707e69d304e64b1f6e0e4ef22deeb.mp4,ƏLİL,,unknown,28,30.0,rec_2022-12-27
339c393a82d9469badfd0c4d61871410,data/raw/AzSLD_Words_100/ƏLİL/339c393a82d9469badfd0c4d61871410.mp4,ƏLİL,,unknown,33,30.0,rec_2022-11-17
381b3658927e43548eab1665943c207b,data/raw/AzSLD_Words_100/ƏLİL/381b3658927e43548eab1665943c207b.mp4,ƏLİL,,unknown,27,30.0,rec_2022-12-22
3895727d2b9b461d8151391459fb43cc,data/raw/AzSLD_Words_100/ƏLİL/3895727d2b9b461d8151391459fb43cc.mp4,ƏLİL,,unknown,30,30.0,rec_2022-06-11
3b7d6d4e3bd349ce8f08f3c805308354,data/raw/AzSLD_Words_100/ƏLİL/3b7d6d4e3bd349ce8f08f3c805308354.mp4,ƏLİL,,unknown,29,30.0,rec_2022-12-28
3d2aa2ba751b4683ac00a38b5f163137,data/raw/AzSLD_Words_100/ƏLİL/3d2aa2ba751b4683ac00a38b5f163137.mp4,ƏLİL,,unknown,29,30.0,rec_2022-12-17
3fb5ed40bd41483ebd4db1639ac2050f,data/raw/AzSLD_Words_100/ƏLİL/3fb5ed40bd41483ebd4db1639ac2050f.mp4,ƏLİL,,unknown,49,30.0,rec_2022-11-22
3fe14afd4e144f58acab41cab56a3f84,data/raw/AzSLD_Words_100/ƏLİL/3fe14afd4e144f58acab41cab56a3f84.mp4,ƏLİL,,unknown,18,30.0,rec_2022-06-18
4065bddd40454fd8a1b4b01b1ea7cd1b,data/raw/AzSLD_Words_100/ƏLİL/4065bddd40454fd8a1b4b01b1ea7cd1b.mp4,ƏLİL,,unknown,33,30.0,rec_2022-12-28
412190def12c4f5091eaca09f0662c51,data/raw/AzSLD_Words_100/ƏLİL/412190def12c4f5091eaca09f0662c51.mp4,ƏLİL,,unknown,28,30.0,rec_2022-11-10
425ba7055b334310b55103c2d37044dc,data/raw/AzSLD_Words_100/ƏLİL/425ba7055b334310b55103c2d37044dc.mp4,ƏLİL,,unknown,24,30.0,rec_2022-08-02
42ad1592113143659f6fd5067499de81,data/raw/AzSLD_Words_100/ƏLİL/42ad1592113143659f6fd5067499de81.mp4,ƏLİL,,unknown,37,30.0,rec_2022-11-22
42f7df1d7b40408fac0094d78ef452f9,data/raw/AzSLD_Words_100/ƏLİL/42f7df1d7b40408fac0094d78ef452f9.mp4,ƏLİL,,unknown,27,30.0,rec_2022-11-22
448c66f7d815499c8b034bcf5f41ec77,data/raw/AzSLD_Words_100/ƏLİL/448c66f7d815499c8b034bcf5f41ec77.mp4,ƏLİL,,unknown,36,30.0,rec_2022-12-24
44fbf88747194628873c8477bfc46186,data/raw/AzSLD_Words_100/ƏLİL/44fbf88747194628873c8477bfc46186.mp4,ƏLİL,,unknown,21,30.0,rec_2022-07-23
451a7915929f4502a7a2a72b7504e9c7,data/raw/AzSLD_Words_100/ƏLİL/451a7915929f4502a7a2a72b7504e9c7.mp4,ƏLİL,,unknown,32,30.0,rec_2022-12-28
451ae3208c2d48679ef4cda9c26d8739,data/raw/AzSLD_Words_100/ƏLİL/451ae3208c2d48679ef4cda9c26d8739.mp4,ƏLİL,,unknown,15,30.0,rec_2022-08-02
48f6018ea01243d3a68f753fd86dfdeb,data/raw/AzSLD_Words_100/ƏLİL/48f6018ea01243d3a68f753fd86dfdeb.mp4,ƏLİL,,unknown,35,30.0,rec_2022-12-28
49295aa73adb4c32a11678ee261476e0,data/raw/AzSLD_Words_100/ƏLİL/49295aa73adb4c32a11678ee261476e0.mp4,ƏLİL,,unknown,36,30.0,rec_2022-12-15
4be8980c9534450ca9661b73b72f3923,data/raw/AzSLD_Words_100/ƏLİL/4be8980c9534450ca9661b73b72f3923.mp4,ƏLİL,,unknown,28,30.0,rec_2022-10-28
4c362de3641047e2a18dea4e308d765c,data/raw/AzSLD_Words_100/ƏLİL/4c362de3641047e2a18dea4e308d765c.mp4,ƏLİL,,unknown,35,30.0,rec_2022-12-20
50b7e224c9b645c39f640eecf74e26da,data/raw/AzSLD_Words_100/ƏLİL/50b7e224c9b645c39f640eecf74e26da.mp4,ƏLİL,,unknown,25,30.0,rec_2022-12-27
513ad2ee218944d3aedd2ec9b1df61d8,data/raw/AzSLD_Words_100/ƏLİL/513ad2ee218944d3aedd2ec9b1df61d8.mp4,ƏLİL,,unknown,26,30.0,rec_2023-01-18
575e5d8f8dfa4cd6be00259249f1454c,data/raw/AzSLD_Words_100/ƏLİL/575e5d8f8dfa4cd6be00259249f1454c.mp4,ƏLİL,,unknown,19,30.0,rec_2022-12-20
58b73f866c204ccb9a1b9f779b4adcaa,data/raw/AzSLD_Words_100/ƏLİL/58b73f866c204ccb9a1b9f779b4adcaa.mp4,ƏLİL,,unknown,37,30.0,rec_2022-12-22
5c04ef539215409fb32a283536528bd0,data/raw/AzSLD_Words_100/ƏLİL/5c04ef539215409fb32a283536528bd0.mp4,ƏLİL,,unknown,32,30.0,rec_2022-12-27
5d20d14e347f4235b8ce334d2797b3bc,data/raw/AzSLD_Words_100/ƏLİL/5d20d14e347f4235b8ce334d2797b3bc.mp4,ƏLİL,,unknown,22,30.0,rec_2022-11-05
5d36c72d018544e19acc592d9bdda658,data/raw/AzSLD_Words_100/ƏLİL/5d36c72d018544e19acc592d9bdda658.mp4,ƏLİL,,unknown,28,30.0,rec_2022-11-17
63585ad8fd624c70aceb9239ae4bf37d,data/raw/AzSLD_Words_100/ƏLİL/63585ad8fd624c70aceb9239ae4bf37d.mp4,ƏLİL,,unknown,21,30.0,rec_2022-11-04
660ff9b0b4394db2b1f008395b7a365f,data/raw/AzSLD_Words_100/ƏLİL/660ff9b0b4394db2b1f008395b7a365f.mp4,ƏLİL,,unknown,33,30.0,rec_2022-12-15
68ed3f15bdb6471c9b5d418953f4beb1,data/raw/AzSLD_Words_100/ƏLİL/68ed3f15bdb6471c9b5d418953f4beb1.mp4,ƏLİL,,unknown,36,30.0,rec_2022-12-24
69efb3a391d049e3b0d85cd5c926c601,data/raw/AzSLD_Words_100/ƏLİL/69efb3a391d049e3b0d85cd5c926c601.mp4,ƏLİL,,unknown,20,30.0,rec_2022-11-05
6c6db29a18e7461987b2555af608894c,data/raw/AzSLD_Words_100/ƏLİL/6c6db29a18e7461987b2555af608894c.mp4,ƏLİL,,unknown,33,30.0,rec_2022-12-23
6d0ac725d8b5461981142430443ab94e,data/raw/AzSLD_Words_100/ƏLİL/6d0ac725d8b5461981142430443ab94e.mp4,ƏLİL,,unknown,37,30.0,rec_2022-11-22
6e856bc259b94d68b318d957adbb701f,data/raw/AzSLD_Words_100/ƏLİL/6e856bc259b94d68b318d957adbb701f.mp4,ƏLİL,,unknown,32,30.0,rec_2022-11-19
7215ff6cceef4bafa1d3acb9e1ae674f,data/raw/AzSLD_Words_100/ƏLİL/7215ff6cceef4bafa1d3acb9e1ae674f.mp4,ƏLİL,,unknown,33,30.0,rec_2022-12-23
73a51a99623545bc8a7fb055ae05d0d7,data/raw/AzSLD_Words_100/ƏLİL/73a51a99623545bc8a7fb055ae05d0d7.mp4,ƏLİL,,unknown,32,30.0,rec_2022-11-18
744abc28514342c5a3c8b3835d2d54d0,data/raw/AzSLD_Words_100/ƏLİL/744abc28514342c5a3c8b3835d2d54d0.mp4,ƏLİL,,unknown,38,30.0,rec_2022-11-17
79221f6a2e7c4b4e935b482f3868b43f,data/raw/AzSLD_Words_100/ƏLİL/79221f6a2e7c4b4e935b482f3868b43f.mp4,ƏLİL,,unknown,37,30.0,rec_2022-12-27
7a7ba65b9b6d44f7b9077fe4b22be14c,data/raw/AzSLD_Words_100/ƏLİL/7a7ba65b9b6d44f7b9077fe4b22be14c.mp4,ƏLİL,,unknown,29,30.0,rec_2022-12-17
7b9378c299844cfab29fa698df45ec27,data/raw/AzSLD_Words_100/ƏLİL/7b9378c299844cfab29fa698df45ec27.mp4,ƏLİL,,unknown,23,30.0,rec_2022-11-01
7c4d13caee064ab88627bd7e6adfb6f0,data/raw/AzSLD_Words_100/ƏLİL/7c4d13caee064ab88627bd7e6adfb6f0.mp4,ƏLİL,,unknown,25,30.0,rec_2022-11-19
826ff15385cb464e9f21ca9f148c83c7,data/raw/AzSLD_Words_100/ƏLİL/826ff15385cb464e9f21ca9f148c83c7.mp4,ƏLİL,,unknown,31,30.0,rec_2022-12-27
865cb6cb0251495689498594c6fbe423,data/raw/AzSLD_Words_100/ƏLİL/865cb6cb0251495689498594c6fbe423.mp4,ƏLİL,,unknown,33,30.0,rec_2022-12-22
86919daf1e254767aea08cc8ee515ab5,data/raw/AzSLD_Words_100/ƏLİL/86919daf1e254767aea08cc8ee515ab5.mp4,ƏLİL,,unknown,31,30.0,rec_2022-12-17
889d2aafeaa14324b1a2f6143d3900fa,data/raw/AzSLD_Words_100/ƏLİL/889d2aafeaa14324b1a2f6143d3900fa.mp4,ƏLİL,,unknown,36,30.0,rec_2022-12-17
890c7a4b4c044595b68b1aecfc9a4817,data/raw/AzSLD_Words_100/ƏLİL/890c7a4b4c044595b68b1aecfc9a4817.mp4,ƏLİL,,unknown,30,30.0,rec_2022-11-01
8935061e59e549c2bff866f8e8cf8353,data/raw/AzSLD_Words_100/ƏLİL/8935061e59e549c2bff866f8e8cf8353.mp4,ƏLİL,,unknown,28,30.0,rec_2023-01-18
8bfd38303f0b4dd6a767649d7282cdba,data/raw/AzSLD_Words_100/ƏLİL/8bfd38303f0b4dd6a767649d7282cdba.mp4,ƏLİL,,unknown,25,30.0,rec_2022-12-15
8ce38c52fa534393805f14ddce0d4773,data/raw/AzSLD_Words_100/ƏLİL/8ce38c52fa534393805f14ddce0d4773.mp4,ƏLİL,,unknown,31,30.0,rec_2022-12-22
8da4015bbd2248599207f53be4f16458,data/raw/AzSLD_Words_100/ƏLİL/8da4015bbd2248599207f53be4f16458.mp4,ƏLİL,,unknown,39,30.0,rec_2022-12-22
8f3e0e126c7d4e99bff43720a136126b,data/raw/AzSLD_Words_100/ƏLİL/8f3e0e126c7d4e99bff43720a136126b.mp4,ƏLİL,,unknown,31,30.0,rec_2022-11-19
933fab80043c4bec992ec964a782f687,data/raw/AzSLD_Words_100/ƏLİL/933fab80043c4bec992ec964a782f687.mp4,ƏLİL,,unknown,19,30.0,rec_2022-07-19
95cc0da6bace47afb12472a618aa8d7d,data/raw/AzSLD_Words_100/ƏLİL/95cc0da6bace47afb12472a618aa8d7d.mp4,ƏLİL,,unknown,28,30.0,rec_2022-12-20
98269bf364cf4d02bd6302708749d137,data/raw/AzSLD_Words_100/ƏLİL/98269bf364cf4d02bd6302708749d137.mp4,ƏLİL,,unknown,32,30.0,rec_2022-11-05
9872245bb2a6460c96d8b3e58539cf15,data/raw/AzSLD_Words_100/ƏLİL/9872245bb2a6460c96d8b3e58539cf15.mp4,ƏLİL,,unknown,25,30.0,rec_2022-11-02
9e2d446ae11349d28e5179b14d027171,data/raw/AzSLD_Words_100/ƏLİL/9e2d446ae11349d28e5179b14d027171.mp4,ƏLİL,,unknown,32,30.0,rec_2022-11-01
a2988fbcb38c4375ab41db00a525e5d1,data/raw/AzSLD_Words_100/ƏLİL/a2988fbcb38c4375ab41db00a525e5d1.mp4,ƏLİL,,unknown,35,30.0,rec_2022-12-15
a4d0d27642c34273a46f4c1c4353d58c,data/raw/AzSLD_Words_100/ƏLİL/a4d0d27642c34273a46f4c1c4353d58c.mp4,ƏLİL,,unknown,33,30.0,rec_2022-12-20
a5ce62cf2089415686206406bae6b455,data/raw/AzSLD_Words_100/ƏLİL/a5ce62cf2089415686206406bae6b455.mp4,ƏLİL,,unknown,24,30.0,rec_2022-11-19
a7c30604364143edb6dde0886b4cf980,data/raw/AzSLD_Words_100/ƏLİL/a7c30604364143edb6dde0886b4cf980.mp4,ƏLİL,,unknown,36,30.0,rec_2023-01-19
a9049da91e304142b7dda603f7554536,data/raw/AzSLD_Words_100/ƏLİL/a9049da91e304142b7dda603f7554536.mp4,ƏLİL,,unknown,27,30.0,rec_2022-12-20
adcf000244304205affab4ce8eb42d0a,data/raw/AzSLD_Words_100/ƏLİL/adcf000244304205affab4ce8eb42d0a.mp4,ƏLİL,,unknown,24,30.0,rec_2022-06-18
b6520e925a164c43a72d7515d42edff1,data/raw/AzSLD_Words_100/ƏLİL/b6520e925a164c43a72d7515d42edff1.mp4,ƏLİL,,unknown,34,30.0,rec_2022-12-23
b9dfad8dd4844a1b9401fe0d4912671d,data/raw/AzSLD_Words_100/ƏLİL/b9dfad8dd4844a1b9401fe0d4912671d.mp4,ƏLİL,,unknown,28,30.0,rec_2022-07-01
ba80e41d1a79422ab50f4de46f8af85e,data/raw/AzSLD_Words_100/ƏLİL/ba80e41d1a79422ab50f4de46f8af85e.mp4,ƏLİL,,unknown,32,30.0,rec_2023-01-18
bca95599230c4e99852043ba4a9f9459,data/raw/AzSLD_Words_100/ƏLİL/bca95599230c4e99852043ba4a9f9459.mp4,ƏLİL,,unknown,23,30.0,rec_2022-11-17
be9879872eee460d985c8578818861dd,data/raw/AzSLD_Words_100/ƏLİL/be9879872eee460d985c8578818861dd.mp4,ƏLİL,,unknown,23,30.0,rec_2022-12-23
cbb4c1d0b90e4e35a25e4995acf94529,data/raw/AzSLD_Words_100/ƏLİL/cbb4c1d0b90e4e35a25e4995acf94529.mp4,ƏLİL,,unknown,41,30.0,rec_2022-11-18
cc9878e66b97453a99e7533cc9bb1096,data/raw/AzSLD_Words_100/ƏLİL/cc9878e66b97453a99e7533cc9bb1096.mp4,ƏLİL,,unknown,25,30.0,rec_2022-11-01
cdad38ccdbed44449dfd7819909a25e0,data/raw/AzSLD_Words_100/ƏLİL/cdad38ccdbed44449dfd7819909a25e0.mp4,ƏLİL,,unknown,35,30.0,rec_2022-11-10
cfb40d28c1604778ba9bbf700958095e,data/raw/AzSLD_Words_100/ƏLİL/cfb40d28c1604778ba9bbf700958095e.mp4,ƏLİL,,unknown,33,30.0,rec_2022-12-22
d15b52cfeb3d494b94a68709514f23ab,data/raw/AzSLD_Words_100/ƏLİL/d15b52cfeb3d494b94a68709514f23ab.mp4,ƏLİL,,unknown,43,30.0,rec_2022-07-29
d26cf8607e8343a98c31b94d81499636,data/raw/AzSLD_Words_100/ƏLİL/d26cf8607e8343a98c31b94d81499636.mp4,ƏLİL,,unknown,41,30.0,rec_2022-10-28
df410f1dff9649918dda9394657a8088,data/raw/AzSLD_Words_100/ƏLİL/df410f1dff9649918dda9394657a8088.mp4,ƏLİL,,unknown,39,30.0,rec_2022-12-22
e06b54f18d1e42e58b1acc4a860a7c3d,data/raw/AzSLD_Words_100/ƏLİL/e06b54f18d1e42e58b1acc4a860a7c3d.mp4,ƏLİL,,unknown,45,30.0,rec_2022-11-18
e07781170f7d460b960ae2efed32976f,data/raw/AzSLD_Words_100/ƏLİL/e07781170f7d460b960ae2efed32976f.mp4,ƏLİL,,unknown,33,30.0,rec_2022-11-19
e1c89039f2314f8db45c050cb4559f9d,data/raw/AzSLD_Words_100/ƏLİL/e1c89039f2314f8db45c050cb4559f9d.mp4,ƏLİL,,unknown,29,30.0,rec_2022-12-15
e1f539883da24f8fbcda2b2e1fc18de3,data/raw/AzSLD_Words_100/ƏLİL/e1f539883da24f8fbcda2b2e1fc18de3.mp4,ƏLİL,,unknown,31,30.0,rec_2022-12-20
e35bbf7414b042338b22799b11752b69,data/raw/AzSLD_Words_100/ƏLİL/e35bbf7414b042338b22799b11752b69.mp4,ƏLİL,,unknown,41,30.0,rec_2022-12-23
e5f6d0f315ec433493a047d75b945be8,data/raw/AzSLD_Words_100/ƏLİL/e5f6d0f315ec433493a047d75b945be8.mp4,ƏLİL,,unknown,31,30.0,rec_2022-12-22
e833abddd828465cbc325659e4e2da4a,data/raw/AzSLD_Words_100/ƏLİL/e833abddd828465cbc325659e4e2da4a.mp4,ƏLİL,,unknown,24,30.0,rec_2022-11-01
e9040397902742a5a4ff6d15377655da,data/raw/AzSLD_Words_100/ƏLİL/e9040397902742a5a4ff6d15377655da.mp4,ƏLİL,,unknown,14,30.0,rec_2022-11-10
ea124e84275a46a2b7a89dd89e2f7e1f,data/raw/AzSLD_Words_100/ƏLİL/ea124e84275a46a2b7a89dd89e2f7e1f.mp4,ƏLİL,,unknown,34,30.0,rec_2022-07-25
eac44b19d94f4bcabd0b01cb34b2dc74,data/raw/AzSLD_Words_100/ƏLİL/eac44b19d94f4bcabd0b01cb34b2dc74.mp4,ƏLİL,,unknown,25,30.0,rec_2022-11-17
eeefead6fc9340aea34b8cff4dc38f46,data/raw/AzSLD_Words_100/ƏLİL/eeefead6fc9340aea34b8cff4dc38f46.mp4,ƏLİL,,unknown,35,30.0,rec_2022-12-23
f1ea86c157314261ab5edb30faf9c590,data/raw/AzSLD_Words_100/ƏLİL/f1ea86c157314261ab5edb30faf9c590.mp4,ƏLİL,,unknown,29,30.0,rec_2022-12-24
f812d4cb69e74d9db0e0cb975bbafed1,data/raw/AzSLD_Words_100/ƏLİL/f812d4cb69e74d9db0e0cb975bbafed1.mp4,ƏLİL,,unknown,34,30.0,rec_2022-12-24
f93dedea3d4045f9b9604e13c877f2dd,data/raw/AzSLD_Words_100/ƏLİL/f93dedea3d4045f9b9604e13c877f2dd.mp4,ƏLİL,,unknown,35,30.0,rec_2022-12-27
f95e9864ead54f46b69529ab948f8dde,data/raw/AzSLD_Words_100/ƏLİL/f95e9864ead54f46b69529ab948f8dde.mp4,ƏLİL,,unknown,32,30.0,rec_2022-12-27
fa2e399ddc8c4156be2b56e317f8e939,data/raw/AzSLD_Words_100/ƏLİL/fa2e399ddc8c4156be2b56e317f8e939.mp4,ƏLİL,,unknown,25,30.0,rec_2022-11-10
fabd0eb6fb6240e2a921bb2221e6adfc,data/raw/AzSLD_Words_100/ƏLİL/fabd0eb6fb6240e2a921bb2221e6adfc.mp4,ƏLİL,,unknown,27,30.0,rec_2022-12-22
0652b6bee76e438dade085b224ac47c5,data/raw/AzSLD_Words_100/ƏRZAQ/0652b6bee76e438dade085b224ac47c5.mp4,ƏRZAQ,,unknown,39,30.0,rec_2022-12-27
0afb0787688b4080a3c3d6d1ad21160e,data/raw/AzSLD_Words_100/ƏRZAQ/0afb0787688b4080a3c3d6d1ad21160e.mp4,ƏRZAQ,,unknown,38,30.0,rec_2022-11-18
2c7db1b888964da1be8d84eb8a498fef,data/raw/AzSLD_Words_100/ƏRZAQ/2c7db1b888964da1be8d84eb8a498fef.mp4,ƏRZAQ,,unknown,40,30.0,rec_2022-11-10
36f8b1aa8bef407ebd9fc021c7e50ca9,data/raw/AzSLD_Words_100/ƏRZAQ/36f8b1aa8bef407ebd9fc021c7e50ca9.mp4,ƏRZAQ,,unknown,29,30.0,rec_2022-06-10
44eb4375ad25487eb4a0d1e20fbe915a,data/raw/AzSLD_Words_100/ƏRZAQ/44eb4375ad25487eb4a0d1e20fbe915a.mp4,ƏRZAQ,,unknown,37,30.0,rec_2023-01-18
45e8f57b52a74514aab4aab4ebd022eb,data/raw/AzSLD_Words_100/ƏRZAQ/45e8f57b52a74514aab4aab4ebd022eb.mp4,ƏRZAQ,,unknown,29,30.0,rec_2022-12-20
4ba1ad1933c34ecc9cae5c89a4753666,data/raw/AzSLD_Words_100/ƏRZAQ/4ba1ad1933c34ecc9cae5c89a4753666.mp4,ƏRZAQ,,unknown,35,30.0,rec_2022-12-23
52470531506e4be092b010e44af9fd40,data/raw/AzSLD_Words_100/ƏRZAQ/52470531506e4be092b010e44af9fd40.mp4,ƏRZAQ,,unknown,33,30.0,rec_2022-12-28
5719db056e02490da40962f4da83a25a,data/raw/AzSLD_Words_100/ƏRZAQ/5719db056e02490da40962f4da83a25a.mp4,ƏRZAQ,,unknown,43,30.0,rec_2022-12-24
6cf8e6cf3e26476393d0f81b1c12b69a,data/raw/AzSLD_Words_100/ƏRZAQ/6cf8e6cf3e26476393d0f81b1c12b69a.mp4,ƏRZAQ,,unknown,27,30.0,rec_2022-10-28
6f8e7b236eea48fcbb2d5e2aaf2eeb0d,data/raw/AzSLD_Words_100/ƏRZAQ/6f8e7b236eea48fcbb2d5e2aaf2eeb0d.mp4,ƏRZAQ,,unknown,39,30.0,rec_2022-12-22
775c2fa804244a558fe4139666158d7f,data/raw/AzSLD_Words_100/ƏRZAQ/775c2fa804244a558fe4139666158d7f.mp4,ƏRZAQ,,unknown,34,30.0,rec_2022-12-17
7d670e1de19d4273a1329e6780af2938,data/raw/AzSLD_Words_100/ƏRZAQ/7d670e1de19d4273a1329e6780af2938.mp4,ƏRZAQ,,unknown,32,30.0,rec_2022-11-17
7e318f1220344f00a64c1b3e7b4d928e,data/raw/AzSLD_Words_100/ƏRZAQ/7e318f1220344f00a64c1b3e7b4d928e.mp4,ƏRZAQ,,unknown,34,30.0,rec_2022-06-02
86bce3499e6d4287a8da396da2a7cd4a,data/raw/AzSLD_Words_100/ƏRZAQ/86bce3499e6d4287a8da396da2a7cd4a.mp4,ƏRZAQ,,unknown,38,30.0,rec_2022-11-22
90b546e0b5b64d89ac5bfe47aa2d4f18,data/raw/AzSLD_Words_100/ƏRZAQ/90b546e0b5b64d89ac5bfe47aa2d4f18.mp4,ƏRZAQ,,unknown,33,30.0,rec_2022-10-28
9730cd3b5131409abd918f99f2af007d,data/raw/AzSLD_Words_100/ƏRZAQ/9730cd3b5131409abd918f99f2af007d.mp4,ƏRZAQ,,unknown,38,30.0,rec_2022-12-23
9f45038176fc465d8b671d4c08f744eb,data/raw/AzSLD_Words_100/ƏRZAQ/9f45038176fc465d8b671d4c08f744eb.mp4,ƏRZAQ,,unknown,36,30.0,rec_2022-12-15
c26f1cfa52514164935ffdcdd5f95314,data/raw/AzSLD_Words_100/ƏRZAQ/c26f1cfa52514164935ffdcdd5f95314.mp4,ƏRZAQ,,unknown,38,30.0,rec_2022-12-22
d35e8675cdd844958739806c1e9b4e63,data/raw/AzSLD_Words_100/ƏRZAQ/d35e8675cdd844958739806c1e9b4e63.mp4,ƏRZAQ,,unknown,61,30.0,rec_2022-06-03
e7560a2dfab64c74ab18c02ff6a04e25,data/raw/AzSLD_Words_100/ƏRZAQ/e7560a2dfab64c74ab18c02ff6a04e25.mp4,ƏRZAQ,,unknown,30,30.0,rec_2022-12-20
f6d1ffeafaa24b16aca63ac7638cdece,data/raw/AzSLD_Words_100/ƏRZAQ/f6d1ffeafaa24b16aca63ac7638cdece.mp4,ƏRZAQ,,unknown,42,30.0,rec_2022-11-04
fb4bc06fe7504483878521d8e4fac9b3,data/raw/AzSLD_Words_100/ƏRZAQ/fb4bc06fe7504483878521d8e4fac9b3.mp4,ƏRZAQ,,unknown,38,30.0,rec_2022-12-27
